# Blender v3.0.1 OBJ File: 'PublicBuilding_10C.blend'
# www.blender.org
mtllib PublicBuilding_10C.mtl
o PublicBuilding_10_Building17_Cylinder.049
v 1.588886 0.331189 -1.881673
v 1.588885 1.639623 -1.881672
v 1.606776 1.639623 -1.948440
v 1.606776 0.331189 -1.948440
v 1.655653 1.639623 -1.997318
v 1.655653 0.331189 -1.997318
v 1.722421 1.639623 -2.015208
v 1.722421 0.331189 -2.015208
v 1.789189 1.639623 -1.997318
v 1.789189 0.331189 -1.997318
v 1.838067 1.639623 -1.948440
v 1.838067 0.331189 -1.948440
v 1.855957 1.639623 -1.881672
v 1.855957 0.331189 -1.881673
v 1.838067 1.639623 -1.814904
v 1.838067 0.331189 -1.814905
v 1.789189 1.639623 -1.766027
v 1.789189 0.331189 -1.766027
v 1.722421 1.639623 -1.748137
v 1.722421 0.331189 -1.748137
v 1.655653 1.639623 -1.766027
v 1.655653 0.331189 -1.766027
v 1.606776 1.639623 -1.814904
v 1.606776 0.331189 -1.814904
v 1.588885 0.000000 -1.881672
v 1.606776 0.000000 -1.948440
v 1.655653 0.000000 -1.997318
v 1.722421 0.000000 -2.015208
v 1.789189 0.000000 -1.997318
v 1.838067 0.000000 -1.948440
v 1.855957 0.000000 -1.881672
v 1.838067 0.000000 -1.814904
v 1.789189 0.000000 -1.766027
v 1.722421 0.000000 -1.748137
v 1.655653 0.000000 -1.766027
v 1.606776 0.000000 -1.814904
v 1.588886 0.331189 -2.629473
v 1.588885 1.639624 -2.629473
v 1.606776 1.639624 -2.696241
v 1.606776 0.331189 -2.696241
v 1.655653 1.639624 -2.745119
v 1.655653 0.331189 -2.745119
v 1.722421 1.639624 -2.763009
v 1.722421 0.331189 -2.763009
v 1.789189 1.639624 -2.745119
v 1.789189 0.331189 -2.745119
v 1.838067 1.639624 -2.696241
v 1.838067 0.331189 -2.696241
v 1.855957 1.639624 -2.629473
v 1.855957 0.331189 -2.629473
v 1.838067 1.639624 -2.562705
v 1.838067 0.331189 -2.562705
v 1.789189 1.639623 -2.513828
v 1.789189 0.331189 -2.513828
v 1.722421 1.639623 -2.495937
v 1.722421 0.331189 -2.495937
v 1.655653 1.639623 -2.513828
v 1.655653 0.331189 -2.513828
v 1.606776 1.639624 -2.562705
v 1.606776 0.331189 -2.562705
v 1.588885 0.000000 -2.629473
v 1.606776 0.000000 -2.696241
v 1.655653 0.000000 -2.745119
v 1.722421 0.000000 -2.763009
v 1.789189 0.000000 -2.745119
v 1.838067 0.000000 -2.696241
v 1.855957 0.000000 -2.629473
v 1.838067 0.000000 -2.562705
v 1.789189 0.000000 -2.513828
v 1.722421 0.000000 -2.495937
v 1.655653 0.000000 -2.513828
v 1.606776 0.000000 -2.562705
v 1.588886 0.331188 1.881674
v 1.606776 0.331188 1.948442
v 1.606776 1.639623 1.948442
v 1.588886 1.639623 1.881674
v 1.655654 0.331188 1.997319
v 1.655654 1.639623 1.997319
v 1.722422 0.331188 2.015210
v 1.722422 1.639623 2.015210
v 1.789190 0.331188 1.997319
v 1.789190 1.639623 1.997319
v 1.838067 0.331188 1.948442
v 1.838067 1.639623 1.948442
v 1.855958 0.331188 1.881674
v 1.855958 1.639623 1.881674
v 1.838067 0.331188 1.814906
v 1.838067 1.639623 1.814906
v 1.789190 0.331188 1.766029
v 1.789190 1.639623 1.766029
v 1.722422 0.331188 1.748138
v 1.722422 1.639623 1.748138
v 1.655654 0.331188 1.766029
v 1.655654 1.639623 1.766029
v 1.606776 1.639623 1.814906
v 1.606776 0.331188 1.814906
v 1.588886 -0.000000 1.881674
v 1.606776 -0.000000 1.814906
v 1.655654 -0.000000 1.766029
v 1.722422 -0.000000 1.748138
v 1.789190 -0.000000 1.766029
v 1.838067 -0.000000 1.814906
v 1.855958 -0.000000 1.881674
v 1.838067 -0.000000 1.948442
v 1.789190 -0.000000 1.997319
v 1.722422 -0.000000 2.015210
v 1.655654 -0.000000 1.997319
v 1.606776 -0.000000 1.948442
v 1.588886 0.331188 2.629475
v 1.606776 0.331188 2.696243
v 1.606776 1.639623 2.696243
v 1.588886 1.639623 2.629475
v 1.655654 0.331188 2.745120
v 1.655654 1.639623 2.745120
v 1.722422 0.331188 2.763011
v 1.722422 1.639623 2.763011
v 1.789190 0.331188 2.745120
v 1.789190 1.639623 2.745120
v 1.838067 0.331188 2.696243
v 1.838067 1.639623 2.696243
v 1.855958 0.331188 2.629475
v 1.855958 1.639623 2.629475
v 1.838067 0.331188 2.562707
v 1.838067 1.639623 2.562707
v 1.789190 0.331188 2.513829
v 1.789190 1.639623 2.513829
v 1.722422 0.331188 2.495939
v 1.722422 1.639623 2.495939
v 1.655654 0.331188 2.513829
v 1.655654 1.639623 2.513829
v 1.606776 1.639623 2.562707
v 1.606776 0.331188 2.562707
v 1.588886 -0.000000 2.629475
v 1.606776 -0.000000 2.562707
v 1.655654 -0.000000 2.513829
v 1.722422 -0.000000 2.495939
v 1.789190 -0.000000 2.513829
v 1.838067 -0.000000 2.562707
v 1.855958 -0.000000 2.629475
v 1.838067 -0.000000 2.696243
v 1.789190 -0.000000 2.745120
v 1.722422 -0.000000 2.763011
v 1.655654 -0.000000 2.745120
v 1.606776 -0.000000 2.696243
v -2.177788 1.556111 -2.800668
v -2.177788 1.556111 -3.000000
v -2.177788 0.331188 -3.000000
v -1.692676 1.556111 -3.000000
v 1.176373 1.556111 -3.000000
v 1.176373 0.331188 -3.000000
v 1.176373 0.000000 -3.000000
v 1.176372 0.000000 -2.800668
v -2.177788 1.416351 -1.536941
v -1.609626 1.416351 -1.536941
v -1.692676 1.556110 -1.671019
v -1.609626 0.000000 0.000000
v -1.609626 0.000000 -1.536941
v 1.176372 0.000000 -1.471686
v 1.176373 0.000000 0.000000
v 1.176372 0.331188 -1.671019
v 1.176372 1.556110 -1.671019
v 1.176373 1.556110 -1.471686
v 1.176373 0.331188 -1.471686
v 1.887853 1.556110 -0.870945
v 1.887853 0.331188 -0.870945
v -1.609626 0.331188 -1.536941
v -2.177788 0.331188 -1.536941
v -2.177789 0.000000 -1.536941
v 1.176372 1.556111 -2.800668
v 1.176372 0.331188 -2.800668
v -1.692676 1.556111 -2.800668
v 1.176372 0.000000 -1.671019
v 1.083407 0.413480 -2.025315
v 1.083407 0.413480 -2.514787
v 1.004357 0.413480 -2.514787
v 1.004357 0.413480 -2.025315
v 1.226006 1.190984 -2.572726
v 1.226006 1.190984 -1.967376
v 1.083407 1.108692 -2.025315
v 1.083407 1.108692 -2.514787
v 1.226006 0.331188 -2.572726
v 1.226006 0.331188 -1.967376
v 1.004357 1.108692 -2.025315
v 1.004357 1.108692 -2.514787
v 1.045700 0.436107 -2.492161
v 1.045700 0.436107 -2.283093
v 1.045700 0.413480 -2.283093
v 1.045700 0.413480 -2.514787
v 1.045700 1.086066 -2.283093
v 1.045700 1.086066 -2.492161
v 1.045700 1.108692 -2.514787
v 1.045700 1.108692 -2.283093
v 1.004357 1.086066 -2.047941
v 1.004357 0.886226 -2.047941
v 1.004357 0.886226 -2.025315
v 1.045700 0.860142 -2.492161
v 1.045700 0.662031 -2.492161
v 1.045700 0.662031 -2.514787
v 1.045700 0.860142 -2.514787
v 1.004357 0.860142 -2.283093
v 1.004357 0.886226 -2.283093
v 1.004357 0.886226 -2.492161
v 1.004357 0.860142 -2.492161
v 1.004357 1.108692 -2.283093
v 1.045700 1.086066 -2.047941
v 1.045700 1.086066 -2.257009
v 1.045700 1.108692 -2.257009
v 1.045700 1.108692 -2.025315
v 1.004357 0.662031 -2.514787
v 1.004357 0.860142 -2.514787
v 1.004357 1.086066 -2.257009
v 1.004357 1.108692 -2.257009
v 1.004357 1.086066 -2.492161
v 1.004357 0.886226 -2.514787
v 1.004357 0.436107 -2.492161
v 1.004357 0.436107 -2.283093
v 1.045700 0.860142 -2.047941
v 1.045700 0.662031 -2.047941
v 1.004357 0.662031 -2.047941
v 1.004357 0.860142 -2.047941
v 1.004357 1.086066 -2.283093
v 1.004357 0.662031 -2.492161
v 1.045700 0.413480 -2.025315
v 1.004357 0.413480 -2.257009
v 1.045700 0.413480 -2.257009
v 1.045700 0.886226 -2.025315
v 1.045700 0.886226 -2.514787
v 1.004357 0.635946 -2.492161
v 1.004357 0.635946 -2.514787
v 1.045700 0.635946 -2.492161
v 1.045700 0.886226 -2.047941
v 1.045700 0.635946 -2.514787
v 1.045700 0.886226 -2.492161
v 1.004357 0.662031 -2.025315
v 1.004357 0.860142 -2.025315
v 1.004357 0.635946 -2.047941
v 1.004357 0.436107 -2.047941
v 1.004357 0.635946 -2.025315
v 1.045700 0.635946 -2.047941
v 1.045700 0.436107 -2.047941
v 1.045700 0.635946 -2.025315
v 1.045700 0.860142 -2.025315
v 1.045700 0.662031 -2.025315
v 1.045700 0.436107 -2.257009
v 1.004357 0.436107 -2.257009
v 1.004357 0.413480 -2.283093
v 1.045700 0.662031 -2.257009
v 1.004357 0.662031 -2.257009
v 1.045700 0.860142 -2.283093
v 1.004357 0.886226 -2.257009
v 1.004357 0.860142 -2.257009
v 1.004357 0.635946 -2.257009
v 1.045700 0.635946 -2.257009
v 1.045700 0.886226 -2.257009
v 1.045700 0.886226 -2.283093
v 1.045700 0.635946 -2.283093
v 1.004357 0.635946 -2.283093
v 1.004357 0.662031 -2.283093
v 1.045700 0.662031 -2.283093
v 1.045700 0.860142 -2.257009
v 1.226006 1.556110 -1.967376
v 1.226006 0.000590 -1.967376
v 1.226006 0.000590 -2.572726
v 1.226006 1.556111 -2.572726
v 1.176373 1.556110 0.000000
v 1.887853 1.556110 0.000000
v 1.887853 0.331188 -0.588915
v 1.887853 1.233629 -0.588915
v 1.702085 1.233629 -0.444152
v 1.702085 0.331188 -0.444152
v -1.609626 1.416351 0.000000
v -1.609626 0.331188 0.000000
v 1.887853 0.000000 -0.870945
v -2.177789 0.000000 -3.000000
v 1.887853 0.000000 -0.588915
v 1.887853 1.233629 0.000000
v 1.702085 0.331188 -0.027632
v 1.702085 0.027632 -0.027632
v 1.658068 0.027632 -0.027632
v 1.658068 0.331188 -0.027632
v 1.702085 1.233629 0.000000
v 1.702085 1.205997 -0.027632
v 1.658068 1.205997 -0.027632
v 1.702085 0.000000 -0.444152
v 1.702085 0.331188 -0.416520
v 1.702085 0.027632 -0.416520
v 1.702085 0.331188 0.000000
v 1.702085 0.000000 0.000000
v 1.702085 1.205997 -0.416520
v 1.658068 0.331188 -0.416520
v 1.658068 1.205997 -0.416520
v 1.658068 0.027632 -0.416520
v -2.177788 0.331188 3.000000
v -2.177788 1.556110 3.000000
v -2.177788 1.556110 2.800668
v 1.176373 0.331188 3.000000
v 1.176373 1.556110 3.000000
v -1.692676 1.556110 3.000000
v 1.176373 -0.000000 2.800668
v 1.176373 -0.000000 3.000000
v -1.692676 1.556110 1.671019
v -1.609625 1.416351 1.536942
v -2.177788 1.416351 1.536942
v 1.176373 -0.000000 1.471686
v -1.609625 -0.000000 1.536942
v 1.176373 0.331188 1.671019
v 1.176373 0.331188 1.471686
v 1.176373 1.556110 1.471686
v 1.176373 1.556110 1.671019
v 1.887853 0.331188 0.870944
v 1.887853 1.556110 0.870944
v -2.177788 -0.000000 1.536942
v -2.177787 0.331188 1.536942
v -1.609625 0.331188 1.536942
v 1.176373 0.331188 2.800668
v 1.176373 1.556110 2.800668
v -1.692676 1.556110 2.800668
v 1.176373 -0.000000 1.671019
v 1.083407 0.413480 2.025315
v 1.004357 0.413480 2.025315
v 1.004357 0.413480 2.514788
v 1.083407 0.413480 2.514788
v 1.226006 1.190984 2.572726
v 1.083407 1.108692 2.514788
v 1.083407 1.108692 2.025315
v 1.226006 1.190984 1.967376
v 1.226006 0.331188 2.572726
v 1.226006 0.331188 1.967376
v 1.004357 1.108692 2.514788
v 1.004357 1.108692 2.025315
v 1.045700 0.436107 2.492161
v 1.045700 0.413480 2.514788
v 1.045700 0.413480 2.283094
v 1.045700 0.436107 2.283094
v 1.045700 1.086066 2.283094
v 1.045700 1.108692 2.283094
v 1.045700 1.108692 2.514788
v 1.045700 1.086066 2.492161
v 1.004357 1.086066 2.047941
v 1.004357 0.886226 2.025315
v 1.004357 0.886226 2.047941
v 1.045700 0.860142 2.492161
v 1.045700 0.860142 2.514788
v 1.045700 0.662031 2.514788
v 1.045700 0.662031 2.492161
v 1.004357 0.860142 2.283094
v 1.004357 0.860142 2.492161
v 1.004357 0.886226 2.492161
v 1.004357 0.886226 2.283094
v 1.004357 1.108692 2.283094
v 1.045700 1.086066 2.047941
v 1.045700 1.108692 2.025315
v 1.045700 1.108692 2.257009
v 1.045700 1.086066 2.257009
v 1.004357 0.860142 2.514788
v 1.004357 0.662031 2.514788
v 1.004357 1.086066 2.257009
v 1.004357 1.108692 2.257009
v 1.004357 0.886226 2.514788
v 1.004357 1.086066 2.492161
v 1.004357 0.436107 2.283094
v 1.004357 0.436107 2.492161
v 1.045700 0.860142 2.047941
v 1.004357 0.860142 2.047941
v 1.004357 0.662031 2.047941
v 1.045700 0.662031 2.047941
v 1.004357 1.086066 2.283094
v 1.004357 0.662031 2.492161
v 1.045700 0.413480 2.025315
v 1.045700 0.413480 2.257009
v 1.004357 0.413480 2.257009
v 1.045700 0.886226 2.025315
v 1.045700 0.886226 2.514788
v 1.004357 0.635946 2.514788
v 1.004357 0.635946 2.492161
v 1.045700 0.635946 2.492161
v 1.045700 0.886226 2.047941
v 1.045700 0.635946 2.514788
v 1.045700 0.886226 2.492161
v 1.004357 0.860142 2.025315
v 1.004357 0.662031 2.025315
v 1.004357 0.635946 2.047941
v 1.004357 0.635946 2.025315
v 1.004357 0.436107 2.047941
v 1.045700 0.635946 2.047941
v 1.045700 0.436107 2.047941
v 1.045700 0.635946 2.025315
v 1.045700 0.860142 2.025315
v 1.045700 0.662031 2.025315
v 1.004357 0.436107 2.257009
v 1.045700 0.436107 2.257009
v 1.004357 0.413480 2.283094
v 1.004357 0.662031 2.257009
v 1.045700 0.662031 2.257009
v 1.045700 0.860142 2.283094
v 1.004357 0.860142 2.257009
v 1.004357 0.886226 2.257009
v 1.045700 0.635946 2.257009
v 1.004357 0.635946 2.257009
v 1.045700 0.886226 2.257009
v 1.045700 0.886226 2.283094
v 1.045700 0.635946 2.283094
v 1.004357 0.635946 2.283094
v 1.004357 0.662031 2.283094
v 1.045700 0.662031 2.283094
v 1.045700 0.860142 2.257009
v 1.226006 1.556110 1.967376
v 1.226006 0.000590 2.572726
v 1.226006 0.000590 1.967376
v 1.226006 1.556110 2.572726
v 1.887853 0.331188 0.588915
v 1.702085 0.331188 0.444152
v 1.702085 1.233629 0.444152
v 1.887853 1.233629 0.588915
v 1.887853 -0.000000 0.870944
v -2.177788 -0.000000 3.000000
v 1.887853 -0.000000 0.588915
v 1.702085 0.331188 0.027632
v 1.658068 0.331188 0.027632
v 1.658068 0.027632 0.027632
v 1.702085 0.027632 0.027632
v 1.702085 1.205997 0.027632
v 1.658068 1.205997 0.027632
v 1.702085 -0.000000 0.444152
v 1.702085 0.331188 0.416520
v 1.702085 0.027632 0.416520
v 1.702085 1.205997 0.416520
v 1.658068 0.331188 0.416520
v 1.658068 1.205997 0.416520
v 1.658068 0.027632 0.416520
v 1.722421 0.331190 -3.237994
v 1.722421 1.639624 -3.237994
v 1.655653 1.639624 -3.255884
v 1.655653 0.331190 -3.255884
v 1.606776 1.639624 -3.304762
v 1.606776 0.331190 -3.304762
v 1.588885 1.639624 -3.371530
v 1.588885 0.331190 -3.371530
v 1.606776 1.639624 -3.438298
v 1.606776 0.331190 -3.438298
v 1.655653 1.639624 -3.487175
v 1.655653 0.331190 -3.487175
v 1.722421 1.639624 -3.505065
v 1.722421 0.331190 -3.505066
v 1.789189 1.639624 -3.487175
v 1.789189 0.331190 -3.487175
v 1.838067 1.639624 -3.438298
v 1.838067 0.331190 -3.438298
v 1.855957 1.639624 -3.371530
v 1.855957 0.331190 -3.371530
v 1.838067 1.639624 -3.304762
v 1.838067 0.331190 -3.304762
v 1.789189 1.639624 -3.255884
v 1.789189 0.331190 -3.255884
v 1.722421 0.000001 -3.237994
v 1.655653 0.000001 -3.255884
v 1.606776 0.000001 -3.304762
v 1.588885 0.000001 -3.371530
v 1.606776 0.000001 -3.438298
v 1.655653 0.000001 -3.487175
v 1.722421 0.000001 -3.505065
v 1.789189 0.000001 -3.487175
v 1.838067 0.000001 -3.438298
v 1.855957 0.000001 -3.371530
v 1.838067 0.000001 -3.304762
v 1.789189 0.000001 -3.255884
v 0.974620 0.331190 -3.237994
v 0.974620 1.639624 -3.237994
v 0.907852 1.639624 -3.255884
v 0.907852 0.331190 -3.255885
v 0.858975 1.639624 -3.304762
v 0.858975 0.331190 -3.304762
v 0.841084 1.639624 -3.371530
v 0.841085 0.331190 -3.371530
v 0.858975 1.639624 -3.438298
v 0.858975 0.331190 -3.438298
v 0.907852 1.639624 -3.487175
v 0.907852 0.331190 -3.487175
v 0.974620 1.639624 -3.505065
v 0.974620 0.331190 -3.505066
v 1.041388 1.639624 -3.487175
v 1.041388 0.331190 -3.487175
v 1.090266 1.639624 -3.438298
v 1.090266 0.331190 -3.438298
v 1.108156 1.639624 -3.371530
v 1.108156 0.331190 -3.371530
v 1.090266 1.639624 -3.304762
v 1.090266 0.331190 -3.304762
v 1.041388 1.639624 -3.255884
v 1.041388 0.331190 -3.255885
v 0.974620 0.000001 -3.237994
v 0.907852 0.000001 -3.255884
v 0.858975 0.000001 -3.304762
v 0.841084 0.000001 -3.371530
v 0.858975 0.000001 -3.438298
v 0.907852 0.000001 -3.487175
v 0.974620 0.000001 -3.505065
v 1.041388 0.000001 -3.487175
v 1.090266 0.000001 -3.438298
v 1.108156 0.000001 -3.371530
v 1.090266 0.000001 -3.304762
v 1.041388 0.000001 -3.255884
v 0.226820 0.331190 -3.237994
v 0.226820 1.639624 -3.237994
v 0.160051 1.639624 -3.255884
v 0.160051 0.331190 -3.255885
v 0.111174 1.639624 -3.304762
v 0.111174 0.331190 -3.304762
v 0.093283 1.639624 -3.371530
v 0.093283 0.331190 -3.371530
v 0.111174 1.639624 -3.438298
v 0.111174 0.331190 -3.438298
v 0.160051 1.639624 -3.487175
v 0.160051 0.331190 -3.487175
v 0.226819 1.639624 -3.505065
v 0.226819 0.331190 -3.505066
v 0.293587 1.639624 -3.487175
v 0.293587 0.331190 -3.487175
v 0.342465 1.639624 -3.438298
v 0.342465 0.331190 -3.438298
v 0.360355 1.639624 -3.371530
v 0.360355 0.331190 -3.371530
v 0.342465 1.639624 -3.304762
v 0.342465 0.331190 -3.304762
v 0.293587 1.639624 -3.255884
v 0.293587 0.331190 -3.255884
v 0.226820 0.000001 -3.237994
v 0.160051 0.000001 -3.255884
v 0.111174 0.000001 -3.304762
v 0.093283 0.000001 -3.371530
v 0.111174 0.000001 -3.438298
v 0.160051 0.000001 -3.487175
v 0.226819 0.000001 -3.505065
v 0.293587 0.000001 -3.487175
v 0.342465 0.000001 -3.438298
v 0.360355 0.000001 -3.371530
v 0.342465 0.000001 -3.304762
v 0.293587 0.000001 -3.255884
v -0.520981 0.331190 -3.237994
v -0.520981 1.639624 -3.237994
v -0.587749 1.639624 -3.255884
v -0.587749 0.331190 -3.255885
v -0.636627 1.639624 -3.304762
v -0.636627 0.331190 -3.304762
v -0.654517 1.639624 -3.371530
v -0.654517 0.331190 -3.371530
v -0.636627 1.639624 -3.438298
v -0.636627 0.331190 -3.438298
v -0.587749 1.639624 -3.487175
v -0.587749 0.331190 -3.487175
v -0.520981 1.639624 -3.505065
v -0.520981 0.331190 -3.505066
v -0.454214 1.639624 -3.487175
v -0.454214 0.331190 -3.487175
v -0.405336 1.639624 -3.438298
v -0.405336 0.331190 -3.438298
v -0.387446 1.639624 -3.371530
v -0.387446 0.331190 -3.371530
v -0.405336 1.639624 -3.304762
v -0.405336 0.331190 -3.304762
v -0.454214 1.639624 -3.255884
v -0.454214 0.331190 -3.255885
v -0.520981 0.000001 -3.237994
v -0.587749 0.000001 -3.255884
v -0.636627 0.000001 -3.304762
v -0.654517 0.000001 -3.371530
v -0.636627 0.000001 -3.438298
v -0.587749 0.000001 -3.487175
v -0.520981 0.000001 -3.505065
v -0.454214 0.000001 -3.487175
v -0.405336 0.000001 -3.438298
v -0.387446 0.000001 -3.371530
v -0.405336 0.000001 -3.304762
v -0.454214 0.000001 -3.255884
v -1.268782 0.331190 -3.237994
v -1.268782 1.639624 -3.237994
v -1.335550 1.639624 -3.255884
v -1.335550 0.331190 -3.255885
v -1.384428 1.639624 -3.304762
v -1.384428 0.331190 -3.304762
v -1.402318 1.639624 -3.371530
v -1.402318 0.331190 -3.371530
v -1.384428 1.639624 -3.438298
v -1.384427 0.331190 -3.438298
v -1.335550 1.639624 -3.487175
v -1.335550 0.331190 -3.487175
v -1.268782 1.639624 -3.505066
v -1.268782 0.331190 -3.505066
v -1.202014 1.639624 -3.487175
v -1.202014 0.331190 -3.487175
v -1.153137 1.639624 -3.438298
v -1.153137 0.331190 -3.438298
v -1.135246 1.639624 -3.371530
v -1.135246 0.331190 -3.371530
v -1.153137 1.639624 -3.304762
v -1.153137 0.331190 -3.304762
v -1.202014 1.639624 -3.255884
v -1.202014 0.331190 -3.255885
v -1.268782 0.000001 -3.237994
v -1.335550 0.000001 -3.255884
v -1.384428 0.000001 -3.304762
v -1.402318 0.000001 -3.371530
v -1.384428 0.000001 -3.438298
v -1.335550 0.000001 -3.487175
v -1.268782 0.000001 -3.505066
v -1.202014 0.000001 -3.487175
v -1.153137 0.000001 -3.438298
v -1.135246 0.000001 -3.371530
v -1.153137 0.000001 -3.304762
v -1.202014 0.000001 -3.255884
v -2.016583 0.331190 -3.237994
v -2.016583 1.639624 -3.237994
v -2.083352 1.639624 -3.255885
v -2.083352 0.331190 -3.255885
v -2.132229 1.639624 -3.304762
v -2.132229 0.331190 -3.304762
v -2.150119 1.639624 -3.371530
v -2.150119 0.331190 -3.371530
v -2.132229 1.639624 -3.438298
v -2.132229 0.331190 -3.438298
v -2.083352 1.639624 -3.487175
v -2.083352 0.331190 -3.487176
v -2.016583 1.639624 -3.505066
v -2.016583 0.331190 -3.505066
v -1.949816 1.639624 -3.487175
v -1.949816 0.331190 -3.487176
v -1.900938 1.639624 -3.438298
v -1.900938 0.331190 -3.438298
v -1.883048 1.639624 -3.371530
v -1.883048 0.331190 -3.371530
v -1.900938 1.639624 -3.304762
v -1.900938 0.331190 -3.304762
v -1.949816 1.639624 -3.255885
v -1.949816 0.331190 -3.255885
v -2.016583 0.000001 -3.237994
v -2.083352 0.000001 -3.255885
v -2.132229 0.000001 -3.304762
v -2.150119 0.000001 -3.371530
v -2.132229 0.000001 -3.438298
v -2.083352 0.000001 -3.487175
v -2.016583 0.000001 -3.505066
v -1.949816 0.000001 -3.487175
v -1.900938 0.000001 -3.438298
v -1.883048 0.000001 -3.371530
v -1.900938 0.000001 -3.304762
v -1.949816 0.000001 -3.255885
v 1.722422 0.331188 3.237994
v 1.655654 0.331188 3.255884
v 1.655654 1.639623 3.255884
v 1.722422 1.639623 3.237994
v 1.606776 0.331188 3.304762
v 1.606776 1.639622 3.304762
v 1.588886 0.331188 3.371530
v 1.588886 1.639622 3.371530
v 1.606777 0.331188 3.438298
v 1.606776 1.639622 3.438298
v 1.655654 0.331188 3.487175
v 1.655654 1.639622 3.487175
v 1.722422 0.331188 3.505066
v 1.722422 1.639622 3.505066
v 1.789190 0.331188 3.487175
v 1.789190 1.639622 3.487175
v 1.838068 0.331188 3.438298
v 1.838067 1.639622 3.438298
v 1.855958 0.331188 3.371530
v 1.855958 1.639622 3.371530
v 1.838068 0.331188 3.304762
v 1.838067 1.639622 3.304762
v 1.789190 1.639623 3.255884
v 1.789190 0.331188 3.255884
v 1.722422 -0.000001 3.237994
v 1.789190 -0.000001 3.255884
v 1.838067 -0.000001 3.304762
v 1.855958 -0.000001 3.371530
v 1.838067 -0.000001 3.438298
v 1.789190 -0.000001 3.487175
v 1.722422 -0.000001 3.505066
v 1.655654 -0.000001 3.487175
v 1.606776 -0.000001 3.438298
v 1.588886 -0.000001 3.371530
v 1.606776 -0.000001 3.304762
v 1.655654 -0.000001 3.255884
v 0.974621 0.331188 3.237994
v 0.907853 0.331188 3.255884
v 0.907853 1.639623 3.255884
v 0.974621 1.639623 3.237994
v 0.858975 0.331188 3.304762
v 0.858975 1.639622 3.304762
v 0.841085 0.331188 3.371530
v 0.841085 1.639622 3.371530
v 0.858976 0.331188 3.438298
v 0.858975 1.639622 3.438298
v 0.907853 0.331188 3.487175
v 0.907853 1.639622 3.487175
v 0.974621 0.331188 3.505066
v 0.974621 1.639622 3.505066
v 1.041389 0.331188 3.487175
v 1.041389 1.639622 3.487175
v 1.090266 0.331188 3.438298
v 1.090266 1.639622 3.438298
v 1.108157 0.331188 3.371530
v 1.108157 1.639622 3.371530
v 1.090266 0.331188 3.304762
v 1.090266 1.639622 3.304762
v 1.041389 1.639623 3.255884
v 1.041389 0.331188 3.255884
v 0.974621 -0.000001 3.237994
v 1.041389 -0.000001 3.255884
v 1.090266 -0.000001 3.304762
v 1.108157 -0.000001 3.371530
v 1.090266 -0.000001 3.438298
v 1.041389 -0.000001 3.487175
v 0.974621 -0.000001 3.505066
v 0.907853 -0.000001 3.487175
v 0.858975 -0.000001 3.438298
v 0.841085 -0.000001 3.371530
v 0.858975 -0.000001 3.304762
v 0.907853 -0.000001 3.255884
v 0.226820 0.331188 3.237994
v 0.160052 0.331188 3.255885
v 0.160052 1.639623 3.255884
v 0.226820 1.639623 3.237994
v 0.111174 0.331188 3.304762
v 0.111174 1.639622 3.304762
v 0.093284 0.331188 3.371530
v 0.093284 1.639622 3.371530
v 0.111174 0.331188 3.438298
v 0.111174 1.639622 3.438298
v 0.160052 0.331188 3.487176
v 0.160052 1.639622 3.487175
v 0.226820 0.331188 3.505066
v 0.226820 1.639622 3.505066
v 0.293588 0.331188 3.487176
v 0.293588 1.639622 3.487175
v 0.342466 0.331188 3.438298
v 0.342466 1.639622 3.438298
v 0.360356 0.331188 3.371530
v 0.360356 1.639622 3.371530
v 0.342466 0.331188 3.304762
v 0.342466 1.639622 3.304762
v 0.293588 1.639623 3.255884
v 0.293588 0.331188 3.255885
v 0.226820 -0.000001 3.237994
v 0.293588 -0.000001 3.255884
v 0.342466 -0.000001 3.304762
v 0.360356 -0.000001 3.371530
v 0.342466 -0.000001 3.438298
v 0.293588 -0.000001 3.487175
v 0.226820 -0.000001 3.505066
v 0.160052 -0.000001 3.487175
v 0.111174 -0.000001 3.438298
v 0.093284 -0.000001 3.371530
v 0.111174 -0.000001 3.304762
v 0.160052 -0.000001 3.255884
v -0.520981 0.331188 3.237994
v -0.587749 0.331188 3.255884
v -0.587749 1.639623 3.255884
v -0.520981 1.639623 3.237994
v -0.636626 0.331188 3.304762
v -0.636626 1.639622 3.304762
v -0.654517 0.331188 3.371530
v -0.654517 1.639622 3.371530
v -0.636626 0.331188 3.438298
v -0.636627 1.639622 3.438298
v -0.587749 0.331188 3.487175
v -0.587749 1.639622 3.487175
v -0.520981 0.331188 3.505066
v -0.520981 1.639622 3.505066
v -0.454213 0.331188 3.487175
v -0.454213 1.639622 3.487175
v -0.405336 0.331188 3.438298
v -0.405336 1.639622 3.438298
v -0.387445 0.331188 3.371530
v -0.387445 1.639622 3.371530
v -0.405336 0.331188 3.304762
v -0.405336 1.639622 3.304762
v -0.454213 1.639623 3.255884
v -0.454213 0.331188 3.255884
v -0.520981 -0.000001 3.237994
v -0.454213 -0.000001 3.255884
v -0.405336 -0.000001 3.304762
v -0.387445 -0.000001 3.371530
v -0.405336 -0.000001 3.438298
v -0.454213 -0.000001 3.487175
v -0.520981 -0.000001 3.505066
v -0.587749 -0.000001 3.487175
v -0.636627 -0.000001 3.438298
v -0.654517 -0.000001 3.371530
v -0.636626 -0.000001 3.304762
v -0.587749 -0.000001 3.255884
v -1.268782 0.331188 3.237994
v -1.335550 0.331188 3.255885
v -1.335550 1.639623 3.255884
v -1.268782 1.639623 3.237994
v -1.384427 0.331188 3.304762
v -1.384427 1.639622 3.304762
v -1.402318 0.331188 3.371530
v -1.402318 1.639622 3.371530
v -1.384427 0.331188 3.438298
v -1.384428 1.639622 3.438298
v -1.335550 0.331188 3.487176
v -1.335550 1.639622 3.487175
v -1.268782 0.331188 3.505066
v -1.268782 1.639622 3.505066
v -1.202014 0.331188 3.487176
v -1.202014 1.639622 3.487175
v -1.153137 0.331188 3.438298
v -1.153137 1.639622 3.438298
v -1.135246 0.331188 3.371530
v -1.135246 1.639622 3.371530
v -1.153136 0.331188 3.304762
v -1.153136 1.639622 3.304762
v -1.202014 1.639623 3.255884
v -1.202014 0.331188 3.255884
v -1.268782 -0.000001 3.237994
v -1.202014 -0.000001 3.255884
v -1.153136 -0.000001 3.304762
v -1.135246 -0.000001 3.371530
v -1.153137 -0.000001 3.438298
v -1.202014 -0.000001 3.487175
v -1.268782 -0.000001 3.505066
v -1.335550 -0.000001 3.487175
v -1.384428 -0.000001 3.438298
v -1.402318 -0.000001 3.371530
v -1.384427 -0.000001 3.304762
v -1.335550 -0.000001 3.255884
v -2.016583 0.331188 3.237994
v -2.083351 0.331188 3.255885
v -2.083351 1.639623 3.255884
v -2.016583 1.639623 3.237994
v -2.132229 0.331188 3.304762
v -2.132229 1.639622 3.304762
v -2.150119 0.331188 3.371530
v -2.150119 1.639622 3.371530
v -2.132229 0.331188 3.438298
v -2.132229 1.639622 3.438298
v -2.083352 0.331188 3.487176
v -2.083352 1.639622 3.487175
v -2.016583 0.331188 3.505066
v -2.016583 1.639622 3.505066
v -1.949816 0.331188 3.487176
v -1.949816 1.639622 3.487175
v -1.900938 0.331188 3.438298
v -1.900938 1.639622 3.438298
v -1.883047 0.331188 3.371530
v -1.883047 1.639622 3.371530
v -1.900938 0.331188 3.304762
v -1.900938 1.639622 3.304762
v -1.949815 1.639623 3.255884
v -1.949815 0.331188 3.255885
v -2.016583 -0.000001 3.237994
v -1.949815 -0.000001 3.255884
v -1.900938 -0.000001 3.304762
v -1.883047 -0.000001 3.371530
v -1.900938 -0.000001 3.438298
v -1.949816 -0.000001 3.487175
v -2.016583 -0.000001 3.505066
v -2.083352 -0.000001 3.487175
v -2.132229 -0.000001 3.438298
v -2.150119 -0.000001 3.371530
v -2.132229 -0.000001 3.304762
v -2.083351 -0.000001 3.255884
v 1.838792 1.829242 -0.346070
v 1.838792 1.829242 -0.835543
v 1.759742 1.829242 -0.835543
v 1.759742 1.829242 -0.346070
v 1.981390 2.606746 -0.893482
v 1.981390 2.606746 -0.288132
v 1.838792 2.524455 -0.346070
v 1.838792 2.524455 -0.835543
v 1.981390 1.746951 -0.288132
v 1.981390 1.746951 -0.893482
v 1.759742 2.524455 -0.346070
v 1.759742 2.524455 -0.835543
v 1.801085 1.851869 -0.812917
v 1.801085 1.851869 -0.603849
v 1.801085 1.829242 -0.603849
v 1.801085 1.829242 -0.835543
v 1.801085 2.501828 -0.603849
v 1.801085 2.501828 -0.812917
v 1.801085 2.524455 -0.835543
v 1.801085 2.524455 -0.603849
v 1.759742 2.501828 -0.368697
v 1.759742 2.301988 -0.368697
v 1.759742 2.301988 -0.346070
v 1.801085 2.275904 -0.812917
v 1.801085 2.077793 -0.812917
v 1.801085 2.077793 -0.835543
v 1.801085 2.275904 -0.835543
v 1.759742 2.275904 -0.603849
v 1.759742 2.301988 -0.603849
v 1.759742 2.301988 -0.812917
v 1.759742 2.275904 -0.812917
v 1.759742 2.524455 -0.603849
v 1.801085 2.501828 -0.368697
v 1.801085 2.501828 -0.577765
v 1.801085 2.524455 -0.577765
v 1.801085 2.524455 -0.346070
v 1.759742 2.077793 -0.835543
v 1.759742 2.275904 -0.835543
v 1.759742 2.501828 -0.577765
v 1.759742 2.524455 -0.577765
v 1.759742 2.501828 -0.812917
v 1.759742 2.301988 -0.835543
v 1.759742 1.851869 -0.812917
v 1.759742 1.851869 -0.603849
v 1.801085 2.275904 -0.368697
v 1.801085 2.077793 -0.368697
v 1.759742 2.077793 -0.368697
v 1.759742 2.275904 -0.368697
v 1.759742 2.501828 -0.603849
v 1.759742 2.077793 -0.812917
v 1.801085 1.829242 -0.346070
v 1.759742 1.829242 -0.577765
v 1.801085 1.829242 -0.577765
v 1.801085 2.301988 -0.346070
v 1.801085 2.301988 -0.835543
v 1.759742 2.051709 -0.812917
v 1.759742 2.051709 -0.835543
v 1.801085 2.051709 -0.812917
v 1.801085 2.301988 -0.368697
v 1.801085 2.051709 -0.835543
v 1.801085 2.301988 -0.812917
v 1.759742 2.077793 -0.346070
v 1.759742 2.275904 -0.346070
v 1.759742 2.051709 -0.368697
v 1.759742 1.851869 -0.368697
v 1.759742 2.051709 -0.346070
v 1.801085 2.051709 -0.368697
v 1.801085 1.851869 -0.368697
v 1.801085 2.051709 -0.346070
v 1.801085 2.275904 -0.346070
v 1.801085 2.077793 -0.346070
v 1.801085 1.851869 -0.577765
v 1.759742 1.851869 -0.577765
v 1.759742 1.829242 -0.603849
v 1.801085 2.077793 -0.577765
v 1.759742 2.077793 -0.577765
v 1.801085 2.275904 -0.603849
v 1.759742 2.301988 -0.577765
v 1.759742 2.275904 -0.577765
v 1.759742 2.051709 -0.577765
v 1.801085 2.051709 -0.577765
v 1.801085 2.301988 -0.577765
v 1.801085 2.301988 -0.603849
v 1.801085 2.051709 -0.603849
v 1.759742 2.051709 -0.603849
v 1.759742 2.077793 -0.603849
v 1.801085 2.077793 -0.603849
v 1.801085 2.275904 -0.577765
v 1.838792 1.829242 -1.478074
v 1.838792 1.829242 -1.967547
v 1.759742 1.829242 -1.967547
v 1.759742 1.829242 -1.478074
v 1.981390 2.606746 -2.025485
v 1.981390 2.606746 -1.420135
v 1.838792 2.524455 -1.478074
v 1.838792 2.524455 -1.967547
v 1.981390 1.746951 -1.420136
v 1.981390 1.746951 -2.025485
v 1.759742 2.524455 -1.478074
v 1.759742 2.524455 -1.967547
v 1.801085 1.851869 -1.944920
v 1.801085 1.851869 -1.735852
v 1.801085 1.829242 -1.735852
v 1.801085 1.829242 -1.967547
v 1.801085 2.501828 -1.735852
v 1.801085 2.501828 -1.944920
v 1.801085 2.524455 -1.967547
v 1.801085 2.524455 -1.735852
v 1.759742 2.501828 -1.500701
v 1.759742 2.301988 -1.500701
v 1.759742 2.301988 -1.478074
v 1.801085 2.275904 -1.944920
v 1.801085 2.077793 -1.944920
v 1.801085 2.077793 -1.967547
v 1.801085 2.275904 -1.967547
v 1.759742 2.275904 -1.735852
v 1.759742 2.301988 -1.735852
v 1.759742 2.301988 -1.944920
v 1.759742 2.275904 -1.944920
v 1.759742 2.524455 -1.735852
v 1.801085 2.501828 -1.500701
v 1.801085 2.501828 -1.709768
v 1.801085 2.524455 -1.709768
v 1.801085 2.524455 -1.478074
v 1.759742 2.077793 -1.967547
v 1.759742 2.275904 -1.967547
v 1.759742 2.501828 -1.709768
v 1.759742 2.524455 -1.709768
v 1.759742 2.501828 -1.944920
v 1.759742 2.301988 -1.967547
v 1.759742 1.851869 -1.944920
v 1.759742 1.851869 -1.735852
v 1.801085 2.275904 -1.500701
v 1.801085 2.077793 -1.500701
v 1.759742 2.077793 -1.500701
v 1.759742 2.275904 -1.500701
v 1.759742 2.501828 -1.735852
v 1.759742 2.077793 -1.944920
v 1.801085 1.829242 -1.478074
v 1.759742 1.829242 -1.709768
v 1.801085 1.829242 -1.709768
v 1.801085 2.301988 -1.478074
v 1.801085 2.301988 -1.967547
v 1.759742 2.051709 -1.944920
v 1.759742 2.051709 -1.967547
v 1.801085 2.051709 -1.944920
v 1.801085 2.301988 -1.500701
v 1.801085 2.051709 -1.967547
v 1.801085 2.301988 -1.944920
v 1.759742 2.077793 -1.478074
v 1.759742 2.275904 -1.478074
v 1.759742 2.051709 -1.500701
v 1.759742 1.851869 -1.500701
v 1.759742 2.051709 -1.478074
v 1.801085 2.051709 -1.500701
v 1.801085 1.851869 -1.500701
v 1.801085 2.051709 -1.478074
v 1.801085 2.275904 -1.478074
v 1.801085 2.077793 -1.478074
v 1.801085 1.851869 -1.709768
v 1.759742 1.851869 -1.709768
v 1.759742 1.829242 -1.735852
v 1.801085 2.077793 -1.709768
v 1.759742 2.077793 -1.709768
v 1.801085 2.275904 -1.735852
v 1.759742 2.301988 -1.709768
v 1.759742 2.275904 -1.709768
v 1.759742 2.051709 -1.709768
v 1.801085 2.051709 -1.709768
v 1.801085 2.301988 -1.709768
v 1.801085 2.301988 -1.735852
v 1.801085 2.051709 -1.735852
v 1.759742 2.051709 -1.735852
v 1.759742 2.077793 -1.735852
v 1.801085 2.077793 -1.735852
v 1.801085 2.275904 -1.709768
v 1.838792 1.829242 -2.610078
v 1.838792 1.829242 -3.099550
v 1.759742 1.829242 -3.099550
v 1.759742 1.829242 -2.610078
v 1.981390 2.606746 -3.157489
v 1.981390 2.606746 -2.552139
v 1.838792 2.524456 -2.610078
v 1.838792 2.524456 -3.099550
v 1.981390 1.746951 -2.552139
v 1.981390 1.746951 -3.157489
v 1.759742 2.524456 -2.610078
v 1.759742 2.524456 -3.099550
v 1.801085 1.851869 -3.076924
v 1.801085 1.851869 -2.867856
v 1.801085 1.829242 -2.867856
v 1.801085 1.829242 -3.099550
v 1.801085 2.501828 -2.867856
v 1.801085 2.501828 -3.076924
v 1.801085 2.524456 -3.099550
v 1.801085 2.524456 -2.867856
v 1.759742 2.501828 -2.632704
v 1.759742 2.301988 -2.632704
v 1.759742 2.301988 -2.610078
v 1.801085 2.275904 -3.076924
v 1.801085 2.077793 -3.076924
v 1.801085 2.077793 -3.099550
v 1.801085 2.275904 -3.099550
v 1.759742 2.275904 -2.867856
v 1.759742 2.301988 -2.867856
v 1.759742 2.301988 -3.076924
v 1.759742 2.275904 -3.076924
v 1.759742 2.524456 -2.867856
v 1.801085 2.501828 -2.632704
v 1.801085 2.501828 -2.841772
v 1.801085 2.524456 -2.841772
v 1.801085 2.524456 -2.610078
v 1.759742 2.077793 -3.099550
v 1.759742 2.275904 -3.099550
v 1.759742 2.501828 -2.841772
v 1.759742 2.524456 -2.841772
v 1.759742 2.501828 -3.076924
v 1.759742 2.301988 -3.099550
v 1.759742 1.851869 -3.076924
v 1.759742 1.851869 -2.867856
v 1.801085 2.275904 -2.632704
v 1.801085 2.077793 -2.632704
v 1.759742 2.077793 -2.632704
v 1.759742 2.275904 -2.632704
v 1.759742 2.501828 -2.867856
v 1.759742 2.077793 -3.076924
v 1.801085 1.829242 -2.610078
v 1.759742 1.829242 -2.841772
v 1.801085 1.829242 -2.841772
v 1.801085 2.301988 -2.610078
v 1.801085 2.301988 -3.099550
v 1.759742 2.051709 -3.076924
v 1.759742 2.051709 -3.099550
v 1.801085 2.051709 -3.076924
v 1.801085 2.301988 -2.632704
v 1.801085 2.051709 -3.099550
v 1.801085 2.301988 -3.076924
v 1.759742 2.077793 -2.610078
v 1.759742 2.275904 -2.610078
v 1.759742 2.051709 -2.632704
v 1.759742 1.851869 -2.632704
v 1.759742 2.051709 -2.610078
v 1.801085 2.051709 -2.632704
v 1.801085 1.851869 -2.632704
v 1.801085 2.051709 -2.610078
v 1.801085 2.275904 -2.610078
v 1.801085 2.077793 -2.610078
v 1.801085 1.851869 -2.841772
v 1.759742 1.851869 -2.841772
v 1.759742 1.829242 -2.867856
v 1.801085 2.077793 -2.841772
v 1.759742 2.077793 -2.841772
v 1.801085 2.275904 -2.867856
v 1.759742 2.301988 -2.841772
v 1.759742 2.275904 -2.841772
v 1.759742 2.051709 -2.841772
v 1.801085 2.051709 -2.841772
v 1.801085 2.301988 -2.841772
v 1.801085 2.301988 -2.867856
v 1.801085 2.051709 -2.867856
v 1.759742 2.051709 -2.867856
v 1.759742 2.077793 -2.867856
v 1.801085 2.077793 -2.867856
v 1.801085 2.275904 -2.841772
v 1.981391 2.606746 0.000000
v 1.981391 1.746951 0.000000
v 1.981390 1.746952 -3.666541
v 1.981390 2.606747 -3.666541
v 1.140105 1.829243 -3.523942
v 0.650632 1.829243 -3.523942
v 0.650632 1.829243 -3.444892
v 1.140105 1.829243 -3.444892
v 0.592694 2.606747 -3.666541
v 1.198043 2.606747 -3.666541
v 1.140105 2.524456 -3.523942
v 0.650632 2.524456 -3.523942
v 1.198043 1.746952 -3.666541
v 0.592694 1.746952 -3.666541
v 1.140105 2.524456 -3.444891
v 0.650632 2.524456 -3.444891
v 0.673259 1.851870 -3.486234
v 0.882326 1.851870 -3.486234
v 0.882326 1.829243 -3.486234
v 0.650632 1.829243 -3.486234
v 0.882326 2.501828 -3.486233
v 0.673259 2.501828 -3.486233
v 0.650632 2.524456 -3.486233
v 0.882326 2.524456 -3.486233
v 1.117478 2.501828 -3.444891
v 1.117478 2.301988 -3.444891
v 1.140105 2.301988 -3.444891
v 0.673259 2.275904 -3.486233
v 0.673259 2.077793 -3.486234
v 0.650632 2.077793 -3.486234
v 0.650632 2.275904 -3.486233
v 0.882326 2.275904 -3.444891
v 0.882326 2.301988 -3.444891
v 0.673259 2.301988 -3.444891
v 0.673259 2.275904 -3.444891
v 0.882326 2.524456 -3.444891
v 1.117478 2.501828 -3.486233
v 0.908411 2.501828 -3.486233
v 0.908411 2.524456 -3.486233
v 1.140105 2.524456 -3.486233
v 0.650632 2.077793 -3.444892
v 0.650632 2.275904 -3.444891
v 0.908411 2.501828 -3.444891
v 0.908411 2.524456 -3.444891
v 0.673259 2.501828 -3.444891
v 0.650632 2.301988 -3.444891
v 0.673259 1.851870 -3.444892
v 0.882326 1.851870 -3.444892
v 1.117478 2.275904 -3.486233
v 1.117478 2.077793 -3.486234
v 1.117478 2.077793 -3.444892
v 1.117478 2.275904 -3.444891
v 0.882326 2.501828 -3.444891
v 0.673259 2.077793 -3.444892
v 1.140105 1.829243 -3.486234
v 0.908411 1.829243 -3.444892
v 0.908411 1.829243 -3.486234
v 1.140105 2.301988 -3.486233
v 0.650632 2.301988 -3.486233
v 0.673259 2.051709 -3.444892
v 0.650632 2.051709 -3.444892
v 0.673259 2.051709 -3.486234
v 1.117478 2.301988 -3.486233
v 0.650632 2.051709 -3.486234
v 0.673259 2.301988 -3.486233
v 1.140105 2.077793 -3.444892
v 1.140105 2.275904 -3.444891
v 1.117478 2.051709 -3.444892
v 1.117478 1.851870 -3.444892
v 1.140105 2.051709 -3.444892
v 1.117478 2.051709 -3.486234
v 1.117478 1.851870 -3.486234
v 1.140105 2.051709 -3.486234
v 1.140105 2.275904 -3.486233
v 1.140105 2.077793 -3.486234
v 0.908411 1.851870 -3.486234
v 0.908411 1.851870 -3.444892
v 0.882326 1.829243 -3.444892
v 0.908411 2.077793 -3.486234
v 0.908411 2.077793 -3.444892
v 0.882326 2.275904 -3.486233
v 0.908411 2.301988 -3.444891
v 0.908411 2.275904 -3.444891
v 0.908411 2.051709 -3.444892
v 0.908411 2.051709 -3.486234
v 0.908411 2.301988 -3.486233
v 0.882326 2.301988 -3.486233
v 0.882326 2.051709 -3.486234
v 0.882326 2.051709 -3.444892
v 0.882326 2.077793 -3.444892
v 0.882326 2.077793 -3.486234
v 0.908411 2.275904 -3.486233
v 0.008101 1.829243 -3.523941
v -0.481372 1.829243 -3.523941
v -0.481371 1.829243 -3.444891
v 0.008101 1.829243 -3.444891
v -0.539310 2.606747 -3.666539
v 0.066040 2.606747 -3.666539
v 0.008101 2.524456 -3.523941
v -0.481372 2.524456 -3.523941
v 0.066040 1.746952 -3.666540
v -0.539310 1.746952 -3.666540
v 0.008101 2.524456 -3.444890
v -0.481371 2.524456 -3.444890
v -0.458745 1.851870 -3.486234
v -0.249677 1.851870 -3.486234
v -0.249677 1.829243 -3.486234
v -0.481372 1.829243 -3.486234
v -0.249677 2.501828 -3.486233
v -0.458745 2.501828 -3.486233
v -0.481372 2.524456 -3.486233
v -0.249677 2.524456 -3.486233
v -0.014525 2.501828 -3.444890
v -0.014525 2.301988 -3.444890
v 0.008101 2.301988 -3.444890
v -0.458745 2.275904 -3.486233
v -0.458745 2.077793 -3.486234
v -0.481372 2.077793 -3.486234
v -0.481372 2.275904 -3.486233
v -0.249677 2.275904 -3.444890
v -0.249677 2.301988 -3.444890
v -0.458744 2.301988 -3.444890
v -0.458744 2.275904 -3.444890
v -0.249677 2.524456 -3.444890
v -0.014525 2.501828 -3.486233
v -0.223593 2.501828 -3.486233
v -0.223593 2.524456 -3.486233
v 0.008101 2.524456 -3.486233
v -0.481371 2.077793 -3.444891
v -0.481371 2.275904 -3.444890
v -0.223593 2.501828 -3.444890
v -0.223593 2.524456 -3.444890
v -0.458744 2.501828 -3.444890
v -0.481371 2.301988 -3.444890
v -0.458744 1.851870 -3.444891
v -0.249677 1.851870 -3.444891
v -0.014525 2.275904 -3.486233
v -0.014525 2.077793 -3.486234
v -0.014525 2.077793 -3.444891
v -0.014525 2.275904 -3.444890
v -0.249677 2.501828 -3.444890
v -0.458744 2.077793 -3.444891
v 0.008101 1.829243 -3.486234
v -0.223593 1.829243 -3.444891
v -0.223593 1.829243 -3.486234
v 0.008101 2.301988 -3.486233
v -0.481372 2.301988 -3.486233
v -0.458744 2.051709 -3.444891
v -0.481371 2.051709 -3.444891
v -0.458745 2.051709 -3.486234
v -0.014525 2.301988 -3.486233
v -0.481372 2.051709 -3.486234
v -0.458745 2.301988 -3.486233
v 0.008101 2.077793 -3.444891
v 0.008101 2.275904 -3.444890
v -0.014525 2.051709 -3.444891
v -0.014525 1.851870 -3.444891
v 0.008101 2.051709 -3.444891
v -0.014525 2.051709 -3.486234
v -0.014525 1.851870 -3.486234
v 0.008101 2.051709 -3.486234
v 0.008101 2.275904 -3.486233
v 0.008101 2.077793 -3.486234
v -0.223593 1.851870 -3.486234
v -0.223593 1.851870 -3.444891
v -0.249677 1.829243 -3.444891
v -0.223593 2.077793 -3.486234
v -0.223593 2.077793 -3.444891
v -0.249677 2.275904 -3.486233
v -0.223593 2.301988 -3.444890
v -0.223593 2.275904 -3.444890
v -0.223593 2.051709 -3.444891
v -0.223593 2.051709 -3.486234
v -0.223593 2.301988 -3.486233
v -0.249677 2.301988 -3.486233
v -0.249677 2.051709 -3.486234
v -0.249677 2.051709 -3.444891
v -0.249677 2.077793 -3.444891
v -0.249677 2.077793 -3.486234
v -0.223593 2.275904 -3.486233
v -1.123902 1.829243 -3.523941
v -1.613375 1.829243 -3.523941
v -1.613375 1.829243 -3.444891
v -1.123902 1.829243 -3.444891
v -1.671313 2.606747 -3.666539
v -1.065964 2.606747 -3.666539
v -1.123902 2.524456 -3.523941
v -1.613375 2.524456 -3.523941
v -1.065964 1.746952 -3.666540
v -1.671313 1.746952 -3.666540
v -1.123902 2.524456 -3.444890
v -1.613375 2.524456 -3.444890
v -1.590748 1.851870 -3.486234
v -1.381681 1.851870 -3.486234
v -1.381681 1.829243 -3.486234
v -1.613375 1.829243 -3.486234
v -1.381681 2.501828 -3.486233
v -1.590748 2.501828 -3.486233
v -1.613375 2.524456 -3.486233
v -1.381681 2.524456 -3.486233
v -1.146529 2.501828 -3.444890
v -1.146529 2.301988 -3.444890
v -1.123902 2.301988 -3.444890
v -1.590748 2.275904 -3.486233
v -1.590748 2.077793 -3.486234
v -1.613375 2.077793 -3.486234
v -1.613375 2.275904 -3.486233
v -1.381681 2.275904 -3.444890
v -1.381681 2.301988 -3.444890
v -1.590748 2.301988 -3.444890
v -1.590748 2.275904 -3.444890
v -1.381681 2.524456 -3.444890
v -1.146529 2.501828 -3.486233
v -1.355597 2.501828 -3.486233
v -1.355597 2.524456 -3.486233
v -1.123902 2.524456 -3.486233
v -1.613375 2.077793 -3.444891
v -1.613375 2.275904 -3.444890
v -1.355597 2.501828 -3.444890
v -1.355597 2.524456 -3.444890
v -1.590748 2.501828 -3.444890
v -1.613375 2.301988 -3.444890
v -1.590748 1.851870 -3.444891
v -1.381681 1.851870 -3.444891
v -1.146529 2.275904 -3.486233
v -1.146529 2.077793 -3.486234
v -1.146529 2.077793 -3.444891
v -1.146529 2.275904 -3.444890
v -1.381681 2.501828 -3.444890
v -1.590748 2.077793 -3.444891
v -1.123902 1.829243 -3.486234
v -1.355597 1.829243 -3.444891
v -1.355597 1.829243 -3.486234
v -1.123902 2.301988 -3.486233
v -1.613375 2.301988 -3.486233
v -1.590748 2.051709 -3.444891
v -1.613375 2.051709 -3.444891
v -1.590748 2.051709 -3.486234
v -1.146529 2.301988 -3.486233
v -1.613375 2.051709 -3.486234
v -1.590748 2.301988 -3.486233
v -1.123902 2.077793 -3.444891
v -1.123902 2.275904 -3.444890
v -1.146529 2.051709 -3.444891
v -1.146529 1.851870 -3.444891
v -1.123902 2.051709 -3.444891
v -1.146529 2.051709 -3.486234
v -1.146529 1.851870 -3.486234
v -1.123902 2.051709 -3.486234
v -1.123902 2.275904 -3.486233
v -1.123902 2.077793 -3.486234
v -1.355597 1.851870 -3.486234
v -1.355597 1.851870 -3.444891
v -1.381681 1.829243 -3.444891
v -1.355597 2.077793 -3.486234
v -1.355597 2.077793 -3.444891
v -1.381681 2.275904 -3.486233
v -1.355597 2.301988 -3.444890
v -1.355597 2.275904 -3.444890
v -1.355597 2.051709 -3.444891
v -1.355597 2.051709 -3.486234
v -1.355597 2.301988 -3.486233
v -1.381681 2.301988 -3.486233
v -1.381681 2.051709 -3.486234
v -1.381681 2.051709 -3.444891
v -1.381681 2.077793 -3.444891
v -1.381681 2.077793 -3.486234
v -1.355597 2.275904 -3.486233
v -2.226916 1.746952 -3.666540
v -2.226916 2.606747 -3.666539
v 0.066040 1.416352 -3.666540
v -0.539310 1.416352 -3.666540
v 1.198043 1.416352 -3.666541
v 0.592694 1.416352 -3.666541
v 1.981390 1.416353 -3.666541
v 1.981390 2.718434 -1.420135
v 1.981390 2.718434 -0.893482
v 1.981390 1.416352 -0.893482
v 1.981390 1.416352 -1.420136
v 1.981390 2.718436 -3.157489
v 1.981390 2.718436 -2.552139
v -2.226915 2.718435 -3.666539
v -1.671313 2.718435 -3.666539
v 1.981390 2.718434 -2.025485
v -1.671313 1.416352 -3.666540
v -2.226915 1.416352 -3.666540
v 1.981390 1.416352 -2.025485
v 1.981390 1.416352 -2.552139
v 1.981390 1.416353 -3.157489
v 1.981390 2.718434 -0.288132
v 1.198043 2.718435 -3.666541
v 1.981390 2.718436 -3.666541
v 1.981390 1.416352 -0.288132
v 1.981391 1.416352 0.000000
v 1.981391 2.718434 0.000000
v 0.066040 2.718435 -3.666539
v 0.592694 2.718435 -3.666541
v -1.065963 2.718435 -3.666539
v -0.539310 2.718435 -3.666539
v -1.065963 1.416352 -3.666540
v -1.846524 6.934331 -1.792443
v -1.303193 6.934331 -1.792443
v -1.303193 6.676085 -1.792443
v -1.846524 6.676085 -1.792443
v -2.226915 6.934331 -1.468247
v -1.680008 6.934331 -1.468248
v 1.838792 3.131325 -0.346069
v 1.838792 3.131325 -0.835542
v 1.759742 3.131325 -0.835542
v 1.759742 3.131325 -0.346069
v 1.981390 3.908829 -0.893481
v 1.981390 3.908829 -0.288131
v 1.838792 3.826538 -0.346069
v 1.838792 3.826538 -0.835542
v 1.981390 3.049034 -0.288132
v 1.981390 3.049034 -0.893482
v 1.759742 3.826538 -0.346069
v 1.759742 3.826538 -0.835542
v 1.801085 3.153952 -0.812916
v 1.801085 3.153952 -0.603848
v 1.801085 3.131325 -0.603848
v 1.801085 3.131325 -0.835542
v 1.801085 3.803911 -0.603848
v 1.801085 3.803911 -0.812916
v 1.801085 3.826538 -0.835542
v 1.801085 3.826538 -0.603848
v 1.759742 3.803911 -0.368696
v 1.759742 3.604071 -0.368696
v 1.759742 3.604071 -0.346069
v 1.801085 3.577987 -0.812916
v 1.801085 3.379876 -0.812916
v 1.801085 3.379876 -0.835542
v 1.801085 3.577987 -0.835542
v 1.759742 3.577987 -0.603848
v 1.759742 3.604071 -0.603848
v 1.759742 3.604071 -0.812916
v 1.759742 3.577987 -0.812916
v 1.759742 3.826538 -0.603848
v 1.801085 3.803911 -0.368696
v 1.801085 3.803911 -0.577764
v 1.801085 3.826538 -0.577764
v 1.801085 3.826538 -0.346069
v 1.759742 3.379876 -0.835542
v 1.759742 3.577987 -0.835542
v 1.759742 3.803911 -0.577764
v 1.759742 3.826538 -0.577764
v 1.759742 3.803911 -0.812916
v 1.759742 3.604071 -0.835542
v 1.759742 3.153952 -0.812916
v 1.759742 3.153952 -0.603848
v 1.801085 3.577987 -0.368696
v 1.801085 3.379876 -0.368696
v 1.759742 3.379876 -0.368696
v 1.759742 3.577987 -0.368696
v 1.759742 3.803911 -0.603848
v 1.759742 3.379876 -0.812916
v 1.801085 3.131325 -0.346069
v 1.759742 3.131325 -0.577764
v 1.801085 3.131325 -0.577764
v 1.801085 3.604071 -0.346069
v 1.801085 3.604071 -0.835542
v 1.759742 3.353792 -0.812916
v 1.759742 3.353792 -0.835542
v 1.801085 3.353792 -0.812916
v 1.801085 3.604071 -0.368696
v 1.801085 3.353792 -0.835542
v 1.801085 3.604071 -0.812916
v 1.759742 3.379876 -0.346069
v 1.759742 3.577987 -0.346069
v 1.759742 3.353792 -0.368696
v 1.759742 3.153952 -0.368696
v 1.759742 3.353792 -0.346069
v 1.801085 3.353792 -0.368696
v 1.801085 3.153952 -0.368696
v 1.801085 3.353792 -0.346069
v 1.801085 3.577987 -0.346069
v 1.801085 3.379876 -0.346069
v 1.801085 3.153952 -0.577764
v 1.759742 3.153952 -0.577764
v 1.759742 3.131325 -0.603848
v 1.801085 3.379876 -0.577764
v 1.759742 3.379876 -0.577764
v 1.801085 3.577987 -0.603848
v 1.759742 3.604071 -0.577764
v 1.759742 3.577987 -0.577764
v 1.759742 3.353792 -0.577764
v 1.801085 3.353792 -0.577764
v 1.801085 3.604071 -0.577764
v 1.801085 3.604071 -0.603848
v 1.801085 3.353792 -0.603848
v 1.759742 3.353792 -0.603848
v 1.759742 3.379876 -0.603848
v 1.801085 3.379876 -0.603848
v 1.801085 3.577987 -0.577764
v 1.838792 3.131325 -1.478073
v 1.838792 3.131325 -1.967547
v 1.759742 3.131325 -1.967547
v 1.759742 3.131325 -1.478073
v 1.981390 3.908829 -2.025484
v 1.981390 3.908829 -1.420135
v 1.838792 3.826538 -1.478073
v 1.838792 3.826538 -1.967546
v 1.981390 3.049034 -1.420135
v 1.981390 3.049034 -2.025485
v 1.759742 3.826538 -1.478073
v 1.759742 3.826538 -1.967546
v 1.801085 3.153952 -1.944919
v 1.801085 3.153952 -1.735852
v 1.801085 3.131325 -1.735852
v 1.801085 3.131325 -1.967547
v 1.801085 3.803911 -1.735851
v 1.801085 3.803911 -1.944919
v 1.801085 3.826538 -1.967546
v 1.801085 3.826538 -1.735851
v 1.759742 3.803911 -1.500700
v 1.759742 3.604071 -1.500700
v 1.759742 3.604071 -1.478073
v 1.801085 3.577987 -1.944919
v 1.801085 3.379876 -1.944919
v 1.801085 3.379876 -1.967546
v 1.801085 3.577987 -1.967546
v 1.759742 3.577987 -1.735851
v 1.759742 3.604071 -1.735851
v 1.759742 3.604071 -1.944919
v 1.759742 3.577987 -1.944919
v 1.759742 3.826538 -1.735851
v 1.801085 3.803911 -1.500700
v 1.801085 3.803911 -1.709767
v 1.801085 3.826538 -1.709767
v 1.801085 3.826538 -1.478073
v 1.759742 3.379876 -1.967546
v 1.759742 3.577987 -1.967546
v 1.759742 3.803911 -1.709767
v 1.759742 3.826538 -1.709767
v 1.759742 3.803911 -1.944919
v 1.759742 3.604071 -1.967546
v 1.759742 3.153952 -1.944919
v 1.759742 3.153952 -1.735852
v 1.801085 3.577987 -1.500700
v 1.801085 3.379876 -1.500700
v 1.759742 3.379876 -1.500700
v 1.759742 3.577987 -1.500700
v 1.759742 3.803911 -1.735851
v 1.759742 3.379876 -1.944919
v 1.801085 3.131325 -1.478073
v 1.759742 3.131325 -1.709768
v 1.801085 3.131325 -1.709768
v 1.801085 3.604071 -1.478073
v 1.801085 3.604071 -1.967546
v 1.759742 3.353792 -1.944919
v 1.759742 3.353792 -1.967546
v 1.801085 3.353792 -1.944919
v 1.801085 3.604071 -1.500700
v 1.801085 3.353792 -1.967546
v 1.801085 3.604071 -1.944919
v 1.759742 3.379876 -1.478073
v 1.759742 3.577987 -1.478073
v 1.759742 3.353792 -1.500700
v 1.759742 3.153952 -1.500700
v 1.759742 3.353792 -1.478073
v 1.801085 3.353792 -1.500700
v 1.801085 3.153952 -1.500700
v 1.801085 3.353792 -1.478073
v 1.801085 3.577987 -1.478073
v 1.801085 3.379876 -1.478073
v 1.801085 3.153952 -1.709768
v 1.759742 3.153952 -1.709768
v 1.759742 3.131325 -1.735852
v 1.801085 3.379876 -1.709767
v 1.759742 3.379876 -1.709767
v 1.801085 3.577987 -1.735851
v 1.759742 3.604071 -1.709767
v 1.759742 3.577987 -1.709767
v 1.759742 3.353792 -1.709767
v 1.801085 3.353792 -1.709767
v 1.801085 3.604071 -1.709767
v 1.801085 3.604071 -1.735851
v 1.801085 3.353792 -1.735851
v 1.759742 3.353792 -1.735851
v 1.759742 3.379876 -1.735851
v 1.801085 3.379876 -1.735851
v 1.801085 3.577987 -1.709767
v 1.838792 3.131325 -2.610078
v 1.838792 3.131325 -3.099550
v 1.759742 3.131325 -3.099550
v 1.759742 3.131325 -2.610078
v 1.981390 3.908829 -3.157488
v 1.981390 3.908829 -2.552138
v 1.838792 3.826539 -2.610077
v 1.838792 3.826539 -3.099549
v 1.981390 3.049035 -2.552139
v 1.981390 3.049035 -3.157489
v 1.759742 3.826539 -2.610077
v 1.759742 3.826539 -3.099549
v 1.801085 3.153952 -3.076924
v 1.801085 3.153952 -2.867856
v 1.801085 3.131325 -2.867856
v 1.801085 3.131325 -3.099550
v 1.801085 3.803911 -2.867855
v 1.801085 3.803911 -3.076923
v 1.801085 3.826539 -3.099549
v 1.801085 3.826539 -2.867855
v 1.759742 3.803911 -2.632703
v 1.759742 3.604071 -2.632704
v 1.759742 3.604071 -2.610078
v 1.801085 3.577987 -3.076924
v 1.801085 3.379876 -3.076924
v 1.801085 3.379876 -3.099550
v 1.801085 3.577987 -3.099550
v 1.759742 3.577987 -2.867856
v 1.759742 3.604071 -2.867856
v 1.759742 3.604071 -3.076924
v 1.759742 3.577987 -3.076924
v 1.759742 3.826539 -2.867855
v 1.801085 3.803911 -2.632703
v 1.801085 3.803911 -2.841771
v 1.801085 3.826539 -2.841771
v 1.801085 3.826539 -2.610077
v 1.759742 3.379876 -3.099550
v 1.759742 3.577987 -3.099550
v 1.759742 3.803911 -2.841771
v 1.759742 3.826539 -2.841771
v 1.759742 3.803911 -3.076923
v 1.759742 3.604071 -3.099550
v 1.759742 3.153952 -3.076924
v 1.759742 3.153952 -2.867856
v 1.801085 3.577987 -2.632704
v 1.801085 3.379876 -2.632704
v 1.759742 3.379876 -2.632704
v 1.759742 3.577987 -2.632704
v 1.759742 3.803911 -2.867855
v 1.759742 3.379876 -3.076924
v 1.801085 3.131325 -2.610078
v 1.759742 3.131325 -2.841772
v 1.801085 3.131325 -2.841772
v 1.801085 3.604071 -2.610078
v 1.801085 3.604071 -3.099550
v 1.759742 3.353792 -3.076924
v 1.759742 3.353792 -3.099550
v 1.801085 3.353792 -3.076924
v 1.801085 3.604071 -2.632704
v 1.801085 3.353792 -3.099550
v 1.801085 3.604071 -3.076924
v 1.759742 3.379876 -2.610078
v 1.759742 3.577987 -2.610078
v 1.759742 3.353792 -2.632704
v 1.759742 3.153952 -2.632704
v 1.759742 3.353792 -2.610078
v 1.801085 3.353792 -2.632704
v 1.801085 3.153952 -2.632704
v 1.801085 3.353792 -2.610078
v 1.801085 3.577987 -2.610078
v 1.801085 3.379876 -2.610078
v 1.801085 3.153952 -2.841772
v 1.759742 3.153952 -2.841772
v 1.759742 3.131325 -2.867856
v 1.801085 3.379876 -2.841772
v 1.759742 3.379876 -2.841772
v 1.801085 3.577987 -2.867856
v 1.759742 3.604071 -2.841772
v 1.759742 3.577987 -2.841772
v 1.759742 3.353792 -2.841772
v 1.801085 3.353792 -2.841772
v 1.801085 3.604071 -2.841772
v 1.801085 3.604071 -2.867856
v 1.801085 3.353792 -2.867856
v 1.759742 3.353792 -2.867856
v 1.759742 3.379876 -2.867856
v 1.801085 3.379876 -2.867856
v 1.801085 3.577987 -2.841772
v 1.981391 3.908829 0.000001
v 1.981391 3.049034 0.000000
v 1.981390 3.049035 -3.666541
v 1.981390 3.908830 -3.666540
v 1.140105 3.131325 -3.523942
v 0.650632 3.131325 -3.523942
v 0.650632 3.131325 -3.444891
v 1.140105 3.131325 -3.444891
v 0.592694 3.908830 -3.666540
v 1.198043 3.908830 -3.666540
v 1.140105 3.826539 -3.523941
v 0.650632 3.826539 -3.523941
v 1.198043 3.049035 -3.666541
v 0.592694 3.049035 -3.666541
v 1.140105 3.826539 -3.444891
v 0.650632 3.826539 -3.444891
v 0.673259 3.153952 -3.486233
v 0.882326 3.153952 -3.486233
v 0.882326 3.131325 -3.486233
v 0.650632 3.131325 -3.486233
v 0.882326 3.803911 -3.486233
v 0.673259 3.803911 -3.486233
v 0.650632 3.826539 -3.486233
v 0.882326 3.826539 -3.486233
v 1.117478 3.803911 -3.444891
v 1.117478 3.604071 -3.444891
v 1.140105 3.604071 -3.444891
v 0.673259 3.577987 -3.486233
v 0.673259 3.379876 -3.486233
v 0.650632 3.379876 -3.486233
v 0.650632 3.577987 -3.486233
v 0.882326 3.577987 -3.444891
v 0.882326 3.604071 -3.444891
v 0.673259 3.604071 -3.444891
v 0.673259 3.577987 -3.444891
v 0.882326 3.826539 -3.444891
v 1.117478 3.803911 -3.486233
v 0.908411 3.803911 -3.486233
v 0.908411 3.826539 -3.486233
v 1.140105 3.826539 -3.486233
v 0.650632 3.379876 -3.444891
v 0.650632 3.577987 -3.444891
v 0.908411 3.803911 -3.444891
v 0.908411 3.826539 -3.444891
v 0.673259 3.803911 -3.444891
v 0.650632 3.604071 -3.444891
v 0.673259 3.153952 -3.444891
v 0.882326 3.153952 -3.444891
v 1.117478 3.577987 -3.486233
v 1.117478 3.379876 -3.486233
v 1.117478 3.379876 -3.444891
v 1.117478 3.577987 -3.444891
v 0.882326 3.803911 -3.444891
v 0.673259 3.379876 -3.444891
v 1.140105 3.131325 -3.486233
v 0.908411 3.131325 -3.444891
v 0.908411 3.131325 -3.486233
v 1.140105 3.604071 -3.486233
v 0.650632 3.604071 -3.486233
v 0.673259 3.353792 -3.444891
v 0.650632 3.353792 -3.444891
v 0.673259 3.353792 -3.486233
v 1.117478 3.604071 -3.486233
v 0.650632 3.353792 -3.486233
v 0.673259 3.604071 -3.486233
v 1.140105 3.379876 -3.444891
v 1.140105 3.577987 -3.444891
v 1.117478 3.353792 -3.444891
v 1.117478 3.153952 -3.444891
v 1.140105 3.353792 -3.444891
v 1.117478 3.353792 -3.486233
v 1.117478 3.153952 -3.486233
v 1.140105 3.353792 -3.486233
v 1.140105 3.577987 -3.486233
v 1.140105 3.379876 -3.486233
v 0.908411 3.153952 -3.486233
v 0.908411 3.153952 -3.444891
v 0.882326 3.131325 -3.444891
v 0.908411 3.379876 -3.486233
v 0.908411 3.379876 -3.444891
v 0.882326 3.577987 -3.486233
v 0.908411 3.604071 -3.444891
v 0.908411 3.577987 -3.444891
v 0.908411 3.353792 -3.444891
v 0.908411 3.353792 -3.486233
v 0.908411 3.604071 -3.486233
v 0.882326 3.604071 -3.486233
v 0.882326 3.353792 -3.486233
v 0.882326 3.353792 -3.444891
v 0.882326 3.379876 -3.444891
v 0.882326 3.379876 -3.486233
v 0.908411 3.577987 -3.486233
v 0.008101 3.131325 -3.523941
v -0.481372 3.131325 -3.523941
v -0.481371 3.131325 -3.444890
v 0.008101 3.131325 -3.444890
v -0.539310 3.908830 -3.666539
v 0.066040 3.908830 -3.666539
v 0.008101 3.826539 -3.523940
v -0.481372 3.826539 -3.523940
v 0.066040 3.049035 -3.666539
v -0.539310 3.049035 -3.666539
v 0.008101 3.826539 -3.444890
v -0.481371 3.826539 -3.444890
v -0.458745 3.153952 -3.486233
v -0.249677 3.153952 -3.486233
v -0.249677 3.131325 -3.486233
v -0.481372 3.131325 -3.486233
v -0.249677 3.803911 -3.486233
v -0.458745 3.803911 -3.486233
v -0.481372 3.826539 -3.486233
v -0.249677 3.826539 -3.486233
v -0.014525 3.803911 -3.444890
v -0.014525 3.604071 -3.444890
v 0.008101 3.604071 -3.444890
v -0.458745 3.577987 -3.486233
v -0.458745 3.379876 -3.486233
v -0.481372 3.379876 -3.486233
v -0.481372 3.577987 -3.486233
v -0.249677 3.577987 -3.444890
v -0.249677 3.604071 -3.444890
v -0.458744 3.604071 -3.444890
v -0.458744 3.577987 -3.444890
v -0.249677 3.826539 -3.444890
v -0.014525 3.803911 -3.486233
v -0.223593 3.803911 -3.486233
v -0.223593 3.826539 -3.486233
v 0.008101 3.826539 -3.486233
v -0.481371 3.379876 -3.444890
v -0.481371 3.577987 -3.444890
v -0.223593 3.803911 -3.444890
v -0.223593 3.826539 -3.444890
v -0.458744 3.803911 -3.444890
v -0.481371 3.604071 -3.444890
v -0.458744 3.153952 -3.444890
v -0.249677 3.153952 -3.444890
v -0.014525 3.577987 -3.486233
v -0.014525 3.379876 -3.486233
v -0.014525 3.379876 -3.444890
v -0.014525 3.577987 -3.444890
v -0.249677 3.803911 -3.444890
v -0.458744 3.379876 -3.444890
v 0.008101 3.131325 -3.486233
v -0.223593 3.131325 -3.444890
v -0.223593 3.131325 -3.486233
v 0.008101 3.604071 -3.486233
v -0.481372 3.604071 -3.486233
v -0.458744 3.353792 -3.444890
v -0.481371 3.353792 -3.444890
v -0.458745 3.353792 -3.486233
v -0.014525 3.604071 -3.486233
v -0.481372 3.353792 -3.486233
v -0.458745 3.604071 -3.486233
v 0.008101 3.379876 -3.444890
v 0.008101 3.577987 -3.444890
v -0.014525 3.353792 -3.444890
v -0.014525 3.153952 -3.444890
v 0.008101 3.353792 -3.444890
v -0.014525 3.353792 -3.486233
v -0.014525 3.153952 -3.486233
v 0.008101 3.353792 -3.486233
v 0.008101 3.577987 -3.486233
v 0.008101 3.379876 -3.486233
v -0.223593 3.153952 -3.486233
v -0.223593 3.153952 -3.444890
v -0.249677 3.131325 -3.444890
v -0.223593 3.379876 -3.486233
v -0.223593 3.379876 -3.444890
v -0.249677 3.577987 -3.486233
v -0.223593 3.604071 -3.444890
v -0.223593 3.577987 -3.444890
v -0.223593 3.353792 -3.444890
v -0.223593 3.353792 -3.486233
v -0.223593 3.604071 -3.486233
v -0.249677 3.604071 -3.486233
v -0.249677 3.353792 -3.486233
v -0.249677 3.353792 -3.444890
v -0.249677 3.379876 -3.444890
v -0.249677 3.379876 -3.486233
v -0.223593 3.577987 -3.486233
v -1.123902 3.131325 -3.523941
v -1.613375 3.131325 -3.523941
v -1.613375 3.131325 -3.444890
v -1.123902 3.131325 -3.444890
v -1.671313 3.908830 -3.666539
v -1.065964 3.908830 -3.666539
v -1.123902 3.826539 -3.523940
v -1.613375 3.826539 -3.523940
v -1.065964 3.049035 -3.666539
v -1.671313 3.049035 -3.666539
v -1.123902 3.826539 -3.444890
v -1.613375 3.826539 -3.444890
v -1.590748 3.153952 -3.486233
v -1.381681 3.153952 -3.486233
v -1.381681 3.131325 -3.486233
v -1.613375 3.131325 -3.486233
v -1.381681 3.803911 -3.486233
v -1.590748 3.803911 -3.486233
v -1.613375 3.826539 -3.486233
v -1.381681 3.826539 -3.486233
v -1.146529 3.803911 -3.444890
v -1.146529 3.604071 -3.444890
v -1.123902 3.604071 -3.444890
v -1.590748 3.577987 -3.486233
v -1.590748 3.379876 -3.486233
v -1.613375 3.379876 -3.486233
v -1.613375 3.577987 -3.486233
v -1.381681 3.577987 -3.444890
v -1.381681 3.604071 -3.444890
v -1.590748 3.604071 -3.444890
v -1.590748 3.577987 -3.444890
v -1.381681 3.826539 -3.444890
v -1.146529 3.803911 -3.486233
v -1.355597 3.803911 -3.486233
v -1.355597 3.826539 -3.486233
v -1.123902 3.826539 -3.486233
v -1.613375 3.379876 -3.444890
v -1.613375 3.577987 -3.444890
v -1.355597 3.803911 -3.444890
v -1.355597 3.826539 -3.444890
v -1.590748 3.803911 -3.444890
v -1.613375 3.604071 -3.444890
v -1.590748 3.153952 -3.444890
v -1.381681 3.153952 -3.444890
v -1.146529 3.577987 -3.486233
v -1.146529 3.379876 -3.486233
v -1.146529 3.379876 -3.444890
v -1.146529 3.577987 -3.444890
v -1.381681 3.803911 -3.444890
v -1.590748 3.379876 -3.444890
v -1.123902 3.131325 -3.486233
v -1.355597 3.131325 -3.444890
v -1.355597 3.131325 -3.486233
v -1.123902 3.604071 -3.486233
v -1.613375 3.604071 -3.486233
v -1.590748 3.353792 -3.444890
v -1.613375 3.353792 -3.444890
v -1.590748 3.353792 -3.486233
v -1.146529 3.604071 -3.486233
v -1.613375 3.353792 -3.486233
v -1.590748 3.604071 -3.486233
v -1.123902 3.379876 -3.444890
v -1.123902 3.577987 -3.444890
v -1.146529 3.353792 -3.444890
v -1.146529 3.153952 -3.444890
v -1.123902 3.353792 -3.444890
v -1.146529 3.353792 -3.486233
v -1.146529 3.153952 -3.486233
v -1.123902 3.353792 -3.486233
v -1.123902 3.577987 -3.486233
v -1.123902 3.379876 -3.486233
v -1.355597 3.153952 -3.486233
v -1.355597 3.153952 -3.444890
v -1.381681 3.131325 -3.444890
v -1.355597 3.379876 -3.486233
v -1.355597 3.379876 -3.444890
v -1.381681 3.577987 -3.486233
v -1.355597 3.604071 -3.444890
v -1.355597 3.577987 -3.444890
v -1.355597 3.353792 -3.444890
v -1.355597 3.353792 -3.486233
v -1.355597 3.604071 -3.486233
v -1.381681 3.604071 -3.486233
v -1.381681 3.353792 -3.486233
v -1.381681 3.353792 -3.444890
v -1.381681 3.379876 -3.444890
v -1.381681 3.379876 -3.486233
v -1.355597 3.577987 -3.486233
v -2.226916 3.049035 -3.666539
v -2.226916 3.908830 -3.666539
v 1.981390 4.020517 -1.420135
v 1.981390 4.020517 -0.893481
v 1.981390 4.020517 -3.157488
v 1.981390 4.020517 -2.552138
v -2.226915 4.020517 -3.666539
v -1.671313 4.020517 -3.666539
v 1.981390 4.020517 -2.025484
v 1.981390 4.020517 -0.288131
v 1.198043 4.020517 -3.666540
v 1.981390 4.020517 -3.666540
v 1.981391 4.020517 0.000001
v 0.066040 4.020517 -3.666539
v 0.592694 4.020517 -3.666540
v -1.065963 4.020517 -3.666539
v -0.539310 4.020517 -3.666539
v -1.680008 6.624683 -1.468248
v -2.226915 6.624683 -1.468247
v -1.680009 6.512995 -1.468247
v -2.226916 6.512995 -1.468247
v -1.680009 5.653200 -1.468247
v -2.226916 5.653200 -1.468247
v 1.838792 4.433408 -0.346069
v 1.838792 4.433408 -0.835542
v 1.759742 4.433408 -0.835542
v 1.759742 4.433408 -0.346069
v 1.981390 5.210912 -0.893481
v 1.981390 5.210912 -0.288131
v 1.838792 5.128621 -0.346069
v 1.838792 5.128621 -0.835542
v 1.981390 4.351117 -0.288131
v 1.981390 4.351117 -0.893481
v 1.759742 5.128621 -0.346069
v 1.759742 5.128621 -0.835542
v 1.801085 4.456035 -0.812916
v 1.801085 4.456035 -0.603848
v 1.801085 4.433408 -0.603848
v 1.801085 4.433408 -0.835542
v 1.801085 5.105994 -0.603848
v 1.801085 5.105994 -0.812916
v 1.801085 5.128621 -0.835542
v 1.801085 5.128621 -0.603848
v 1.759742 5.105994 -0.368696
v 1.759742 4.906154 -0.368696
v 1.759742 4.906154 -0.346069
v 1.801085 4.880070 -0.812916
v 1.801085 4.681959 -0.812916
v 1.801085 4.681959 -0.835542
v 1.801085 4.880070 -0.835542
v 1.759742 4.880070 -0.603848
v 1.759742 4.906154 -0.603848
v 1.759742 4.906154 -0.812916
v 1.759742 4.880070 -0.812916
v 1.759742 5.128621 -0.603848
v 1.801085 5.105994 -0.368696
v 1.801085 5.105994 -0.577764
v 1.801085 5.128621 -0.577764
v 1.801085 5.128621 -0.346069
v 1.759742 4.681959 -0.835542
v 1.759742 4.880070 -0.835542
v 1.759742 5.105994 -0.577764
v 1.759742 5.128621 -0.577764
v 1.759742 5.105994 -0.812916
v 1.759742 4.906154 -0.835542
v 1.759742 4.456035 -0.812916
v 1.759742 4.456035 -0.603848
v 1.801085 4.880070 -0.368696
v 1.801085 4.681959 -0.368696
v 1.759742 4.681959 -0.368696
v 1.759742 4.880070 -0.368696
v 1.759742 5.105994 -0.603848
v 1.759742 4.681959 -0.812916
v 1.801085 4.433408 -0.346069
v 1.759742 4.433408 -0.577764
v 1.801085 4.433408 -0.577764
v 1.801085 4.906154 -0.346069
v 1.801085 4.906154 -0.835542
v 1.759742 4.655874 -0.812916
v 1.759742 4.655874 -0.835542
v 1.801085 4.655874 -0.812916
v 1.801085 4.906154 -0.368696
v 1.801085 4.655874 -0.835542
v 1.801085 4.906154 -0.812916
v 1.759742 4.681959 -0.346069
v 1.759742 4.880070 -0.346069
v 1.759742 4.655874 -0.368696
v 1.759742 4.456035 -0.368696
v 1.759742 4.655874 -0.346069
v 1.801085 4.655874 -0.368696
v 1.801085 4.456035 -0.368696
v 1.801085 4.655874 -0.346069
v 1.801085 4.880070 -0.346069
v 1.801085 4.681959 -0.346069
v 1.801085 4.456035 -0.577764
v 1.759742 4.456035 -0.577764
v 1.759742 4.433408 -0.603848
v 1.801085 4.681959 -0.577764
v 1.759742 4.681959 -0.577764
v 1.801085 4.880070 -0.603848
v 1.759742 4.906154 -0.577764
v 1.759742 4.880070 -0.577764
v 1.759742 4.655874 -0.577764
v 1.801085 4.655874 -0.577764
v 1.801085 4.906154 -0.577764
v 1.801085 4.906154 -0.603848
v 1.801085 4.655874 -0.603848
v 1.759742 4.655874 -0.603848
v 1.759742 4.681959 -0.603848
v 1.801085 4.681959 -0.603848
v 1.801085 4.880070 -0.577764
v 1.838792 4.433408 -1.478073
v 1.838792 4.433408 -1.967546
v 1.759742 4.433408 -1.967546
v 1.759742 4.433408 -1.478073
v 1.981390 5.210913 -2.025484
v 1.981390 5.210912 -1.420135
v 1.838792 5.128622 -1.478073
v 1.838792 5.128622 -1.967546
v 1.981390 4.351117 -1.420135
v 1.981390 4.351118 -2.025484
v 1.759742 5.128622 -1.478073
v 1.759742 5.128622 -1.967546
v 1.801085 4.456036 -1.944919
v 1.801085 4.456036 -1.735851
v 1.801085 4.433408 -1.735851
v 1.801085 4.433408 -1.967546
v 1.801085 5.105995 -1.735851
v 1.801085 5.105995 -1.944919
v 1.801085 5.128622 -1.967546
v 1.801085 5.128622 -1.735851
v 1.759742 5.105995 -1.500700
v 1.759742 4.906155 -1.500700
v 1.759742 4.906155 -1.478073
v 1.801085 4.880071 -1.944919
v 1.801085 4.681960 -1.944919
v 1.801085 4.681960 -1.967546
v 1.801085 4.880071 -1.967546
v 1.759742 4.880071 -1.735851
v 1.759742 4.906155 -1.735851
v 1.759742 4.906155 -1.944919
v 1.759742 4.880071 -1.944919
v 1.759742 5.128622 -1.735851
v 1.801085 5.105995 -1.500700
v 1.801085 5.105995 -1.709767
v 1.801085 5.128622 -1.709767
v 1.801085 5.128622 -1.478073
v 1.759742 4.681960 -1.967546
v 1.759742 4.880071 -1.967546
v 1.759742 5.105995 -1.709767
v 1.759742 5.128622 -1.709767
v 1.759742 5.105995 -1.944919
v 1.759742 4.906155 -1.967546
v 1.759742 4.456036 -1.944919
v 1.759742 4.456036 -1.735851
v 1.801085 4.880071 -1.500700
v 1.801085 4.681960 -1.500700
v 1.759742 4.681960 -1.500700
v 1.759742 4.880071 -1.500700
v 1.759742 5.105995 -1.735851
v 1.759742 4.681960 -1.944919
v 1.801085 4.433408 -1.478073
v 1.759742 4.433408 -1.709767
v 1.801085 4.433408 -1.709767
v 1.801085 4.906155 -1.478073
v 1.801085 4.906155 -1.967546
v 1.759742 4.655874 -1.944919
v 1.759742 4.655874 -1.967546
v 1.801085 4.655874 -1.944919
v 1.801085 4.906155 -1.500700
v 1.801085 4.655874 -1.967546
v 1.801085 4.906155 -1.944919
v 1.759742 4.681960 -1.478073
v 1.759742 4.880071 -1.478073
v 1.759742 4.655874 -1.500700
v 1.759742 4.456036 -1.500700
v 1.759742 4.655874 -1.478073
v 1.801085 4.655874 -1.500700
v 1.801085 4.456036 -1.500700
v 1.801085 4.655874 -1.478073
v 1.801085 4.880071 -1.478073
v 1.801085 4.681960 -1.478073
v 1.801085 4.456036 -1.709767
v 1.759742 4.456036 -1.709767
v 1.759742 4.433408 -1.735851
v 1.801085 4.681960 -1.709767
v 1.759742 4.681960 -1.709767
v 1.801085 4.880071 -1.735851
v 1.759742 4.906155 -1.709767
v 1.759742 4.880071 -1.709767
v 1.759742 4.655874 -1.709767
v 1.801085 4.655874 -1.709767
v 1.801085 4.906155 -1.709767
v 1.801085 4.906155 -1.735851
v 1.801085 4.655874 -1.735851
v 1.759742 4.655874 -1.735851
v 1.759742 4.681960 -1.735851
v 1.801085 4.681960 -1.735851
v 1.801085 4.880071 -1.709767
v 1.838792 4.433408 -2.610077
v 1.838792 4.433408 -3.099549
v 1.759742 4.433408 -3.099549
v 1.759742 4.433408 -2.610077
v 1.981390 5.210913 -3.157488
v 1.981390 5.210913 -2.552138
v 1.838792 5.128622 -2.610077
v 1.838792 5.128622 -3.099549
v 1.981390 4.351118 -2.552138
v 1.981390 4.351118 -3.157488
v 1.759742 5.128622 -2.610077
v 1.759742 5.128622 -3.099549
v 1.801085 4.456036 -3.076923
v 1.801085 4.456036 -2.867855
v 1.801085 4.433408 -2.867855
v 1.801085 4.433408 -3.099549
v 1.801085 5.105995 -2.867855
v 1.801085 5.105995 -3.076923
v 1.801085 5.128622 -3.099549
v 1.801085 5.128622 -2.867855
v 1.759742 5.105995 -2.632703
v 1.759742 4.906155 -2.632703
v 1.759742 4.906155 -2.610077
v 1.801085 4.880071 -3.076923
v 1.801085 4.681960 -3.076923
v 1.801085 4.681960 -3.099549
v 1.801085 4.880071 -3.099549
v 1.759742 4.880071 -2.867855
v 1.759742 4.906155 -2.867855
v 1.759742 4.906155 -3.076923
v 1.759742 4.880071 -3.076923
v 1.759742 5.128622 -2.867855
v 1.801085 5.105995 -2.632703
v 1.801085 5.105995 -2.841771
v 1.801085 5.128622 -2.841771
v 1.801085 5.128622 -2.610077
v 1.759742 4.681960 -3.099549
v 1.759742 4.880071 -3.099549
v 1.759742 5.105995 -2.841771
v 1.759742 5.128622 -2.841771
v 1.759742 5.105995 -3.076923
v 1.759742 4.906155 -3.099549
v 1.759742 4.456036 -3.076923
v 1.759742 4.456036 -2.867855
v 1.801085 4.880071 -2.632703
v 1.801085 4.681960 -2.632703
v 1.759742 4.681960 -2.632703
v 1.759742 4.880071 -2.632703
v 1.759742 5.105995 -2.867855
v 1.759742 4.681960 -3.076923
v 1.801085 4.433408 -2.610077
v 1.759742 4.433408 -2.841771
v 1.801085 4.433408 -2.841771
v 1.801085 4.906155 -2.610077
v 1.801085 4.906155 -3.099549
v 1.759742 4.655874 -3.076923
v 1.759742 4.655874 -3.099549
v 1.801085 4.655874 -3.076923
v 1.801085 4.906155 -2.632703
v 1.801085 4.655874 -3.099549
v 1.801085 4.906155 -3.076923
v 1.759742 4.681960 -2.610077
v 1.759742 4.880071 -2.610077
v 1.759742 4.655874 -2.632703
v 1.759742 4.456036 -2.632703
v 1.759742 4.655874 -2.610077
v 1.801085 4.655874 -2.632703
v 1.801085 4.456036 -2.632703
v 1.801085 4.655874 -2.610077
v 1.801085 4.880071 -2.610077
v 1.801085 4.681960 -2.610077
v 1.801085 4.456036 -2.841771
v 1.759742 4.456036 -2.841771
v 1.759742 4.433408 -2.867855
v 1.801085 4.681960 -2.841771
v 1.759742 4.681960 -2.841771
v 1.801085 4.880071 -2.867855
v 1.759742 4.906155 -2.841771
v 1.759742 4.880071 -2.841771
v 1.759742 4.655874 -2.841771
v 1.801085 4.655874 -2.841771
v 1.801085 4.906155 -2.841771
v 1.801085 4.906155 -2.867855
v 1.801085 4.655874 -2.867855
v 1.759742 4.655874 -2.867855
v 1.759742 4.681960 -2.867855
v 1.801085 4.681960 -2.867855
v 1.801085 4.880071 -2.841771
v 1.981391 5.210912 0.000001
v 1.981391 4.351117 0.000001
v 1.981390 4.351118 -3.666540
v 1.981390 5.210913 -3.666540
v 1.140105 4.433408 -3.523941
v 0.650632 4.433408 -3.523941
v 0.650632 4.433408 -3.444891
v 1.140105 4.433408 -3.444891
v 0.592694 5.210913 -3.666540
v 1.198043 5.210913 -3.666540
v 1.140105 5.128622 -3.523941
v 0.650632 5.128622 -3.523941
v 1.198043 4.351117 -3.666540
v 0.592694 4.351117 -3.666540
v 1.140105 5.128622 -3.444891
v 0.650632 5.128622 -3.444891
v 0.673259 4.456036 -3.486233
v 0.882326 4.456036 -3.486233
v 0.882326 4.433408 -3.486233
v 0.650632 4.433408 -3.486233
v 0.882326 5.105995 -3.486233
v 0.673259 5.105995 -3.486233
v 0.650632 5.128622 -3.486233
v 0.882326 5.128622 -3.486233
v 1.117478 5.105995 -3.444891
v 1.117478 4.906155 -3.444891
v 1.140105 4.906155 -3.444891
v 0.673259 4.880071 -3.486233
v 0.673259 4.681960 -3.486233
v 0.650632 4.681960 -3.486233
v 0.650632 4.880071 -3.486233
v 0.882326 4.880071 -3.444891
v 0.882326 4.906155 -3.444891
v 0.673259 4.906155 -3.444891
v 0.673259 4.880071 -3.444891
v 0.882326 5.128622 -3.444891
v 1.117478 5.105995 -3.486233
v 0.908411 5.105995 -3.486233
v 0.908411 5.128622 -3.486233
v 1.140105 5.128622 -3.486233
v 0.650632 4.681960 -3.444891
v 0.650632 4.880071 -3.444891
v 0.908411 5.105995 -3.444891
v 0.908411 5.128622 -3.444891
v 0.673259 5.105995 -3.444891
v 0.650632 4.906155 -3.444891
v 0.673259 4.456036 -3.444891
v 0.882326 4.456036 -3.444891
v 1.117478 4.880071 -3.486233
v 1.117478 4.681960 -3.486233
v 1.117478 4.681960 -3.444891
v 1.117478 4.880071 -3.444891
v 0.882326 5.105995 -3.444891
v 0.673259 4.681960 -3.444891
v 1.140105 4.433408 -3.486233
v 0.908411 4.433408 -3.444891
v 0.908411 4.433408 -3.486233
v 1.140105 4.906155 -3.486233
v 0.650632 4.906155 -3.486233
v 0.673259 4.655874 -3.444891
v 0.650632 4.655874 -3.444891
v 0.673259 4.655874 -3.486233
v 1.117478 4.906155 -3.486233
v 0.650632 4.655874 -3.486233
v 0.673259 4.906155 -3.486233
v 1.140105 4.681960 -3.444891
v 1.140105 4.880071 -3.444891
v 1.117478 4.655874 -3.444891
v 1.117478 4.456036 -3.444891
v 1.140105 4.655874 -3.444891
v 1.117478 4.655874 -3.486233
v 1.117478 4.456036 -3.486233
v 1.140105 4.655874 -3.486233
v 1.140105 4.880071 -3.486233
v 1.140105 4.681960 -3.486233
v 0.908411 4.456036 -3.486233
v 0.908411 4.456036 -3.444891
v 0.882326 4.433408 -3.444891
v 0.908411 4.681960 -3.486233
v 0.908411 4.681960 -3.444891
v 0.882326 4.880071 -3.486233
v 0.908411 4.906155 -3.444891
v 0.908411 4.880071 -3.444891
v 0.908411 4.655874 -3.444891
v 0.908411 4.655874 -3.486233
v 0.908411 4.906155 -3.486233
v 0.882326 4.906155 -3.486233
v 0.882326 4.655874 -3.486233
v 0.882326 4.655874 -3.444891
v 0.882326 4.681960 -3.444891
v 0.882326 4.681960 -3.486233
v 0.908411 4.880071 -3.486233
v 0.008101 4.433408 -3.523940
v -0.481372 4.433408 -3.523940
v -0.481371 4.433408 -3.444890
v 0.008101 4.433408 -3.444890
v -0.539310 5.210913 -3.666539
v 0.066040 5.210913 -3.666539
v 0.008101 5.128622 -3.523940
v -0.481372 5.128622 -3.523940
v 0.066040 4.351117 -3.666539
v -0.539310 4.351117 -3.666539
v 0.008101 5.128622 -3.444890
v -0.481371 5.128622 -3.444890
v -0.458745 4.456036 -3.486233
v -0.249677 4.456036 -3.486233
v -0.249677 4.433408 -3.486233
v -0.481372 4.433408 -3.486233
v -0.249677 5.105995 -3.486233
v -0.458745 5.105995 -3.486233
v -0.481372 5.128622 -3.486233
v -0.249677 5.128622 -3.486233
v -0.014525 5.105995 -3.444890
v -0.014525 4.906155 -3.444890
v 0.008101 4.906155 -3.444890
v -0.458745 4.880071 -3.486233
v -0.458745 4.681960 -3.486233
v -0.481372 4.681960 -3.486233
v -0.481372 4.880071 -3.486233
v -0.249677 4.880071 -3.444890
v -0.249677 4.906155 -3.444890
v -0.458744 4.906155 -3.444890
v -0.458744 4.880071 -3.444890
v -0.249677 5.128622 -3.444890
v -0.014525 5.105995 -3.486233
v -0.223593 5.105995 -3.486233
v -0.223593 5.128622 -3.486233
v 0.008101 5.128622 -3.486233
v -0.481371 4.681960 -3.444890
v -0.481371 4.880071 -3.444890
v -0.223593 5.105995 -3.444890
v -0.223593 5.128622 -3.444890
v -0.458744 5.105995 -3.444890
v -0.481371 4.906155 -3.444890
v -0.458744 4.456036 -3.444890
v -0.249677 4.456036 -3.444890
v -0.014525 4.880071 -3.486233
v -0.014525 4.681960 -3.486233
v -0.014525 4.681960 -3.444890
v -0.014525 4.880071 -3.444890
v -0.249677 5.105995 -3.444890
v -0.458744 4.681960 -3.444890
v 0.008101 4.433408 -3.486233
v -0.223593 4.433408 -3.444890
v -0.223593 4.433408 -3.486233
v 0.008101 4.906155 -3.486233
v -0.481372 4.906155 -3.486233
v -0.458744 4.655874 -3.444890
v -0.481371 4.655874 -3.444890
v -0.458745 4.655874 -3.486233
v -0.014525 4.906155 -3.486233
v -0.481372 4.655874 -3.486233
v -0.458745 4.906155 -3.486233
v 0.008101 4.681960 -3.444890
v 0.008101 4.880071 -3.444890
v -0.014525 4.655874 -3.444890
v -0.014525 4.456036 -3.444890
v 0.008101 4.655874 -3.444890
v -0.014525 4.655874 -3.486233
v -0.014525 4.456036 -3.486233
v 0.008101 4.655874 -3.486233
v 0.008101 4.880071 -3.486233
v 0.008101 4.681960 -3.486233
v -0.223593 4.456036 -3.486233
v -0.223593 4.456036 -3.444890
v -0.249677 4.433408 -3.444890
v -0.223593 4.681960 -3.486233
v -0.223593 4.681960 -3.444890
v -0.249677 4.880071 -3.486233
v -0.223593 4.906155 -3.444890
v -0.223593 4.880071 -3.444890
v -0.223593 4.655874 -3.444890
v -0.223593 4.655874 -3.486233
v -0.223593 4.906155 -3.486233
v -0.249677 4.906155 -3.486233
v -0.249677 4.655874 -3.486233
v -0.249677 4.655874 -3.444890
v -0.249677 4.681960 -3.444890
v -0.249677 4.681960 -3.486233
v -0.223593 4.880071 -3.486233
v -1.123902 4.433408 -3.523940
v -1.613375 4.433408 -3.523940
v -1.613375 4.433408 -3.444890
v -1.123902 4.433408 -3.444890
v -1.671313 5.210913 -3.666539
v -1.065964 5.210913 -3.666539
v -1.123902 5.128622 -3.523940
v -1.613375 5.128622 -3.523940
v -1.065964 4.351117 -3.666539
v -1.671313 4.351117 -3.666539
v -1.123902 5.128622 -3.444890
v -1.613375 5.128622 -3.444890
v -1.590748 4.456036 -3.486233
v -1.381681 4.456036 -3.486233
v -1.381681 4.433408 -3.486233
v -1.613375 4.433408 -3.486233
v -1.381681 5.105995 -3.486233
v -1.590748 5.105995 -3.486233
v -1.613375 5.128622 -3.486233
v -1.381681 5.128622 -3.486233
v -1.146529 5.105995 -3.444890
v -1.146529 4.906155 -3.444890
v -1.123902 4.906155 -3.444890
v -1.590748 4.880071 -3.486233
v -1.590748 4.681960 -3.486233
v -1.613375 4.681960 -3.486233
v -1.613375 4.880071 -3.486233
v -1.381681 4.880071 -3.444890
v -1.381681 4.906155 -3.444890
v -1.590748 4.906155 -3.444890
v -1.590748 4.880071 -3.444890
v -1.381681 5.128622 -3.444890
v -1.146529 5.105995 -3.486233
v -1.355597 5.105995 -3.486233
v -1.355597 5.128622 -3.486233
v -1.123902 5.128622 -3.486233
v -1.613375 4.681960 -3.444890
v -1.613375 4.880071 -3.444890
v -1.355597 5.105995 -3.444890
v -1.355597 5.128622 -3.444890
v -1.590748 5.105995 -3.444890
v -1.613375 4.906155 -3.444890
v -1.590748 4.456036 -3.444890
v -1.381681 4.456036 -3.444890
v -1.146529 4.880071 -3.486233
v -1.146529 4.681960 -3.486233
v -1.146529 4.681960 -3.444890
v -1.146529 4.880071 -3.444890
v -1.381681 5.105995 -3.444890
v -1.590748 4.681960 -3.444890
v -1.123902 4.433408 -3.486233
v -1.355597 4.433408 -3.444890
v -1.355597 4.433408 -3.486233
v -1.123902 4.906155 -3.486233
v -1.613375 4.906155 -3.486233
v -1.590748 4.655874 -3.444890
v -1.613375 4.655874 -3.444890
v -1.590748 4.655874 -3.486233
v -1.146529 4.906155 -3.486233
v -1.613375 4.655874 -3.486233
v -1.590748 4.906155 -3.486233
v -1.123902 4.681960 -3.444890
v -1.123902 4.880071 -3.444890
v -1.146529 4.655874 -3.444890
v -1.146529 4.456036 -3.444890
v -1.123902 4.655874 -3.444890
v -1.146529 4.655874 -3.486233
v -1.146529 4.456036 -3.486233
v -1.123902 4.655874 -3.486233
v -1.123902 4.880071 -3.486233
v -1.123902 4.681960 -3.486233
v -1.355597 4.456036 -3.486233
v -1.355597 4.456036 -3.444890
v -1.381681 4.433408 -3.444890
v -1.355597 4.681960 -3.486233
v -1.355597 4.681960 -3.444890
v -1.381681 4.880071 -3.486233
v -1.355597 4.906155 -3.444890
v -1.355597 4.880071 -3.444890
v -1.355597 4.655874 -3.444890
v -1.355597 4.655874 -3.486233
v -1.355597 4.906155 -3.486233
v -1.381681 4.906155 -3.486233
v -1.381681 4.655874 -3.486233
v -1.381681 4.655874 -3.444890
v -1.381681 4.681960 -3.444890
v -1.381681 4.681960 -3.486233
v -1.355597 4.880071 -3.486233
v -2.226916 4.351117 -3.666539
v -2.226916 5.210913 -3.666539
v 1.981390 5.322600 -1.420135
v 1.981390 5.322600 -0.893481
v 1.981390 5.322600 -3.157488
v 1.981390 5.322600 -2.552138
v -2.226915 5.322600 -3.666539
v -1.671313 5.322600 -3.666539
v 1.981390 5.322600 -2.025484
v 1.981390 5.322600 -0.288131
v 1.198043 5.322600 -3.666540
v 1.981390 5.322600 -3.666540
v 1.981391 5.322600 0.000001
v 0.066040 5.322600 -3.666539
v 0.592694 5.322600 -3.666540
v -1.065963 5.322600 -3.666539
v -0.539310 5.322600 -3.666539
v -1.680008 5.322600 -1.468247
v -2.226915 5.322600 -1.468247
v -1.680009 5.210913 -1.468247
v -2.226916 5.210913 -1.468247
v -1.680009 4.351117 -1.468247
v -2.226916 4.351117 -1.468247
v 1.838792 5.735491 -0.346069
v 1.838792 5.735491 -0.835542
v 1.759742 5.735491 -0.835542
v 1.759742 5.735491 -0.346069
v 1.981390 6.512995 -0.893481
v 1.981390 6.512995 -0.288131
v 1.838792 6.430703 -0.346069
v 1.838792 6.430703 -0.835542
v 1.981390 5.653199 -0.288131
v 1.981390 5.653199 -0.893481
v 1.759742 6.430703 -0.346069
v 1.759742 6.430703 -0.835542
v 1.801085 5.758117 -0.812916
v 1.801085 5.758117 -0.603848
v 1.801085 5.735491 -0.603848
v 1.801085 5.735491 -0.835542
v 1.801085 6.408077 -0.603848
v 1.801085 6.408077 -0.812916
v 1.801085 6.430703 -0.835542
v 1.801085 6.430703 -0.603848
v 1.759742 6.408077 -0.368696
v 1.759742 6.208237 -0.368696
v 1.759742 6.208237 -0.346069
v 1.801085 6.182153 -0.812916
v 1.801085 5.984042 -0.812916
v 1.801085 5.984042 -0.835542
v 1.801085 6.182153 -0.835542
v 1.759742 6.182153 -0.603848
v 1.759742 6.208237 -0.603848
v 1.759742 6.208237 -0.812916
v 1.759742 6.182153 -0.812916
v 1.759742 6.430703 -0.603848
v 1.801085 6.408077 -0.368696
v 1.801085 6.408077 -0.577764
v 1.801085 6.430703 -0.577764
v 1.801085 6.430703 -0.346069
v 1.759742 5.984042 -0.835542
v 1.759742 6.182153 -0.835542
v 1.759742 6.408077 -0.577764
v 1.759742 6.430703 -0.577764
v 1.759742 6.408077 -0.812916
v 1.759742 6.208237 -0.835542
v 1.759742 5.758117 -0.812916
v 1.759742 5.758117 -0.603848
v 1.801085 6.182153 -0.368696
v 1.801085 5.984042 -0.368696
v 1.759742 5.984042 -0.368696
v 1.759742 6.182153 -0.368696
v 1.759742 6.408077 -0.603848
v 1.759742 5.984042 -0.812916
v 1.801085 5.735491 -0.346069
v 1.759742 5.735491 -0.577764
v 1.801085 5.735491 -0.577764
v 1.801085 6.208237 -0.346069
v 1.801085 6.208237 -0.835542
v 1.759742 5.957958 -0.812916
v 1.759742 5.957958 -0.835542
v 1.801085 5.957958 -0.812916
v 1.801085 6.208237 -0.368696
v 1.801085 5.957958 -0.835542
v 1.801085 6.208237 -0.812916
v 1.759742 5.984042 -0.346069
v 1.759742 6.182153 -0.346069
v 1.759742 5.957958 -0.368696
v 1.759742 5.758117 -0.368696
v 1.759742 5.957958 -0.346069
v 1.801085 5.957958 -0.368696
v 1.801085 5.758117 -0.368696
v 1.801085 5.957958 -0.346069
v 1.801085 6.182153 -0.346069
v 1.801085 5.984042 -0.346069
v 1.801085 5.758117 -0.577764
v 1.759742 5.758117 -0.577764
v 1.759742 5.735491 -0.603848
v 1.801085 5.984042 -0.577764
v 1.759742 5.984042 -0.577764
v 1.801085 6.182153 -0.603848
v 1.759742 6.208237 -0.577764
v 1.759742 6.182153 -0.577764
v 1.759742 5.957958 -0.577764
v 1.801085 5.957958 -0.577764
v 1.801085 6.208237 -0.577764
v 1.801085 6.208237 -0.603848
v 1.801085 5.957958 -0.603848
v 1.759742 5.957958 -0.603848
v 1.759742 5.984042 -0.603848
v 1.801085 5.984042 -0.603848
v 1.801085 6.182153 -0.577764
v 1.838792 5.735491 -1.478073
v 1.838792 5.735491 -1.967546
v 1.759742 5.735491 -1.967546
v 1.759742 5.735491 -1.478073
v 1.981390 6.512995 -2.025484
v 1.981390 6.512995 -1.420135
v 1.838792 6.430704 -1.478073
v 1.838792 6.430704 -1.967546
v 1.981390 5.653199 -1.420135
v 1.981390 5.653200 -2.025484
v 1.759742 6.430704 -1.478073
v 1.759742 6.430704 -1.967546
v 1.801085 5.758118 -1.944919
v 1.801085 5.758118 -1.735851
v 1.801085 5.735491 -1.735851
v 1.801085 5.735491 -1.967546
v 1.801085 6.408077 -1.735851
v 1.801085 6.408077 -1.944919
v 1.801085 6.430704 -1.967546
v 1.801085 6.430704 -1.735851
v 1.759742 6.408077 -1.500700
v 1.759742 6.208238 -1.500700
v 1.759742 6.208238 -1.478073
v 1.801085 6.182154 -1.944919
v 1.801085 5.984043 -1.944919
v 1.801085 5.984043 -1.967546
v 1.801085 6.182154 -1.967546
v 1.759742 6.182154 -1.735851
v 1.759742 6.208238 -1.735851
v 1.759742 6.208238 -1.944919
v 1.759742 6.182154 -1.944919
v 1.759742 6.430704 -1.735851
v 1.801085 6.408077 -1.500700
v 1.801085 6.408077 -1.709767
v 1.801085 6.430704 -1.709767
v 1.801085 6.430704 -1.478073
v 1.759742 5.984043 -1.967546
v 1.759742 6.182154 -1.967546
v 1.759742 6.408077 -1.709767
v 1.759742 6.430704 -1.709767
v 1.759742 6.408077 -1.944919
v 1.759742 6.208238 -1.967546
v 1.759742 5.758118 -1.944919
v 1.759742 5.758118 -1.735851
v 1.801085 6.182154 -1.500700
v 1.801085 5.984043 -1.500700
v 1.759742 5.984043 -1.500700
v 1.759742 6.182154 -1.500700
v 1.759742 6.408077 -1.735851
v 1.759742 5.984043 -1.944919
v 1.801085 5.735491 -1.478073
v 1.759742 5.735491 -1.709767
v 1.801085 5.735491 -1.709767
v 1.801085 6.208238 -1.478073
v 1.801085 6.208238 -1.967546
v 1.759742 5.957959 -1.944919
v 1.759742 5.957959 -1.967546
v 1.801085 5.957959 -1.944919
v 1.801085 6.208238 -1.500700
v 1.801085 5.957959 -1.967546
v 1.801085 6.208238 -1.944919
v 1.759742 5.984043 -1.478073
v 1.759742 6.182154 -1.478073
v 1.759742 5.957959 -1.500700
v 1.759742 5.758118 -1.500700
v 1.759742 5.957959 -1.478073
v 1.801085 5.957959 -1.500700
v 1.801085 5.758118 -1.500700
v 1.801085 5.957959 -1.478073
v 1.801085 6.182154 -1.478073
v 1.801085 5.984043 -1.478073
v 1.801085 5.758118 -1.709767
v 1.759742 5.758118 -1.709767
v 1.759742 5.735491 -1.735851
v 1.801085 5.984043 -1.709767
v 1.759742 5.984043 -1.709767
v 1.801085 6.182154 -1.735851
v 1.759742 6.208238 -1.709767
v 1.759742 6.182154 -1.709767
v 1.759742 5.957959 -1.709767
v 1.801085 5.957959 -1.709767
v 1.801085 6.208238 -1.709767
v 1.801085 6.208238 -1.735851
v 1.801085 5.957959 -1.735851
v 1.759742 5.957959 -1.735851
v 1.759742 5.984043 -1.735851
v 1.801085 5.984043 -1.735851
v 1.801085 6.182154 -1.709767
v 1.838792 5.735491 -2.610077
v 1.838792 5.735491 -3.099549
v 1.759742 5.735491 -3.099549
v 1.759742 5.735491 -2.610077
v 1.981390 6.512995 -3.157488
v 1.981390 6.512995 -2.552138
v 1.838792 6.430704 -2.610077
v 1.838792 6.430704 -3.099549
v 1.981390 5.653200 -2.552138
v 1.981390 5.653200 -3.157488
v 1.759742 6.430704 -2.610077
v 1.759742 6.430704 -3.099549
v 1.801085 5.758118 -3.076923
v 1.801085 5.758118 -2.867855
v 1.801085 5.735491 -2.867855
v 1.801085 5.735491 -3.099549
v 1.801085 6.408077 -2.867855
v 1.801085 6.408077 -3.076923
v 1.801085 6.430704 -3.099549
v 1.801085 6.430704 -2.867855
v 1.759742 6.408077 -2.632703
v 1.759742 6.208238 -2.632703
v 1.759742 6.208238 -2.610077
v 1.801085 6.182154 -3.076923
v 1.801085 5.984043 -3.076923
v 1.801085 5.984043 -3.099549
v 1.801085 6.182154 -3.099549
v 1.759742 6.182154 -2.867855
v 1.759742 6.208238 -2.867855
v 1.759742 6.208238 -3.076923
v 1.759742 6.182154 -3.076923
v 1.759742 6.430704 -2.867855
v 1.801085 6.408077 -2.632703
v 1.801085 6.408077 -2.841771
v 1.801085 6.430704 -2.841771
v 1.801085 6.430704 -2.610077
v 1.759742 5.984043 -3.099549
v 1.759742 6.182154 -3.099549
v 1.759742 6.408077 -2.841771
v 1.759742 6.430704 -2.841771
v 1.759742 6.408077 -3.076923
v 1.759742 6.208238 -3.099549
v 1.759742 5.758118 -3.076923
v 1.759742 5.758118 -2.867855
v 1.801085 6.182154 -2.632703
v 1.801085 5.984043 -2.632703
v 1.759742 5.984043 -2.632703
v 1.759742 6.182154 -2.632703
v 1.759742 6.408077 -2.867855
v 1.759742 5.984043 -3.076923
v 1.801085 5.735491 -2.610077
v 1.759742 5.735491 -2.841771
v 1.801085 5.735491 -2.841771
v 1.801085 6.208238 -2.610077
v 1.801085 6.208238 -3.099549
v 1.759742 5.957959 -3.076923
v 1.759742 5.957959 -3.099549
v 1.801085 5.957959 -3.076923
v 1.801085 6.208238 -2.632703
v 1.801085 5.957959 -3.099549
v 1.801085 6.208238 -3.076923
v 1.759742 5.984043 -2.610077
v 1.759742 6.182154 -2.610077
v 1.759742 5.957959 -2.632703
v 1.759742 5.758118 -2.632703
v 1.759742 5.957959 -2.610077
v 1.801085 5.957959 -2.632703
v 1.801085 5.758118 -2.632703
v 1.801085 5.957959 -2.610077
v 1.801085 6.182154 -2.610077
v 1.801085 5.984043 -2.610077
v 1.801085 5.758118 -2.841771
v 1.759742 5.758118 -2.841771
v 1.759742 5.735491 -2.867855
v 1.801085 5.984043 -2.841771
v 1.759742 5.984043 -2.841771
v 1.801085 6.182154 -2.867855
v 1.759742 6.208238 -2.841771
v 1.759742 6.182154 -2.841771
v 1.759742 5.957959 -2.841771
v 1.801085 5.957959 -2.841771
v 1.801085 6.208238 -2.841771
v 1.801085 6.208238 -2.867855
v 1.801085 5.957959 -2.867855
v 1.759742 5.957959 -2.867855
v 1.759742 5.984043 -2.867855
v 1.801085 5.984043 -2.867855
v 1.801085 6.182154 -2.841771
v 1.981391 6.512995 0.000001
v 1.981391 5.653199 0.000001
v 1.981390 5.653200 -3.666540
v 1.981390 6.512995 -3.666540
v 1.140105 5.735491 -3.523941
v 0.650632 5.735491 -3.523941
v 0.650632 5.735491 -3.444891
v 1.140105 5.735491 -3.444891
v 0.592694 6.512995 -3.666540
v 1.198043 6.512995 -3.666540
v 1.140105 6.430704 -3.523941
v 0.650632 6.430704 -3.523941
v 1.198043 5.653200 -3.666540
v 0.592694 5.653200 -3.666540
v 1.140105 6.430704 -3.444891
v 0.650632 6.430704 -3.444891
v 0.673259 5.758118 -3.486233
v 0.882326 5.758118 -3.486233
v 0.882326 5.735491 -3.486233
v 0.650632 5.735491 -3.486233
v 0.882326 6.408077 -3.486233
v 0.673259 6.408077 -3.486233
v 0.650632 6.430704 -3.486233
v 0.882326 6.430704 -3.486233
v 1.117478 6.408077 -3.444891
v 1.117478 6.208238 -3.444891
v 1.140105 6.208238 -3.444891
v 0.673259 6.182154 -3.486233
v 0.673259 5.984043 -3.486233
v 0.650632 5.984043 -3.486233
v 0.650632 6.182154 -3.486233
v 0.882326 6.182154 -3.444891
v 0.882326 6.208238 -3.444891
v 0.673259 6.208238 -3.444891
v 0.673259 6.182154 -3.444891
v 0.882326 6.430704 -3.444891
v 1.117478 6.408077 -3.486233
v 0.908411 6.408077 -3.486233
v 0.908411 6.430704 -3.486233
v 1.140105 6.430704 -3.486233
v 0.650632 5.984043 -3.444891
v 0.650632 6.182154 -3.444891
v 0.908411 6.408077 -3.444891
v 0.908411 6.430704 -3.444891
v 0.673259 6.408077 -3.444891
v 0.650632 6.208238 -3.444891
v 0.673259 5.758118 -3.444891
v 0.882326 5.758118 -3.444891
v 1.117478 6.182154 -3.486233
v 1.117478 5.984043 -3.486233
v 1.117478 5.984043 -3.444891
v 1.117478 6.182154 -3.444891
v 0.882326 6.408077 -3.444891
v 0.673259 5.984043 -3.444891
v 1.140105 5.735491 -3.486233
v 0.908411 5.735491 -3.444891
v 0.908411 5.735491 -3.486233
v 1.140105 6.208238 -3.486233
v 0.650632 6.208238 -3.486233
v 0.673259 5.957959 -3.444891
v 0.650632 5.957959 -3.444891
v 0.673259 5.957959 -3.486233
v 1.117478 6.208238 -3.486233
v 0.650632 5.957959 -3.486233
v 0.673259 6.208238 -3.486233
v 1.140105 5.984043 -3.444891
v 1.140105 6.182154 -3.444891
v 1.117478 5.957959 -3.444891
v 1.117478 5.758118 -3.444891
v 1.140105 5.957959 -3.444891
v 1.117478 5.957959 -3.486233
v 1.117478 5.758118 -3.486233
v 1.140105 5.957959 -3.486233
v 1.140105 6.182154 -3.486233
v 1.140105 5.984043 -3.486233
v 0.908411 5.758118 -3.486233
v 0.908411 5.758118 -3.444891
v 0.882326 5.735491 -3.444891
v 0.908411 5.984043 -3.486233
v 0.908411 5.984043 -3.444891
v 0.882326 6.182154 -3.486233
v 0.908411 6.208238 -3.444891
v 0.908411 6.182154 -3.444891
v 0.908411 5.957959 -3.444891
v 0.908411 5.957959 -3.486233
v 0.908411 6.208238 -3.486233
v 0.882326 6.208238 -3.486233
v 0.882326 5.957959 -3.486233
v 0.882326 5.957959 -3.444891
v 0.882326 5.984043 -3.444891
v 0.882326 5.984043 -3.486233
v 0.908411 6.182154 -3.486233
v 0.008101 5.735491 -3.523940
v -0.481372 5.735491 -3.523940
v -0.481371 5.735491 -3.444890
v 0.008101 5.735491 -3.444890
v -0.539310 6.512995 -3.666539
v 0.066040 6.512995 -3.666539
v 0.008101 6.430704 -3.523940
v -0.481372 6.430704 -3.523940
v 0.066040 5.653200 -3.666539
v -0.539310 5.653200 -3.666539
v 0.008101 6.430704 -3.444890
v -0.481371 6.430704 -3.444890
v -0.458745 5.758118 -3.486233
v -0.249677 5.758118 -3.486233
v -0.249677 5.735491 -3.486233
v -0.481372 5.735491 -3.486233
v -0.249677 6.408077 -3.486233
v -0.458745 6.408077 -3.486233
v -0.481372 6.430704 -3.486233
v -0.249677 6.430704 -3.486233
v -0.014525 6.408077 -3.444890
v -0.014525 6.208238 -3.444890
v 0.008101 6.208238 -3.444890
v -0.458745 6.182154 -3.486233
v -0.458745 5.984043 -3.486233
v -0.481372 5.984043 -3.486233
v -0.481372 6.182154 -3.486233
v -0.249677 6.182154 -3.444890
v -0.249677 6.208238 -3.444890
v -0.458744 6.208238 -3.444890
v -0.458744 6.182154 -3.444890
v -0.249677 6.430704 -3.444890
v -0.014525 6.408077 -3.486233
v -0.223593 6.408077 -3.486233
v -0.223593 6.430704 -3.486233
v 0.008101 6.430704 -3.486233
v -0.481371 5.984043 -3.444890
v -0.481371 6.182154 -3.444890
v -0.223593 6.408077 -3.444890
v -0.223593 6.430704 -3.444890
v -0.458744 6.408077 -3.444890
v -0.481371 6.208238 -3.444890
v -0.458744 5.758118 -3.444890
v -0.249677 5.758118 -3.444890
v -0.014525 6.182154 -3.486233
v -0.014525 5.984043 -3.486233
v -0.014525 5.984043 -3.444890
v -0.014525 6.182154 -3.444890
v -0.249677 6.408077 -3.444890
v -0.458744 5.984043 -3.444890
v 0.008101 5.735491 -3.486233
v -0.223593 5.735491 -3.444890
v -0.223593 5.735491 -3.486233
v 0.008101 6.208238 -3.486233
v -0.481372 6.208238 -3.486233
v -0.458744 5.957959 -3.444890
v -0.481371 5.957959 -3.444890
v -0.458745 5.957959 -3.486233
v -0.014525 6.208238 -3.486233
v -0.481372 5.957959 -3.486233
v -0.458745 6.208238 -3.486233
v 0.008101 5.984043 -3.444890
v 0.008101 6.182154 -3.444890
v -0.014525 5.957959 -3.444890
v -0.014525 5.758118 -3.444890
v 0.008101 5.957959 -3.444890
v -0.014525 5.957959 -3.486233
v -0.014525 5.758118 -3.486233
v 0.008101 5.957959 -3.486233
v 0.008101 6.182154 -3.486233
v 0.008101 5.984043 -3.486233
v -0.223593 5.758118 -3.486233
v -0.223593 5.758118 -3.444890
v -0.249677 5.735491 -3.444890
v -0.223593 5.984043 -3.486233
v -0.223593 5.984043 -3.444890
v -0.249677 6.182154 -3.486233
v -0.223593 6.208238 -3.444890
v -0.223593 6.182154 -3.444890
v -0.223593 5.957959 -3.444890
v -0.223593 5.957959 -3.486233
v -0.223593 6.208238 -3.486233
v -0.249677 6.208238 -3.486233
v -0.249677 5.957959 -3.486233
v -0.249677 5.957959 -3.444890
v -0.249677 5.984043 -3.444890
v -0.249677 5.984043 -3.486233
v -0.223593 6.182154 -3.486233
v -1.123902 5.735491 -3.523940
v -1.613375 5.735491 -3.523940
v -1.613375 5.735491 -3.444890
v -1.123902 5.735491 -3.444890
v -1.671313 6.512995 -3.666539
v -1.065964 6.512995 -3.666539
v -1.123902 6.430704 -3.523940
v -1.613375 6.430704 -3.523940
v -1.065964 5.653200 -3.666539
v -1.671313 5.653200 -3.666539
v -1.123902 6.430704 -3.444890
v -1.613375 6.430704 -3.444890
v -1.590748 5.758118 -3.486233
v -1.381681 5.758118 -3.486233
v -1.381681 5.735491 -3.486233
v -1.613375 5.735491 -3.486233
v -1.381681 6.408077 -3.486233
v -1.590748 6.408077 -3.486233
v -1.613375 6.430704 -3.486233
v -1.381681 6.430704 -3.486233
v -1.146529 6.408077 -3.444890
v -1.146529 6.208238 -3.444890
v -1.123902 6.208238 -3.444890
v -1.590748 6.182154 -3.486233
v -1.590748 5.984043 -3.486233
v -1.613375 5.984043 -3.486233
v -1.613375 6.182154 -3.486233
v -1.381681 6.182154 -3.444890
v -1.381681 6.208238 -3.444890
v -1.590748 6.208238 -3.444890
v -1.590748 6.182154 -3.444890
v -1.381681 6.430704 -3.444890
v -1.146529 6.408077 -3.486233
v -1.355597 6.408077 -3.486233
v -1.355597 6.430704 -3.486233
v -1.123902 6.430704 -3.486233
v -1.613375 5.984043 -3.444890
v -1.613375 6.182154 -3.444890
v -1.355597 6.408077 -3.444890
v -1.355597 6.430704 -3.444890
v -1.590748 6.408077 -3.444890
v -1.613375 6.208238 -3.444890
v -1.590748 5.758118 -3.444890
v -1.381681 5.758118 -3.444890
v -1.146529 6.182154 -3.486233
v -1.146529 5.984043 -3.486233
v -1.146529 5.984043 -3.444890
v -1.146529 6.182154 -3.444890
v -1.381681 6.408077 -3.444890
v -1.590748 5.984043 -3.444890
v -1.123902 5.735491 -3.486233
v -1.355597 5.735491 -3.444890
v -1.355597 5.735491 -3.486233
v -1.123902 6.208238 -3.486233
v -1.613375 6.208238 -3.486233
v -1.590748 5.957959 -3.444890
v -1.613375 5.957959 -3.444890
v -1.590748 5.957959 -3.486233
v -1.146529 6.208238 -3.486233
v -1.613375 5.957959 -3.486233
v -1.590748 6.208238 -3.486233
v -1.123902 5.984043 -3.444890
v -1.123902 6.182154 -3.444890
v -1.146529 5.957959 -3.444890
v -1.146529 5.758118 -3.444890
v -1.123902 5.957959 -3.444890
v -1.146529 5.957959 -3.486233
v -1.146529 5.758118 -3.486233
v -1.123902 5.957959 -3.486233
v -1.123902 6.182154 -3.486233
v -1.123902 5.984043 -3.486233
v -1.355597 5.758118 -3.486233
v -1.355597 5.758118 -3.444890
v -1.381681 5.735491 -3.444890
v -1.355597 5.984043 -3.486233
v -1.355597 5.984043 -3.444890
v -1.381681 6.182154 -3.486233
v -1.355597 6.208238 -3.444890
v -1.355597 6.182154 -3.444890
v -1.355597 5.957959 -3.444890
v -1.355597 5.957959 -3.486233
v -1.355597 6.208238 -3.486233
v -1.381681 6.208238 -3.486233
v -1.381681 5.957959 -3.486233
v -1.381681 5.957959 -3.444890
v -1.381681 5.984043 -3.444890
v -1.381681 5.984043 -3.486233
v -1.355597 6.182154 -3.486233
v -2.226916 5.653200 -3.666539
v -2.226916 6.512995 -3.666539
v 1.981390 6.624683 -1.420135
v 1.981390 6.624683 -0.893481
v 1.981390 6.624683 -3.157488
v 1.981390 6.624683 -2.552138
v -2.226915 6.624683 -3.666539
v -1.671313 6.624683 -3.666539
v 1.981390 6.624683 -2.025484
v 1.981390 6.624683 -0.288131
v 1.198043 6.624683 -3.666540
v 1.981390 6.624683 -3.666540
v 1.981391 6.624683 0.000001
v 0.066040 6.624683 -3.666539
v 0.592694 6.624683 -3.666540
v -1.065963 6.624683 -3.666539
v -0.539310 6.624683 -3.666539
v -1.680008 4.020517 -1.468247
v -2.226915 4.020517 -1.468247
v -1.680009 3.908829 -1.468247
v -2.226916 3.908829 -1.468247
v -1.680009 3.049034 -1.468248
v -2.226916 3.049034 -1.468248
v 1.141578 1.416352 -1.651009
v 1.141578 1.416352 -2.158943
v -0.694405 1.416351 -2.943851
v -1.202340 1.416351 -2.943851
v 1.141578 1.416353 -2.600847
v 1.141578 1.416353 -2.892500
v 0.697336 1.416351 -2.943851
v 0.255433 1.416351 -2.943851
v 1.141578 1.416352 -1.209106
v -0.252502 1.416351 -2.943851
v 1.141578 1.416353 -2.943851
v 1.119148 1.416351 -2.943851
v 1.141578 1.416352 0.000000
v 1.141578 1.416352 -0.701171
v -2.040684 1.416351 -2.943851
v -2.226915 1.416351 -1.468248
v -2.040684 1.416351 -1.792444
v -1.671313 6.934331 -3.666539
v -1.065963 6.934331 -3.666539
v 1.981390 6.934331 -1.420135
v 1.981390 6.934331 -0.893481
v 1.981390 6.934331 -2.552138
v 1.981390 6.934331 -2.025484
v 0.066040 6.934331 -3.666539
v 0.592694 6.934331 -3.666540
v -1.680008 2.718434 -1.468248
v -2.226915 2.718434 -1.468248
v 1.981390 6.934331 -0.288131
v -0.539310 6.934331 -3.666539
v 1.981391 6.934331 0.000001
v -2.226915 6.934331 -3.666539
v 1.981390 6.934331 -3.666540
v 1.981390 6.934331 -3.157488
v 1.198043 6.934331 -3.666540
v 0.031908 6.934331 -3.333829
v 0.463353 6.934331 -3.333829
v 1.600999 6.934331 -1.291268
v 1.600999 6.934331 -0.812404
v -0.895450 6.934331 -3.333829
v -0.464006 6.934331 -3.333829
v 1.600999 6.934331 -2.320551
v 1.600999 6.934331 -1.841687
v -1.846524 6.934331 -3.333829
v -1.391364 6.934331 -3.333829
v 1.600999 6.934331 -0.261985
v 1.600999 6.934331 0.000001
v 0.959266 6.934331 -3.333829
v 1.600999 6.934331 -3.333829
v 1.600999 6.934331 -2.870970
v -1.680009 2.606746 -1.468248
v -2.226916 2.606746 -1.468248
v 1.600999 6.676084 -0.812404
v 1.600999 6.676084 -0.261985
v -1.391364 6.676085 -3.333829
v -0.895450 6.676085 -3.333829
v 1.600999 6.676085 -2.870970
v 1.600999 6.676085 -2.320551
v 0.031908 6.676085 -3.333829
v 0.463353 6.676085 -3.333829
v 1.600999 6.676084 -1.291268
v -0.464006 6.676085 -3.333829
v 1.600999 6.676085 -1.841687
v -1.846524 6.676085 -3.333829
v 1.600999 6.676084 0.000001
v 0.959266 6.676085 -3.333829
v 1.600999 6.676085 -3.333829
v -1.680009 1.746951 -1.468248
v -2.226916 1.746951 -1.468248
v -1.303193 6.676084 0.000001
v -1.680008 1.416351 -1.468248
v -1.680008 1.416351 0.000000
v -1.680009 1.746951 0.000000
v -1.680009 2.606746 0.000000
v -1.680008 2.718434 0.000000
v -1.680009 3.049034 0.000000
v -1.680009 3.908829 0.000001
v -1.680008 4.020517 0.000001
v -1.680009 4.351116 0.000001
v -1.680009 5.210912 0.000001
v -1.680008 5.322600 0.000001
v -1.680009 5.653199 0.000001
v -1.680009 6.512995 0.000001
v -1.680008 6.624683 0.000001
v -1.680008 6.934331 0.000001
v -1.303193 6.934331 0.000001
v -1.493777 1.416351 -1.792444
v -1.493777 1.416351 0.000000
v 1.838792 1.829242 0.346071
v 1.759742 1.829242 0.346071
v 1.759742 1.829242 0.835543
v 1.838792 1.829242 0.835543
v 1.981391 2.606746 0.893482
v 1.838792 2.524455 0.835543
v 1.838792 2.524455 0.346071
v 1.981391 2.606746 0.288132
v 1.981391 1.746951 0.288132
v 1.981391 1.746951 0.893482
v 1.759742 2.524455 0.835543
v 1.759742 2.524455 0.346071
v 1.801085 1.851869 0.812917
v 1.801085 1.829242 0.835543
v 1.801085 1.829242 0.603849
v 1.801085 1.851869 0.603849
v 1.801085 2.501828 0.603849
v 1.801085 2.524455 0.603849
v 1.801085 2.524455 0.835543
v 1.801085 2.501828 0.812917
v 1.759742 2.501828 0.368697
v 1.759742 2.301988 0.346071
v 1.759742 2.301988 0.368697
v 1.801085 2.275904 0.812917
v 1.801085 2.275904 0.835543
v 1.801085 2.077793 0.835543
v 1.801085 2.077793 0.812917
v 1.759742 2.275904 0.603849
v 1.759742 2.275904 0.812917
v 1.759742 2.301988 0.812917
v 1.759742 2.301988 0.603849
v 1.759742 2.524455 0.603849
v 1.801085 2.501828 0.368697
v 1.801085 2.524455 0.346071
v 1.801085 2.524455 0.577765
v 1.801085 2.501828 0.577765
v 1.759742 2.275904 0.835543
v 1.759742 2.077793 0.835543
v 1.759742 2.501828 0.577765
v 1.759742 2.524455 0.577765
v 1.759742 2.301988 0.835543
v 1.759742 2.501828 0.812917
v 1.759742 1.851869 0.603849
v 1.759742 1.851869 0.812917
v 1.801085 2.275904 0.368697
v 1.759742 2.275904 0.368697
v 1.759742 2.077793 0.368697
v 1.801085 2.077793 0.368697
v 1.759742 2.501828 0.603849
v 1.759742 2.077793 0.812917
v 1.801085 1.829242 0.346071
v 1.801085 1.829242 0.577765
v 1.759742 1.829242 0.577765
v 1.801085 2.301988 0.346071
v 1.801085 2.301988 0.835543
v 1.759742 2.051709 0.835543
v 1.759742 2.051709 0.812917
v 1.801085 2.051709 0.812917
v 1.801085 2.301988 0.368697
v 1.801085 2.051709 0.835543
v 1.801085 2.301988 0.812917
v 1.759742 2.275904 0.346071
v 1.759742 2.077793 0.346071
v 1.759742 2.051709 0.368697
v 1.759742 2.051709 0.346071
v 1.759742 1.851869 0.368697
v 1.801085 2.051709 0.368697
v 1.801085 1.851869 0.368697
v 1.801085 2.051709 0.346071
v 1.801085 2.275904 0.346071
v 1.801085 2.077793 0.346071
v 1.759742 1.851869 0.577765
v 1.801085 1.851869 0.577765
v 1.759742 1.829242 0.603849
v 1.759742 2.077793 0.577765
v 1.801085 2.077793 0.577765
v 1.801085 2.275904 0.603849
v 1.759742 2.275904 0.577765
v 1.759742 2.301988 0.577765
v 1.801085 2.051709 0.577765
v 1.759742 2.051709 0.577765
v 1.801085 2.301988 0.577765
v 1.801085 2.301988 0.603849
v 1.801085 2.051709 0.603849
v 1.759742 2.051709 0.603849
v 1.759742 2.077793 0.603849
v 1.801085 2.077793 0.603849
v 1.801085 2.275904 0.577765
v 1.838792 1.829242 1.478074
v 1.759742 1.829242 1.478074
v 1.759742 1.829242 1.967547
v 1.838792 1.829242 1.967547
v 1.981391 2.606746 2.025486
v 1.838792 2.524455 1.967547
v 1.838792 2.524455 1.478074
v 1.981391 2.606746 1.420135
v 1.981391 1.746951 1.420135
v 1.981391 1.746951 2.025485
v 1.759742 2.524455 1.967547
v 1.759742 2.524455 1.478074
v 1.801085 1.851869 1.944920
v 1.801085 1.829242 1.967547
v 1.801085 1.829242 1.735853
v 1.801085 1.851869 1.735853
v 1.801085 2.501828 1.735853
v 1.801085 2.524455 1.735853
v 1.801085 2.524455 1.967547
v 1.801085 2.501828 1.944920
v 1.759742 2.501828 1.500700
v 1.759742 2.301988 1.478074
v 1.759742 2.301988 1.500700
v 1.801085 2.275904 1.944920
v 1.801085 2.275904 1.967547
v 1.801085 2.077793 1.967547
v 1.801085 2.077793 1.944920
v 1.759742 2.275904 1.735853
v 1.759742 2.275904 1.944920
v 1.759742 2.301988 1.944920
v 1.759742 2.301988 1.735853
v 1.759742 2.524455 1.735853
v 1.801085 2.501828 1.500700
v 1.801085 2.524455 1.478074
v 1.801085 2.524455 1.709769
v 1.801085 2.501828 1.709769
v 1.759742 2.275904 1.967547
v 1.759742 2.077793 1.967547
v 1.759742 2.501828 1.709769
v 1.759742 2.524455 1.709769
v 1.759742 2.301988 1.967547
v 1.759742 2.501828 1.944920
v 1.759742 1.851869 1.735853
v 1.759742 1.851869 1.944920
v 1.801085 2.275904 1.500700
v 1.759742 2.275904 1.500700
v 1.759742 2.077793 1.500700
v 1.801085 2.077793 1.500700
v 1.759742 2.501828 1.735853
v 1.759742 2.077793 1.944920
v 1.801085 1.829242 1.478074
v 1.801085 1.829242 1.709769
v 1.759742 1.829242 1.709769
v 1.801085 2.301988 1.478074
v 1.801085 2.301988 1.967547
v 1.759742 2.051709 1.967547
v 1.759742 2.051709 1.944920
v 1.801085 2.051709 1.944920
v 1.801085 2.301988 1.500700
v 1.801085 2.051709 1.967547
v 1.801085 2.301988 1.944920
v 1.759742 2.275904 1.478074
v 1.759742 2.077793 1.478074
v 1.759742 2.051709 1.500700
v 1.759742 2.051709 1.478074
v 1.759742 1.851869 1.500700
v 1.801085 2.051709 1.500700
v 1.801085 1.851869 1.500700
v 1.801085 2.051709 1.478074
v 1.801085 2.275904 1.478074
v 1.801085 2.077793 1.478074
v 1.759742 1.851869 1.709769
v 1.801085 1.851869 1.709769
v 1.759742 1.829242 1.735853
v 1.759742 2.077793 1.709769
v 1.801085 2.077793 1.709769
v 1.801085 2.275904 1.735853
v 1.759742 2.275904 1.709769
v 1.759742 2.301988 1.709769
v 1.801085 2.051709 1.709769
v 1.759742 2.051709 1.709769
v 1.801085 2.301988 1.709769
v 1.801085 2.301988 1.735853
v 1.801085 2.051709 1.735853
v 1.759742 2.051709 1.735853
v 1.759742 2.077793 1.735853
v 1.801085 2.077793 1.735853
v 1.801085 2.275904 1.709769
v 1.838792 1.829242 2.610078
v 1.759742 1.829242 2.610078
v 1.759742 1.829242 3.099550
v 1.838792 1.829242 3.099550
v 1.981391 2.606745 3.157490
v 1.838792 2.524455 3.099550
v 1.838792 2.524455 2.610079
v 1.981391 2.606745 2.552140
v 1.981391 1.746951 2.552140
v 1.981391 1.746951 3.157489
v 1.759742 2.524455 3.099550
v 1.759742 2.524455 2.610079
v 1.801085 1.851869 3.076924
v 1.801085 1.829242 3.099550
v 1.801085 1.829242 2.867856
v 1.801085 1.851869 2.867856
v 1.801085 2.501827 2.867857
v 1.801085 2.524455 2.867857
v 1.801085 2.524455 3.099550
v 1.801085 2.501827 3.076925
v 1.759742 2.501827 2.632704
v 1.759742 2.301987 2.610079
v 1.759742 2.301987 2.632704
v 1.801085 2.275903 3.076925
v 1.801085 2.275903 3.099550
v 1.801085 2.077792 3.099550
v 1.801085 2.077792 3.076924
v 1.759742 2.275903 2.867857
v 1.759742 2.275903 3.076925
v 1.759742 2.301987 3.076925
v 1.759742 2.301987 2.867857
v 1.759742 2.524455 2.867857
v 1.801085 2.501827 2.632704
v 1.801085 2.524455 2.610079
v 1.801085 2.524455 2.841773
v 1.801085 2.501827 2.841773
v 1.759742 2.275903 3.099550
v 1.759742 2.077792 3.099550
v 1.759742 2.501827 2.841773
v 1.759742 2.524455 2.841773
v 1.759742 2.301987 3.099550
v 1.759742 2.501827 3.076925
v 1.759742 1.851869 2.867856
v 1.759742 1.851869 3.076924
v 1.801085 2.275903 2.632704
v 1.759742 2.275903 2.632704
v 1.759742 2.077792 2.632704
v 1.801085 2.077792 2.632704
v 1.759742 2.501827 2.867857
v 1.759742 2.077792 3.076924
v 1.801085 1.829242 2.610078
v 1.801085 1.829242 2.841772
v 1.759742 1.829242 2.841772
v 1.801085 2.301987 2.610079
v 1.801085 2.301987 3.099550
v 1.759742 2.051708 3.099550
v 1.759742 2.051708 3.076924
v 1.801085 2.051708 3.076924
v 1.801085 2.301987 2.632704
v 1.801085 2.051708 3.099550
v 1.801085 2.301987 3.076925
v 1.759742 2.275903 2.610079
v 1.759742 2.077792 2.610078
v 1.759742 2.051708 2.632704
v 1.759742 2.051708 2.610078
v 1.759742 1.851869 2.632704
v 1.801085 2.051708 2.632704
v 1.801085 1.851869 2.632704
v 1.801085 2.051708 2.610078
v 1.801085 2.275903 2.610079
v 1.801085 2.077792 2.610078
v 1.759742 1.851869 2.841772
v 1.801085 1.851869 2.841772
v 1.759742 1.829242 2.867856
v 1.759742 2.077792 2.841772
v 1.801085 2.077792 2.841772
v 1.801085 2.275903 2.867857
v 1.759742 2.275903 2.841773
v 1.759742 2.301987 2.841773
v 1.801085 2.051708 2.841772
v 1.759742 2.051708 2.841772
v 1.801085 2.301987 2.841773
v 1.801085 2.301987 2.867857
v 1.801085 2.051708 2.867856
v 1.759742 2.051708 2.867856
v 1.759742 2.077792 2.867856
v 1.801085 2.077792 2.867856
v 1.801085 2.275903 2.841773
v 1.981391 2.606745 3.666540
v 1.981391 1.746950 3.666540
v 1.140105 1.829241 3.523941
v 1.140105 1.829241 3.444892
v 0.650633 1.829241 3.444892
v 0.650633 1.829241 3.523941
v 0.592694 2.606745 3.666540
v 0.650633 2.524455 3.523942
v 1.140105 2.524455 3.523942
v 1.198044 2.606745 3.666540
v 1.198044 1.746950 3.666540
v 0.592694 1.746950 3.666540
v 0.650633 2.524455 3.444892
v 1.140105 2.524455 3.444892
v 0.673259 1.851868 3.486234
v 0.650633 1.829241 3.486234
v 0.882327 1.829241 3.486234
v 0.882327 1.851868 3.486234
v 0.882327 2.501827 3.486234
v 0.882327 2.524455 3.486234
v 0.650633 2.524455 3.486234
v 0.673259 2.501827 3.486234
v 1.117479 2.501827 3.444892
v 1.140105 2.301987 3.444892
v 1.117479 2.301987 3.444892
v 0.673259 2.275903 3.486234
v 0.650633 2.275903 3.486234
v 0.650633 2.077792 3.486234
v 0.673259 2.077792 3.486234
v 0.882327 2.275903 3.444892
v 0.673259 2.275903 3.444892
v 0.673259 2.301987 3.444892
v 0.882327 2.301987 3.444892
v 0.882327 2.524455 3.444892
v 1.117479 2.501827 3.486234
v 1.140105 2.524455 3.486234
v 0.908411 2.524455 3.486234
v 0.908411 2.501827 3.486234
v 0.650633 2.275903 3.444892
v 0.650633 2.077792 3.444892
v 0.908411 2.501827 3.444892
v 0.908411 2.524455 3.444892
v 0.650633 2.301987 3.444892
v 0.673259 2.501827 3.444892
v 0.882327 1.851868 3.444892
v 0.673259 1.851868 3.444892
v 1.117479 2.275903 3.486234
v 1.117479 2.275903 3.444892
v 1.117479 2.077792 3.444892
v 1.117479 2.077792 3.486234
v 0.882327 2.501827 3.444892
v 0.673259 2.077792 3.444892
v 1.140105 1.829241 3.486234
v 0.908411 1.829241 3.486234
v 0.908411 1.829241 3.444892
v 1.140105 2.301987 3.486234
v 0.650633 2.301987 3.486234
v 0.650633 2.051708 3.444892
v 0.673259 2.051708 3.444892
v 0.673259 2.051708 3.486234
v 1.117479 2.301987 3.486234
v 0.650633 2.051708 3.486234
v 0.673259 2.301987 3.486234
v 1.140105 2.275903 3.444892
v 1.140105 2.077792 3.444892
v 1.117479 2.051708 3.444892
v 1.140105 2.051708 3.444892
v 1.117479 1.851868 3.444892
v 1.117479 2.051708 3.486234
v 1.117479 1.851868 3.486234
v 1.140105 2.051708 3.486234
v 1.140105 2.275903 3.486234
v 1.140105 2.077792 3.486234
v 0.908411 1.851868 3.444892
v 0.908411 1.851868 3.486234
v 0.882327 1.829241 3.444892
v 0.908411 2.077792 3.444892
v 0.908411 2.077792 3.486234
v 0.882327 2.275903 3.486234
v 0.908411 2.275903 3.444892
v 0.908411 2.301987 3.444892
v 0.908411 2.051708 3.486234
v 0.908411 2.051708 3.444892
v 0.908411 2.301987 3.486234
v 0.882327 2.301987 3.486234
v 0.882327 2.051708 3.486234
v 0.882327 2.051708 3.444892
v 0.882327 2.077792 3.444892
v 0.882327 2.077792 3.486234
v 0.908411 2.275903 3.486234
v 0.008102 1.829241 3.523941
v 0.008102 1.829241 3.444892
v -0.481371 1.829241 3.444892
v -0.481371 1.829241 3.523941
v -0.539310 2.606745 3.666540
v -0.481371 2.524455 3.523942
v 0.008102 2.524455 3.523942
v 0.066040 2.606745 3.666540
v 0.066040 1.746950 3.666540
v -0.539310 1.746950 3.666540
v -0.481371 2.524455 3.444892
v 0.008102 2.524455 3.444892
v -0.458745 1.851868 3.486234
v -0.481371 1.829241 3.486234
v -0.249677 1.829241 3.486234
v -0.249677 1.851868 3.486234
v -0.249677 2.501827 3.486234
v -0.249677 2.524455 3.486234
v -0.481371 2.524455 3.486234
v -0.458745 2.501827 3.486234
v -0.014525 2.501827 3.444892
v 0.008102 2.301987 3.444892
v -0.014525 2.301987 3.444892
v -0.458745 2.275903 3.486234
v -0.481371 2.275903 3.486234
v -0.481371 2.077792 3.486234
v -0.458745 2.077792 3.486234
v -0.249677 2.275903 3.444892
v -0.458744 2.275903 3.444892
v -0.458744 2.301987 3.444892
v -0.249677 2.301987 3.444892
v -0.249677 2.524455 3.444892
v -0.014525 2.501827 3.486234
v 0.008102 2.524455 3.486234
v -0.223593 2.524455 3.486234
v -0.223593 2.501827 3.486234
v -0.481371 2.275903 3.444892
v -0.481371 2.077792 3.444892
v -0.223593 2.501827 3.444892
v -0.223593 2.524455 3.444892
v -0.481371 2.301987 3.444892
v -0.458744 2.501827 3.444892
v -0.249677 1.851868 3.444892
v -0.458744 1.851868 3.444892
v -0.014525 2.275903 3.486234
v -0.014525 2.275903 3.444892
v -0.014525 2.077792 3.444892
v -0.014525 2.077792 3.486234
v -0.249677 2.501827 3.444892
v -0.458744 2.077792 3.444892
v 0.008102 1.829241 3.486234
v -0.223593 1.829241 3.486234
v -0.223593 1.829241 3.444892
v 0.008102 2.301987 3.486234
v -0.481371 2.301987 3.486234
v -0.481371 2.051708 3.444892
v -0.458744 2.051708 3.444892
v -0.458745 2.051708 3.486234
v -0.014525 2.301987 3.486234
v -0.481371 2.051708 3.486234
v -0.458745 2.301987 3.486234
v 0.008102 2.275903 3.444892
v 0.008102 2.077792 3.444892
v -0.014525 2.051708 3.444892
v 0.008102 2.051708 3.444892
v -0.014525 1.851868 3.444892
v -0.014525 2.051708 3.486234
v -0.014525 1.851868 3.486234
v 0.008102 2.051708 3.486234
v 0.008102 2.275903 3.486234
v 0.008102 2.077792 3.486234
v -0.223593 1.851868 3.444892
v -0.223593 1.851868 3.486234
v -0.249677 1.829241 3.444892
v -0.223593 2.077792 3.444892
v -0.223593 2.077792 3.486234
v -0.249677 2.275903 3.486234
v -0.223593 2.275903 3.444892
v -0.223593 2.301987 3.444892
v -0.223593 2.051708 3.486234
v -0.223593 2.051708 3.444892
v -0.223593 2.301987 3.486234
v -0.249677 2.301987 3.486234
v -0.249677 2.051708 3.486234
v -0.249677 2.051708 3.444892
v -0.249677 2.077792 3.444892
v -0.249677 2.077792 3.486234
v -0.223593 2.275903 3.486234
v -1.123902 1.829241 3.523941
v -1.123902 1.829241 3.444892
v -1.613374 1.829241 3.444892
v -1.613375 1.829241 3.523941
v -1.671313 2.606745 3.666540
v -1.613375 2.524455 3.523942
v -1.123902 2.524455 3.523942
v -1.065963 2.606745 3.666540
v -1.065963 1.746950 3.666540
v -1.671313 1.746950 3.666540
v -1.613374 2.524455 3.444892
v -1.123902 2.524455 3.444892
v -1.590748 1.851868 3.486234
v -1.613375 1.829241 3.486234
v -1.381681 1.829241 3.486234
v -1.381681 1.851868 3.486234
v -1.381681 2.501827 3.486234
v -1.381681 2.524455 3.486234
v -1.613375 2.524455 3.486234
v -1.590748 2.501827 3.486234
v -1.146528 2.501827 3.444892
v -1.123902 2.301987 3.444892
v -1.146528 2.301987 3.444892
v -1.590748 2.275903 3.486234
v -1.613375 2.275903 3.486234
v -1.613375 2.077792 3.486234
v -1.590748 2.077792 3.486234
v -1.381681 2.275903 3.444892
v -1.590748 2.275903 3.444892
v -1.590748 2.301987 3.444892
v -1.381681 2.301987 3.444892
v -1.381681 2.524455 3.444892
v -1.146529 2.501827 3.486234
v -1.123902 2.524455 3.486234
v -1.355596 2.524455 3.486234
v -1.355596 2.501827 3.486234
v -1.613374 2.275903 3.444892
v -1.613374 2.077792 3.444892
v -1.355596 2.501827 3.444892
v -1.355596 2.524455 3.444892
v -1.613374 2.301987 3.444892
v -1.590748 2.501827 3.444892
v -1.381681 1.851868 3.444892
v -1.590748 1.851868 3.444892
v -1.146529 2.275903 3.486234
v -1.146528 2.275903 3.444892
v -1.146528 2.077792 3.444892
v -1.146529 2.077792 3.486234
v -1.381681 2.501827 3.444892
v -1.590748 2.077792 3.444892
v -1.123902 1.829241 3.486234
v -1.355596 1.829241 3.486234
v -1.355596 1.829241 3.444892
v -1.123902 2.301987 3.486234
v -1.613375 2.301987 3.486234
v -1.613374 2.051708 3.444892
v -1.590748 2.051708 3.444892
v -1.590748 2.051708 3.486234
v -1.146529 2.301987 3.486234
v -1.613375 2.051708 3.486234
v -1.590748 2.301987 3.486234
v -1.123902 2.275903 3.444892
v -1.123902 2.077792 3.444892
v -1.146528 2.051708 3.444892
v -1.123902 2.051708 3.444892
v -1.146528 1.851868 3.444892
v -1.146529 2.051708 3.486234
v -1.146529 1.851868 3.486234
v -1.123902 2.051708 3.486234
v -1.123902 2.275903 3.486234
v -1.123902 2.077792 3.486234
v -1.355596 1.851868 3.444892
v -1.355596 1.851868 3.486234
v -1.381681 1.829241 3.444892
v -1.355596 2.077792 3.444892
v -1.355596 2.077792 3.486234
v -1.381681 2.275903 3.486234
v -1.355596 2.275903 3.444892
v -1.355596 2.301987 3.444892
v -1.355596 2.051708 3.486234
v -1.355596 2.051708 3.444892
v -1.355596 2.301987 3.486234
v -1.381681 2.301987 3.486234
v -1.381681 2.051708 3.486234
v -1.381681 2.051708 3.444892
v -1.381681 2.077792 3.444892
v -1.381681 2.077792 3.486234
v -1.355596 2.275903 3.486234
v -2.226916 2.606745 3.666540
v -2.226916 1.746950 3.666540
v -0.539309 1.416350 3.666540
v 0.066040 1.416350 3.666540
v 0.592694 1.416350 3.666540
v 1.198044 1.416350 3.666540
v 1.981391 1.416351 3.666540
v 1.981391 2.718434 0.893482
v 1.981391 2.718434 1.420135
v 1.981391 1.416352 1.420135
v 1.981391 1.416352 0.893482
v 1.981391 2.718435 2.552140
v 1.981391 2.718435 3.157490
v -1.671312 2.718433 3.666540
v -2.226915 2.718433 3.666540
v 1.981391 2.718434 2.025486
v -2.226915 1.416350 3.666540
v -1.671312 1.416350 3.666540
v 1.981391 1.416352 2.552140
v 1.981391 1.416352 2.025485
v 1.981391 1.416352 3.157489
v 1.981391 2.718434 0.288132
v 1.981391 2.718434 3.666540
v 1.198044 2.718433 3.666540
v 1.981391 1.416352 0.288132
v 0.592694 2.718433 3.666540
v 0.066040 2.718433 3.666540
v -1.065963 2.718433 3.666540
v -0.539309 2.718433 3.666540
v -1.065963 1.416350 3.666540
v -1.846524 6.934330 1.792445
v -1.846524 6.676084 1.792445
v -1.303193 6.676084 1.792445
v -1.303193 6.934330 1.792445
v -1.680008 6.934330 1.468250
v -2.226915 6.934330 1.468250
v 1.838792 3.131325 0.346072
v 1.759742 3.131325 0.346072
v 1.759742 3.131325 0.835544
v 1.838792 3.131325 0.835544
v 1.981391 3.908829 0.893483
v 1.838792 3.826538 0.835544
v 1.838792 3.826538 0.346072
v 1.981391 3.908829 0.288133
v 1.981391 3.049034 0.288133
v 1.981391 3.049034 0.893483
v 1.759742 3.826538 0.835544
v 1.759742 3.826538 0.346072
v 1.801085 3.153952 0.812918
v 1.801085 3.131325 0.835544
v 1.801085 3.131325 0.603850
v 1.801085 3.153952 0.603850
v 1.801085 3.803911 0.603850
v 1.801085 3.826538 0.603850
v 1.801085 3.826538 0.835544
v 1.801085 3.803911 0.812918
v 1.759742 3.803911 0.368698
v 1.759742 3.604071 0.346072
v 1.759742 3.604071 0.368698
v 1.801085 3.577987 0.812918
v 1.801085 3.577987 0.835544
v 1.801085 3.379876 0.835544
v 1.801085 3.379876 0.812918
v 1.759742 3.577987 0.603850
v 1.759742 3.577987 0.812918
v 1.759742 3.604071 0.812918
v 1.759742 3.604071 0.603850
v 1.759742 3.826538 0.603850
v 1.801085 3.803911 0.368698
v 1.801085 3.826538 0.346072
v 1.801085 3.826538 0.577766
v 1.801085 3.803911 0.577766
v 1.759742 3.577987 0.835544
v 1.759742 3.379876 0.835544
v 1.759742 3.803911 0.577766
v 1.759742 3.826538 0.577766
v 1.759742 3.604071 0.835544
v 1.759742 3.803911 0.812918
v 1.759742 3.153952 0.603850
v 1.759742 3.153952 0.812918
v 1.801085 3.577987 0.368698
v 1.759742 3.577987 0.368698
v 1.759742 3.379876 0.368698
v 1.801085 3.379876 0.368698
v 1.759742 3.803911 0.603850
v 1.759742 3.379876 0.812918
v 1.801085 3.131325 0.346072
v 1.801085 3.131325 0.577766
v 1.759742 3.131325 0.577766
v 1.801085 3.604071 0.346072
v 1.801085 3.604071 0.835544
v 1.759742 3.353792 0.835544
v 1.759742 3.353792 0.812918
v 1.801085 3.353792 0.812918
v 1.801085 3.604071 0.368698
v 1.801085 3.353792 0.835544
v 1.801085 3.604071 0.812918
v 1.759742 3.577987 0.346072
v 1.759742 3.379876 0.346072
v 1.759742 3.353792 0.368698
v 1.759742 3.353792 0.346072
v 1.759742 3.153952 0.368697
v 1.801085 3.353792 0.368698
v 1.801085 3.153952 0.368697
v 1.801085 3.353792 0.346072
v 1.801085 3.577987 0.346072
v 1.801085 3.379876 0.346072
v 1.759742 3.153952 0.577766
v 1.801085 3.153952 0.577766
v 1.759742 3.131325 0.603850
v 1.759742 3.379876 0.577766
v 1.801085 3.379876 0.577766
v 1.801085 3.577987 0.603850
v 1.759742 3.577987 0.577766
v 1.759742 3.604071 0.577766
v 1.801085 3.353792 0.577766
v 1.759742 3.353792 0.577766
v 1.801085 3.604071 0.577766
v 1.801085 3.604071 0.603850
v 1.801085 3.353792 0.603850
v 1.759742 3.353792 0.603850
v 1.759742 3.379876 0.603850
v 1.801085 3.379876 0.603850
v 1.801085 3.577987 0.577766
v 1.838792 3.131325 1.478074
v 1.759742 3.131325 1.478074
v 1.759742 3.131325 1.967548
v 1.838792 3.131325 1.967548
v 1.981391 3.908829 2.025486
v 1.838792 3.826538 1.967548
v 1.838792 3.826538 1.478075
v 1.981391 3.908829 1.420136
v 1.981391 3.049034 1.420135
v 1.981391 3.049034 2.025486
v 1.759742 3.826538 1.967548
v 1.759742 3.826538 1.478075
v 1.801085 3.153952 1.944920
v 1.801085 3.131325 1.967548
v 1.801085 3.131325 1.735853
v 1.801085 3.153952 1.735853
v 1.801085 3.803911 1.735854
v 1.801085 3.826538 1.735854
v 1.801085 3.826538 1.967548
v 1.801085 3.803911 1.944921
v 1.759742 3.803911 1.500701
v 1.759742 3.604071 1.478075
v 1.759742 3.604071 1.500701
v 1.801085 3.577987 1.944921
v 1.801085 3.577987 1.967548
v 1.801085 3.379876 1.967548
v 1.801085 3.379876 1.944921
v 1.759742 3.577987 1.735854
v 1.759742 3.577987 1.944921
v 1.759742 3.604071 1.944921
v 1.759742 3.604071 1.735854
v 1.759742 3.826538 1.735854
v 1.801085 3.803911 1.500701
v 1.801085 3.826538 1.478075
v 1.801085 3.826538 1.709770
v 1.801085 3.803911 1.709770
v 1.759742 3.577987 1.967548
v 1.759742 3.379876 1.967548
v 1.759742 3.803911 1.709770
v 1.759742 3.826538 1.709770
v 1.759742 3.604071 1.967548
v 1.759742 3.803911 1.944921
v 1.759742 3.153952 1.735853
v 1.759742 3.153952 1.944920
v 1.801085 3.577987 1.500701
v 1.759742 3.577987 1.500701
v 1.759742 3.379876 1.500701
v 1.801085 3.379876 1.500701
v 1.759742 3.803911 1.735854
v 1.759742 3.379876 1.944921
v 1.801085 3.131325 1.478074
v 1.801085 3.131325 1.709769
v 1.759742 3.131325 1.709769
v 1.801085 3.604071 1.478075
v 1.801085 3.604071 1.967548
v 1.759742 3.353792 1.967548
v 1.759742 3.353792 1.944921
v 1.801085 3.353792 1.944921
v 1.801085 3.604071 1.500701
v 1.801085 3.353792 1.967548
v 1.801085 3.604071 1.944921
v 1.759742 3.577987 1.478075
v 1.759742 3.379876 1.478075
v 1.759742 3.353792 1.500701
v 1.759742 3.353792 1.478075
v 1.759742 3.153952 1.500700
v 1.801085 3.353792 1.500701
v 1.801085 3.153952 1.500700
v 1.801085 3.353792 1.478075
v 1.801085 3.577987 1.478075
v 1.801085 3.379876 1.478075
v 1.759742 3.153952 1.709769
v 1.801085 3.153952 1.709769
v 1.759742 3.131325 1.735853
v 1.759742 3.379876 1.709770
v 1.801085 3.379876 1.709770
v 1.801085 3.577987 1.735854
v 1.759742 3.577987 1.709770
v 1.759742 3.604071 1.709770
v 1.801085 3.353792 1.709770
v 1.759742 3.353792 1.709770
v 1.801085 3.604071 1.709770
v 1.801085 3.604071 1.735854
v 1.801085 3.353792 1.735854
v 1.759742 3.353792 1.735854
v 1.759742 3.379876 1.735854
v 1.801085 3.379876 1.735854
v 1.801085 3.577987 1.709770
v 1.838792 3.131325 2.610079
v 1.759742 3.131325 2.610079
v 1.759742 3.131325 3.099550
v 1.838792 3.131325 3.099550
v 1.981391 3.908828 3.157490
v 1.838792 3.826538 3.099551
v 1.838792 3.826538 2.610079
v 1.981391 3.908828 2.552141
v 1.981391 3.049034 2.552140
v 1.981391 3.049034 3.157490
v 1.759742 3.826538 3.099551
v 1.759742 3.826538 2.610079
v 1.801085 3.153951 3.076925
v 1.801085 3.131325 3.099550
v 1.801085 3.131325 2.867857
v 1.801085 3.153951 2.867857
v 1.801085 3.803910 2.867857
v 1.801085 3.826538 2.867857
v 1.801085 3.826538 3.099551
v 1.801085 3.803910 3.076925
v 1.759742 3.803910 2.632705
v 1.759742 3.604070 2.610079
v 1.759742 3.604070 2.632704
v 1.801085 3.577986 3.076925
v 1.801085 3.577986 3.099550
v 1.801085 3.379875 3.099550
v 1.801085 3.379875 3.076925
v 1.759742 3.577986 2.867857
v 1.759742 3.577986 3.076925
v 1.759742 3.604070 3.076925
v 1.759742 3.604070 2.867857
v 1.759742 3.826538 2.867857
v 1.801085 3.803910 2.632705
v 1.801085 3.826538 2.610079
v 1.801085 3.826538 2.841773
v 1.801085 3.803910 2.841773
v 1.759742 3.577986 3.099550
v 1.759742 3.379875 3.099550
v 1.759742 3.803910 2.841773
v 1.759742 3.826538 2.841773
v 1.759742 3.604070 3.099550
v 1.759742 3.803910 3.076925
v 1.759742 3.153951 2.867857
v 1.759742 3.153951 3.076925
v 1.801085 3.577986 2.632704
v 1.759742 3.577986 2.632704
v 1.759742 3.379875 2.632704
v 1.801085 3.379875 2.632704
v 1.759742 3.803910 2.867857
v 1.759742 3.379875 3.076925
v 1.801085 3.131325 2.610079
v 1.801085 3.131325 2.841773
v 1.759742 3.131325 2.841773
v 1.801085 3.604070 2.610079
v 1.801085 3.604070 3.099550
v 1.759742 3.353791 3.099550
v 1.759742 3.353791 3.076925
v 1.801085 3.353791 3.076925
v 1.801085 3.604070 2.632704
v 1.801085 3.353791 3.099550
v 1.801085 3.604070 3.076925
v 1.759742 3.577986 2.610079
v 1.759742 3.379875 2.610079
v 1.759742 3.353791 2.632704
v 1.759742 3.353791 2.610079
v 1.759742 3.153951 2.632704
v 1.801085 3.353791 2.632704
v 1.801085 3.153951 2.632704
v 1.801085 3.353791 2.610079
v 1.801085 3.577986 2.610079
v 1.801085 3.379875 2.610079
v 1.759742 3.153951 2.841773
v 1.801085 3.153951 2.841773
v 1.759742 3.131325 2.867857
v 1.759742 3.379875 2.841773
v 1.801085 3.379875 2.841773
v 1.801085 3.577986 2.867857
v 1.759742 3.577986 2.841773
v 1.759742 3.604070 2.841773
v 1.801085 3.353791 2.841773
v 1.759742 3.353791 2.841773
v 1.801085 3.604070 2.841773
v 1.801085 3.604070 2.867857
v 1.801085 3.353791 2.867857
v 1.759742 3.353791 2.867857
v 1.759742 3.379875 2.867857
v 1.801085 3.379875 2.867857
v 1.801085 3.577986 2.841773
v 1.981391 3.908828 3.666541
v 1.981391 3.049033 3.666540
v 1.140105 3.131325 3.523942
v 1.140105 3.131325 3.444892
v 0.650633 3.131325 3.444892
v 0.650633 3.131325 3.523942
v 0.592694 3.908828 3.666541
v 0.650633 3.826538 3.523942
v 1.140105 3.826538 3.523942
v 1.198044 3.908828 3.666541
v 1.198044 3.049033 3.666540
v 0.592694 3.049033 3.666540
v 0.650633 3.826538 3.444893
v 1.140105 3.826538 3.444893
v 0.673259 3.153951 3.486234
v 0.650633 3.131325 3.486234
v 0.882327 3.131325 3.486234
v 0.882327 3.153951 3.486234
v 0.882327 3.803910 3.486235
v 0.882327 3.826538 3.486235
v 0.650633 3.826538 3.486235
v 0.673259 3.803910 3.486235
v 1.117479 3.803910 3.444893
v 1.140105 3.604070 3.444892
v 1.117479 3.604070 3.444892
v 0.673259 3.577986 3.486234
v 0.650633 3.577986 3.486234
v 0.650633 3.379875 3.486234
v 0.673259 3.379875 3.486234
v 0.882327 3.577986 3.444892
v 0.673259 3.577986 3.444892
v 0.673259 3.604070 3.444892
v 0.882327 3.604070 3.444892
v 0.882327 3.826538 3.444893
v 1.117479 3.803910 3.486235
v 1.140105 3.826538 3.486235
v 0.908411 3.826538 3.486235
v 0.908411 3.803910 3.486235
v 0.650633 3.577986 3.444892
v 0.650633 3.379875 3.444892
v 0.908411 3.803910 3.444893
v 0.908411 3.826538 3.444893
v 0.650633 3.604070 3.444892
v 0.673259 3.803910 3.444893
v 0.882327 3.153951 3.444892
v 0.673259 3.153951 3.444892
v 1.117479 3.577986 3.486234
v 1.117479 3.577986 3.444892
v 1.117479 3.379875 3.444892
v 1.117479 3.379875 3.486234
v 0.882327 3.803910 3.444893
v 0.673259 3.379875 3.444892
v 1.140105 3.131325 3.486234
v 0.908411 3.131325 3.486234
v 0.908411 3.131325 3.444892
v 1.140105 3.604070 3.486234
v 0.650633 3.604070 3.486234
v 0.650633 3.353791 3.444892
v 0.673259 3.353791 3.444892
v 0.673259 3.353791 3.486234
v 1.117479 3.604070 3.486234
v 0.650633 3.353791 3.486234
v 0.673259 3.604070 3.486234
v 1.140105 3.577986 3.444892
v 1.140105 3.379875 3.444892
v 1.117479 3.353791 3.444892
v 1.140105 3.353791 3.444892
v 1.117479 3.153951 3.444892
v 1.117479 3.353791 3.486234
v 1.117479 3.153951 3.486234
v 1.140105 3.353791 3.486234
v 1.140105 3.577986 3.486234
v 1.140105 3.379875 3.486234
v 0.908411 3.153951 3.444892
v 0.908411 3.153951 3.486234
v 0.882327 3.131325 3.444892
v 0.908411 3.379875 3.444892
v 0.908411 3.379875 3.486234
v 0.882327 3.577986 3.486234
v 0.908411 3.577986 3.444892
v 0.908411 3.604070 3.444892
v 0.908411 3.353791 3.486234
v 0.908411 3.353791 3.444892
v 0.908411 3.604070 3.486234
v 0.882327 3.604070 3.486234
v 0.882327 3.353791 3.486234
v 0.882327 3.353791 3.444892
v 0.882327 3.379875 3.444892
v 0.882327 3.379875 3.486234
v 0.908411 3.577986 3.486234
v 0.008102 3.131325 3.523942
v 0.008102 3.131325 3.444892
v -0.481371 3.131325 3.444892
v -0.481371 3.131325 3.523942
v -0.539310 3.908828 3.666541
v -0.481371 3.826538 3.523942
v 0.008102 3.826538 3.523942
v 0.066040 3.908828 3.666541
v 0.066040 3.049033 3.666540
v -0.539310 3.049033 3.666540
v -0.481371 3.826538 3.444893
v 0.008102 3.826538 3.444893
v -0.458745 3.153951 3.486234
v -0.481371 3.131325 3.486234
v -0.249677 3.131325 3.486234
v -0.249677 3.153951 3.486234
v -0.249677 3.803910 3.486235
v -0.249677 3.826538 3.486235
v -0.481371 3.826538 3.486235
v -0.458745 3.803910 3.486235
v -0.014525 3.803910 3.444893
v 0.008102 3.604070 3.444892
v -0.014525 3.604070 3.444892
v -0.458745 3.577986 3.486234
v -0.481371 3.577986 3.486234
v -0.481371 3.379875 3.486234
v -0.458745 3.379875 3.486234
v -0.249677 3.577986 3.444892
v -0.458744 3.577986 3.444892
v -0.458744 3.604070 3.444892
v -0.249677 3.604070 3.444892
v -0.249677 3.826538 3.444893
v -0.014525 3.803910 3.486235
v 0.008102 3.826538 3.486235
v -0.223593 3.826538 3.486235
v -0.223593 3.803910 3.486235
v -0.481371 3.577986 3.444892
v -0.481371 3.379875 3.444892
v -0.223593 3.803910 3.444893
v -0.223593 3.826538 3.444893
v -0.481371 3.604070 3.444892
v -0.458744 3.803910 3.444893
v -0.249677 3.153951 3.444892
v -0.458744 3.153951 3.444892
v -0.014525 3.577986 3.486234
v -0.014525 3.577986 3.444892
v -0.014525 3.379875 3.444892
v -0.014525 3.379875 3.486234
v -0.249677 3.803910 3.444893
v -0.458744 3.379875 3.444892
v 0.008102 3.131325 3.486234
v -0.223593 3.131325 3.486234
v -0.223593 3.131325 3.444892
v 0.008102 3.604070 3.486234
v -0.481371 3.604070 3.486234
v -0.481371 3.353791 3.444892
v -0.458744 3.353791 3.444892
v -0.458745 3.353791 3.486234
v -0.014525 3.604070 3.486234
v -0.481371 3.353791 3.486234
v -0.458745 3.604070 3.486234
v 0.008102 3.577986 3.444892
v 0.008102 3.379875 3.444892
v -0.014525 3.353791 3.444892
v 0.008102 3.353791 3.444892
v -0.014525 3.153951 3.444892
v -0.014525 3.353791 3.486234
v -0.014525 3.153951 3.486234
v 0.008102 3.353791 3.486234
v 0.008102 3.577986 3.486234
v 0.008102 3.379875 3.486234
v -0.223593 3.153951 3.444892
v -0.223593 3.153951 3.486234
v -0.249677 3.131325 3.444892
v -0.223593 3.379875 3.444892
v -0.223593 3.379875 3.486234
v -0.249677 3.577986 3.486234
v -0.223593 3.577986 3.444892
v -0.223593 3.604070 3.444892
v -0.223593 3.353791 3.486234
v -0.223593 3.353791 3.444892
v -0.223593 3.604070 3.486234
v -0.249677 3.604070 3.486234
v -0.249677 3.353791 3.486234
v -0.249677 3.353791 3.444892
v -0.249677 3.379875 3.444892
v -0.249677 3.379875 3.486234
v -0.223593 3.577986 3.486234
v -1.123902 3.131325 3.523942
v -1.123902 3.131325 3.444892
v -1.613374 3.131325 3.444892
v -1.613375 3.131325 3.523942
v -1.671313 3.908828 3.666541
v -1.613375 3.826538 3.523942
v -1.123902 3.826538 3.523942
v -1.065963 3.908828 3.666541
v -1.065963 3.049033 3.666540
v -1.671313 3.049033 3.666540
v -1.613374 3.826538 3.444893
v -1.123902 3.826538 3.444893
v -1.590748 3.153951 3.486234
v -1.613375 3.131325 3.486234
v -1.381681 3.131325 3.486234
v -1.381681 3.153951 3.486234
v -1.381681 3.803910 3.486235
v -1.381681 3.826538 3.486235
v -1.613375 3.826538 3.486235
v -1.590748 3.803910 3.486235
v -1.146528 3.803910 3.444893
v -1.123902 3.604070 3.444892
v -1.146528 3.604070 3.444892
v -1.590748 3.577986 3.486234
v -1.613375 3.577986 3.486234
v -1.613375 3.379875 3.486234
v -1.590748 3.379875 3.486234
v -1.381681 3.577986 3.444892
v -1.590748 3.577986 3.444892
v -1.590748 3.604070 3.444892
v -1.381681 3.604070 3.444892
v -1.381681 3.826538 3.444893
v -1.146529 3.803910 3.486235
v -1.123902 3.826538 3.486235
v -1.355596 3.826538 3.486235
v -1.355596 3.803910 3.486235
v -1.613374 3.577986 3.444892
v -1.613374 3.379875 3.444892
v -1.355596 3.803910 3.444893
v -1.355596 3.826538 3.444893
v -1.613374 3.604070 3.444892
v -1.590748 3.803910 3.444893
v -1.381681 3.153951 3.444892
v -1.590748 3.153951 3.444892
v -1.146529 3.577986 3.486234
v -1.146528 3.577986 3.444892
v -1.146528 3.379875 3.444892
v -1.146529 3.379875 3.486234
v -1.381681 3.803910 3.444893
v -1.590748 3.379875 3.444892
v -1.123902 3.131325 3.486234
v -1.355596 3.131325 3.486234
v -1.355596 3.131325 3.444892
v -1.123902 3.604070 3.486234
v -1.613375 3.604070 3.486234
v -1.613374 3.353791 3.444892
v -1.590748 3.353791 3.444892
v -1.590748 3.353791 3.486234
v -1.146529 3.604070 3.486234
v -1.613375 3.353791 3.486234
v -1.590748 3.604070 3.486234
v -1.123902 3.577986 3.444892
v -1.123902 3.379875 3.444892
v -1.146528 3.353791 3.444892
v -1.123902 3.353791 3.444892
v -1.146528 3.153951 3.444892
v -1.146529 3.353791 3.486234
v -1.146529 3.153951 3.486234
v -1.123902 3.353791 3.486234
v -1.123902 3.577986 3.486234
v -1.123902 3.379875 3.486234
v -1.355596 3.153951 3.444892
v -1.355596 3.153951 3.486234
v -1.381681 3.131325 3.444892
v -1.355596 3.379875 3.444892
v -1.355596 3.379875 3.486234
v -1.381681 3.577986 3.486234
v -1.355596 3.577986 3.444892
v -1.355596 3.604070 3.444892
v -1.355596 3.353791 3.486234
v -1.355596 3.353791 3.444892
v -1.355596 3.604070 3.486234
v -1.381681 3.604070 3.486234
v -1.381681 3.353791 3.486234
v -1.381681 3.353791 3.444892
v -1.381681 3.379875 3.444892
v -1.381681 3.379875 3.486234
v -1.355596 3.577986 3.486234
v -2.226916 3.908828 3.666541
v -2.226916 3.049033 3.666540
v 1.981391 4.020517 0.893483
v 1.981391 4.020517 1.420136
v 1.981391 4.020516 2.552141
v 1.981391 4.020516 3.157490
v -1.671312 4.020516 3.666541
v -2.226915 4.020516 3.666541
v 1.981391 4.020516 2.025486
v 1.981391 4.020517 0.288133
v 1.981391 4.020516 3.666541
v 1.198044 4.020516 3.666541
v 0.592694 4.020516 3.666541
v 0.066040 4.020516 3.666541
v -1.065963 4.020516 3.666541
v -0.539309 4.020516 3.666541
v -1.680008 6.624682 1.468250
v -2.226915 6.624682 1.468250
v -1.680009 6.512994 1.468250
v -2.226916 6.512994 1.468250
v -1.680009 5.653199 1.468250
v -2.226916 5.653199 1.468250
v 1.838792 4.433408 0.346072
v 1.759742 4.433408 0.346072
v 1.759742 4.433408 0.835544
v 1.838792 4.433408 0.835544
v 1.981391 5.210912 0.893483
v 1.838792 5.128621 0.835544
v 1.838792 5.128621 0.346072
v 1.981391 5.210912 0.288133
v 1.981391 4.351117 0.288133
v 1.981391 4.351117 0.893483
v 1.759742 5.128621 0.835544
v 1.759742 5.128621 0.346072
v 1.801085 4.456035 0.812918
v 1.801085 4.433408 0.835544
v 1.801085 4.433408 0.603850
v 1.801085 4.456035 0.603850
v 1.801085 5.105994 0.603850
v 1.801085 5.128621 0.603850
v 1.801085 5.128621 0.835544
v 1.801085 5.105994 0.812918
v 1.759742 5.105994 0.368698
v 1.759742 4.906154 0.346072
v 1.759742 4.906154 0.368698
v 1.801085 4.880070 0.812918
v 1.801085 4.880070 0.835544
v 1.801085 4.681959 0.835544
v 1.801085 4.681959 0.812918
v 1.759742 4.880070 0.603850
v 1.759742 4.880070 0.812918
v 1.759742 4.906154 0.812918
v 1.759742 4.906154 0.603850
v 1.759742 5.128621 0.603850
v 1.801085 5.105994 0.368698
v 1.801085 5.128621 0.346072
v 1.801085 5.128621 0.577766
v 1.801085 5.105994 0.577766
v 1.759742 4.880070 0.835544
v 1.759742 4.681959 0.835544
v 1.759742 5.105994 0.577766
v 1.759742 5.128621 0.577766
v 1.759742 4.906154 0.835544
v 1.759742 5.105994 0.812918
v 1.759742 4.456035 0.603850
v 1.759742 4.456035 0.812918
v 1.801085 4.880070 0.368698
v 1.759742 4.880070 0.368698
v 1.759742 4.681959 0.368698
v 1.801085 4.681959 0.368698
v 1.759742 5.105994 0.603850
v 1.759742 4.681959 0.812918
v 1.801085 4.433408 0.346072
v 1.801085 4.433408 0.577766
v 1.759742 4.433408 0.577766
v 1.801085 4.906154 0.346072
v 1.801085 4.906154 0.835544
v 1.759742 4.655874 0.835544
v 1.759742 4.655874 0.812918
v 1.801085 4.655874 0.812918
v 1.801085 4.906154 0.368698
v 1.801085 4.655874 0.835544
v 1.801085 4.906154 0.812918
v 1.759742 4.880070 0.346072
v 1.759742 4.681959 0.346072
v 1.759742 4.655874 0.368698
v 1.759742 4.655874 0.346072
v 1.759742 4.456035 0.368698
v 1.801085 4.655874 0.368698
v 1.801085 4.456035 0.368698
v 1.801085 4.655874 0.346072
v 1.801085 4.880070 0.346072
v 1.801085 4.681959 0.346072
v 1.759742 4.456035 0.577766
v 1.801085 4.456035 0.577766
v 1.759742 4.433408 0.603850
v 1.759742 4.681959 0.577766
v 1.801085 4.681959 0.577766
v 1.801085 4.880070 0.603850
v 1.759742 4.880070 0.577766
v 1.759742 4.906154 0.577766
v 1.801085 4.655874 0.577766
v 1.759742 4.655874 0.577766
v 1.801085 4.906154 0.577766
v 1.801085 4.906154 0.603850
v 1.801085 4.655874 0.603850
v 1.759742 4.655874 0.603850
v 1.759742 4.681959 0.603850
v 1.801085 4.681959 0.603850
v 1.801085 4.880070 0.577766
v 1.838792 4.433407 1.478075
v 1.759742 4.433407 1.478075
v 1.759742 4.433407 1.967548
v 1.838792 4.433407 1.967548
v 1.981391 5.210912 2.025486
v 1.838792 5.128621 1.967548
v 1.838792 5.128621 1.478075
v 1.981391 5.210912 1.420136
v 1.981391 4.351117 1.420136
v 1.981391 4.351117 2.025486
v 1.759742 5.128621 1.967548
v 1.759742 5.128621 1.478075
v 1.801085 4.456035 1.944921
v 1.801085 4.433407 1.967548
v 1.801085 4.433407 1.735854
v 1.801085 4.456035 1.735854
v 1.801085 5.105994 1.735854
v 1.801085 5.128621 1.735854
v 1.801085 5.128621 1.967548
v 1.801085 5.105994 1.944921
v 1.759742 5.105994 1.500701
v 1.759742 4.906154 1.478075
v 1.759742 4.906154 1.500701
v 1.801085 4.880070 1.944921
v 1.801085 4.880070 1.967548
v 1.801085 4.681959 1.967548
v 1.801085 4.681959 1.944921
v 1.759742 4.880070 1.735854
v 1.759742 4.880070 1.944921
v 1.759742 4.906154 1.944921
v 1.759742 4.906154 1.735854
v 1.759742 5.128621 1.735854
v 1.801085 5.105994 1.500701
v 1.801085 5.128621 1.478075
v 1.801085 5.128621 1.709770
v 1.801085 5.105994 1.709770
v 1.759742 4.880070 1.967548
v 1.759742 4.681959 1.967548
v 1.759742 5.105994 1.709770
v 1.759742 5.128621 1.709770
v 1.759742 4.906154 1.967548
v 1.759742 5.105994 1.944921
v 1.759742 4.456035 1.735854
v 1.759742 4.456035 1.944921
v 1.801085 4.880070 1.500701
v 1.759742 4.880070 1.500701
v 1.759742 4.681959 1.500701
v 1.801085 4.681959 1.500701
v 1.759742 5.105994 1.735854
v 1.759742 4.681959 1.944921
v 1.801085 4.433407 1.478075
v 1.801085 4.433407 1.709770
v 1.759742 4.433407 1.709770
v 1.801085 4.906154 1.478075
v 1.801085 4.906154 1.967548
v 1.759742 4.655873 1.967548
v 1.759742 4.655873 1.944921
v 1.801085 4.655873 1.944921
v 1.801085 4.906154 1.500701
v 1.801085 4.655873 1.967548
v 1.801085 4.906154 1.944921
v 1.759742 4.880070 1.478075
v 1.759742 4.681959 1.478075
v 1.759742 4.655873 1.500701
v 1.759742 4.655873 1.478075
v 1.759742 4.456035 1.500701
v 1.801085 4.655873 1.500701
v 1.801085 4.456035 1.500701
v 1.801085 4.655873 1.478075
v 1.801085 4.880070 1.478075
v 1.801085 4.681959 1.478075
v 1.759742 4.456035 1.709770
v 1.801085 4.456035 1.709770
v 1.759742 4.433407 1.735854
v 1.759742 4.681959 1.709770
v 1.801085 4.681959 1.709770
v 1.801085 4.880070 1.735854
v 1.759742 4.880070 1.709770
v 1.759742 4.906154 1.709770
v 1.801085 4.655873 1.709770
v 1.759742 4.655873 1.709770
v 1.801085 4.906154 1.709770
v 1.801085 4.906154 1.735854
v 1.801085 4.655873 1.735854
v 1.759742 4.655873 1.735854
v 1.759742 4.681959 1.735854
v 1.801085 4.681959 1.735854
v 1.801085 4.880070 1.709770
v 1.838792 4.433407 2.610079
v 1.759742 4.433407 2.610079
v 1.759742 4.433407 3.099551
v 1.838792 4.433407 3.099551
v 1.981391 5.210912 3.157490
v 1.838792 5.128621 3.099551
v 1.838792 5.128621 2.610079
v 1.981391 5.210912 2.552141
v 1.981391 4.351117 2.552141
v 1.981391 4.351117 3.157490
v 1.759742 5.128621 3.099551
v 1.759742 5.128621 2.610079
v 1.801085 4.456035 3.076925
v 1.801085 4.433407 3.099551
v 1.801085 4.433407 2.867857
v 1.801085 4.456035 2.867857
v 1.801085 5.105994 2.867857
v 1.801085 5.128621 2.867857
v 1.801085 5.128621 3.099551
v 1.801085 5.105994 3.076925
v 1.759742 5.105994 2.632705
v 1.759742 4.906154 2.610079
v 1.759742 4.906154 2.632705
v 1.801085 4.880070 3.076925
v 1.801085 4.880070 3.099551
v 1.801085 4.681959 3.099551
v 1.801085 4.681959 3.076925
v 1.759742 4.880070 2.867857
v 1.759742 4.880070 3.076925
v 1.759742 4.906154 3.076925
v 1.759742 4.906154 2.867857
v 1.759742 5.128621 2.867857
v 1.801085 5.105994 2.632705
v 1.801085 5.128621 2.610079
v 1.801085 5.128621 2.841773
v 1.801085 5.105994 2.841773
v 1.759742 4.880070 3.099551
v 1.759742 4.681959 3.099551
v 1.759742 5.105994 2.841773
v 1.759742 5.128621 2.841773
v 1.759742 4.906154 3.099551
v 1.759742 5.105994 3.076925
v 1.759742 4.456035 2.867857
v 1.759742 4.456035 3.076925
v 1.801085 4.880070 2.632705
v 1.759742 4.880070 2.632705
v 1.759742 4.681959 2.632705
v 1.801085 4.681959 2.632705
v 1.759742 5.105994 2.867857
v 1.759742 4.681959 3.076925
v 1.801085 4.433407 2.610079
v 1.801085 4.433407 2.841773
v 1.759742 4.433407 2.841773
v 1.801085 4.906154 2.610079
v 1.801085 4.906154 3.099551
v 1.759742 4.655873 3.099551
v 1.759742 4.655873 3.076925
v 1.801085 4.655873 3.076925
v 1.801085 4.906154 2.632705
v 1.801085 4.655873 3.099551
v 1.801085 4.906154 3.076925
v 1.759742 4.880070 2.610079
v 1.759742 4.681959 2.610079
v 1.759742 4.655873 2.632705
v 1.759742 4.655873 2.610079
v 1.759742 4.456035 2.632705
v 1.801085 4.655873 2.632705
v 1.801085 4.456035 2.632705
v 1.801085 4.655873 2.610079
v 1.801085 4.880070 2.610079
v 1.801085 4.681959 2.610079
v 1.759742 4.456035 2.841773
v 1.801085 4.456035 2.841773
v 1.759742 4.433407 2.867857
v 1.759742 4.681959 2.841773
v 1.801085 4.681959 2.841773
v 1.801085 4.880070 2.867857
v 1.759742 4.880070 2.841773
v 1.759742 4.906154 2.841773
v 1.801085 4.655873 2.841773
v 1.759742 4.655873 2.841773
v 1.801085 4.906154 2.841773
v 1.801085 4.906154 2.867857
v 1.801085 4.655873 2.867857
v 1.759742 4.655873 2.867857
v 1.759742 4.681959 2.867857
v 1.801085 4.681959 2.867857
v 1.801085 4.880070 2.841773
v 1.981391 5.210912 3.666541
v 1.981391 4.351117 3.666541
v 1.140105 4.433407 3.523942
v 1.140105 4.433407 3.444893
v 0.650633 4.433407 3.444893
v 0.650633 4.433407 3.523942
v 0.592694 5.210912 3.666541
v 0.650633 5.128621 3.523942
v 1.140105 5.128621 3.523942
v 1.198044 5.210912 3.666541
v 1.198044 4.351116 3.666541
v 0.592694 4.351116 3.666541
v 0.650633 5.128621 3.444893
v 1.140105 5.128621 3.444893
v 0.673259 4.456035 3.486235
v 0.650633 4.433407 3.486235
v 0.882327 4.433407 3.486235
v 0.882327 4.456035 3.486235
v 0.882327 5.105994 3.486235
v 0.882327 5.128621 3.486235
v 0.650633 5.128621 3.486235
v 0.673259 5.105994 3.486235
v 1.117479 5.105994 3.444893
v 1.140105 4.906154 3.444893
v 1.117479 4.906154 3.444893
v 0.673259 4.880070 3.486235
v 0.650633 4.880070 3.486235
v 0.650633 4.681959 3.486235
v 0.673259 4.681959 3.486235
v 0.882327 4.880070 3.444893
v 0.673259 4.880070 3.444893
v 0.673259 4.906154 3.444893
v 0.882327 4.906154 3.444893
v 0.882327 5.128621 3.444893
v 1.117479 5.105994 3.486235
v 1.140105 5.128621 3.486235
v 0.908411 5.128621 3.486235
v 0.908411 5.105994 3.486235
v 0.650633 4.880070 3.444893
v 0.650633 4.681959 3.444893
v 0.908411 5.105994 3.444893
v 0.908411 5.128621 3.444893
v 0.650633 4.906154 3.444893
v 0.673259 5.105994 3.444893
v 0.882327 4.456035 3.444893
v 0.673259 4.456035 3.444893
v 1.117479 4.880070 3.486235
v 1.117479 4.880070 3.444893
v 1.117479 4.681959 3.444893
v 1.117479 4.681959 3.486235
v 0.882327 5.105994 3.444893
v 0.673259 4.681959 3.444893
v 1.140105 4.433407 3.486235
v 0.908411 4.433407 3.486235
v 0.908411 4.433407 3.444893
v 1.140105 4.906154 3.486235
v 0.650633 4.906154 3.486235
v 0.650633 4.655873 3.444893
v 0.673259 4.655873 3.444893
v 0.673259 4.655873 3.486235
v 1.117479 4.906154 3.486235
v 0.650633 4.655873 3.486235
v 0.673259 4.906154 3.486235
v 1.140105 4.880070 3.444893
v 1.140105 4.681959 3.444893
v 1.117479 4.655873 3.444893
v 1.140105 4.655873 3.444893
v 1.117479 4.456035 3.444893
v 1.117479 4.655873 3.486235
v 1.117479 4.456035 3.486235
v 1.140105 4.655873 3.486235
v 1.140105 4.880070 3.486235
v 1.140105 4.681959 3.486235
v 0.908411 4.456035 3.444893
v 0.908411 4.456035 3.486235
v 0.882327 4.433407 3.444893
v 0.908411 4.681959 3.444893
v 0.908411 4.681959 3.486235
v 0.882327 4.880070 3.486235
v 0.908411 4.880070 3.444893
v 0.908411 4.906154 3.444893
v 0.908411 4.655873 3.486235
v 0.908411 4.655873 3.444893
v 0.908411 4.906154 3.486235
v 0.882327 4.906154 3.486235
v 0.882327 4.655873 3.486235
v 0.882327 4.655873 3.444893
v 0.882327 4.681959 3.444893
v 0.882327 4.681959 3.486235
v 0.908411 4.880070 3.486235
v 0.008102 4.433407 3.523942
v 0.008102 4.433407 3.444893
v -0.481371 4.433407 3.444893
v -0.481371 4.433407 3.523942
v -0.539310 5.210912 3.666541
v -0.481371 5.128621 3.523942
v 0.008102 5.128621 3.523942
v 0.066040 5.210912 3.666541
v 0.066040 4.351116 3.666541
v -0.539310 4.351116 3.666541
v -0.481371 5.128621 3.444893
v 0.008102 5.128621 3.444893
v -0.458745 4.456035 3.486235
v -0.481371 4.433407 3.486235
v -0.249677 4.433407 3.486235
v -0.249677 4.456035 3.486235
v -0.249677 5.105994 3.486235
v -0.249677 5.128621 3.486235
v -0.481371 5.128621 3.486235
v -0.458745 5.105994 3.486235
v -0.014525 5.105994 3.444893
v 0.008102 4.906154 3.444893
v -0.014525 4.906154 3.444893
v -0.458745 4.880070 3.486235
v -0.481371 4.880070 3.486235
v -0.481371 4.681959 3.486235
v -0.458745 4.681959 3.486235
v -0.249677 4.880070 3.444893
v -0.458744 4.880070 3.444893
v -0.458744 4.906154 3.444893
v -0.249677 4.906154 3.444893
v -0.249677 5.128621 3.444893
v -0.014525 5.105994 3.486235
v 0.008102 5.128621 3.486235
v -0.223593 5.128621 3.486235
v -0.223593 5.105994 3.486235
v -0.481371 4.880070 3.444893
v -0.481371 4.681959 3.444893
v -0.223593 5.105994 3.444893
v -0.223593 5.128621 3.444893
v -0.481371 4.906154 3.444893
v -0.458744 5.105994 3.444893
v -0.249677 4.456035 3.444893
v -0.458744 4.456035 3.444893
v -0.014525 4.880070 3.486235
v -0.014525 4.880070 3.444893
v -0.014525 4.681959 3.444893
v -0.014525 4.681959 3.486235
v -0.249677 5.105994 3.444893
v -0.458744 4.681959 3.444893
v 0.008102 4.433407 3.486235
v -0.223593 4.433407 3.486235
v -0.223593 4.433407 3.444893
v 0.008102 4.906154 3.486235
v -0.481371 4.906154 3.486235
v -0.481371 4.655873 3.444893
v -0.458744 4.655873 3.444893
v -0.458745 4.655873 3.486235
v -0.014525 4.906154 3.486235
v -0.481371 4.655873 3.486235
v -0.458745 4.906154 3.486235
v 0.008102 4.880070 3.444893
v 0.008102 4.681959 3.444893
v -0.014525 4.655873 3.444893
v 0.008102 4.655873 3.444893
v -0.014525 4.456035 3.444893
v -0.014525 4.655873 3.486235
v -0.014525 4.456035 3.486235
v 0.008102 4.655873 3.486235
v 0.008102 4.880070 3.486235
v 0.008102 4.681959 3.486235
v -0.223593 4.456035 3.444893
v -0.223593 4.456035 3.486235
v -0.249677 4.433407 3.444893
v -0.223593 4.681959 3.444893
v -0.223593 4.681959 3.486235
v -0.249677 4.880070 3.486235
v -0.223593 4.880070 3.444893
v -0.223593 4.906154 3.444893
v -0.223593 4.655873 3.486235
v -0.223593 4.655873 3.444893
v -0.223593 4.906154 3.486235
v -0.249677 4.906154 3.486235
v -0.249677 4.655873 3.486235
v -0.249677 4.655873 3.444893
v -0.249677 4.681959 3.444893
v -0.249677 4.681959 3.486235
v -0.223593 4.880070 3.486235
v -1.123902 4.433407 3.523942
v -1.123902 4.433407 3.444893
v -1.613374 4.433407 3.444893
v -1.613375 4.433407 3.523942
v -1.671313 5.210912 3.666541
v -1.613375 5.128621 3.523942
v -1.123902 5.128621 3.523942
v -1.065963 5.210912 3.666541
v -1.065963 4.351116 3.666541
v -1.671313 4.351116 3.666541
v -1.613374 5.128621 3.444893
v -1.123902 5.128621 3.444893
v -1.590748 4.456035 3.486235
v -1.613375 4.433407 3.486235
v -1.381681 4.433407 3.486235
v -1.381681 4.456035 3.486235
v -1.381681 5.105994 3.486235
v -1.381681 5.128621 3.486235
v -1.613375 5.128621 3.486235
v -1.590748 5.105994 3.486235
v -1.146528 5.105994 3.444893
v -1.123902 4.906154 3.444893
v -1.146528 4.906154 3.444893
v -1.590748 4.880070 3.486235
v -1.613375 4.880070 3.486235
v -1.613375 4.681959 3.486235
v -1.590748 4.681959 3.486235
v -1.381681 4.880070 3.444893
v -1.590748 4.880070 3.444893
v -1.590748 4.906154 3.444893
v -1.381681 4.906154 3.444893
v -1.381681 5.128621 3.444893
v -1.146529 5.105994 3.486235
v -1.123902 5.128621 3.486235
v -1.355596 5.128621 3.486235
v -1.355596 5.105994 3.486235
v -1.613374 4.880070 3.444893
v -1.613374 4.681959 3.444893
v -1.355596 5.105994 3.444893
v -1.355596 5.128621 3.444893
v -1.613374 4.906154 3.444893
v -1.590748 5.105994 3.444893
v -1.381681 4.456035 3.444893
v -1.590748 4.456035 3.444893
v -1.146529 4.880070 3.486235
v -1.146528 4.880070 3.444893
v -1.146528 4.681959 3.444893
v -1.146529 4.681959 3.486235
v -1.381681 5.105994 3.444893
v -1.590748 4.681959 3.444893
v -1.123902 4.433407 3.486235
v -1.355596 4.433407 3.486235
v -1.355596 4.433407 3.444893
v -1.123902 4.906154 3.486235
v -1.613375 4.906154 3.486235
v -1.613374 4.655873 3.444893
v -1.590748 4.655873 3.444893
v -1.590748 4.655873 3.486235
v -1.146529 4.906154 3.486235
v -1.613375 4.655873 3.486235
v -1.590748 4.906154 3.486235
v -1.123902 4.880070 3.444893
v -1.123902 4.681959 3.444893
v -1.146528 4.655873 3.444893
v -1.123902 4.655873 3.444893
v -1.146528 4.456035 3.444893
v -1.146529 4.655873 3.486235
v -1.146529 4.456035 3.486235
v -1.123902 4.655873 3.486235
v -1.123902 4.880070 3.486235
v -1.123902 4.681959 3.486235
v -1.355596 4.456035 3.444893
v -1.355596 4.456035 3.486235
v -1.381681 4.433407 3.444893
v -1.355596 4.681959 3.444893
v -1.355596 4.681959 3.486235
v -1.381681 4.880070 3.486235
v -1.355596 4.880070 3.444893
v -1.355596 4.906154 3.444893
v -1.355596 4.655873 3.486235
v -1.355596 4.655873 3.444893
v -1.355596 4.906154 3.486235
v -1.381681 4.906154 3.486235
v -1.381681 4.655873 3.486235
v -1.381681 4.655873 3.444893
v -1.381681 4.681959 3.444893
v -1.381681 4.681959 3.486235
v -1.355596 4.880070 3.486235
v -2.226916 5.210912 3.666541
v -2.226916 4.351116 3.666541
v 1.981391 5.322600 0.893483
v 1.981391 5.322600 1.420136
v 1.981391 5.322599 2.552141
v 1.981391 5.322599 3.157490
v -1.671312 5.322599 3.666541
v -2.226915 5.322599 3.666541
v 1.981391 5.322599 2.025486
v 1.981391 5.322600 0.288133
v 1.981391 5.322599 3.666541
v 1.198044 5.322599 3.666541
v 0.592694 5.322599 3.666541
v 0.066040 5.322599 3.666541
v -1.065963 5.322599 3.666541
v -0.539309 5.322599 3.666541
v -1.680008 5.322599 1.468250
v -2.226915 5.322599 1.468250
v -1.680009 5.210912 1.468250
v -2.226916 5.210912 1.468250
v -1.680009 4.351116 1.468250
v -2.226916 4.351116 1.468250
v 1.838792 5.735491 0.346072
v 1.759742 5.735491 0.346072
v 1.759742 5.735491 0.835544
v 1.838792 5.735491 0.835544
v 1.981391 6.512995 0.893483
v 1.838792 6.430703 0.835544
v 1.838792 6.430703 0.346072
v 1.981391 6.512995 0.288133
v 1.981391 5.653199 0.288133
v 1.981391 5.653199 0.893483
v 1.759742 6.430703 0.835544
v 1.759742 6.430703 0.346072
v 1.801085 5.758117 0.812918
v 1.801085 5.735491 0.835544
v 1.801085 5.735491 0.603850
v 1.801085 5.758117 0.603850
v 1.801085 6.408077 0.603850
v 1.801085 6.430703 0.603850
v 1.801085 6.430703 0.835544
v 1.801085 6.408077 0.812918
v 1.759742 6.408077 0.368698
v 1.759742 6.208237 0.346072
v 1.759742 6.208237 0.368698
v 1.801085 6.182153 0.812918
v 1.801085 6.182153 0.835544
v 1.801085 5.984042 0.835544
v 1.801085 5.984042 0.812918
v 1.759742 6.182153 0.603850
v 1.759742 6.182153 0.812918
v 1.759742 6.208237 0.812918
v 1.759742 6.208237 0.603850
v 1.759742 6.430703 0.603850
v 1.801085 6.408077 0.368698
v 1.801085 6.430703 0.346072
v 1.801085 6.430703 0.577766
v 1.801085 6.408077 0.577766
v 1.759742 6.182153 0.835544
v 1.759742 5.984042 0.835544
v 1.759742 6.408077 0.577766
v 1.759742 6.430703 0.577766
v 1.759742 6.208237 0.835544
v 1.759742 6.408077 0.812918
v 1.759742 5.758117 0.603850
v 1.759742 5.758117 0.812918
v 1.801085 6.182153 0.368698
v 1.759742 6.182153 0.368698
v 1.759742 5.984042 0.368698
v 1.801085 5.984042 0.368698
v 1.759742 6.408077 0.603850
v 1.759742 5.984042 0.812918
v 1.801085 5.735491 0.346072
v 1.801085 5.735491 0.577766
v 1.759742 5.735491 0.577766
v 1.801085 6.208237 0.346072
v 1.801085 6.208237 0.835544
v 1.759742 5.957958 0.835544
v 1.759742 5.957958 0.812918
v 1.801085 5.957958 0.812918
v 1.801085 6.208237 0.368698
v 1.801085 5.957958 0.835544
v 1.801085 6.208237 0.812918
v 1.759742 6.182153 0.346072
v 1.759742 5.984042 0.346072
v 1.759742 5.957958 0.368698
v 1.759742 5.957958 0.346072
v 1.759742 5.758117 0.368698
v 1.801085 5.957958 0.368698
v 1.801085 5.758117 0.368698
v 1.801085 5.957958 0.346072
v 1.801085 6.182153 0.346072
v 1.801085 5.984042 0.346072
v 1.759742 5.758117 0.577766
v 1.801085 5.758117 0.577766
v 1.759742 5.735491 0.603850
v 1.759742 5.984042 0.577766
v 1.801085 5.984042 0.577766
v 1.801085 6.182153 0.603850
v 1.759742 6.182153 0.577766
v 1.759742 6.208237 0.577766
v 1.801085 5.957958 0.577766
v 1.759742 5.957958 0.577766
v 1.801085 6.208237 0.577766
v 1.801085 6.208237 0.603850
v 1.801085 5.957958 0.603850
v 1.759742 5.957958 0.603850
v 1.759742 5.984042 0.603850
v 1.801085 5.984042 0.603850
v 1.801085 6.182153 0.577766
v 1.838792 5.735490 1.478075
v 1.759742 5.735490 1.478075
v 1.759742 5.735490 1.967548
v 1.838792 5.735490 1.967548
v 1.981391 6.512994 2.025486
v 1.838792 6.430703 1.967548
v 1.838792 6.430703 1.478075
v 1.981391 6.512995 1.420136
v 1.981391 5.653199 1.420136
v 1.981391 5.653199 2.025486
v 1.759742 6.430703 1.967548
v 1.759742 6.430703 1.478075
v 1.801085 5.758117 1.944921
v 1.801085 5.735490 1.967548
v 1.801085 5.735490 1.735854
v 1.801085 5.758117 1.735854
v 1.801085 6.408076 1.735854
v 1.801085 6.430703 1.735854
v 1.801085 6.430703 1.967548
v 1.801085 6.408076 1.944921
v 1.759742 6.408076 1.500701
v 1.759742 6.208237 1.478075
v 1.759742 6.208237 1.500701
v 1.801085 6.182153 1.944921
v 1.801085 6.182153 1.967548
v 1.801085 5.984042 1.967548
v 1.801085 5.984042 1.944921
v 1.759742 6.182153 1.735854
v 1.759742 6.182153 1.944921
v 1.759742 6.208237 1.944921
v 1.759742 6.208237 1.735854
v 1.759742 6.430703 1.735854
v 1.801085 6.408076 1.500701
v 1.801085 6.430703 1.478075
v 1.801085 6.430703 1.709770
v 1.801085 6.408076 1.709770
v 1.759742 6.182153 1.967548
v 1.759742 5.984042 1.967548
v 1.759742 6.408076 1.709770
v 1.759742 6.430703 1.709770
v 1.759742 6.208237 1.967548
v 1.759742 6.408076 1.944921
v 1.759742 5.758117 1.735854
v 1.759742 5.758117 1.944921
v 1.801085 6.182153 1.500701
v 1.759742 6.182153 1.500701
v 1.759742 5.984042 1.500701
v 1.801085 5.984042 1.500701
v 1.759742 6.408076 1.735854
v 1.759742 5.984042 1.944921
v 1.801085 5.735490 1.478075
v 1.801085 5.735490 1.709770
v 1.759742 5.735490 1.709770
v 1.801085 6.208237 1.478075
v 1.801085 6.208237 1.967548
v 1.759742 5.957958 1.967548
v 1.759742 5.957958 1.944921
v 1.801085 5.957958 1.944921
v 1.801085 6.208237 1.500701
v 1.801085 5.957958 1.967548
v 1.801085 6.208237 1.944921
v 1.759742 6.182153 1.478075
v 1.759742 5.984042 1.478075
v 1.759742 5.957958 1.500701
v 1.759742 5.957958 1.478075
v 1.759742 5.758117 1.500701
v 1.801085 5.957958 1.500701
v 1.801085 5.758117 1.500701
v 1.801085 5.957958 1.478075
v 1.801085 6.182153 1.478075
v 1.801085 5.984042 1.478075
v 1.759742 5.758117 1.709770
v 1.801085 5.758117 1.709770
v 1.759742 5.735490 1.735854
v 1.759742 5.984042 1.709770
v 1.801085 5.984042 1.709770
v 1.801085 6.182153 1.735854
v 1.759742 6.182153 1.709770
v 1.759742 6.208237 1.709770
v 1.801085 5.957958 1.709770
v 1.759742 5.957958 1.709770
v 1.801085 6.208237 1.709770
v 1.801085 6.208237 1.735854
v 1.801085 5.957958 1.735854
v 1.759742 5.957958 1.735854
v 1.759742 5.984042 1.735854
v 1.801085 5.984042 1.735854
v 1.801085 6.182153 1.709770
v 1.838792 5.735490 2.610079
v 1.759742 5.735490 2.610079
v 1.759742 5.735490 3.099551
v 1.838792 5.735490 3.099551
v 1.981391 6.512994 3.157490
v 1.838792 6.430703 3.099551
v 1.838792 6.430703 2.610079
v 1.981391 6.512994 2.552141
v 1.981391 5.653199 2.552141
v 1.981391 5.653199 3.157490
v 1.759742 6.430703 3.099551
v 1.759742 6.430703 2.610079
v 1.801085 5.758117 3.076925
v 1.801085 5.735490 3.099551
v 1.801085 5.735490 2.867857
v 1.801085 5.758117 2.867857
v 1.801085 6.408076 2.867857
v 1.801085 6.430703 2.867857
v 1.801085 6.430703 3.099551
v 1.801085 6.408076 3.076925
v 1.759742 6.408076 2.632705
v 1.759742 6.208237 2.610079
v 1.759742 6.208237 2.632705
v 1.801085 6.182153 3.076925
v 1.801085 6.182153 3.099551
v 1.801085 5.984042 3.099551
v 1.801085 5.984042 3.076925
v 1.759742 6.182153 2.867857
v 1.759742 6.182153 3.076925
v 1.759742 6.208237 3.076925
v 1.759742 6.208237 2.867857
v 1.759742 6.430703 2.867857
v 1.801085 6.408076 2.632705
v 1.801085 6.430703 2.610079
v 1.801085 6.430703 2.841773
v 1.801085 6.408076 2.841773
v 1.759742 6.182153 3.099551
v 1.759742 5.984042 3.099551
v 1.759742 6.408076 2.841773
v 1.759742 6.430703 2.841773
v 1.759742 6.208237 3.099551
v 1.759742 6.408076 3.076925
v 1.759742 5.758117 2.867857
v 1.759742 5.758117 3.076925
v 1.801085 6.182153 2.632705
v 1.759742 6.182153 2.632705
v 1.759742 5.984042 2.632705
v 1.801085 5.984042 2.632705
v 1.759742 6.408076 2.867857
v 1.759742 5.984042 3.076925
v 1.801085 5.735490 2.610079
v 1.801085 5.735490 2.841773
v 1.759742 5.735490 2.841773
v 1.801085 6.208237 2.610079
v 1.801085 6.208237 3.099551
v 1.759742 5.957958 3.099551
v 1.759742 5.957958 3.076925
v 1.801085 5.957958 3.076925
v 1.801085 6.208237 2.632705
v 1.801085 5.957958 3.099551
v 1.801085 6.208237 3.076925
v 1.759742 6.182153 2.610079
v 1.759742 5.984042 2.610079
v 1.759742 5.957958 2.632705
v 1.759742 5.957958 2.610079
v 1.759742 5.758117 2.632705
v 1.801085 5.957958 2.632705
v 1.801085 5.758117 2.632705
v 1.801085 5.957958 2.610079
v 1.801085 6.182153 2.610079
v 1.801085 5.984042 2.610079
v 1.759742 5.758117 2.841773
v 1.801085 5.758117 2.841773
v 1.759742 5.735490 2.867857
v 1.759742 5.984042 2.841773
v 1.801085 5.984042 2.841773
v 1.801085 6.182153 2.867857
v 1.759742 6.182153 2.841773
v 1.759742 6.208237 2.841773
v 1.801085 5.957958 2.841773
v 1.759742 5.957958 2.841773
v 1.801085 6.208237 2.841773
v 1.801085 6.208237 2.867857
v 1.801085 5.957958 2.867857
v 1.759742 5.957958 2.867857
v 1.759742 5.984042 2.867857
v 1.801085 5.984042 2.867857
v 1.801085 6.182153 2.841773
v 1.981391 6.512994 3.666541
v 1.981391 5.653199 3.666541
v 1.140105 5.735490 3.523942
v 1.140105 5.735490 3.444893
v 0.650633 5.735490 3.444893
v 0.650633 5.735490 3.523942
v 0.592694 6.512994 3.666541
v 0.650633 6.430703 3.523942
v 1.140105 6.430703 3.523942
v 1.198044 6.512994 3.666541
v 1.198044 5.653199 3.666541
v 0.592694 5.653199 3.666541
v 0.650633 6.430703 3.444893
v 1.140105 6.430703 3.444893
v 0.673259 5.758117 3.486235
v 0.650633 5.735490 3.486235
v 0.882327 5.735490 3.486235
v 0.882327 5.758117 3.486235
v 0.882327 6.408076 3.486235
v 0.882327 6.430703 3.486235
v 0.650633 6.430703 3.486235
v 0.673259 6.408076 3.486235
v 1.117479 6.408076 3.444893
v 1.140105 6.208237 3.444893
v 1.117479 6.208237 3.444893
v 0.673259 6.182153 3.486235
v 0.650633 6.182153 3.486235
v 0.650633 5.984042 3.486235
v 0.673259 5.984042 3.486235
v 0.882327 6.182153 3.444893
v 0.673259 6.182153 3.444893
v 0.673259 6.208237 3.444893
v 0.882327 6.208237 3.444893
v 0.882327 6.430703 3.444893
v 1.117479 6.408076 3.486235
v 1.140105 6.430703 3.486235
v 0.908411 6.430703 3.486235
v 0.908411 6.408076 3.486235
v 0.650633 6.182153 3.444893
v 0.650633 5.984042 3.444893
v 0.908411 6.408076 3.444893
v 0.908411 6.430703 3.444893
v 0.650633 6.208237 3.444893
v 0.673259 6.408076 3.444893
v 0.882327 5.758117 3.444893
v 0.673259 5.758117 3.444893
v 1.117479 6.182153 3.486235
v 1.117479 6.182153 3.444893
v 1.117479 5.984042 3.444893
v 1.117479 5.984042 3.486235
v 0.882327 6.408076 3.444893
v 0.673259 5.984042 3.444893
v 1.140105 5.735490 3.486235
v 0.908411 5.735490 3.486235
v 0.908411 5.735490 3.444893
v 1.140105 6.208237 3.486235
v 0.650633 6.208237 3.486235
v 0.650633 5.957958 3.444893
v 0.673259 5.957958 3.444893
v 0.673259 5.957958 3.486235
v 1.117479 6.208237 3.486235
v 0.650633 5.957958 3.486235
v 0.673259 6.208237 3.486235
v 1.140105 6.182153 3.444893
v 1.140105 5.984042 3.444893
v 1.117479 5.957958 3.444893
v 1.140105 5.957958 3.444893
v 1.117479 5.758117 3.444893
v 1.117479 5.957958 3.486235
v 1.117479 5.758117 3.486235
v 1.140105 5.957958 3.486235
v 1.140105 6.182153 3.486235
v 1.140105 5.984042 3.486235
v 0.908411 5.758117 3.444893
v 0.908411 5.758117 3.486235
v 0.882327 5.735490 3.444893
v 0.908411 5.984042 3.444893
v 0.908411 5.984042 3.486235
v 0.882327 6.182153 3.486235
v 0.908411 6.182153 3.444893
v 0.908411 6.208237 3.444893
v 0.908411 5.957958 3.486235
v 0.908411 5.957958 3.444893
v 0.908411 6.208237 3.486235
v 0.882327 6.208237 3.486235
v 0.882327 5.957958 3.486235
v 0.882327 5.957958 3.444893
v 0.882327 5.984042 3.444893
v 0.882327 5.984042 3.486235
v 0.908411 6.182153 3.486235
v 0.008102 5.735490 3.523942
v 0.008102 5.735490 3.444893
v -0.481371 5.735490 3.444893
v -0.481371 5.735490 3.523942
v -0.539310 6.512994 3.666541
v -0.481371 6.430703 3.523942
v 0.008102 6.430703 3.523942
v 0.066040 6.512994 3.666541
v 0.066040 5.653199 3.666541
v -0.539310 5.653199 3.666541
v -0.481371 6.430703 3.444893
v 0.008102 6.430703 3.444893
v -0.458745 5.758117 3.486235
v -0.481371 5.735490 3.486235
v -0.249677 5.735490 3.486235
v -0.249677 5.758117 3.486235
v -0.249677 6.408076 3.486235
v -0.249677 6.430703 3.486235
v -0.481371 6.430703 3.486235
v -0.458745 6.408076 3.486235
v -0.014525 6.408076 3.444893
v 0.008102 6.208237 3.444893
v -0.014525 6.208237 3.444893
v -0.458745 6.182153 3.486235
v -0.481371 6.182153 3.486235
v -0.481371 5.984042 3.486235
v -0.458745 5.984042 3.486235
v -0.249677 6.182153 3.444893
v -0.458744 6.182153 3.444893
v -0.458744 6.208237 3.444893
v -0.249677 6.208237 3.444893
v -0.249677 6.430703 3.444893
v -0.014525 6.408076 3.486235
v 0.008102 6.430703 3.486235
v -0.223593 6.430703 3.486235
v -0.223593 6.408076 3.486235
v -0.481371 6.182153 3.444893
v -0.481371 5.984042 3.444893
v -0.223593 6.408076 3.444893
v -0.223593 6.430703 3.444893
v -0.481371 6.208237 3.444893
v -0.458744 6.408076 3.444893
v -0.249677 5.758117 3.444893
v -0.458744 5.758117 3.444893
v -0.014525 6.182153 3.486235
v -0.014525 6.182153 3.444893
v -0.014525 5.984042 3.444893
v -0.014525 5.984042 3.486235
v -0.249677 6.408076 3.444893
v -0.458744 5.984042 3.444893
v 0.008102 5.735490 3.486235
v -0.223593 5.735490 3.486235
v -0.223593 5.735490 3.444893
v 0.008102 6.208237 3.486235
v -0.481371 6.208237 3.486235
v -0.481371 5.957958 3.444893
v -0.458744 5.957958 3.444893
v -0.458745 5.957958 3.486235
v -0.014525 6.208237 3.486235
v -0.481371 5.957958 3.486235
v -0.458745 6.208237 3.486235
v 0.008102 6.182153 3.444893
v 0.008102 5.984042 3.444893
v -0.014525 5.957958 3.444893
v 0.008102 5.957958 3.444893
v -0.014525 5.758117 3.444893
v -0.014525 5.957958 3.486235
v -0.014525 5.758117 3.486235
v 0.008102 5.957958 3.486235
v 0.008102 6.182153 3.486235
v 0.008102 5.984042 3.486235
v -0.223593 5.758117 3.444893
v -0.223593 5.758117 3.486235
v -0.249677 5.735490 3.444893
v -0.223593 5.984042 3.444893
v -0.223593 5.984042 3.486235
v -0.249677 6.182153 3.486235
v -0.223593 6.182153 3.444893
v -0.223593 6.208237 3.444893
v -0.223593 5.957958 3.486235
v -0.223593 5.957958 3.444893
v -0.223593 6.208237 3.486235
v -0.249677 6.208237 3.486235
v -0.249677 5.957958 3.486235
v -0.249677 5.957958 3.444893
v -0.249677 5.984042 3.444893
v -0.249677 5.984042 3.486235
v -0.223593 6.182153 3.486235
v -1.123902 5.735490 3.523942
v -1.123902 5.735490 3.444893
v -1.613374 5.735490 3.444893
v -1.613375 5.735490 3.523942
v -1.671313 6.512994 3.666541
v -1.613375 6.430703 3.523942
v -1.123902 6.430703 3.523942
v -1.065963 6.512994 3.666541
v -1.065963 5.653199 3.666541
v -1.671313 5.653199 3.666541
v -1.613374 6.430703 3.444893
v -1.123902 6.430703 3.444893
v -1.590748 5.758117 3.486235
v -1.613375 5.735490 3.486235
v -1.381681 5.735490 3.486235
v -1.381681 5.758117 3.486235
v -1.381681 6.408076 3.486235
v -1.381681 6.430703 3.486235
v -1.613375 6.430703 3.486235
v -1.590748 6.408076 3.486235
v -1.146528 6.408076 3.444893
v -1.123902 6.208237 3.444893
v -1.146528 6.208237 3.444893
v -1.590748 6.182153 3.486235
v -1.613375 6.182153 3.486235
v -1.613375 5.984042 3.486235
v -1.590748 5.984042 3.486235
v -1.381681 6.182153 3.444893
v -1.590748 6.182153 3.444893
v -1.590748 6.208237 3.444893
v -1.381681 6.208237 3.444893
v -1.381681 6.430703 3.444893
v -1.146529 6.408076 3.486235
v -1.123902 6.430703 3.486235
v -1.355596 6.430703 3.486235
v -1.355596 6.408076 3.486235
v -1.613374 6.182153 3.444893
v -1.613374 5.984042 3.444893
v -1.355596 6.408076 3.444893
v -1.355596 6.430703 3.444893
v -1.613374 6.208237 3.444893
v -1.590748 6.408076 3.444893
v -1.381681 5.758117 3.444893
v -1.590748 5.758117 3.444893
v -1.146529 6.182153 3.486235
v -1.146528 6.182153 3.444893
v -1.146528 5.984042 3.444893
v -1.146529 5.984042 3.486235
v -1.381681 6.408076 3.444893
v -1.590748 5.984042 3.444893
v -1.123902 5.735490 3.486235
v -1.355596 5.735490 3.486235
v -1.355596 5.735490 3.444893
v -1.123902 6.208237 3.486235
v -1.613375 6.208237 3.486235
v -1.613374 5.957958 3.444893
v -1.590748 5.957958 3.444893
v -1.590748 5.957958 3.486235
v -1.146529 6.208237 3.486235
v -1.613375 5.957958 3.486235
v -1.590748 6.208237 3.486235
v -1.123902 6.182153 3.444893
v -1.123902 5.984042 3.444893
v -1.146528 5.957958 3.444893
v -1.123902 5.957958 3.444893
v -1.146528 5.758117 3.444893
v -1.146529 5.957958 3.486235
v -1.146529 5.758117 3.486235
v -1.123902 5.957958 3.486235
v -1.123902 6.182153 3.486235
v -1.123902 5.984042 3.486235
v -1.355596 5.758117 3.444893
v -1.355596 5.758117 3.486235
v -1.381681 5.735490 3.444893
v -1.355596 5.984042 3.444893
v -1.355596 5.984042 3.486235
v -1.381681 6.182153 3.486235
v -1.355596 6.182153 3.444893
v -1.355596 6.208237 3.444893
v -1.355596 5.957958 3.486235
v -1.355596 5.957958 3.444893
v -1.355596 6.208237 3.486235
v -1.381681 6.208237 3.486235
v -1.381681 5.957958 3.486235
v -1.381681 5.957958 3.444893
v -1.381681 5.984042 3.444893
v -1.381681 5.984042 3.486235
v -1.355596 6.182153 3.486235
v -2.226916 6.512994 3.666541
v -2.226916 5.653199 3.666541
v 1.981391 6.624683 0.893483
v 1.981391 6.624683 1.420136
v 1.981391 6.624682 2.552141
v 1.981391 6.624682 3.157490
v -1.671312 6.624682 3.666541
v -2.226915 6.624682 3.666541
v 1.981391 6.624682 2.025486
v 1.981391 6.624683 0.288133
v 1.981391 6.624682 3.666541
v 1.198044 6.624682 3.666541
v 0.592694 6.624682 3.666541
v 0.066040 6.624682 3.666541
v -1.065963 6.624682 3.666541
v -0.539309 6.624682 3.666541
v -1.680008 4.020516 1.468250
v -2.226915 4.020516 1.468250
v -1.680009 3.908829 1.468250
v -2.226916 3.908829 1.468250
v -1.680009 3.049034 1.468249
v -2.226916 3.049034 1.468249
v 1.141578 1.416352 2.158943
v 1.141578 1.416352 1.651009
v -1.202339 1.416350 2.943851
v -0.694405 1.416350 2.943851
v 1.141578 1.416352 2.892500
v 1.141578 1.416352 2.600847
v 0.255433 1.416350 2.943851
v 0.697336 1.416350 2.943851
v 1.141578 1.416352 1.209106
v -0.252502 1.416350 2.943851
v 1.119148 1.416350 2.943851
v 1.141578 1.416352 2.943851
v 1.141578 1.416352 0.701171
v -2.040684 1.416350 2.943851
v -2.226915 1.416351 1.468249
v -2.040684 1.416351 1.792444
v -1.065963 6.934330 3.666541
v -1.671312 6.934330 3.666541
v 1.981391 6.934331 0.893483
v 1.981391 6.934331 1.420136
v 1.981391 6.934330 2.025486
v 1.981391 6.934330 2.552141
v 0.592694 6.934330 3.666541
v 0.066040 6.934330 3.666541
v -1.680008 2.718434 1.468249
v -2.226915 2.718434 1.468249
v 1.981391 6.934331 0.288133
v -0.539309 6.934330 3.666541
v -2.226915 6.934330 3.666541
v 1.981391 6.934330 3.157490
v 1.981391 6.934330 3.666541
v 1.198044 6.934330 3.666541
v 0.463353 6.934330 3.333831
v 0.031908 6.934330 3.333831
v 1.600999 6.934331 0.812406
v 1.600999 6.934331 1.291270
v -0.464005 6.934330 3.333831
v -0.895450 6.934330 3.333831
v 1.600999 6.934330 1.841689
v 1.600999 6.934330 2.320553
v -1.391364 6.934330 3.333831
v -1.846524 6.934330 3.333831
v 1.600999 6.934331 0.261987
v 1.600999 6.934330 3.333831
v 0.959267 6.934330 3.333831
v 1.600999 6.934330 2.870971
v -1.680009 2.606746 1.468249
v -2.226916 2.606746 1.468249
v 1.600999 6.676084 0.261987
v 1.600999 6.676084 0.812406
v -0.895450 6.676084 3.333831
v -1.391364 6.676084 3.333831
v 1.600999 6.676084 2.320553
v 1.600999 6.676084 2.870971
v 0.463353 6.676084 3.333831
v 0.031908 6.676084 3.333831
v 1.600999 6.676084 1.291270
v -0.464005 6.676084 3.333831
v 1.600999 6.676084 1.841689
v -1.846524 6.676084 3.333831
v 1.600999 6.676084 3.333831
v 0.959267 6.676084 3.333831
v -1.680009 1.746951 1.468249
v -2.226916 1.746951 1.468249
v -1.680008 1.416351 1.468249
v -1.493777 1.416351 1.792444
v 1.981391 2.713784 0.000000
v 1.981391 2.825472 0.000000
v 1.981390 2.825473 -3.666541
v 1.981390 2.713785 -3.666541
v 2.095060 2.713784 0.000000
v 2.095060 2.713785 -3.778283
v 2.095060 2.825473 -3.778283
v 2.095060 2.825472 0.000000
v 2.082171 2.691825 -0.308411
v 2.094566 2.713784 -0.314217
v 1.979842 2.713784 -0.292684
v 1.979842 2.713784 -0.437595
v 2.094566 2.713784 -0.416061
v 2.082171 2.691825 -0.421867
v 1.979842 2.620644 -0.289283
v 1.979842 2.620644 -0.440995
v 2.020198 2.620644 -0.438063
v 2.020198 2.620644 -0.292220
v 2.041333 2.647908 -0.433707
v 2.041333 2.647908 -0.296571
v 2.046852 2.669867 -0.429853
v 2.046852 2.669867 -0.300425
v 2.082171 2.691825 -0.759317
v 2.094566 2.713784 -0.765123
v 1.979842 2.713784 -0.743590
v 1.979842 2.713784 -0.888500
v 2.094566 2.713784 -0.866967
v 2.082171 2.691825 -0.872773
v 1.979842 2.620644 -0.740189
v 1.979842 2.620644 -0.891901
v 2.020197 2.620644 -0.888969
v 2.020198 2.620644 -0.743126
v 2.041333 2.647908 -0.884614
v 2.041333 2.647908 -0.747477
v 2.046852 2.669867 -0.880759
v 2.046852 2.669867 -0.751331
v 2.046852 2.669867 -1.562502
v 2.082171 2.691825 -1.554515
v 2.082171 2.691825 -1.441059
v 2.046852 2.669867 -1.433074
v 1.979842 2.713784 -1.570243
v 1.979842 2.713784 -1.425333
v 2.094566 2.713784 -1.446866
v 2.094566 2.713784 -1.548710
v 2.041333 2.647908 -1.566355
v 2.041333 2.647908 -1.429219
v 2.020197 2.620644 -1.570711
v 2.020197 2.620644 -1.424868
v 1.979842 2.620644 -1.421932
v 1.979842 2.620644 -1.573642
v 2.082171 2.691825 -1.891966
v 2.094566 2.713784 -1.897771
v 1.979842 2.713784 -1.876238
v 1.979842 2.713784 -2.021148
v 2.094566 2.713784 -1.999616
v 2.082171 2.691825 -2.005422
v 1.979842 2.620644 -1.872838
v 1.979842 2.620644 -2.024549
v 2.020197 2.620644 -2.021616
v 2.020197 2.620644 -1.875775
v 2.041333 2.647908 -2.017262
v 2.041333 2.647908 -1.880125
v 2.046852 2.669867 -2.013407
v 2.046852 2.669867 -1.883980
v 2.046852 2.669868 -2.695058
v 2.082171 2.691825 -2.687072
v 2.082171 2.691825 -2.573617
v 2.046852 2.669868 -2.565629
v 1.979842 2.713784 -2.702800
v 1.979842 2.713784 -2.557889
v 2.094566 2.713784 -2.579422
v 2.094566 2.713784 -2.681266
v 2.041333 2.647908 -2.698913
v 2.041333 2.647908 -2.561775
v 2.020197 2.620645 -2.703268
v 2.020197 2.620645 -2.557425
v 1.979842 2.620645 -2.554488
v 1.979842 2.620645 -2.706199
v 2.082171 2.691825 -3.024523
v 2.094566 2.713784 -3.030329
v 1.979842 2.713784 -3.008795
v 1.979842 2.713784 -3.153706
v 2.094566 2.713784 -3.132172
v 2.082171 2.691825 -3.137979
v 1.979842 2.620645 -3.005394
v 1.979842 2.620645 -3.157105
v 2.020197 2.620645 -3.154174
v 2.020197 2.620645 -3.008331
v 2.041333 2.647908 -3.149818
v 2.041333 2.647908 -3.012681
v 2.046852 2.669868 -3.145963
v 2.046852 2.669868 -3.016536
v -2.226915 2.825473 -3.664613
v -2.226915 2.713785 -3.664613
v -2.226915 2.713785 -3.778283
v -2.226915 2.825473 -3.778283
v 1.177466 2.691826 -3.765394
v 1.171659 2.713785 -3.777789
v 1.193193 2.713785 -3.663065
v 1.048283 2.713785 -3.663065
v 1.069816 2.713785 -3.777789
v 1.064010 2.691826 -3.765394
v 1.196594 2.620645 -3.663065
v 1.044883 2.620645 -3.663065
v 1.047815 2.620645 -3.703421
v 1.193657 2.620645 -3.703421
v 1.052170 2.647909 -3.724555
v 1.189306 2.647909 -3.724555
v 1.056024 2.669867 -3.730074
v 1.185452 2.669867 -3.730074
v 0.726560 2.691826 -3.765394
v 0.720753 2.713785 -3.777789
v 0.742288 2.713785 -3.663065
v 0.597376 2.713785 -3.663065
v 0.618911 2.713785 -3.777789
v 0.613104 2.691826 -3.765394
v 0.745687 2.620645 -3.663065
v 0.593976 2.620645 -3.663065
v 0.596909 2.620645 -3.703421
v 0.742751 2.620645 -3.703421
v 0.601263 2.647909 -3.724555
v 0.738401 2.647909 -3.724555
v 0.605118 2.669867 -3.730074
v 0.734546 2.669867 -3.730074
v -0.076625 2.669867 -3.730074
v -0.068639 2.691826 -3.765394
v 0.044817 2.691826 -3.765394
v 0.052803 2.669867 -3.730074
v -0.084366 2.713785 -3.663064
v 0.060544 2.713785 -3.663064
v 0.039011 2.713785 -3.777789
v -0.062832 2.713785 -3.777789
v -0.080479 2.647909 -3.724555
v 0.056658 2.647909 -3.724555
v -0.084834 2.620645 -3.703419
v 0.061008 2.620645 -3.703419
v 0.063945 2.620645 -3.663064
v -0.087766 2.620645 -3.663064
v -0.406089 2.691826 -3.765394
v -0.411895 2.713785 -3.777789
v -0.390361 2.713785 -3.663064
v -0.535272 2.713785 -3.663064
v -0.513739 2.713785 -3.777789
v -0.519544 2.691826 -3.765394
v -0.386961 2.620645 -3.663064
v -0.538672 2.620645 -3.663064
v -0.535740 2.620645 -3.703419
v -0.389897 2.620645 -3.703419
v -0.531385 2.647909 -3.724555
v -0.394248 2.647909 -3.724555
v -0.527531 2.669867 -3.730074
v -0.398103 2.669867 -3.730074
v -1.209181 2.669867 -3.730074
v -1.201195 2.691826 -3.765394
v -1.087739 2.691826 -3.765394
v -1.079753 2.669867 -3.730074
v -1.216922 2.713785 -3.663064
v -1.072012 2.713785 -3.663064
v -1.093545 2.713785 -3.777789
v -1.195389 2.713785 -3.777789
v -1.213036 2.647909 -3.724555
v -1.075899 2.647909 -3.724555
v -1.217391 2.620645 -3.703419
v -1.071548 2.620645 -3.703419
v -1.068611 2.620645 -3.663064
v -1.220323 2.620645 -3.663064
v -1.538645 2.691826 -3.765394
v -1.544451 2.713785 -3.777789
v -1.522918 2.713785 -3.663064
v -1.667828 2.713785 -3.663064
v -1.646294 2.713785 -3.777789
v -1.652101 2.691826 -3.765394
v -1.519518 2.620645 -3.663064
v -1.671229 2.620645 -3.663064
v -1.668297 2.620645 -3.703419
v -1.522454 2.620645 -3.703419
v -1.663942 2.647909 -3.724555
v -1.526805 2.647909 -3.724555
v -1.660087 2.669867 -3.730074
v -1.530659 2.669867 -3.730074
v 1.981391 2.713783 3.666540
v 1.981391 2.825471 3.666540
v 2.095060 2.825471 3.778284
v 2.095060 2.713783 3.778284
v 2.082171 2.691825 0.308411
v 1.979842 2.713784 0.292684
v 2.094566 2.713784 0.314218
v 1.979842 2.713784 0.437594
v 2.082171 2.691825 0.421867
v 2.094566 2.713784 0.416061
v 1.979842 2.620644 0.289284
v 2.020198 2.620644 0.292220
v 2.020198 2.620644 0.438063
v 1.979842 2.620644 0.440995
v 2.041333 2.647908 0.296571
v 2.041333 2.647908 0.433708
v 2.046852 2.669867 0.300425
v 2.046852 2.669867 0.429853
v 2.082171 2.691825 0.759317
v 1.979843 2.713784 0.743590
v 2.094566 2.713784 0.765124
v 1.979843 2.713784 0.888500
v 2.082171 2.691825 0.872773
v 2.094566 2.713784 0.866967
v 1.979843 2.620644 0.740190
v 2.020198 2.620644 0.743126
v 2.020198 2.620644 0.888969
v 1.979843 2.620644 0.891901
v 2.041333 2.647908 0.747477
v 2.041333 2.647908 0.884614
v 2.046852 2.669867 0.751331
v 2.046852 2.669867 0.880759
v 2.046852 2.669867 1.562503
v 2.046852 2.669867 1.433074
v 2.082172 2.691825 1.441060
v 2.082172 2.691825 1.554516
v 1.979843 2.713784 1.570243
v 2.094566 2.713784 1.548710
v 2.094566 2.713784 1.446867
v 1.979843 2.713784 1.425333
v 2.041333 2.647908 1.566356
v 2.041333 2.647908 1.429220
v 2.020198 2.620644 1.570712
v 2.020198 2.620644 1.424869
v 1.979843 2.620644 1.421932
v 1.979843 2.620644 1.573643
v 2.082172 2.691825 1.891966
v 1.979843 2.713784 1.876239
v 2.094566 2.713784 1.897772
v 1.979843 2.713784 2.021149
v 2.082172 2.691825 2.005423
v 2.094566 2.713784 1.999617
v 1.979843 2.620644 1.872838
v 2.020198 2.620644 1.875775
v 2.020198 2.620644 2.021618
v 1.979843 2.620644 2.024549
v 2.041333 2.647908 1.880126
v 2.041333 2.647908 2.017262
v 2.046853 2.669867 1.883981
v 2.046853 2.669867 2.013408
v 2.046853 2.669867 2.695059
v 2.046853 2.669867 2.565631
v 2.082172 2.691824 2.573617
v 2.082172 2.691824 2.687073
v 1.979843 2.713784 2.702801
v 2.094566 2.713784 2.681267
v 2.094566 2.713784 2.579423
v 1.979843 2.713784 2.557889
v 2.041333 2.647907 2.698914
v 2.041333 2.647907 2.561775
v 2.020198 2.620644 2.703269
v 2.020198 2.620644 2.557425
v 1.979843 2.620644 2.554489
v 1.979843 2.620644 2.706200
v 2.082172 2.691824 3.024523
v 1.979843 2.713784 3.008795
v 2.094566 2.713784 3.030329
v 1.979843 2.713784 3.153707
v 2.082172 2.691824 3.137979
v 2.094566 2.713784 3.132173
v 1.979843 2.620644 3.005395
v 2.020198 2.620644 3.008332
v 2.020198 2.620644 3.154175
v 1.979843 2.620644 3.157106
v 2.041333 2.647907 3.012682
v 2.041333 2.647907 3.149821
v 2.046853 2.669867 3.016537
v 2.046853 2.669867 3.145964
v -2.226915 2.713783 3.664614
v -2.226915 2.825471 3.664614
v -2.226915 2.825471 3.778284
v -2.226915 2.713783 3.778284
v 1.177466 2.691824 3.765395
v 1.193194 2.713783 3.663066
v 1.171660 2.713783 3.777790
v 1.048283 2.713783 3.663066
v 1.064011 2.691824 3.765395
v 1.069817 2.713783 3.777790
v 1.196594 2.620643 3.663066
v 1.193658 2.620643 3.703422
v 1.047815 2.620643 3.703422
v 1.044883 2.620643 3.663066
v 1.189307 2.647907 3.724557
v 1.052170 2.647907 3.724557
v 1.185452 2.669865 3.730077
v 1.056025 2.669865 3.730077
v 0.726560 2.691824 3.765395
v 0.742288 2.713783 3.663066
v 0.720754 2.713783 3.777790
v 0.597377 2.713783 3.663066
v 0.613104 2.691824 3.765395
v 0.618911 2.713783 3.777790
v 0.745688 2.620643 3.663066
v 0.742752 2.620643 3.703422
v 0.596909 2.620643 3.703422
v 0.593976 2.620643 3.663066
v 0.738401 2.647907 3.724556
v 0.601264 2.647907 3.724556
v 0.734546 2.669865 3.730077
v 0.605119 2.669865 3.730077
v -0.076624 2.669865 3.730077
v 0.052803 2.669865 3.730077
v 0.044817 2.691824 3.765395
v -0.068638 2.691824 3.765395
v -0.084366 2.713783 3.663065
v -0.062832 2.713783 3.777790
v 0.039011 2.713783 3.777790
v 0.060545 2.713783 3.663065
v -0.080479 2.647907 3.724556
v 0.056658 2.647907 3.724556
v -0.084834 2.620643 3.703422
v 0.061009 2.620643 3.703422
v 0.063945 2.620643 3.663065
v -0.087766 2.620643 3.663065
v -0.406089 2.691824 3.765395
v -0.390361 2.713783 3.663065
v -0.411895 2.713783 3.777790
v -0.535272 2.713783 3.663065
v -0.519544 2.691824 3.765395
v -0.513738 2.713783 3.777790
v -0.386961 2.620643 3.663065
v -0.389897 2.620643 3.703422
v -0.535740 2.620643 3.703422
v -0.538672 2.620643 3.663065
v -0.394248 2.647907 3.724556
v -0.531385 2.647907 3.724556
v -0.398103 2.669865 3.730077
v -0.527531 2.669865 3.730077
v -1.209181 2.669865 3.730077
v -1.079753 2.669865 3.730077
v -1.087739 2.691824 3.765395
v -1.201195 2.691824 3.765395
v -1.216922 2.713783 3.663065
v -1.195388 2.713783 3.777790
v -1.093545 2.713783 3.777790
v -1.072012 2.713783 3.663065
v -1.213035 2.647907 3.724556
v -1.075898 2.647907 3.724556
v -1.217390 2.620643 3.703422
v -1.071547 2.620643 3.703422
v -1.068611 2.620643 3.663065
v -1.220322 2.620643 3.663065
v -1.538645 2.691824 3.765395
v -1.522917 2.713783 3.663065
v -1.544451 2.713783 3.777790
v -1.667828 2.713783 3.663065
v -1.652101 2.691824 3.765395
v -1.646294 2.713783 3.777790
v -1.519517 2.620643 3.663065
v -1.522453 2.620643 3.703422
v -1.668296 2.620643 3.703422
v -1.671229 2.620643 3.663065
v -1.526804 2.647907 3.724556
v -1.663942 2.647907 3.724556
v -1.530659 2.669865 3.730077
v -1.660087 2.669865 3.730077
v 1.981391 4.160214 0.000001
v 1.981391 4.271903 0.000001
v 1.981390 4.271904 -3.666540
v 1.981390 4.160214 -3.666540
v 2.095060 4.160214 0.000001
v 2.095060 4.160214 -3.778282
v 2.095060 4.271904 -3.778282
v 2.095060 4.271903 0.000001
v 2.082171 4.138256 -0.308410
v 2.094566 4.160214 -0.314216
v 1.979842 4.160214 -0.292683
v 1.979842 4.160214 -0.437594
v 2.094566 4.160214 -0.416060
v 2.082171 4.138256 -0.421866
v 1.979842 4.067074 -0.289282
v 1.979842 4.067074 -0.440994
v 2.020198 4.067074 -0.438062
v 2.020198 4.067074 -0.292219
v 2.041333 4.094338 -0.433706
v 2.041333 4.094338 -0.296570
v 2.046852 4.116297 -0.429852
v 2.046852 4.116297 -0.300424
v 2.082171 4.138256 -0.759316
v 2.094566 4.160214 -0.765122
v 1.979842 4.160214 -0.743589
v 1.979842 4.160214 -0.888499
v 2.094566 4.160214 -0.866966
v 2.082171 4.138256 -0.872772
v 1.979842 4.067074 -0.740188
v 1.979842 4.067074 -0.891900
v 2.020197 4.067074 -0.888968
v 2.020198 4.067074 -0.743125
v 2.041333 4.094338 -0.884613
v 2.041333 4.094338 -0.747476
v 2.046852 4.116297 -0.880758
v 2.046852 4.116297 -0.751330
v 2.046852 4.116297 -1.562501
v 2.082171 4.138257 -1.554515
v 2.082171 4.138256 -1.441059
v 2.046852 4.116297 -1.433073
v 1.979842 4.160214 -1.570242
v 1.979842 4.160214 -1.425332
v 2.094566 4.160214 -1.446865
v 2.094566 4.160214 -1.548709
v 2.041333 4.094338 -1.566355
v 2.041333 4.094338 -1.429218
v 2.020197 4.067074 -1.570710
v 2.020197 4.067074 -1.424868
v 1.979842 4.067074 -1.421931
v 1.979842 4.067074 -1.573642
v 2.082171 4.138257 -1.891965
v 2.094566 4.160214 -1.897771
v 1.979842 4.160214 -1.876238
v 1.979842 4.160214 -2.021148
v 2.094566 4.160214 -1.999615
v 2.082171 4.138257 -2.005421
v 1.979842 4.067074 -1.872837
v 1.979842 4.067074 -2.024548
v 2.020197 4.067074 -2.021616
v 2.020197 4.067074 -1.875774
v 2.041333 4.094338 -2.017261
v 2.041333 4.094338 -1.880124
v 2.046852 4.116297 -2.013407
v 2.046852 4.116297 -1.883979
v 2.046852 4.116297 -2.695057
v 2.082171 4.138257 -2.687071
v 2.082171 4.138257 -2.573616
v 2.046852 4.116297 -2.565629
v 1.979842 4.160214 -2.702799
v 1.979842 4.160214 -2.557888
v 2.094566 4.160214 -2.579422
v 2.094566 4.160214 -2.681265
v 2.041333 4.094338 -2.698912
v 2.041333 4.094338 -2.561775
v 2.020197 4.067074 -2.703267
v 2.020197 4.067074 -2.557424
v 1.979842 4.067074 -2.554488
v 1.979842 4.067074 -2.706199
v 2.082171 4.138257 -3.024522
v 2.094566 4.160214 -3.030328
v 1.979842 4.160214 -3.008794
v 1.979842 4.160214 -3.153705
v 2.094566 4.160214 -3.132171
v 2.082171 4.138257 -3.137978
v 1.979842 4.067074 -3.005394
v 1.979842 4.067074 -3.157105
v 2.020197 4.067074 -3.154173
v 2.020197 4.067074 -3.008330
v 2.041333 4.094338 -3.149818
v 2.041333 4.094338 -3.012681
v 2.046852 4.116297 -3.145963
v 2.046852 4.116297 -3.016536
v -2.226915 4.271904 -3.664613
v -2.226915 4.160214 -3.664613
v -2.226915 4.160214 -3.778282
v -2.226915 4.271904 -3.778282
v 1.177466 4.138257 -3.765394
v 1.171659 4.160214 -3.777788
v 1.193193 4.160214 -3.663065
v 1.048283 4.160214 -3.663065
v 1.069816 4.160214 -3.777788
v 1.064010 4.138257 -3.765394
v 1.196594 4.067074 -3.663065
v 1.044883 4.067074 -3.663065
v 1.047815 4.067074 -3.703420
v 1.193657 4.067074 -3.703420
v 1.052170 4.094338 -3.724555
v 1.189306 4.094338 -3.724555
v 1.056024 4.116297 -3.730074
v 1.185452 4.116297 -3.730074
v 0.726560 4.138257 -3.765394
v 0.720753 4.160214 -3.777788
v 0.742288 4.160214 -3.663065
v 0.597376 4.160214 -3.663065
v 0.618911 4.160214 -3.777788
v 0.613104 4.138257 -3.765394
v 0.745687 4.067074 -3.663065
v 0.593976 4.067074 -3.663065
v 0.596909 4.067074 -3.703420
v 0.742751 4.067074 -3.703420
v 0.601263 4.094338 -3.724555
v 0.738401 4.094338 -3.724555
v 0.605118 4.116297 -3.730074
v 0.734546 4.116297 -3.730074
v -0.076625 4.116297 -3.730074
v -0.068639 4.138257 -3.765394
v 0.044817 4.138257 -3.765394
v 0.052803 4.116297 -3.730074
v -0.084366 4.160214 -3.663064
v 0.060544 4.160214 -3.663064
v 0.039011 4.160214 -3.777788
v -0.062832 4.160214 -3.777788
v -0.080479 4.094338 -3.724555
v 0.056658 4.094338 -3.724555
v -0.084834 4.067074 -3.703419
v 0.061008 4.067074 -3.703419
v 0.063945 4.067074 -3.663064
v -0.087766 4.067074 -3.663064
v -0.406089 4.138257 -3.765394
v -0.411895 4.160214 -3.777788
v -0.390361 4.160214 -3.663064
v -0.535272 4.160214 -3.663064
v -0.513739 4.160214 -3.777788
v -0.519544 4.138257 -3.765394
v -0.386961 4.067074 -3.663064
v -0.538672 4.067074 -3.663064
v -0.535740 4.067074 -3.703419
v -0.389897 4.067074 -3.703419
v -0.531385 4.094338 -3.724555
v -0.394248 4.094338 -3.724555
v -0.527531 4.116297 -3.730074
v -0.398103 4.116297 -3.730074
v -1.209181 4.116297 -3.730074
v -1.201195 4.138257 -3.765394
v -1.087739 4.138257 -3.765394
v -1.079753 4.116297 -3.730074
v -1.216922 4.160214 -3.663064
v -1.072012 4.160214 -3.663064
v -1.093545 4.160214 -3.777788
v -1.195389 4.160214 -3.777788
v -1.213036 4.094338 -3.724555
v -1.075899 4.094338 -3.724555
v -1.217391 4.067074 -3.703419
v -1.071548 4.067074 -3.703419
v -1.068611 4.067074 -3.663064
v -1.220323 4.067074 -3.663064
v -1.538645 4.138257 -3.765394
v -1.544451 4.160214 -3.777788
v -1.522918 4.160214 -3.663064
v -1.667828 4.160214 -3.663064
v -1.646294 4.160214 -3.777788
v -1.652101 4.138257 -3.765394
v -1.519518 4.067074 -3.663064
v -1.671229 4.067074 -3.663064
v -1.668297 4.067074 -3.703419
v -1.522454 4.067074 -3.703419
v -1.663942 4.094338 -3.724555
v -1.526805 4.094338 -3.724555
v -1.660087 4.116297 -3.730074
v -1.530659 4.116297 -3.730074
v 1.981391 4.160213 3.666541
v 1.981391 4.271903 3.666541
v 2.095060 4.271903 3.778284
v 2.095060 4.160213 3.778284
v 2.082171 4.138256 0.308412
v 1.979842 4.160214 0.292685
v 2.094566 4.160214 0.314219
v 1.979842 4.160214 0.437595
v 2.082171 4.138256 0.421868
v 2.094566 4.160214 0.416062
v 1.979842 4.067074 0.289285
v 2.020198 4.067074 0.292221
v 2.020198 4.067074 0.438064
v 1.979842 4.067074 0.440996
v 2.041333 4.094338 0.296572
v 2.041333 4.094338 0.433709
v 2.046852 4.116297 0.300426
v 2.046852 4.116297 0.429854
v 2.082171 4.138256 0.759318
v 1.979843 4.160214 0.743591
v 2.094566 4.160214 0.765125
v 1.979843 4.160214 0.888501
v 2.082171 4.138256 0.872774
v 2.094566 4.160214 0.866968
v 1.979843 4.067074 0.740191
v 2.020198 4.067074 0.743127
v 2.020198 4.067074 0.888970
v 1.979843 4.067074 0.891902
v 2.041333 4.094338 0.747478
v 2.041333 4.094338 0.884615
v 2.046852 4.116297 0.751332
v 2.046852 4.116297 0.880760
v 2.046852 4.116296 1.562503
v 2.046852 4.116297 1.433075
v 2.082172 4.138256 1.441061
v 2.082172 4.138256 1.554517
v 1.979843 4.160213 1.570244
v 2.094566 4.160213 1.548711
v 2.094566 4.160214 1.446867
v 1.979843 4.160214 1.425334
v 2.041333 4.094337 1.566357
v 2.041333 4.094338 1.429221
v 2.020198 4.067073 1.570713
v 2.020198 4.067074 1.424870
v 1.979843 4.067074 1.421933
v 1.979843 4.067073 1.573644
v 2.082172 4.138256 1.891967
v 1.979843 4.160213 1.876240
v 2.094566 4.160213 1.897773
v 1.979843 4.160213 2.021150
v 2.082172 4.138256 2.005423
v 2.094566 4.160213 1.999617
v 1.979843 4.067073 1.872839
v 2.020198 4.067073 1.875776
v 2.020198 4.067073 2.021619
v 1.979843 4.067073 2.024550
v 2.041333 4.094337 1.880127
v 2.041333 4.094337 2.017263
v 2.046853 4.116296 1.883981
v 2.046853 4.116296 2.013409
v 2.046853 4.116296 2.695059
v 2.046853 4.116296 2.565632
v 2.082172 4.138256 2.573618
v 2.082172 4.138256 2.687074
v 1.979843 4.160213 2.702801
v 2.094566 4.160213 2.681268
v 2.094566 4.160213 2.579424
v 1.979843 4.160213 2.557890
v 2.041333 4.094337 2.698914
v 2.041333 4.094337 2.561776
v 2.020198 4.067073 2.703269
v 2.020198 4.067073 2.557426
v 1.979843 4.067073 2.554490
v 1.979843 4.067073 2.706201
v 2.082172 4.138256 3.024524
v 1.979843 4.160213 3.008796
v 2.094566 4.160213 3.030330
v 1.979843 4.160213 3.153707
v 2.082172 4.138256 3.137979
v 2.094566 4.160213 3.132173
v 1.979843 4.067073 3.005396
v 2.020198 4.067073 3.008332
v 2.020198 4.067073 3.154175
v 1.979843 4.067073 3.157107
v 2.041333 4.094337 3.012683
v 2.041333 4.094337 3.149821
v 2.046853 4.116296 3.016538
v 2.046853 4.116296 3.145965
v -2.226915 4.160213 3.664615
v -2.226915 4.271903 3.664615
v -2.226915 4.271903 3.778284
v -2.226915 4.160213 3.778284
v 1.177466 4.138256 3.765396
v 1.193194 4.160213 3.663067
v 1.171660 4.160213 3.777790
v 1.048283 4.160213 3.663067
v 1.064011 4.138256 3.765396
v 1.069817 4.160213 3.777790
v 1.196594 4.067073 3.663067
v 1.193658 4.067073 3.703422
v 1.047815 4.067073 3.703422
v 1.044883 4.067073 3.663067
v 1.189307 4.094337 3.724558
v 1.052170 4.094337 3.724558
v 1.185452 4.116296 3.730077
v 1.056025 4.116296 3.730077
v 0.726560 4.138256 3.765396
v 0.742288 4.160213 3.663067
v 0.720754 4.160213 3.777790
v 0.597377 4.160213 3.663067
v 0.613104 4.138256 3.765396
v 0.618911 4.160213 3.777790
v 0.745688 4.067073 3.663067
v 0.742752 4.067073 3.703422
v 0.596909 4.067073 3.703422
v 0.593976 4.067073 3.663067
v 0.738401 4.094337 3.724557
v 0.601264 4.094337 3.724557
v 0.734546 4.116296 3.730077
v 0.605119 4.116296 3.730077
v -0.076624 4.116296 3.730077
v 0.052803 4.116296 3.730077
v 0.044817 4.138256 3.765396
v -0.068638 4.138256 3.765396
v -0.084366 4.160213 3.663066
v -0.062832 4.160213 3.777790
v 0.039011 4.160213 3.777790
v 0.060545 4.160213 3.663066
v -0.080479 4.094337 3.724557
v 0.056658 4.094337 3.724557
v -0.084834 4.067073 3.703422
v 0.061009 4.067073 3.703422
v 0.063945 4.067073 3.663066
v -0.087766 4.067073 3.663066
v -0.406089 4.138256 3.765396
v -0.390361 4.160213 3.663066
v -0.411895 4.160213 3.777790
v -0.535272 4.160213 3.663066
v -0.519544 4.138256 3.765396
v -0.513738 4.160213 3.777790
v -0.386961 4.067073 3.663066
v -0.389897 4.067073 3.703422
v -0.535740 4.067073 3.703422
v -0.538672 4.067073 3.663066
v -0.394248 4.094337 3.724557
v -0.531385 4.094337 3.724557
v -0.398103 4.116296 3.730077
v -0.527531 4.116296 3.730077
v -1.209181 4.116296 3.730077
v -1.079753 4.116296 3.730077
v -1.087739 4.138256 3.765396
v -1.201195 4.138256 3.765396
v -1.216922 4.160213 3.663066
v -1.195388 4.160213 3.777790
v -1.093545 4.160213 3.777790
v -1.072012 4.160213 3.663066
v -1.213035 4.094337 3.724557
v -1.075898 4.094337 3.724557
v -1.217390 4.067073 3.703422
v -1.071547 4.067073 3.703422
v -1.068611 4.067073 3.663066
v -1.220322 4.067073 3.663066
v -1.538645 4.138256 3.765396
v -1.522917 4.160213 3.663066
v -1.544451 4.160213 3.777790
v -1.667828 4.160213 3.663066
v -1.652101 4.138256 3.765396
v -1.646294 4.160213 3.777790
v -1.519517 4.067073 3.663066
v -1.522453 4.067073 3.703422
v -1.668296 4.067073 3.703422
v -1.671229 4.067073 3.663066
v -1.526804 4.094337 3.724557
v -1.663942 4.094337 3.724557
v -1.530659 4.116296 3.730077
v -1.660087 4.116296 3.730077
v 1.981391 5.463395 0.000001
v 1.981391 5.575083 0.000001
v 1.981390 5.575083 -3.666540
v 1.981390 5.463396 -3.666540
v 2.095060 5.463395 0.000001
v 2.095060 5.463396 -3.778282
v 2.095060 5.575083 -3.778282
v 2.095060 5.575083 0.000001
v 2.082171 5.441436 -0.308410
v 2.094566 5.463395 -0.314216
v 1.979842 5.463395 -0.292683
v 1.979842 5.463395 -0.437594
v 2.094566 5.463395 -0.416060
v 2.082171 5.441436 -0.421866
v 1.979842 5.370255 -0.289282
v 1.979842 5.370255 -0.440994
v 2.020198 5.370255 -0.438062
v 2.020198 5.370255 -0.292219
v 2.041333 5.397519 -0.433706
v 2.041333 5.397519 -0.296570
v 2.046852 5.419477 -0.429852
v 2.046852 5.419477 -0.300424
v 2.082171 5.441436 -0.759316
v 2.094566 5.463395 -0.765122
v 1.979842 5.463395 -0.743589
v 1.979842 5.463395 -0.888499
v 2.094566 5.463395 -0.866966
v 2.082171 5.441436 -0.872772
v 1.979842 5.370255 -0.740188
v 1.979842 5.370255 -0.891900
v 2.020197 5.370255 -0.888968
v 2.020198 5.370255 -0.743125
v 2.041333 5.397519 -0.884613
v 2.041333 5.397519 -0.747476
v 2.046852 5.419477 -0.880758
v 2.046852 5.419477 -0.751330
v 2.046852 5.419477 -1.562501
v 2.082171 5.441436 -1.554515
v 2.082171 5.441436 -1.441059
v 2.046852 5.419477 -1.433073
v 1.979842 5.463396 -1.570242
v 1.979842 5.463395 -1.425332
v 2.094566 5.463395 -1.446865
v 2.094566 5.463396 -1.548709
v 2.041333 5.397520 -1.566355
v 2.041333 5.397519 -1.429218
v 2.020197 5.370255 -1.570710
v 2.020197 5.370255 -1.424868
v 1.979842 5.370255 -1.421931
v 1.979842 5.370255 -1.573642
v 2.082171 5.441436 -1.891965
v 2.094566 5.463396 -1.897771
v 1.979842 5.463396 -1.876238
v 1.979842 5.463396 -2.021148
v 2.094566 5.463396 -1.999615
v 2.082171 5.441436 -2.005421
v 1.979842 5.370255 -1.872837
v 1.979842 5.370255 -2.024548
v 2.020197 5.370255 -2.021616
v 2.020197 5.370255 -1.875774
v 2.041333 5.397520 -2.017261
v 2.041333 5.397520 -1.880124
v 2.046852 5.419477 -2.013407
v 2.046852 5.419477 -1.883979
v 2.046852 5.419477 -2.695057
v 2.082171 5.441436 -2.687071
v 2.082171 5.441436 -2.573616
v 2.046852 5.419477 -2.565629
v 1.979842 5.463396 -2.702799
v 1.979842 5.463396 -2.557888
v 2.094566 5.463396 -2.579422
v 2.094566 5.463396 -2.681265
v 2.041333 5.397520 -2.698912
v 2.041333 5.397520 -2.561775
v 2.020197 5.370255 -2.703267
v 2.020197 5.370255 -2.557424
v 1.979842 5.370255 -2.554488
v 1.979842 5.370255 -2.706199
v 2.082171 5.441436 -3.024522
v 2.094566 5.463396 -3.030328
v 1.979842 5.463396 -3.008794
v 1.979842 5.463396 -3.153705
v 2.094566 5.463396 -3.132171
v 2.082171 5.441436 -3.137978
v 1.979842 5.370255 -3.005394
v 1.979842 5.370255 -3.157105
v 2.020197 5.370255 -3.154173
v 2.020197 5.370255 -3.008330
v 2.041333 5.397520 -3.149818
v 2.041333 5.397520 -3.012681
v 2.046852 5.419477 -3.145963
v 2.046852 5.419477 -3.016536
v -2.226915 5.575083 -3.664613
v -2.226915 5.463396 -3.664613
v -2.226915 5.463396 -3.778282
v -2.226915 5.575083 -3.778282
v 1.177466 5.441436 -3.765394
v 1.171659 5.463396 -3.777788
v 1.193193 5.463396 -3.663065
v 1.048283 5.463396 -3.663065
v 1.069816 5.463396 -3.777788
v 1.064010 5.441436 -3.765394
v 1.196594 5.370255 -3.663065
v 1.044883 5.370255 -3.663065
v 1.047815 5.370255 -3.703420
v 1.193657 5.370255 -3.703420
v 1.052170 5.397520 -3.724555
v 1.189306 5.397520 -3.724555
v 1.056024 5.419477 -3.730074
v 1.185452 5.419477 -3.730074
v 0.726560 5.441436 -3.765394
v 0.720753 5.463396 -3.777788
v 0.742288 5.463396 -3.663065
v 0.597376 5.463396 -3.663065
v 0.618911 5.463396 -3.777788
v 0.613104 5.441436 -3.765394
v 0.745687 5.370255 -3.663065
v 0.593976 5.370255 -3.663065
v 0.596909 5.370255 -3.703420
v 0.742751 5.370255 -3.703420
v 0.601263 5.397520 -3.724555
v 0.738401 5.397520 -3.724555
v 0.605118 5.419477 -3.730074
v 0.734546 5.419477 -3.730074
v -0.076625 5.419477 -3.730074
v -0.068639 5.441436 -3.765394
v 0.044817 5.441436 -3.765394
v 0.052803 5.419477 -3.730074
v -0.084366 5.463396 -3.663064
v 0.060544 5.463396 -3.663064
v 0.039011 5.463396 -3.777788
v -0.062832 5.463396 -3.777788
v -0.080479 5.397520 -3.724555
v 0.056658 5.397520 -3.724555
v -0.084834 5.370255 -3.703419
v 0.061008 5.370255 -3.703419
v 0.063945 5.370255 -3.663064
v -0.087766 5.370255 -3.663064
v -0.406089 5.441436 -3.765394
v -0.411895 5.463396 -3.777788
v -0.390361 5.463396 -3.663064
v -0.535272 5.463396 -3.663064
v -0.513739 5.463396 -3.777788
v -0.519544 5.441436 -3.765394
v -0.386961 5.370255 -3.663064
v -0.538672 5.370255 -3.663064
v -0.535740 5.370255 -3.703419
v -0.389897 5.370255 -3.703419
v -0.531385 5.397520 -3.724555
v -0.394248 5.397520 -3.724555
v -0.527531 5.419477 -3.730074
v -0.398103 5.419477 -3.730074
v -1.209181 5.419477 -3.730074
v -1.201195 5.441436 -3.765394
v -1.087739 5.441436 -3.765394
v -1.079753 5.419477 -3.730074
v -1.216922 5.463396 -3.663064
v -1.072012 5.463396 -3.663064
v -1.093545 5.463396 -3.777788
v -1.195389 5.463396 -3.777788
v -1.213036 5.397520 -3.724555
v -1.075899 5.397520 -3.724555
v -1.217391 5.370255 -3.703419
v -1.071548 5.370255 -3.703419
v -1.068611 5.370255 -3.663064
v -1.220323 5.370255 -3.663064
v -1.538645 5.441436 -3.765394
v -1.544451 5.463396 -3.777788
v -1.522918 5.463396 -3.663064
v -1.667828 5.463396 -3.663064
v -1.646294 5.463396 -3.777788
v -1.652101 5.441436 -3.765394
v -1.519518 5.370255 -3.663064
v -1.671229 5.370255 -3.663064
v -1.668297 5.370255 -3.703419
v -1.522454 5.370255 -3.703419
v -1.663942 5.397520 -3.724555
v -1.526805 5.397520 -3.724555
v -1.660087 5.419477 -3.730074
v -1.530659 5.419477 -3.730074
v 1.981391 5.463395 3.666541
v 1.981391 5.575082 3.666541
v 2.095060 5.575082 3.778284
v 2.095060 5.463395 3.778284
v 2.082171 5.441436 0.308412
v 1.979842 5.463395 0.292685
v 2.094566 5.463395 0.314219
v 1.979842 5.463395 0.437595
v 2.082171 5.441436 0.421868
v 2.094566 5.463395 0.416062
v 1.979842 5.370255 0.289285
v 2.020198 5.370255 0.292221
v 2.020198 5.370255 0.438064
v 1.979842 5.370255 0.440996
v 2.041333 5.397519 0.296572
v 2.041333 5.397519 0.433709
v 2.046852 5.419477 0.300426
v 2.046852 5.419477 0.429854
v 2.082171 5.441436 0.759318
v 1.979843 5.463395 0.743591
v 2.094566 5.463395 0.765125
v 1.979843 5.463395 0.888501
v 2.082171 5.441436 0.872774
v 2.094566 5.463395 0.866968
v 1.979843 5.370255 0.740191
v 2.020198 5.370255 0.743127
v 2.020198 5.370255 0.888970
v 1.979843 5.370255 0.891902
v 2.041333 5.397519 0.747478
v 2.041333 5.397519 0.884615
v 2.046852 5.419477 0.751332
v 2.046852 5.419477 0.880760
v 2.046852 5.419477 1.562503
v 2.046852 5.419477 1.433075
v 2.082172 5.441436 1.441061
v 2.082172 5.441435 1.554517
v 1.979843 5.463395 1.570244
v 2.094566 5.463395 1.548711
v 2.094566 5.463395 1.446867
v 1.979843 5.463395 1.425334
v 2.041333 5.397519 1.566357
v 2.041333 5.397519 1.429221
v 2.020198 5.370255 1.570713
v 2.020198 5.370255 1.424870
v 1.979843 5.370255 1.421933
v 1.979843 5.370255 1.573644
v 2.082172 5.441435 1.891967
v 1.979843 5.463395 1.876240
v 2.094566 5.463395 1.897773
v 1.979843 5.463395 2.021150
v 2.082172 5.441435 2.005423
v 2.094566 5.463395 1.999617
v 1.979843 5.370255 1.872839
v 2.020198 5.370255 1.875776
v 2.020198 5.370255 2.021619
v 1.979843 5.370255 2.024550
v 2.041333 5.397519 1.880127
v 2.041333 5.397519 2.017263
v 2.046853 5.419477 1.883981
v 2.046853 5.419477 2.013409
v 2.046853 5.419477 2.695059
v 2.046853 5.419477 2.565632
v 2.082172 5.441435 2.573618
v 2.082172 5.441435 2.687074
v 1.979843 5.463395 2.702801
v 2.094566 5.463395 2.681268
v 2.094566 5.463395 2.579424
v 1.979843 5.463395 2.557890
v 2.041333 5.397519 2.698914
v 2.041333 5.397519 2.561776
v 2.020198 5.370255 2.703269
v 2.020198 5.370255 2.557426
v 1.979843 5.370255 2.554490
v 1.979843 5.370255 2.706201
v 2.082172 5.441435 3.024524
v 1.979843 5.463395 3.008796
v 2.094566 5.463395 3.030330
v 1.979843 5.463395 3.153707
v 2.082172 5.441435 3.137979
v 2.094566 5.463395 3.132173
v 1.979843 5.370255 3.005396
v 2.020198 5.370255 3.008332
v 2.020198 5.370255 3.154175
v 1.979843 5.370255 3.157107
v 2.041333 5.397519 3.012683
v 2.041333 5.397519 3.149821
v 2.046853 5.419477 3.016538
v 2.046853 5.419477 3.145965
v -2.226915 5.463395 3.664615
v -2.226915 5.575082 3.664615
v -2.226915 5.575082 3.778284
v -2.226915 5.463395 3.778284
v 1.177466 5.441435 3.765396
v 1.193194 5.463395 3.663067
v 1.171660 5.463395 3.777790
v 1.048283 5.463395 3.663067
v 1.064011 5.441435 3.765396
v 1.069817 5.463395 3.777790
v 1.196594 5.370255 3.663067
v 1.193658 5.370255 3.703422
v 1.047815 5.370255 3.703422
v 1.044883 5.370255 3.663067
v 1.189307 5.397519 3.724558
v 1.052170 5.397519 3.724558
v 1.185452 5.419477 3.730077
v 1.056025 5.419477 3.730077
v 0.726560 5.441435 3.765396
v 0.742288 5.463395 3.663067
v 0.720754 5.463395 3.777790
v 0.597377 5.463395 3.663067
v 0.613104 5.441435 3.765396
v 0.618911 5.463395 3.777790
v 0.745688 5.370255 3.663067
v 0.742752 5.370255 3.703422
v 0.596909 5.370255 3.703422
v 0.593976 5.370255 3.663067
v 0.738401 5.397519 3.724557
v 0.601264 5.397519 3.724557
v 0.734546 5.419477 3.730077
v 0.605119 5.419477 3.730077
v -0.076624 5.419477 3.730077
v 0.052803 5.419477 3.730077
v 0.044817 5.441435 3.765396
v -0.068638 5.441435 3.765396
v -0.084366 5.463395 3.663066
v -0.062832 5.463395 3.777790
v 0.039011 5.463395 3.777790
v 0.060545 5.463395 3.663066
v -0.080479 5.397519 3.724557
v 0.056658 5.397519 3.724557
v -0.084834 5.370255 3.703422
v 0.061009 5.370255 3.703422
v 0.063945 5.370255 3.663066
v -0.087766 5.370255 3.663066
v -0.406089 5.441435 3.765396
v -0.390361 5.463395 3.663066
v -0.411895 5.463395 3.777790
v -0.535272 5.463395 3.663066
v -0.519544 5.441435 3.765396
v -0.513738 5.463395 3.777790
v -0.386961 5.370255 3.663066
v -0.389897 5.370255 3.703422
v -0.535740 5.370255 3.703422
v -0.538672 5.370255 3.663066
v -0.394248 5.397519 3.724557
v -0.531385 5.397519 3.724557
v -0.398103 5.419477 3.730077
v -0.527531 5.419477 3.730077
v -1.209181 5.419477 3.730077
v -1.079753 5.419477 3.730077
v -1.087739 5.441435 3.765396
v -1.201195 5.441435 3.765396
v -1.216922 5.463395 3.663066
v -1.195388 5.463395 3.777790
v -1.093545 5.463395 3.777790
v -1.072012 5.463395 3.663066
v -1.213035 5.397519 3.724557
v -1.075898 5.397519 3.724557
v -1.217390 5.370255 3.703422
v -1.071547 5.370255 3.703422
v -1.068611 5.370255 3.663066
v -1.220322 5.370255 3.663066
v -1.538645 5.441435 3.765396
v -1.522917 5.463395 3.663066
v -1.544451 5.463395 3.777790
v -1.667828 5.463395 3.663066
v -1.652101 5.441435 3.765396
v -1.646294 5.463395 3.777790
v -1.519517 5.370255 3.663066
v -1.522453 5.370255 3.703422
v -1.668296 5.370255 3.703422
v -1.671229 5.370255 3.663066
v -1.526804 5.397519 3.724557
v -1.663942 5.397519 3.724557
v -1.530659 5.419477 3.730077
v -1.660087 5.419477 3.730077
v 1.981391 6.765008 0.000001
v 1.981391 6.876697 0.000001
v 1.981390 6.876698 -3.666540
v 1.981390 6.765008 -3.666540
v 2.095060 6.765008 0.000001
v 2.095060 6.765008 -3.778282
v 2.095060 6.876698 -3.778282
v 2.095060 6.876697 0.000001
v 2.082171 6.743050 -0.308410
v 2.094566 6.765008 -0.314216
v 1.979842 6.765008 -0.292683
v 1.979842 6.765008 -0.437594
v 2.094566 6.765008 -0.416060
v 2.082171 6.743050 -0.421866
v 1.979842 6.671868 -0.289282
v 1.979842 6.671868 -0.440994
v 2.020198 6.671868 -0.438062
v 2.020198 6.671868 -0.292219
v 2.041333 6.699132 -0.433706
v 2.041333 6.699132 -0.296570
v 2.046852 6.721091 -0.429852
v 2.046852 6.721091 -0.300424
v 2.082171 6.743050 -0.759316
v 2.094566 6.765008 -0.765122
v 1.979842 6.765008 -0.743589
v 1.979842 6.765008 -0.888499
v 2.094566 6.765008 -0.866966
v 2.082171 6.743050 -0.872772
v 1.979842 6.671868 -0.740188
v 1.979842 6.671868 -0.891900
v 2.020197 6.671868 -0.888968
v 2.020198 6.671868 -0.743125
v 2.041333 6.699132 -0.884613
v 2.041333 6.699132 -0.747476
v 2.046852 6.721091 -0.880758
v 2.046852 6.721091 -0.751330
v 2.046852 6.721091 -1.562501
v 2.082171 6.743051 -1.554515
v 2.082171 6.743050 -1.441059
v 2.046852 6.721091 -1.433073
v 1.979842 6.765008 -1.570242
v 1.979842 6.765008 -1.425332
v 2.094566 6.765008 -1.446865
v 2.094566 6.765008 -1.548709
v 2.041333 6.699132 -1.566355
v 2.041333 6.699132 -1.429218
v 2.020197 6.671868 -1.570710
v 2.020197 6.671868 -1.424868
v 1.979842 6.671868 -1.421931
v 1.979842 6.671868 -1.573642
v 2.082171 6.743051 -1.891965
v 2.094566 6.765008 -1.897771
v 1.979842 6.765008 -1.876238
v 1.979842 6.765008 -2.021148
v 2.094566 6.765008 -1.999615
v 2.082171 6.743051 -2.005421
v 1.979842 6.671868 -1.872837
v 1.979842 6.671868 -2.024548
v 2.020197 6.671868 -2.021616
v 2.020197 6.671868 -1.875774
v 2.041333 6.699132 -2.017261
v 2.041333 6.699132 -1.880124
v 2.046852 6.721091 -2.013407
v 2.046852 6.721091 -1.883979
v 2.046852 6.721091 -2.695057
v 2.082171 6.743051 -2.687071
v 2.082171 6.743051 -2.573616
v 2.046852 6.721091 -2.565629
v 1.979842 6.765008 -2.702799
v 1.979842 6.765008 -2.557888
v 2.094566 6.765008 -2.579422
v 2.094566 6.765008 -2.681265
v 2.041333 6.699132 -2.698912
v 2.041333 6.699132 -2.561775
v 2.020197 6.671868 -2.703267
v 2.020197 6.671868 -2.557424
v 1.979842 6.671868 -2.554488
v 1.979842 6.671868 -2.706199
v 2.082171 6.743051 -3.024522
v 2.094566 6.765008 -3.030328
v 1.979842 6.765008 -3.008794
v 1.979842 6.765008 -3.153705
v 2.094566 6.765008 -3.132171
v 2.082171 6.743051 -3.137978
v 1.979842 6.671868 -3.005394
v 1.979842 6.671868 -3.157105
v 2.020197 6.671868 -3.154173
v 2.020197 6.671868 -3.008330
v 2.041333 6.699132 -3.149818
v 2.041333 6.699132 -3.012681
v 2.046852 6.721091 -3.145963
v 2.046852 6.721091 -3.016536
v -2.226915 6.876698 -3.664613
v -2.226915 6.765008 -3.664613
v -2.226915 6.765008 -3.778282
v -2.226915 6.876698 -3.778282
v 1.177466 6.743051 -3.765394
v 1.171659 6.765008 -3.777788
v 1.193193 6.765008 -3.663065
v 1.048283 6.765008 -3.663065
v 1.069816 6.765008 -3.777788
v 1.064010 6.743051 -3.765394
v 1.196594 6.671868 -3.663065
v 1.044883 6.671868 -3.663065
v 1.047815 6.671868 -3.703420
v 1.193657 6.671868 -3.703420
v 1.052170 6.699132 -3.724555
v 1.189306 6.699132 -3.724555
v 1.056024 6.721091 -3.730074
v 1.185452 6.721091 -3.730074
v 0.726560 6.743051 -3.765394
v 0.720753 6.765008 -3.777788
v 0.742288 6.765008 -3.663065
v 0.597376 6.765008 -3.663065
v 0.618911 6.765008 -3.777788
v 0.613104 6.743051 -3.765394
v 0.745687 6.671868 -3.663065
v 0.593976 6.671868 -3.663065
v 0.596909 6.671868 -3.703420
v 0.742751 6.671868 -3.703420
v 0.601263 6.699132 -3.724555
v 0.738401 6.699132 -3.724555
v 0.605118 6.721091 -3.730074
v 0.734546 6.721091 -3.730074
v -0.076625 6.721091 -3.730074
v -0.068639 6.743051 -3.765394
v 0.044817 6.743051 -3.765394
v 0.052803 6.721091 -3.730074
v -0.084366 6.765008 -3.663064
v 0.060544 6.765008 -3.663064
v 0.039011 6.765008 -3.777788
v -0.062832 6.765008 -3.777788
v -0.080479 6.699132 -3.724555
v 0.056658 6.699132 -3.724555
v -0.084834 6.671868 -3.703419
v 0.061008 6.671868 -3.703419
v 0.063945 6.671868 -3.663064
v -0.087766 6.671868 -3.663064
v -0.406089 6.743051 -3.765394
v -0.411895 6.765008 -3.777788
v -0.390361 6.765008 -3.663064
v -0.535272 6.765008 -3.663064
v -0.513739 6.765008 -3.777788
v -0.519544 6.743051 -3.765394
v -0.386961 6.671868 -3.663064
v -0.538672 6.671868 -3.663064
v -0.535740 6.671868 -3.703419
v -0.389897 6.671868 -3.703419
v -0.531385 6.699132 -3.724555
v -0.394248 6.699132 -3.724555
v -0.527531 6.721091 -3.730074
v -0.398103 6.721091 -3.730074
v -1.209181 6.721091 -3.730074
v -1.201195 6.743051 -3.765394
v -1.087739 6.743051 -3.765394
v -1.079753 6.721091 -3.730074
v -1.216922 6.765008 -3.663064
v -1.072012 6.765008 -3.663064
v -1.093545 6.765008 -3.777788
v -1.195389 6.765008 -3.777788
v -1.213036 6.699132 -3.724555
v -1.075899 6.699132 -3.724555
v -1.217391 6.671868 -3.703419
v -1.071548 6.671868 -3.703419
v -1.068611 6.671868 -3.663064
v -1.220323 6.671868 -3.663064
v -1.538645 6.743051 -3.765394
v -1.544451 6.765008 -3.777788
v -1.522918 6.765008 -3.663064
v -1.667828 6.765008 -3.663064
v -1.646294 6.765008 -3.777788
v -1.652101 6.743051 -3.765394
v -1.519518 6.671868 -3.663064
v -1.671229 6.671868 -3.663064
v -1.668297 6.671868 -3.703419
v -1.522454 6.671868 -3.703419
v -1.663942 6.699132 -3.724555
v -1.526805 6.699132 -3.724555
v -1.660087 6.721091 -3.730074
v -1.530659 6.721091 -3.730074
v 1.981391 6.765007 3.666541
v 1.981391 6.876697 3.666541
v 2.095060 6.876697 3.778284
v 2.095060 6.765007 3.778284
v 2.082171 6.743050 0.308412
v 1.979842 6.765008 0.292685
v 2.094566 6.765008 0.314219
v 1.979842 6.765008 0.437595
v 2.082171 6.743050 0.421868
v 2.094566 6.765008 0.416062
v 1.979842 6.671868 0.289285
v 2.020198 6.671868 0.292221
v 2.020198 6.671868 0.438064
v 1.979842 6.671868 0.440996
v 2.041333 6.699132 0.296572
v 2.041333 6.699132 0.433709
v 2.046852 6.721091 0.300426
v 2.046852 6.721091 0.429854
v 2.082171 6.743050 0.759318
v 1.979843 6.765008 0.743591
v 2.094566 6.765008 0.765125
v 1.979843 6.765008 0.888501
v 2.082171 6.743050 0.872774
v 2.094566 6.765008 0.866968
v 1.979843 6.671868 0.740191
v 2.020198 6.671868 0.743127
v 2.020198 6.671868 0.888970
v 1.979843 6.671868 0.891902
v 2.041333 6.699132 0.747478
v 2.041333 6.699132 0.884615
v 2.046852 6.721091 0.751332
v 2.046852 6.721091 0.880760
v 2.046852 6.721090 1.562503
v 2.046852 6.721091 1.433075
v 2.082172 6.743050 1.441061
v 2.082172 6.743050 1.554517
v 1.979843 6.765007 1.570244
v 2.094566 6.765007 1.548711
v 2.094566 6.765008 1.446867
v 1.979843 6.765008 1.425334
v 2.041333 6.699131 1.566357
v 2.041333 6.699132 1.429221
v 2.020198 6.671867 1.570713
v 2.020198 6.671868 1.424870
v 1.979843 6.671868 1.421933
v 1.979843 6.671867 1.573644
v 2.082172 6.743050 1.891967
v 1.979843 6.765007 1.876240
v 2.094566 6.765007 1.897773
v 1.979843 6.765007 2.021150
v 2.082172 6.743050 2.005423
v 2.094566 6.765007 1.999617
v 1.979843 6.671867 1.872839
v 2.020198 6.671867 1.875776
v 2.020198 6.671867 2.021619
v 1.979843 6.671867 2.024550
v 2.041333 6.699131 1.880127
v 2.041333 6.699131 2.017263
v 2.046853 6.721090 1.883981
v 2.046853 6.721090 2.013409
v 2.046853 6.721090 2.695059
v 2.046853 6.721090 2.565632
v 2.082172 6.743050 2.573618
v 2.082172 6.743050 2.687074
v 1.979843 6.765007 2.702801
v 2.094566 6.765007 2.681268
v 2.094566 6.765007 2.579424
v 1.979843 6.765007 2.557890
v 2.041333 6.699131 2.698914
v 2.041333 6.699131 2.561776
v 2.020198 6.671867 2.703269
v 2.020198 6.671867 2.557426
v 1.979843 6.671867 2.554490
v 1.979843 6.671867 2.706201
v 2.082172 6.743050 3.024524
v 1.979843 6.765007 3.008796
v 2.094566 6.765007 3.030330
v 1.979843 6.765007 3.153707
v 2.082172 6.743050 3.137979
v 2.094566 6.765007 3.132173
v 1.979843 6.671867 3.005396
v 2.020198 6.671867 3.008332
v 2.020198 6.671867 3.154175
v 1.979843 6.671867 3.157107
v 2.041333 6.699131 3.012683
v 2.041333 6.699131 3.149821
v 2.046853 6.721090 3.016538
v 2.046853 6.721090 3.145965
v -2.226915 6.765007 3.664615
v -2.226915 6.876697 3.664615
v -2.226915 6.876697 3.778284
v -2.226915 6.765007 3.778284
v 1.177466 6.743050 3.765396
v 1.193194 6.765007 3.663067
v 1.171660 6.765007 3.777790
v 1.048283 6.765007 3.663067
v 1.064011 6.743050 3.765396
v 1.069817 6.765007 3.777790
v 1.196594 6.671867 3.663067
v 1.193658 6.671867 3.703422
v 1.047815 6.671867 3.703422
v 1.044883 6.671867 3.663067
v 1.189307 6.699131 3.724558
v 1.052170 6.699131 3.724558
v 1.185452 6.721090 3.730077
v 1.056025 6.721090 3.730077
v 0.726560 6.743050 3.765396
v 0.742288 6.765007 3.663067
v 0.720754 6.765007 3.777790
v 0.597377 6.765007 3.663067
v 0.613104 6.743050 3.765396
v 0.618911 6.765007 3.777790
v 0.745688 6.671867 3.663067
v 0.742752 6.671867 3.703422
v 0.596909 6.671867 3.703422
v 0.593976 6.671867 3.663067
v 0.738401 6.699131 3.724557
v 0.601264 6.699131 3.724557
v 0.734546 6.721090 3.730077
v 0.605119 6.721090 3.730077
v -0.076624 6.721090 3.730077
v 0.052803 6.721090 3.730077
v 0.044817 6.743050 3.765396
v -0.068638 6.743050 3.765396
v -0.084366 6.765007 3.663066
v -0.062832 6.765007 3.777790
v 0.039011 6.765007 3.777790
v 0.060545 6.765007 3.663066
v -0.080479 6.699131 3.724557
v 0.056658 6.699131 3.724557
v -0.084834 6.671867 3.703422
v 0.061009 6.671867 3.703422
v 0.063945 6.671867 3.663066
v -0.087766 6.671867 3.663066
v -0.406089 6.743050 3.765396
v -0.390361 6.765007 3.663066
v -0.411895 6.765007 3.777790
v -0.535272 6.765007 3.663066
v -0.519544 6.743050 3.765396
v -0.513738 6.765007 3.777790
v -0.386961 6.671867 3.663066
v -0.389897 6.671867 3.703422
v -0.535740 6.671867 3.703422
v -0.538672 6.671867 3.663066
v -0.394248 6.699131 3.724557
v -0.531385 6.699131 3.724557
v -0.398103 6.721090 3.730077
v -0.527531 6.721090 3.730077
v -1.209181 6.721090 3.730077
v -1.079753 6.721090 3.730077
v -1.087739 6.743050 3.765396
v -1.201195 6.743050 3.765396
v -1.216922 6.765007 3.663066
v -1.195388 6.765007 3.777790
v -1.093545 6.765007 3.777790
v -1.072012 6.765007 3.663066
v -1.213035 6.699131 3.724557
v -1.075898 6.699131 3.724557
v -1.217390 6.671867 3.703422
v -1.071547 6.671867 3.703422
v -1.068611 6.671867 3.663066
v -1.220322 6.671867 3.663066
v -1.538645 6.743050 3.765396
v -1.522917 6.765007 3.663066
v -1.544451 6.765007 3.777790
v -1.667828 6.765007 3.663066
v -1.652101 6.743050 3.765396
v -1.646294 6.765007 3.777790
v -1.519517 6.671867 3.663066
v -1.522453 6.671867 3.703422
v -1.668296 6.671867 3.703422
v -1.671229 6.671867 3.663066
v -1.526804 6.699131 3.724557
v -1.663942 6.699131 3.724557
v -1.530659 6.721090 3.730077
v -1.660087 6.721090 3.730077
v 1.220570 1.306827 -2.800668
v 1.220570 1.418515 -2.800668
v 1.174478 1.418515 -2.998923
v 1.174478 1.306827 -2.998923
v 1.334239 1.306827 -2.800668
v 1.288148 1.306827 -3.110665
v 1.288148 1.418515 -3.110665
v 1.334239 1.418515 -2.800668
v 1.887245 1.418515 -0.870945
v 1.887245 1.418515 0.000000
v 1.978538 1.418515 0.000000
v 1.978538 1.418515 -0.870945
v 1.286032 1.262909 -2.110212
v 1.321351 1.284868 -2.102226
v 1.321351 1.284868 -1.988771
v 1.286032 1.262909 -1.980785
v 1.219022 1.306827 -2.117954
v 1.219022 1.306827 -1.973043
v 1.333746 1.306827 -1.994577
v 1.333746 1.306827 -2.096420
v 1.280513 1.240951 -2.114067
v 1.280513 1.240951 -1.976930
v 1.259377 1.213687 -2.118422
v 1.259377 1.213687 -1.972579
v 1.219022 1.213687 -1.969643
v 1.219022 1.213687 -2.121354
v 1.321351 1.284868 -2.439677
v 1.333746 1.306827 -2.445483
v 1.219022 1.306827 -2.423949
v 1.219022 1.306827 -2.568860
v 1.333746 1.306827 -2.547327
v 1.321351 1.284868 -2.553132
v 1.219022 1.213687 -2.420549
v 1.219022 1.213687 -2.572260
v 1.259377 1.213687 -2.569328
v 1.259377 1.213687 -2.423485
v 1.280512 1.240951 -2.564973
v 1.280512 1.240951 -2.427836
v 1.286032 1.262910 -2.561118
v 1.286032 1.262909 -2.431691
v -2.177788 1.418515 -2.996996
v -2.177788 1.306827 -2.996996
v -2.177788 1.306827 -3.110665
v -2.177788 1.418515 -3.110665
v -0.076625 1.262910 -3.062458
v -0.068639 1.284868 -3.097777
v 0.044817 1.284868 -3.097777
v 0.052803 1.262910 -3.062458
v -0.084366 1.306827 -2.995448
v 0.060545 1.306827 -2.995448
v 0.039011 1.306827 -3.110171
v -0.062832 1.306827 -3.110171
v -0.080479 1.240951 -3.056938
v 0.056658 1.240951 -3.056938
v -0.084834 1.213687 -3.035803
v 0.061009 1.213687 -3.035803
v 0.063945 1.213687 -2.995448
v -0.087766 1.213687 -2.995448
v -0.406089 1.284868 -3.097777
v -0.411895 1.306827 -3.110171
v -0.390361 1.306827 -2.995448
v -0.535272 1.306827 -2.995448
v -0.513739 1.306827 -3.110171
v -0.519544 1.284868 -3.097777
v -0.386961 1.213687 -2.995448
v -0.538672 1.213687 -2.995448
v -0.535740 1.213687 -3.035803
v -0.389897 1.213687 -3.035803
v -0.531385 1.240951 -3.056938
v -0.394248 1.240951 -3.056938
v -0.527531 1.262910 -3.062458
v -0.398103 1.262910 -3.062458
v -1.209181 1.262910 -3.062458
v -1.201195 1.284868 -3.097777
v -1.087739 1.284868 -3.097777
v -1.079753 1.262910 -3.062458
v -1.216922 1.306827 -2.995448
v -1.072012 1.306827 -2.995448
v -1.093545 1.306827 -3.110171
v -1.195389 1.306827 -3.110171
v -1.213036 1.240951 -3.056938
v -1.075899 1.240951 -3.056938
v -1.217391 1.213687 -3.035803
v -1.071548 1.213687 -3.035803
v -1.068611 1.213687 -2.995448
v -1.220323 1.213687 -2.995448
v -1.538645 1.284868 -3.097777
v -1.544451 1.306827 -3.110171
v -1.522918 1.306827 -2.995448
v -1.667828 1.306827 -2.995448
v -1.646294 1.306827 -3.110171
v -1.652101 1.284868 -3.097777
v -1.519518 1.213687 -2.995448
v -1.671229 1.213687 -2.995448
v -1.668297 1.213687 -3.035803
v -1.522454 1.213687 -3.035803
v -1.663942 1.240951 -3.056938
v -1.526805 1.240951 -3.056938
v -1.660087 1.262910 -3.062458
v -1.530659 1.262910 -3.062458
v 1.220570 1.418515 -2.572726
v 1.334239 1.418515 -2.572726
v 1.220570 1.306827 -1.967376
v 1.220570 1.306827 -2.572726
v 1.334239 1.306827 -2.572726
v 1.334239 1.306827 -1.967376
v 1.334239 1.418515 -1.967376
v 1.220570 1.418515 -1.967376
v 1.174479 1.306827 -1.671019
v 1.174479 1.418515 -1.671019
v 1.288148 1.306827 -1.671019
v 1.288148 1.418515 -1.671019
v 1.174479 1.306827 -1.471686
v 1.288148 1.306827 -1.471686
v 1.288148 1.418515 -1.471686
v 1.174479 1.418515 -1.471686
v 1.887245 1.306827 -0.870945
v 1.978538 1.306827 -0.870945
v 1.887245 1.306827 0.000000
v 1.978538 1.306827 0.000000
v 1.220570 1.306826 2.800668
v 1.174479 1.306826 2.998923
v 1.174479 1.418514 2.998923
v 1.220570 1.418514 2.800668
v 1.334240 1.306826 2.800668
v 1.334240 1.418514 2.800668
v 1.288148 1.418514 3.110665
v 1.288148 1.306826 3.110665
v 1.887245 1.418515 0.870944
v 1.978539 1.418515 0.870944
v 1.286032 1.262909 2.110213
v 1.286032 1.262909 1.980785
v 1.321351 1.284868 1.988771
v 1.321351 1.284868 2.102227
v 1.219022 1.306827 2.117954
v 1.333746 1.306827 2.096420
v 1.333746 1.306827 1.994577
v 1.219022 1.306827 1.973043
v 1.280513 1.240951 2.114067
v 1.280513 1.240951 1.976930
v 1.259377 1.213687 2.118422
v 1.259377 1.213687 1.972579
v 1.219022 1.213687 1.969643
v 1.219022 1.213687 2.121354
v 1.321351 1.284868 2.439677
v 1.219022 1.306827 2.423949
v 1.333746 1.306827 2.445483
v 1.219022 1.306826 2.568860
v 1.321351 1.284868 2.553132
v 1.333746 1.306827 2.547327
v 1.219022 1.213687 2.420549
v 1.259377 1.213687 2.423485
v 1.259377 1.213686 2.569328
v 1.219022 1.213686 2.572260
v 1.280513 1.240951 2.427836
v 1.280513 1.240950 2.564973
v 1.286032 1.262909 2.431691
v 1.286032 1.262909 2.561118
v -2.177788 1.306826 2.996996
v -2.177788 1.418514 2.996996
v -2.177788 1.418514 3.110665
v -2.177788 1.306826 3.110665
v -0.076624 1.262909 3.062458
v 0.052803 1.262909 3.062458
v 0.044817 1.284868 3.097777
v -0.068638 1.284868 3.097777
v -0.084366 1.306826 2.995448
v -0.062832 1.306826 3.110172
v 0.039011 1.306826 3.110172
v 0.060545 1.306826 2.995448
v -0.080479 1.240950 3.056939
v 0.056658 1.240950 3.056939
v -0.084834 1.213686 3.035803
v 0.061009 1.213686 3.035803
v 0.063945 1.213686 2.995448
v -0.087766 1.213686 2.995448
v -0.406089 1.284868 3.097777
v -0.390361 1.306826 2.995448
v -0.411895 1.306826 3.110172
v -0.535272 1.306826 2.995448
v -0.519544 1.284868 3.097777
v -0.513738 1.306826 3.110172
v -0.386961 1.213686 2.995448
v -0.389897 1.213686 3.035803
v -0.535740 1.213686 3.035803
v -0.538672 1.213686 2.995448
v -0.394248 1.240950 3.056939
v -0.531385 1.240950 3.056939
v -0.398103 1.262909 3.062458
v -0.527531 1.262909 3.062458
v -1.209181 1.262909 3.062458
v -1.079753 1.262909 3.062458
v -1.087739 1.284868 3.097777
v -1.201195 1.284868 3.097777
v -1.216922 1.306826 2.995448
v -1.195388 1.306826 3.110172
v -1.093545 1.306826 3.110172
v -1.072012 1.306826 2.995448
v -1.213035 1.240950 3.056939
v -1.075898 1.240950 3.056939
v -1.217390 1.213686 3.035803
v -1.071547 1.213686 3.035803
v -1.068611 1.213686 2.995448
v -1.220322 1.213686 2.995448
v -1.538645 1.284868 3.097777
v -1.522917 1.306826 2.995448
v -1.544451 1.306826 3.110172
v -1.667828 1.306826 2.995448
v -1.652101 1.284868 3.097777
v -1.646294 1.306826 3.110172
v -1.519517 1.213686 2.995448
v -1.522453 1.213686 3.035803
v -1.668296 1.213686 3.035803
v -1.671229 1.213686 2.995448
v -1.526804 1.240950 3.056939
v -1.663942 1.240950 3.056939
v -1.530659 1.262909 3.062458
v -1.660087 1.262909 3.062458
v 1.334240 1.418514 2.572726
v 1.220570 1.418514 2.572726
v 1.220570 1.306827 1.967376
v 1.334240 1.306827 1.967376
v 1.334240 1.306826 2.572726
v 1.220570 1.306826 2.572726
v 1.334240 1.418515 1.967376
v 1.220570 1.418515 1.967376
v 1.174479 1.306827 1.671019
v 1.174479 1.418515 1.671019
v 1.288148 1.306827 1.671019
v 1.288148 1.418515 1.671019
v 1.174479 1.306827 1.471686
v 1.288148 1.306827 1.471686
v 1.288148 1.418515 1.471686
v 1.174479 1.418515 1.471686
v 1.887245 1.306827 0.870944
v 1.978539 1.306827 0.870944
v 1.686566 0.331188 -0.027632
v 1.686566 0.027632 -0.027632
v 1.655329 0.027632 -0.027632
v 1.655329 0.331188 -0.027632
v 1.686566 0.027632 -0.416520
v 1.655329 0.027632 -0.416520
v 1.686566 0.331188 -0.416520
v 1.655329 0.331188 -0.416520
v 1.686566 0.331188 0.027632
v 1.655329 0.331188 0.027632
v 1.655329 0.027632 0.027632
v 1.686566 0.027632 0.027632
v 1.655329 0.027632 0.416520
v 1.686566 0.027632 0.416520
v 1.655329 0.331188 0.416520
v 1.686566 0.331188 0.416520
v 1.674406 1.171350 -0.062279
v 1.674406 0.999376 -0.062279
v 1.658068 0.999376 -0.062279
v 1.658068 1.171350 -0.062279
v 1.674406 1.171350 -0.235742
v 1.674406 1.171350 -0.381873
v 1.674406 1.205997 -0.416520
v 1.674406 1.205997 -0.235742
v 1.674406 0.781049 -0.381873
v 1.674406 0.974068 -0.381873
v 1.658068 0.974068 -0.381873
v 1.658068 0.781049 -0.381873
v 1.674406 0.365836 -0.208410
v 1.674406 0.365836 -0.062279
v 1.674406 0.331188 -0.027632
v 1.674406 0.331188 -0.208410
v 1.674406 1.205997 -0.027632
v 1.658068 1.205997 -0.027632
v 1.658068 0.999376 -0.027632
v 1.674406 0.999376 -0.027632
v 1.658068 1.205997 -0.416520
v 1.658068 1.205997 -0.235742
v 1.674406 0.537810 -0.062279
v 1.658068 0.365836 -0.062279
v 1.658068 0.537810 -0.062279
v 1.658068 0.331188 -0.027632
v 1.658068 0.331188 -0.208410
v 1.674406 0.781049 -0.062279
v 1.674406 0.974068 -0.062279
v 1.674406 0.974068 -0.027632
v 1.674406 0.781049 -0.027632
v 1.674406 0.781049 -0.416520
v 1.674406 0.974068 -0.416520
v 1.658068 1.171350 -0.208410
v 1.658068 1.205997 -0.208410
v 1.658068 0.974068 -0.027632
v 1.658068 0.781049 -0.027632
v 1.674406 0.331188 -0.416520
v 1.658068 0.331188 -0.416520
v 1.658068 0.537810 -0.416520
v 1.674406 0.537810 -0.416520
v 1.658068 1.171350 -0.381873
v 1.658068 1.171350 -0.235742
v 1.658068 0.365836 -0.235742
v 1.658068 0.365836 -0.381873
v 1.658068 0.331188 -0.235742
v 1.658068 0.365836 -0.208410
v 1.674406 0.999376 -0.416520
v 1.658068 0.999376 -0.416520
v 1.674406 0.563118 -0.416520
v 1.658068 0.563118 -0.416520
v 1.658068 0.756137 -0.416520
v 1.674406 0.756137 -0.416520
v 1.658068 0.781049 -0.416520
v 1.658068 0.974068 -0.416520
v 1.674406 0.365836 -0.381873
v 1.674406 0.537810 -0.381873
v 1.658068 0.537810 -0.381873
v 1.674406 0.756137 -0.027632
v 1.658068 0.756137 -0.027632
v 1.658068 0.563118 -0.027632
v 1.674406 0.563118 -0.027632
v 1.658068 0.756137 -0.062279
v 1.658068 0.781049 -0.062279
v 1.658068 0.781049 -0.208410
v 1.658068 0.756137 -0.208410
v 1.674406 0.537810 -0.027632
v 1.658068 0.537810 -0.027632
v 1.658068 0.756137 -0.381873
v 1.674406 0.756137 -0.381873
v 1.658068 0.756137 -0.235742
v 1.658068 0.781049 -0.235742
v 1.674406 0.756137 -0.062279
v 1.674406 0.756137 -0.208410
v 1.674406 0.781049 -0.208410
v 1.674406 0.563118 -0.381873
v 1.658068 0.999376 -0.381873
v 1.674406 0.999376 -0.381873
v 1.658068 0.563118 -0.381873
v 1.674406 0.563118 -0.062279
v 1.658068 0.563118 -0.062279
v 1.658068 0.974068 -0.062279
v 1.674406 1.171350 -0.208410
v 1.674406 1.205997 -0.208410
v 1.674406 0.781049 -0.235742
v 1.674406 0.365836 -0.235742
v 1.674406 0.331188 -0.235742
v 1.674406 0.756137 -0.235742
v 1.674406 0.563118 -0.235742
v 1.674406 0.537810 -0.235742
v 1.674406 0.999376 -0.208410
v 1.658068 0.999376 -0.208410
v 1.658068 0.563118 -0.235742
v 1.674406 0.537810 -0.208410
v 1.674406 0.563118 -0.208410
v 1.658068 0.974068 -0.208410
v 1.674406 0.974068 -0.208410
v 1.674406 0.999376 -0.235742
v 1.674406 0.974068 -0.235742
v 1.658068 0.537810 -0.235742
v 1.658068 0.974068 -0.235742
v 1.658068 0.999376 -0.235742
v 1.658068 0.537810 -0.208410
v 1.658068 0.563118 -0.208410
v 1.674406 1.171350 0.062279
v 1.658068 1.171350 0.062279
v 1.658068 0.999376 0.062279
v 1.674406 0.999376 0.062279
v 1.674406 1.171350 0.235742
v 1.674406 1.205997 0.235742
v 1.674406 1.205997 0.416520
v 1.674406 1.171350 0.381873
v 1.674406 0.781049 0.381873
v 1.658068 0.781049 0.381873
v 1.658068 0.974068 0.381873
v 1.674406 0.974068 0.381873
v 1.674406 0.365836 0.208410
v 1.674406 0.331188 0.208410
v 1.674406 0.331188 0.027632
v 1.674406 0.365836 0.062279
v 1.674406 1.205997 0.027632
v 1.674406 0.999376 0.027632
v 1.658068 0.999376 0.027632
v 1.658068 1.205997 0.027632
v 1.658068 1.205997 0.235742
v 1.658068 1.205997 0.416520
v 1.674406 0.537810 0.062279
v 1.658068 0.537810 0.062279
v 1.658068 0.365836 0.062279
v 1.658068 0.331188 0.208410
v 1.658068 0.331188 0.027632
v 1.674406 0.781049 0.062279
v 1.674406 0.781049 0.027632
v 1.674406 0.974068 0.027632
v 1.674406 0.974068 0.062279
v 1.674406 0.974068 0.416520
v 1.674406 0.781049 0.416520
v 1.658068 1.171350 0.208410
v 1.658068 1.205997 0.208410
v 1.658068 0.781049 0.027632
v 1.658068 0.974068 0.027632
v 1.674406 0.331188 0.416520
v 1.674406 0.537810 0.416520
v 1.658068 0.537810 0.416520
v 1.658068 0.331188 0.416520
v 1.658068 1.171350 0.381873
v 1.658068 1.171350 0.235742
v 1.658068 0.365836 0.235742
v 1.658068 0.331188 0.235742
v 1.658068 0.365836 0.381873
v 1.658068 0.365836 0.208410
v 1.674406 0.999376 0.416520
v 1.658068 0.999376 0.416520
v 1.674406 0.563118 0.416520
v 1.674406 0.756137 0.416520
v 1.658068 0.756137 0.416520
v 1.658068 0.563118 0.416520
v 1.658068 0.974068 0.416520
v 1.658068 0.781049 0.416520
v 1.674406 0.365836 0.381873
v 1.658068 0.537810 0.381873
v 1.674406 0.537810 0.381873
v 1.674406 0.756137 0.027632
v 1.674406 0.563118 0.027632
v 1.658068 0.563118 0.027632
v 1.658068 0.756137 0.027632
v 1.658068 0.756137 0.062279
v 1.658068 0.756137 0.208410
v 1.658068 0.781049 0.208410
v 1.658068 0.781049 0.062279
v 1.674406 0.537810 0.027632
v 1.658068 0.537810 0.027632
v 1.658068 0.756137 0.381873
v 1.674406 0.756137 0.381873
v 1.658068 0.756137 0.235742
v 1.658068 0.781049 0.235742
v 1.674406 0.756137 0.062279
v 1.674406 0.781049 0.208410
v 1.674406 0.756137 0.208410
v 1.674406 0.563118 0.381873
v 1.658068 0.999376 0.381873
v 1.674406 0.999376 0.381873
v 1.658068 0.563118 0.381873
v 1.658068 0.563118 0.062279
v 1.674406 0.563118 0.062279
v 1.658068 0.974068 0.062279
v 1.674406 1.205997 0.208410
v 1.674406 1.171350 0.208410
v 1.674406 0.781049 0.235742
v 1.674406 0.331188 0.235742
v 1.674406 0.365836 0.235742
v 1.674406 0.756137 0.235742
v 1.674406 0.563118 0.235742
v 1.674406 0.537810 0.235742
v 1.658068 0.999376 0.208410
v 1.674406 0.999376 0.208410
v 1.658068 0.563118 0.235742
v 1.674406 0.563118 0.208410
v 1.674406 0.537810 0.208410
v 1.674406 0.974068 0.208410
v 1.658068 0.974068 0.208410
v 1.674406 0.999376 0.235742
v 1.674406 0.974068 0.235742
v 1.658068 0.537810 0.235742
v 1.658068 0.974068 0.235742
v 1.658068 0.999376 0.235742
v 1.658068 0.537810 0.208410
v 1.658068 0.563118 0.208410
vt 0.031162 0.405688
vt 0.031162 0.405688
vt 0.031162 0.405688
vt 0.031162 0.405688
vt 0.031162 0.405688
vt 0.031162 0.405688
vt 0.031162 0.405688
vt 0.031162 0.405688
vt 0.031162 0.405688
vt 0.031162 0.405688
vt 0.031162 0.405688
vt 0.031162 0.405688
vt 0.031162 0.405688
vt 0.031162 0.405688
vt 0.031162 0.405688
vt 0.031162 0.405688
vt 0.031162 0.405688
vt 0.031162 0.405688
vt 0.031162 0.405688
vt 0.031162 0.405688
vt 0.031162 0.405688
vt 0.031162 0.405688
vt 0.031162 0.405688
vt 0.031162 0.405688
vt 0.095615 0.405688
vt 0.095615 0.405688
vt 0.095615 0.405688
vt 0.095615 0.405688
vt 0.095615 0.405688
vt 0.095615 0.405688
vt 0.095615 0.405688
vt 0.095615 0.405688
vt 0.095615 0.405688
vt 0.095615 0.405688
vt 0.095615 0.405688
vt 0.095615 0.405688
vt 0.156875 0.406875
vt 0.156875 0.406875
vt 0.156875 0.406875
vt 0.156875 0.406875
vt 0.156875 0.406875
vt 0.156875 0.406875
vt 0.156875 0.406875
vt 0.156875 0.406875
vt 0.156875 0.406875
vt 0.156875 0.406875
vt 0.156875 0.406875
vt 0.156875 0.406875
vt 0.156875 0.406875
vt 0.156875 0.406875
vt 0.156875 0.406875
vt 0.156875 0.406875
vt 0.156875 0.406875
vt 0.156875 0.406875
vt 0.156875 0.406875
vt 0.156875 0.406875
vt 0.156875 0.406875
vt 0.156875 0.406875
vt 0.156875 0.406875
vt 0.156875 0.406875
vt 0.031162 0.405688
vt 0.031162 0.405688
vt 0.031162 0.405688
vt 0.031162 0.405688
vt 0.031162 0.405688
vt 0.031162 0.405688
vt 0.031162 0.405688
vt 0.031162 0.405688
vt 0.031162 0.405688
vt 0.031162 0.405688
vt 0.031162 0.405688
vt 0.031162 0.405688
vt 0.031162 0.405688
vt 0.031162 0.405688
vt 0.031162 0.405688
vt 0.031162 0.405688
vt 0.031162 0.405688
vt 0.031162 0.405688
vt 0.031162 0.405688
vt 0.031162 0.405688
vt 0.031162 0.405688
vt 0.031162 0.405688
vt 0.031162 0.405688
vt 0.031162 0.405688
vt 0.095615 0.405688
vt 0.095615 0.405688
vt 0.095615 0.405688
vt 0.095615 0.405688
vt 0.095615 0.405688
vt 0.095615 0.405688
vt 0.095615 0.405688
vt 0.095615 0.405688
vt 0.095615 0.405688
vt 0.095615 0.405688
vt 0.095615 0.405688
vt 0.095615 0.405688
vt 0.156875 0.406875
vt 0.156875 0.406875
vt 0.156875 0.406875
vt 0.156875 0.406875
vt 0.156875 0.406875
vt 0.156875 0.406875
vt 0.156875 0.406875
vt 0.156875 0.406875
vt 0.156875 0.406875
vt 0.156875 0.406875
vt 0.156875 0.406875
vt 0.156875 0.406875
vt 0.156875 0.406875
vt 0.156875 0.406875
vt 0.156875 0.406875
vt 0.156875 0.406875
vt 0.156875 0.406875
vt 0.156875 0.406875
vt 0.156875 0.406875
vt 0.156875 0.406875
vt 0.156875 0.406875
vt 0.156875 0.406875
vt 0.156875 0.406875
vt 0.156875 0.406875
vt 0.031162 0.405688
vt 0.031162 0.405688
vt 0.031162 0.405688
vt 0.031162 0.405688
vt 0.031162 0.405688
vt 0.031162 0.405688
vt 0.031162 0.405688
vt 0.031162 0.405688
vt 0.031162 0.405688
vt 0.031162 0.405688
vt 0.031162 0.405688
vt 0.031162 0.405688
vt 0.031162 0.405688
vt 0.031162 0.405688
vt 0.031162 0.405688
vt 0.031162 0.405688
vt 0.031162 0.405688
vt 0.031162 0.405688
vt 0.031162 0.405688
vt 0.031162 0.405688
vt 0.031162 0.405688
vt 0.031162 0.405688
vt 0.031162 0.405688
vt 0.031162 0.405688
vt 0.095615 0.405688
vt 0.095615 0.405688
vt 0.095615 0.405688
vt 0.095615 0.405688
vt 0.095615 0.405688
vt 0.095615 0.405688
vt 0.095615 0.405688
vt 0.095615 0.405688
vt 0.095615 0.405688
vt 0.095615 0.405688
vt 0.095615 0.405688
vt 0.095615 0.405688
vt 0.156875 0.406875
vt 0.156875 0.406875
vt 0.156875 0.406875
vt 0.156875 0.406875
vt 0.156875 0.406875
vt 0.156875 0.406875
vt 0.156875 0.406875
vt 0.156875 0.406875
vt 0.156875 0.406875
vt 0.156875 0.406875
vt 0.156875 0.406875
vt 0.156875 0.406875
vt 0.156875 0.406875
vt 0.156875 0.406875
vt 0.156875 0.406875
vt 0.156875 0.406875
vt 0.156875 0.406875
vt 0.156875 0.406875
vt 0.156875 0.406875
vt 0.156875 0.406875
vt 0.156875 0.406875
vt 0.156875 0.406875
vt 0.156875 0.406875
vt 0.156875 0.406875
vt 0.031162 0.405688
vt 0.031162 0.405688
vt 0.031162 0.405688
vt 0.031162 0.405688
vt 0.031162 0.405688
vt 0.031162 0.405688
vt 0.031162 0.405688
vt 0.031162 0.405688
vt 0.031162 0.405688
vt 0.031162 0.405688
vt 0.031162 0.405688
vt 0.031162 0.405688
vt 0.031162 0.405688
vt 0.031162 0.405688
vt 0.031162 0.405688
vt 0.031162 0.405688
vt 0.031162 0.405688
vt 0.031162 0.405688
vt 0.031162 0.405688
vt 0.031162 0.405688
vt 0.031162 0.405688
vt 0.031162 0.405688
vt 0.031162 0.405688
vt 0.031162 0.405688
vt 0.095615 0.405688
vt 0.095615 0.405688
vt 0.095615 0.405688
vt 0.095615 0.405688
vt 0.095615 0.405688
vt 0.095615 0.405688
vt 0.095615 0.405688
vt 0.095615 0.405688
vt 0.095615 0.405688
vt 0.095615 0.405688
vt 0.095615 0.405688
vt 0.095615 0.405688
vt 0.156875 0.406875
vt 0.156875 0.406875
vt 0.156875 0.406875
vt 0.156875 0.406875
vt 0.156875 0.406875
vt 0.156875 0.406875
vt 0.156875 0.406875
vt 0.156875 0.406875
vt 0.156875 0.406875
vt 0.156875 0.406875
vt 0.156875 0.406875
vt 0.156875 0.406875
vt 0.156875 0.406875
vt 0.156875 0.406875
vt 0.156875 0.406875
vt 0.156875 0.406875
vt 0.156875 0.406875
vt 0.156875 0.406875
vt 0.156875 0.406875
vt 0.156875 0.406875
vt 0.156875 0.406875
vt 0.156875 0.406875
vt 0.156875 0.406875
vt 0.156875 0.406875
vt 0.031162 0.405688
vt 0.031162 0.405688
vt 0.031162 0.405688
vt 0.031162 0.405688
vt 0.031162 0.405688
vt 0.031162 0.405688
vt 0.094012 0.406281
vt 0.094012 0.406281
vt 0.094012 0.406281
vt 0.031162 0.405688
vt 0.031162 0.405688
vt 0.031162 0.405688
vt 0.094012 0.406281
vt 0.094012 0.406281
vt 0.094012 0.406281
vt 0.094012 0.406281
vt 0.031162 0.405688
vt 0.031162 0.405688
vt 0.031162 0.405688
vt 0.031162 0.405688
vt 0.031162 0.405688
vt 0.031162 0.405688
vt 0.156875 0.406875
vt 0.156875 0.406875
vt 0.156875 0.406875
vt 0.156875 0.406875
vt 0.031162 0.405688
vt 0.031162 0.405688
vt 0.031162 0.405688
vt 0.094012 0.406281
vt 0.031162 0.405688
vt 0.031162 0.405688
vt 0.031162 0.405688
vt 0.031162 0.405688
vt 0.031162 0.405688
vt 0.031162 0.405688
vt 0.031162 0.405688
vt 0.031162 0.405688
vt 0.031162 0.405688
vt 0.031162 0.405688
vt 0.156875 0.406875
vt 0.156875 0.406875
vt 0.156875 0.406875
vt 0.156875 0.406875
vt 0.031162 0.405688
vt 0.031162 0.405688
vt 0.093543 0.406318
vt 0.093543 0.406318
vt 0.093543 0.406318
vt 0.093543 0.406318
vt 0.093543 0.406318
vt 0.093543 0.406318
vt 0.093543 0.406318
vt 0.093543 0.406318
vt 0.093543 0.406318
vt 0.093543 0.406318
vt 0.093543 0.406318
vt 0.093543 0.406318
vt 0.093543 0.406318
vt 0.093543 0.406318
vt 0.093543 0.406318
vt 0.093543 0.406318
vt 0.093543 0.406318
vt 0.093543 0.406318
vt 0.093543 0.406318
vt 0.093543 0.406318
vt 0.093543 0.406318
vt 0.093543 0.406318
vt 0.093543 0.406318
vt 0.093543 0.406318
vt 0.093543 0.406318
vt 0.093543 0.406318
vt 0.093543 0.406318
vt 0.093543 0.406318
vt 0.093543 0.406318
vt 0.093543 0.406318
vt 0.093543 0.406318
vt 0.093543 0.406318
vt 0.093543 0.406318
vt 0.093543 0.406318
vt 0.093543 0.406318
vt 0.093543 0.406318
vt 0.093543 0.406318
vt 0.093543 0.406318
vt 0.093543 0.406318
vt 0.093543 0.406318
vt 0.093543 0.406318
vt 0.093543 0.406318
vt 0.093543 0.406318
vt 0.093543 0.406318
vt 0.093543 0.406318
vt 0.093543 0.406318
vt 0.093543 0.406318
vt 0.093543 0.406318
vt 0.093543 0.406318
vt 0.093543 0.406318
vt 0.093543 0.406318
vt 0.093543 0.406318
vt 0.093543 0.406318
vt 0.093543 0.406318
vt 0.093543 0.406318
vt 0.093543 0.406318
vt 0.093543 0.406318
vt 0.093543 0.406318
vt 0.093543 0.406318
vt 0.093543 0.406318
vt 0.093543 0.406318
vt 0.093543 0.406318
vt 0.093543 0.406318
vt 0.093543 0.406318
vt 0.093543 0.406318
vt 0.093543 0.406318
vt 0.093543 0.406318
vt 0.093543 0.406318
vt 0.093543 0.406318
vt 0.093543 0.406318
vt 0.093543 0.406318
vt 0.093543 0.406318
vt 0.093543 0.406318
vt 0.093543 0.406318
vt 0.093543 0.406318
vt 0.093543 0.406318
vt 0.093543 0.406318
vt 0.093543 0.406318
vt 0.093543 0.406318
vt 0.093543 0.406318
vt 0.034886 0.029483
vt 0.034886 0.029483
vt 0.034886 0.029483
vt 0.034886 0.029483
vt 0.034886 0.029483
vt 0.034886 0.029483
vt 0.034886 0.029483
vt 0.034886 0.029483
vt 0.034886 0.029483
vt 0.034886 0.029483
vt 0.034886 0.029483
vt 0.034886 0.029483
vt 0.034886 0.029483
vt 0.034886 0.029483
vt 0.034886 0.029483
vt 0.034886 0.029483
vt 0.034886 0.029483
vt 0.034886 0.029483
vt 0.034886 0.029483
vt 0.034886 0.029483
vt 0.034886 0.029483
vt 0.034886 0.029483
vt 0.034886 0.029483
vt 0.034886 0.029483
vt 0.031162 0.405688
vt 0.156875 0.406875
vt 0.156875 0.406875
vt 0.031162 0.405688
vt 0.156875 0.406875
vt 0.156875 0.406875
vt 0.031162 0.405688
vt 0.031162 0.405688
vt 0.031162 0.405688
vt 0.031162 0.405688
vt 0.031162 0.405688
vt 0.031162 0.405688
vt 0.031162 0.405688
vt 0.031162 0.405688
vt 0.031162 0.405688
vt 0.031162 0.405688
vt 0.156875 0.406875
vt 0.156875 0.406875
vt 0.156875 0.406875
vt 0.156875 0.406875
vt 0.156875 0.406875
vt 0.156875 0.406875
vt 0.156875 0.406875
vt 0.156875 0.406875
vt 0.156875 0.406875
vt 0.156875 0.406875
vt 0.156875 0.406875
vt 0.156875 0.406875
vt 0.031162 0.405688
vt 0.093542 0.406318
vt 0.093542 0.406318
vt 0.093542 0.406318
vt 0.093542 0.406318
vt 0.031162 0.405688
vt 0.093542 0.406318
vt 0.093542 0.406318
vt 0.156875 0.406875
vt 0.156875 0.406875
vt 0.093542 0.406318
vt 0.093542 0.406318
vt 0.093542 0.406318
vt 0.093542 0.406318
vt 0.093542 0.406318
vt 0.093542 0.406318
vt 0.093542 0.406318
vt 0.093542 0.406318
vt 0.093542 0.406318
vt 0.034886 0.029483
vt 0.034886 0.029483
vt 0.034886 0.029483
vt 0.034886 0.029483
vt 0.034886 0.029483
vt 0.034886 0.029483
vt 0.093542 0.406318
vt 0.093542 0.406318
vt 0.093542 0.406318
vt 0.094012 0.406281
vt 0.156875 0.406875
vt 0.156875 0.406875
vt 0.031162 0.405688
vt 0.031162 0.405688
vt 0.031162 0.405688
vt 0.031162 0.405688
vt 0.031162 0.405688
vt 0.031162 0.405688
vt 0.094012 0.406281
vt 0.094012 0.406281
vt 0.094012 0.406281
vt 0.031162 0.405688
vt 0.031162 0.405688
vt 0.031162 0.405688
vt 0.094012 0.406281
vt 0.094012 0.406281
vt 0.031162 0.405688
vt 0.031162 0.405688
vt 0.031162 0.405688
vt 0.031162 0.405688
vt 0.031162 0.405688
vt 0.031162 0.405688
vt 0.156875 0.406875
vt 0.156875 0.406875
vt 0.156875 0.406875
vt 0.156875 0.406875
vt 0.031162 0.405688
vt 0.031162 0.405688
vt 0.031162 0.405688
vt 0.094012 0.406281
vt 0.031162 0.405688
vt 0.031162 0.405688
vt 0.031162 0.405688
vt 0.031162 0.405688
vt 0.031162 0.405688
vt 0.031162 0.405688
vt 0.031162 0.405688
vt 0.031162 0.405688
vt 0.031162 0.405688
vt 0.031162 0.405688
vt 0.156875 0.406875
vt 0.156875 0.406875
vt 0.156875 0.406875
vt 0.156875 0.406875
vt 0.031162 0.405688
vt 0.031162 0.405688
vt 0.093543 0.406318
vt 0.093543 0.406318
vt 0.093543 0.406318
vt 0.093543 0.406318
vt 0.093543 0.406318
vt 0.093543 0.406318
vt 0.093543 0.406318
vt 0.093543 0.406318
vt 0.093543 0.406318
vt 0.093543 0.406318
vt 0.093543 0.406318
vt 0.093543 0.406318
vt 0.093543 0.406318
vt 0.093543 0.406318
vt 0.093543 0.406318
vt 0.093543 0.406318
vt 0.093543 0.406318
vt 0.093543 0.406318
vt 0.093543 0.406318
vt 0.093543 0.406318
vt 0.093543 0.406318
vt 0.093543 0.406318
vt 0.093543 0.406318
vt 0.093543 0.406318
vt 0.093543 0.406318
vt 0.093543 0.406318
vt 0.093543 0.406318
vt 0.093543 0.406318
vt 0.093543 0.406318
vt 0.093543 0.406318
vt 0.093543 0.406318
vt 0.093543 0.406318
vt 0.093543 0.406318
vt 0.093543 0.406318
vt 0.093543 0.406318
vt 0.093543 0.406318
vt 0.093543 0.406318
vt 0.093543 0.406318
vt 0.093543 0.406318
vt 0.093543 0.406318
vt 0.093543 0.406318
vt 0.093543 0.406318
vt 0.093543 0.406318
vt 0.093543 0.406318
vt 0.093543 0.406318
vt 0.093543 0.406318
vt 0.093543 0.406318
vt 0.093543 0.406318
vt 0.093543 0.406318
vt 0.093543 0.406318
vt 0.093543 0.406318
vt 0.093543 0.406318
vt 0.093543 0.406318
vt 0.093543 0.406318
vt 0.093543 0.406318
vt 0.093543 0.406318
vt 0.093543 0.406318
vt 0.093543 0.406318
vt 0.093543 0.406318
vt 0.093543 0.406318
vt 0.093543 0.406318
vt 0.093543 0.406318
vt 0.093543 0.406318
vt 0.093543 0.406318
vt 0.093543 0.406318
vt 0.093543 0.406318
vt 0.093543 0.406318
vt 0.093543 0.406318
vt 0.093543 0.406318
vt 0.093543 0.406318
vt 0.093543 0.406318
vt 0.093543 0.406318
vt 0.093543 0.406318
vt 0.093543 0.406318
vt 0.093543 0.406318
vt 0.093543 0.406318
vt 0.093543 0.406318
vt 0.093543 0.406318
vt 0.093543 0.406318
vt 0.093543 0.406318
vt 0.034886 0.029483
vt 0.034886 0.029483
vt 0.034886 0.029483
vt 0.034886 0.029483
vt 0.034886 0.029483
vt 0.034886 0.029483
vt 0.034886 0.029483
vt 0.034886 0.029483
vt 0.034886 0.029483
vt 0.034886 0.029483
vt 0.034886 0.029483
vt 0.034886 0.029483
vt 0.034886 0.029483
vt 0.034886 0.029483
vt 0.034886 0.029483
vt 0.034886 0.029483
vt 0.034886 0.029483
vt 0.034886 0.029483
vt 0.034886 0.029483
vt 0.034886 0.029483
vt 0.034886 0.029483
vt 0.034886 0.029483
vt 0.034886 0.029483
vt 0.034886 0.029483
vt 0.031162 0.405688
vt 0.156875 0.406875
vt 0.156875 0.406875
vt 0.031162 0.405688
vt 0.156875 0.406875
vt 0.156875 0.406875
vt 0.031162 0.405688
vt 0.031162 0.405688
vt 0.031162 0.405688
vt 0.031162 0.405688
vt 0.031162 0.405688
vt 0.031162 0.405688
vt 0.156875 0.406875
vt 0.156875 0.406875
vt 0.156875 0.406875
vt 0.156875 0.406875
vt 0.156875 0.406875
vt 0.156875 0.406875
vt 0.156875 0.406875
vt 0.156875 0.406875
vt 0.156875 0.406875
vt 0.156875 0.406875
vt 0.156875 0.406875
vt 0.156875 0.406875
vt 0.093542 0.406318
vt 0.093542 0.406318
vt 0.093542 0.406318
vt 0.093542 0.406318
vt 0.093542 0.406318
vt 0.093542 0.406318
vt 0.156875 0.406875
vt 0.156875 0.406875
vt 0.093542 0.406318
vt 0.093542 0.406318
vt 0.093542 0.406318
vt 0.093542 0.406318
vt 0.093542 0.406318
vt 0.093542 0.406318
vt 0.034886 0.029483
vt 0.034886 0.029483
vt 0.034886 0.029483
vt 0.034886 0.029483
vt 0.034886 0.029483
vt 0.034886 0.029483
vt 0.093542 0.406318
vt 0.093542 0.406318
vt 0.093542 0.406318
vt 0.094012 0.406281
vt 0.031162 0.405688
vt 0.031162 0.405688
vt 0.031162 0.405688
vt 0.031162 0.405688
vt 0.031162 0.405688
vt 0.031162 0.405688
vt 0.031162 0.405688
vt 0.031162 0.405688
vt 0.031162 0.405688
vt 0.031162 0.405688
vt 0.031162 0.405688
vt 0.031162 0.405688
vt 0.031162 0.405688
vt 0.031162 0.405688
vt 0.031162 0.405688
vt 0.031162 0.405688
vt 0.031162 0.405688
vt 0.031162 0.405688
vt 0.031162 0.405688
vt 0.031162 0.405688
vt 0.031162 0.405688
vt 0.031162 0.405688
vt 0.031162 0.405688
vt 0.031162 0.405688
vt 0.095615 0.405688
vt 0.095615 0.405688
vt 0.095615 0.405688
vt 0.095615 0.405688
vt 0.095615 0.405688
vt 0.095615 0.405688
vt 0.095615 0.405688
vt 0.095615 0.405688
vt 0.095615 0.405688
vt 0.095615 0.405688
vt 0.095615 0.405688
vt 0.095615 0.405688
vt 0.156875 0.406875
vt 0.156875 0.406875
vt 0.156875 0.406875
vt 0.156875 0.406875
vt 0.156875 0.406875
vt 0.156875 0.406875
vt 0.156875 0.406875
vt 0.156875 0.406875
vt 0.156875 0.406875
vt 0.156875 0.406875
vt 0.156875 0.406875
vt 0.156875 0.406875
vt 0.156875 0.406875
vt 0.156875 0.406875
vt 0.156875 0.406875
vt 0.156875 0.406875
vt 0.156875 0.406875
vt 0.156875 0.406875
vt 0.156875 0.406875
vt 0.156875 0.406875
vt 0.156875 0.406875
vt 0.156875 0.406875
vt 0.156875 0.406875
vt 0.156875 0.406875
vt 0.031162 0.405688
vt 0.031162 0.405688
vt 0.031162 0.405688
vt 0.031162 0.405688
vt 0.031162 0.405688
vt 0.031162 0.405688
vt 0.031162 0.405688
vt 0.031162 0.405688
vt 0.031162 0.405688
vt 0.031162 0.405688
vt 0.031162 0.405688
vt 0.031162 0.405688
vt 0.031162 0.405688
vt 0.031162 0.405688
vt 0.031162 0.405688
vt 0.031162 0.405688
vt 0.031162 0.405688
vt 0.031162 0.405688
vt 0.031162 0.405688
vt 0.031162 0.405688
vt 0.031162 0.405688
vt 0.031162 0.405688
vt 0.031162 0.405688
vt 0.031162 0.405688
vt 0.095615 0.405688
vt 0.095615 0.405688
vt 0.095615 0.405688
vt 0.095615 0.405688
vt 0.095615 0.405688
vt 0.095615 0.405688
vt 0.095615 0.405688
vt 0.095615 0.405688
vt 0.095615 0.405688
vt 0.095615 0.405688
vt 0.095615 0.405688
vt 0.095615 0.405688
vt 0.156875 0.406875
vt 0.156875 0.406875
vt 0.156875 0.406875
vt 0.156875 0.406875
vt 0.156875 0.406875
vt 0.156875 0.406875
vt 0.156875 0.406875
vt 0.156875 0.406875
vt 0.156875 0.406875
vt 0.156875 0.406875
vt 0.156875 0.406875
vt 0.156875 0.406875
vt 0.156875 0.406875
vt 0.156875 0.406875
vt 0.156875 0.406875
vt 0.156875 0.406875
vt 0.156875 0.406875
vt 0.156875 0.406875
vt 0.156875 0.406875
vt 0.156875 0.406875
vt 0.156875 0.406875
vt 0.156875 0.406875
vt 0.156875 0.406875
vt 0.156875 0.406875
vt 0.031162 0.405688
vt 0.031162 0.405688
vt 0.031162 0.405688
vt 0.031162 0.405688
vt 0.031162 0.405688
vt 0.031162 0.405688
vt 0.031162 0.405688
vt 0.031162 0.405688
vt 0.031162 0.405688
vt 0.031162 0.405688
vt 0.031162 0.405688
vt 0.031162 0.405688
vt 0.031162 0.405688
vt 0.031162 0.405688
vt 0.031162 0.405688
vt 0.031162 0.405688
vt 0.031162 0.405688
vt 0.031162 0.405688
vt 0.031162 0.405688
vt 0.031162 0.405688
vt 0.031162 0.405688
vt 0.031162 0.405688
vt 0.031162 0.405688
vt 0.031162 0.405688
vt 0.095615 0.405688
vt 0.095615 0.405688
vt 0.095615 0.405688
vt 0.095615 0.405688
vt 0.095615 0.405688
vt 0.095615 0.405688
vt 0.095615 0.405688
vt 0.095615 0.405688
vt 0.095615 0.405688
vt 0.095615 0.405688
vt 0.095615 0.405688
vt 0.095615 0.405688
vt 0.156875 0.406875
vt 0.156875 0.406875
vt 0.156875 0.406875
vt 0.156875 0.406875
vt 0.156875 0.406875
vt 0.156875 0.406875
vt 0.156875 0.406875
vt 0.156875 0.406875
vt 0.156875 0.406875
vt 0.156875 0.406875
vt 0.156875 0.406875
vt 0.156875 0.406875
vt 0.156875 0.406875
vt 0.156875 0.406875
vt 0.156875 0.406875
vt 0.156875 0.406875
vt 0.156875 0.406875
vt 0.156875 0.406875
vt 0.156875 0.406875
vt 0.156875 0.406875
vt 0.156875 0.406875
vt 0.156875 0.406875
vt 0.156875 0.406875
vt 0.156875 0.406875
vt 0.031162 0.405688
vt 0.031162 0.405688
vt 0.031162 0.405688
vt 0.031162 0.405688
vt 0.031162 0.405688
vt 0.031162 0.405688
vt 0.031162 0.405688
vt 0.031162 0.405688
vt 0.031162 0.405688
vt 0.031162 0.405688
vt 0.031162 0.405688
vt 0.031162 0.405688
vt 0.031162 0.405688
vt 0.031162 0.405688
vt 0.031162 0.405688
vt 0.031162 0.405688
vt 0.031162 0.405688
vt 0.031162 0.405688
vt 0.031162 0.405688
vt 0.031162 0.405688
vt 0.031162 0.405688
vt 0.031162 0.405688
vt 0.031162 0.405688
vt 0.031162 0.405688
vt 0.095615 0.405688
vt 0.095615 0.405688
vt 0.095615 0.405688
vt 0.095615 0.405688
vt 0.095615 0.405688
vt 0.095615 0.405688
vt 0.095615 0.405688
vt 0.095615 0.405688
vt 0.095615 0.405688
vt 0.095615 0.405688
vt 0.095615 0.405688
vt 0.095615 0.405688
vt 0.156875 0.406875
vt 0.156875 0.406875
vt 0.156875 0.406875
vt 0.156875 0.406875
vt 0.156875 0.406875
vt 0.156875 0.406875
vt 0.156875 0.406875
vt 0.156875 0.406875
vt 0.156875 0.406875
vt 0.156875 0.406875
vt 0.156875 0.406875
vt 0.156875 0.406875
vt 0.156875 0.406875
vt 0.156875 0.406875
vt 0.156875 0.406875
vt 0.156875 0.406875
vt 0.156875 0.406875
vt 0.156875 0.406875
vt 0.156875 0.406875
vt 0.156875 0.406875
vt 0.156875 0.406875
vt 0.156875 0.406875
vt 0.156875 0.406875
vt 0.156875 0.406875
vt 0.031162 0.405688
vt 0.031162 0.405688
vt 0.031162 0.405688
vt 0.031162 0.405688
vt 0.031162 0.405688
vt 0.031162 0.405688
vt 0.031162 0.405688
vt 0.031162 0.405688
vt 0.031162 0.405688
vt 0.031162 0.405688
vt 0.031162 0.405688
vt 0.031162 0.405688
vt 0.031162 0.405688
vt 0.031162 0.405688
vt 0.031162 0.405688
vt 0.031162 0.405688
vt 0.031162 0.405688
vt 0.031162 0.405688
vt 0.031162 0.405688
vt 0.031162 0.405688
vt 0.031162 0.405688
vt 0.031162 0.405688
vt 0.031162 0.405688
vt 0.031162 0.405688
vt 0.095615 0.405688
vt 0.095615 0.405688
vt 0.095615 0.405688
vt 0.095615 0.405688
vt 0.095615 0.405688
vt 0.095615 0.405688
vt 0.095615 0.405688
vt 0.095615 0.405688
vt 0.095615 0.405688
vt 0.095615 0.405688
vt 0.095615 0.405688
vt 0.095615 0.405688
vt 0.156875 0.406875
vt 0.156875 0.406875
vt 0.156875 0.406875
vt 0.156875 0.406875
vt 0.156875 0.406875
vt 0.156875 0.406875
vt 0.156875 0.406875
vt 0.156875 0.406875
vt 0.156875 0.406875
vt 0.156875 0.406875
vt 0.156875 0.406875
vt 0.156875 0.406875
vt 0.156875 0.406875
vt 0.156875 0.406875
vt 0.156875 0.406875
vt 0.156875 0.406875
vt 0.156875 0.406875
vt 0.156875 0.406875
vt 0.156875 0.406875
vt 0.156875 0.406875
vt 0.156875 0.406875
vt 0.156875 0.406875
vt 0.156875 0.406875
vt 0.156875 0.406875
vt 0.031162 0.405688
vt 0.031162 0.405688
vt 0.031162 0.405688
vt 0.031162 0.405688
vt 0.031162 0.405688
vt 0.031162 0.405688
vt 0.031162 0.405688
vt 0.031162 0.405688
vt 0.031162 0.405688
vt 0.031162 0.405688
vt 0.031162 0.405688
vt 0.031162 0.405688
vt 0.031162 0.405688
vt 0.031162 0.405688
vt 0.031162 0.405688
vt 0.031162 0.405688
vt 0.031162 0.405688
vt 0.031162 0.405688
vt 0.031162 0.405688
vt 0.031162 0.405688
vt 0.031162 0.405688
vt 0.031162 0.405688
vt 0.031162 0.405688
vt 0.031162 0.405688
vt 0.095615 0.405688
vt 0.095615 0.405688
vt 0.095615 0.405688
vt 0.095615 0.405688
vt 0.095615 0.405688
vt 0.095615 0.405688
vt 0.095615 0.405688
vt 0.095615 0.405688
vt 0.095615 0.405688
vt 0.095615 0.405688
vt 0.095615 0.405688
vt 0.095615 0.405688
vt 0.156875 0.406875
vt 0.156875 0.406875
vt 0.156875 0.406875
vt 0.156875 0.406875
vt 0.156875 0.406875
vt 0.156875 0.406875
vt 0.156875 0.406875
vt 0.156875 0.406875
vt 0.156875 0.406875
vt 0.156875 0.406875
vt 0.156875 0.406875
vt 0.156875 0.406875
vt 0.156875 0.406875
vt 0.156875 0.406875
vt 0.156875 0.406875
vt 0.156875 0.406875
vt 0.156875 0.406875
vt 0.156875 0.406875
vt 0.156875 0.406875
vt 0.156875 0.406875
vt 0.156875 0.406875
vt 0.156875 0.406875
vt 0.156875 0.406875
vt 0.156875 0.406875
vt 0.031162 0.405688
vt 0.031162 0.405688
vt 0.031162 0.405688
vt 0.031162 0.405688
vt 0.031162 0.405688
vt 0.031162 0.405688
vt 0.031162 0.405688
vt 0.031162 0.405688
vt 0.031162 0.405688
vt 0.031162 0.405688
vt 0.031162 0.405688
vt 0.031162 0.405688
vt 0.031162 0.405688
vt 0.031162 0.405688
vt 0.031162 0.405688
vt 0.031162 0.405688
vt 0.031162 0.405688
vt 0.031162 0.405688
vt 0.031162 0.405688
vt 0.031162 0.405688
vt 0.031162 0.405688
vt 0.031162 0.405688
vt 0.031162 0.405688
vt 0.031162 0.405688
vt 0.095615 0.405688
vt 0.095615 0.405688
vt 0.095615 0.405688
vt 0.095615 0.405688
vt 0.095615 0.405688
vt 0.095615 0.405688
vt 0.095615 0.405688
vt 0.095615 0.405688
vt 0.095615 0.405688
vt 0.095615 0.405688
vt 0.095615 0.405688
vt 0.095615 0.405688
vt 0.156875 0.406875
vt 0.156875 0.406875
vt 0.156875 0.406875
vt 0.156875 0.406875
vt 0.156875 0.406875
vt 0.156875 0.406875
vt 0.156875 0.406875
vt 0.156875 0.406875
vt 0.156875 0.406875
vt 0.156875 0.406875
vt 0.156875 0.406875
vt 0.156875 0.406875
vt 0.156875 0.406875
vt 0.156875 0.406875
vt 0.156875 0.406875
vt 0.156875 0.406875
vt 0.156875 0.406875
vt 0.156875 0.406875
vt 0.156875 0.406875
vt 0.156875 0.406875
vt 0.156875 0.406875
vt 0.156875 0.406875
vt 0.156875 0.406875
vt 0.156875 0.406875
vt 0.031162 0.405688
vt 0.031162 0.405688
vt 0.031162 0.405688
vt 0.031162 0.405688
vt 0.031162 0.405688
vt 0.031162 0.405688
vt 0.031162 0.405688
vt 0.031162 0.405688
vt 0.031162 0.405688
vt 0.031162 0.405688
vt 0.031162 0.405688
vt 0.031162 0.405688
vt 0.031162 0.405688
vt 0.031162 0.405688
vt 0.031162 0.405688
vt 0.031162 0.405688
vt 0.031162 0.405688
vt 0.031162 0.405688
vt 0.031162 0.405688
vt 0.031162 0.405688
vt 0.031162 0.405688
vt 0.031162 0.405688
vt 0.031162 0.405688
vt 0.031162 0.405688
vt 0.095615 0.405688
vt 0.095615 0.405688
vt 0.095615 0.405688
vt 0.095615 0.405688
vt 0.095615 0.405688
vt 0.095615 0.405688
vt 0.095615 0.405688
vt 0.095615 0.405688
vt 0.095615 0.405688
vt 0.095615 0.405688
vt 0.095615 0.405688
vt 0.095615 0.405688
vt 0.156875 0.406875
vt 0.156875 0.406875
vt 0.156875 0.406875
vt 0.156875 0.406875
vt 0.156875 0.406875
vt 0.156875 0.406875
vt 0.156875 0.406875
vt 0.156875 0.406875
vt 0.156875 0.406875
vt 0.156875 0.406875
vt 0.156875 0.406875
vt 0.156875 0.406875
vt 0.156875 0.406875
vt 0.156875 0.406875
vt 0.156875 0.406875
vt 0.156875 0.406875
vt 0.156875 0.406875
vt 0.156875 0.406875
vt 0.156875 0.406875
vt 0.156875 0.406875
vt 0.156875 0.406875
vt 0.156875 0.406875
vt 0.156875 0.406875
vt 0.156875 0.406875
vt 0.031162 0.405688
vt 0.031162 0.405688
vt 0.031162 0.405688
vt 0.031162 0.405688
vt 0.031162 0.405688
vt 0.031162 0.405688
vt 0.031162 0.405688
vt 0.031162 0.405688
vt 0.031162 0.405688
vt 0.031162 0.405688
vt 0.031162 0.405688
vt 0.031162 0.405688
vt 0.031162 0.405688
vt 0.031162 0.405688
vt 0.031162 0.405688
vt 0.031162 0.405688
vt 0.031162 0.405688
vt 0.031162 0.405688
vt 0.031162 0.405688
vt 0.031162 0.405688
vt 0.031162 0.405688
vt 0.031162 0.405688
vt 0.031162 0.405688
vt 0.031162 0.405688
vt 0.095615 0.405688
vt 0.095615 0.405688
vt 0.095615 0.405688
vt 0.095615 0.405688
vt 0.095615 0.405688
vt 0.095615 0.405688
vt 0.095615 0.405688
vt 0.095615 0.405688
vt 0.095615 0.405688
vt 0.095615 0.405688
vt 0.095615 0.405688
vt 0.095615 0.405688
vt 0.156875 0.406875
vt 0.156875 0.406875
vt 0.156875 0.406875
vt 0.156875 0.406875
vt 0.156875 0.406875
vt 0.156875 0.406875
vt 0.156875 0.406875
vt 0.156875 0.406875
vt 0.156875 0.406875
vt 0.156875 0.406875
vt 0.156875 0.406875
vt 0.156875 0.406875
vt 0.156875 0.406875
vt 0.156875 0.406875
vt 0.156875 0.406875
vt 0.156875 0.406875
vt 0.156875 0.406875
vt 0.156875 0.406875
vt 0.156875 0.406875
vt 0.156875 0.406875
vt 0.156875 0.406875
vt 0.156875 0.406875
vt 0.156875 0.406875
vt 0.156875 0.406875
vt 0.031162 0.405688
vt 0.031162 0.405688
vt 0.031162 0.405688
vt 0.031162 0.405688
vt 0.031162 0.405688
vt 0.031162 0.405688
vt 0.031162 0.405688
vt 0.031162 0.405688
vt 0.031162 0.405688
vt 0.031162 0.405688
vt 0.031162 0.405688
vt 0.031162 0.405688
vt 0.031162 0.405688
vt 0.031162 0.405688
vt 0.031162 0.405688
vt 0.031162 0.405688
vt 0.031162 0.405688
vt 0.031162 0.405688
vt 0.031162 0.405688
vt 0.031162 0.405688
vt 0.031162 0.405688
vt 0.031162 0.405688
vt 0.031162 0.405688
vt 0.031162 0.405688
vt 0.095615 0.405688
vt 0.095615 0.405688
vt 0.095615 0.405688
vt 0.095615 0.405688
vt 0.095615 0.405688
vt 0.095615 0.405688
vt 0.095615 0.405688
vt 0.095615 0.405688
vt 0.095615 0.405688
vt 0.095615 0.405688
vt 0.095615 0.405688
vt 0.095615 0.405688
vt 0.156875 0.406875
vt 0.156875 0.406875
vt 0.156875 0.406875
vt 0.156875 0.406875
vt 0.156875 0.406875
vt 0.156875 0.406875
vt 0.156875 0.406875
vt 0.156875 0.406875
vt 0.156875 0.406875
vt 0.156875 0.406875
vt 0.156875 0.406875
vt 0.156875 0.406875
vt 0.156875 0.406875
vt 0.156875 0.406875
vt 0.156875 0.406875
vt 0.156875 0.406875
vt 0.156875 0.406875
vt 0.156875 0.406875
vt 0.156875 0.406875
vt 0.156875 0.406875
vt 0.156875 0.406875
vt 0.156875 0.406875
vt 0.156875 0.406875
vt 0.156875 0.406875
vt 0.031162 0.405688
vt 0.031162 0.405688
vt 0.031162 0.405688
vt 0.031162 0.405688
vt 0.031162 0.405688
vt 0.031162 0.405688
vt 0.031162 0.405688
vt 0.031162 0.405688
vt 0.031162 0.405688
vt 0.031162 0.405688
vt 0.031162 0.405688
vt 0.031162 0.405688
vt 0.031162 0.405688
vt 0.031162 0.405688
vt 0.031162 0.405688
vt 0.031162 0.405688
vt 0.031162 0.405688
vt 0.031162 0.405688
vt 0.031162 0.405688
vt 0.031162 0.405688
vt 0.031162 0.405688
vt 0.031162 0.405688
vt 0.031162 0.405688
vt 0.031162 0.405688
vt 0.095615 0.405688
vt 0.095615 0.405688
vt 0.095615 0.405688
vt 0.095615 0.405688
vt 0.095615 0.405688
vt 0.095615 0.405688
vt 0.095615 0.405688
vt 0.095615 0.405688
vt 0.095615 0.405688
vt 0.095615 0.405688
vt 0.095615 0.405688
vt 0.095615 0.405688
vt 0.156875 0.406875
vt 0.156875 0.406875
vt 0.156875 0.406875
vt 0.156875 0.406875
vt 0.156875 0.406875
vt 0.156875 0.406875
vt 0.156875 0.406875
vt 0.156875 0.406875
vt 0.156875 0.406875
vt 0.156875 0.406875
vt 0.156875 0.406875
vt 0.156875 0.406875
vt 0.156875 0.406875
vt 0.156875 0.406875
vt 0.156875 0.406875
vt 0.156875 0.406875
vt 0.156875 0.406875
vt 0.156875 0.406875
vt 0.156875 0.406875
vt 0.156875 0.406875
vt 0.156875 0.406875
vt 0.156875 0.406875
vt 0.156875 0.406875
vt 0.156875 0.406875
vt 0.031162 0.405688
vt 0.031162 0.405688
vt 0.031162 0.405688
vt 0.031162 0.405688
vt 0.031162 0.405688
vt 0.031162 0.405688
vt 0.031162 0.405688
vt 0.031162 0.405688
vt 0.031162 0.405688
vt 0.031162 0.405688
vt 0.031162 0.405688
vt 0.031162 0.405688
vt 0.031162 0.405688
vt 0.031162 0.405688
vt 0.031162 0.405688
vt 0.031162 0.405688
vt 0.031162 0.405688
vt 0.031162 0.405688
vt 0.031162 0.405688
vt 0.031162 0.405688
vt 0.031162 0.405688
vt 0.031162 0.405688
vt 0.031162 0.405688
vt 0.031162 0.405688
vt 0.095615 0.405688
vt 0.095615 0.405688
vt 0.095615 0.405688
vt 0.095615 0.405688
vt 0.095615 0.405688
vt 0.095615 0.405688
vt 0.095615 0.405688
vt 0.095615 0.405688
vt 0.095615 0.405688
vt 0.095615 0.405688
vt 0.095615 0.405688
vt 0.095615 0.405688
vt 0.156875 0.406875
vt 0.156875 0.406875
vt 0.156875 0.406875
vt 0.156875 0.406875
vt 0.156875 0.406875
vt 0.156875 0.406875
vt 0.156875 0.406875
vt 0.156875 0.406875
vt 0.156875 0.406875
vt 0.156875 0.406875
vt 0.156875 0.406875
vt 0.156875 0.406875
vt 0.156875 0.406875
vt 0.156875 0.406875
vt 0.156875 0.406875
vt 0.156875 0.406875
vt 0.156875 0.406875
vt 0.156875 0.406875
vt 0.156875 0.406875
vt 0.156875 0.406875
vt 0.156875 0.406875
vt 0.156875 0.406875
vt 0.156875 0.406875
vt 0.156875 0.406875
vt 0.031162 0.405688
vt 0.031162 0.405688
vt 0.031162 0.405688
vt 0.031162 0.405688
vt 0.031162 0.405688
vt 0.031162 0.405688
vt 0.031162 0.405688
vt 0.031162 0.405688
vt 0.031162 0.405688
vt 0.031162 0.405688
vt 0.156875 0.406875
vt 0.156875 0.406875
vt 0.156875 0.406875
vt 0.156875 0.406875
vt 0.031162 0.405688
vt 0.031162 0.405688
vt 0.093543 0.406318
vt 0.093543 0.406318
vt 0.093543 0.406318
vt 0.093543 0.406318
vt 0.093543 0.406318
vt 0.093543 0.406318
vt 0.093543 0.406318
vt 0.093543 0.406318
vt 0.093543 0.406318
vt 0.093543 0.406318
vt 0.093543 0.406318
vt 0.093543 0.406318
vt 0.093543 0.406318
vt 0.093543 0.406318
vt 0.093543 0.406318
vt 0.093543 0.406318
vt 0.093543 0.406318
vt 0.093543 0.406318
vt 0.093543 0.406318
vt 0.093543 0.406318
vt 0.093543 0.406318
vt 0.093543 0.406318
vt 0.093543 0.406318
vt 0.093543 0.406318
vt 0.093543 0.406318
vt 0.093543 0.406318
vt 0.093543 0.406318
vt 0.093543 0.406318
vt 0.093543 0.406318
vt 0.093543 0.406318
vt 0.093543 0.406318
vt 0.093543 0.406318
vt 0.093543 0.406318
vt 0.093543 0.406318
vt 0.093543 0.406318
vt 0.093543 0.406318
vt 0.093543 0.406318
vt 0.093543 0.406318
vt 0.093543 0.406318
vt 0.093543 0.406318
vt 0.093543 0.406318
vt 0.093543 0.406318
vt 0.093543 0.406318
vt 0.093543 0.406318
vt 0.093543 0.406318
vt 0.093543 0.406318
vt 0.093543 0.406318
vt 0.093543 0.406318
vt 0.093543 0.406318
vt 0.093543 0.406318
vt 0.093543 0.406318
vt 0.093543 0.406318
vt 0.093543 0.406318
vt 0.093543 0.406318
vt 0.093543 0.406318
vt 0.093543 0.406318
vt 0.093543 0.406318
vt 0.093543 0.406318
vt 0.093543 0.406318
vt 0.093543 0.406318
vt 0.093543 0.406318
vt 0.093543 0.406318
vt 0.093543 0.406318
vt 0.093543 0.406318
vt 0.093543 0.406318
vt 0.093543 0.406318
vt 0.093543 0.406318
vt 0.093543 0.406318
vt 0.093543 0.406318
vt 0.093543 0.406318
vt 0.093543 0.406318
vt 0.093543 0.406318
vt 0.093543 0.406318
vt 0.093543 0.406318
vt 0.093543 0.406318
vt 0.093543 0.406318
vt 0.093543 0.406318
vt 0.093543 0.406318
vt 0.093543 0.406318
vt 0.093543 0.406318
vt 0.034886 0.029483
vt 0.034886 0.029483
vt 0.034886 0.029483
vt 0.034886 0.029483
vt 0.034886 0.029483
vt 0.034886 0.029483
vt 0.034886 0.029483
vt 0.034886 0.029483
vt 0.034886 0.029483
vt 0.034886 0.029483
vt 0.034886 0.029483
vt 0.034886 0.029483
vt 0.034886 0.029483
vt 0.034886 0.029483
vt 0.034886 0.029483
vt 0.034886 0.029483
vt 0.034886 0.029483
vt 0.034886 0.029483
vt 0.034886 0.029483
vt 0.034886 0.029483
vt 0.034886 0.029483
vt 0.034886 0.029483
vt 0.034886 0.029483
vt 0.034886 0.029483
vt 0.031162 0.405688
vt 0.031162 0.405688
vt 0.031162 0.405688
vt 0.031162 0.405688
vt 0.031162 0.405688
vt 0.031162 0.405688
vt 0.031162 0.405688
vt 0.031162 0.405688
vt 0.031162 0.405688
vt 0.031162 0.405688
vt 0.156875 0.406875
vt 0.156875 0.406875
vt 0.156875 0.406875
vt 0.156875 0.406875
vt 0.031162 0.405688
vt 0.031162 0.405688
vt 0.093543 0.406318
vt 0.093543 0.406318
vt 0.093543 0.406318
vt 0.093543 0.406318
vt 0.093543 0.406318
vt 0.093543 0.406318
vt 0.093543 0.406318
vt 0.093543 0.406318
vt 0.093543 0.406318
vt 0.093543 0.406318
vt 0.093543 0.406318
vt 0.093543 0.406318
vt 0.093543 0.406318
vt 0.093543 0.406318
vt 0.093543 0.406318
vt 0.093543 0.406318
vt 0.093543 0.406318
vt 0.093543 0.406318
vt 0.093543 0.406318
vt 0.093543 0.406318
vt 0.093543 0.406318
vt 0.093543 0.406318
vt 0.093543 0.406318
vt 0.093543 0.406318
vt 0.093543 0.406318
vt 0.093543 0.406318
vt 0.093543 0.406318
vt 0.093543 0.406318
vt 0.093543 0.406318
vt 0.093543 0.406318
vt 0.093543 0.406318
vt 0.093543 0.406318
vt 0.093543 0.406318
vt 0.093543 0.406318
vt 0.093543 0.406318
vt 0.093543 0.406318
vt 0.093543 0.406318
vt 0.093543 0.406318
vt 0.093543 0.406318
vt 0.093543 0.406318
vt 0.093543 0.406318
vt 0.093543 0.406318
vt 0.093543 0.406318
vt 0.093543 0.406318
vt 0.093543 0.406318
vt 0.093543 0.406318
vt 0.093543 0.406318
vt 0.093543 0.406318
vt 0.093543 0.406318
vt 0.093543 0.406318
vt 0.093543 0.406318
vt 0.093543 0.406318
vt 0.093543 0.406318
vt 0.093543 0.406318
vt 0.093543 0.406318
vt 0.093543 0.406318
vt 0.093543 0.406318
vt 0.093543 0.406318
vt 0.093543 0.406318
vt 0.093543 0.406318
vt 0.093543 0.406318
vt 0.093543 0.406318
vt 0.093543 0.406318
vt 0.093543 0.406318
vt 0.093543 0.406318
vt 0.093543 0.406318
vt 0.093543 0.406318
vt 0.093543 0.406318
vt 0.093543 0.406318
vt 0.093543 0.406318
vt 0.093543 0.406318
vt 0.093543 0.406318
vt 0.093543 0.406318
vt 0.093543 0.406318
vt 0.093543 0.406318
vt 0.093543 0.406318
vt 0.093543 0.406318
vt 0.093543 0.406318
vt 0.093543 0.406318
vt 0.093543 0.406318
vt 0.034886 0.029483
vt 0.034886 0.029483
vt 0.034886 0.029483
vt 0.034886 0.029483
vt 0.034886 0.029483
vt 0.034886 0.029483
vt 0.034886 0.029483
vt 0.034886 0.029483
vt 0.034886 0.029483
vt 0.034886 0.029483
vt 0.034886 0.029483
vt 0.034886 0.029483
vt 0.034886 0.029483
vt 0.034886 0.029483
vt 0.034886 0.029483
vt 0.034886 0.029483
vt 0.034886 0.029483
vt 0.034886 0.029483
vt 0.034886 0.029483
vt 0.034886 0.029483
vt 0.034886 0.029483
vt 0.034886 0.029483
vt 0.034886 0.029483
vt 0.034886 0.029483
vt 0.031162 0.405688
vt 0.031162 0.405688
vt 0.031162 0.405688
vt 0.031162 0.405688
vt 0.031162 0.405688
vt 0.031162 0.405688
vt 0.031162 0.405688
vt 0.031162 0.405688
vt 0.031162 0.405688
vt 0.031162 0.405688
vt 0.156875 0.406875
vt 0.156875 0.406875
vt 0.156875 0.406875
vt 0.156875 0.406875
vt 0.031162 0.405688
vt 0.031162 0.405688
vt 0.093543 0.406318
vt 0.093543 0.406318
vt 0.093543 0.406318
vt 0.093543 0.406318
vt 0.093543 0.406318
vt 0.093543 0.406318
vt 0.093543 0.406318
vt 0.093543 0.406318
vt 0.093543 0.406318
vt 0.093543 0.406318
vt 0.093543 0.406318
vt 0.093543 0.406318
vt 0.093543 0.406318
vt 0.093543 0.406318
vt 0.093543 0.406318
vt 0.093543 0.406318
vt 0.093543 0.406318
vt 0.093543 0.406318
vt 0.093543 0.406318
vt 0.093543 0.406318
vt 0.093543 0.406318
vt 0.093543 0.406318
vt 0.093543 0.406318
vt 0.093543 0.406318
vt 0.093543 0.406318
vt 0.093543 0.406318
vt 0.093543 0.406318
vt 0.093543 0.406318
vt 0.093543 0.406318
vt 0.093543 0.406318
vt 0.093543 0.406318
vt 0.093543 0.406318
vt 0.093543 0.406318
vt 0.093543 0.406318
vt 0.093543 0.406318
vt 0.093543 0.406318
vt 0.093543 0.406318
vt 0.093543 0.406318
vt 0.093543 0.406318
vt 0.093543 0.406318
vt 0.093543 0.406318
vt 0.093543 0.406318
vt 0.093543 0.406318
vt 0.093543 0.406318
vt 0.093543 0.406318
vt 0.093543 0.406318
vt 0.093543 0.406318
vt 0.093543 0.406318
vt 0.093543 0.406318
vt 0.093543 0.406318
vt 0.093543 0.406318
vt 0.093543 0.406318
vt 0.093543 0.406318
vt 0.093543 0.406318
vt 0.093543 0.406318
vt 0.093543 0.406318
vt 0.093543 0.406318
vt 0.093543 0.406318
vt 0.093543 0.406318
vt 0.093543 0.406318
vt 0.093543 0.406318
vt 0.093543 0.406318
vt 0.093543 0.406318
vt 0.093543 0.406318
vt 0.093543 0.406318
vt 0.093543 0.406318
vt 0.093543 0.406318
vt 0.093543 0.406318
vt 0.093543 0.406318
vt 0.093543 0.406318
vt 0.093543 0.406318
vt 0.093543 0.406318
vt 0.093543 0.406318
vt 0.093543 0.406318
vt 0.093543 0.406318
vt 0.093543 0.406318
vt 0.093543 0.406318
vt 0.093543 0.406318
vt 0.093543 0.406318
vt 0.093543 0.406318
vt 0.034886 0.029483
vt 0.034886 0.029483
vt 0.034886 0.029483
vt 0.034886 0.029483
vt 0.034886 0.029483
vt 0.034886 0.029483
vt 0.034886 0.029483
vt 0.034886 0.029483
vt 0.034886 0.029483
vt 0.034886 0.029483
vt 0.034886 0.029483
vt 0.034886 0.029483
vt 0.034886 0.029483
vt 0.034886 0.029483
vt 0.034886 0.029483
vt 0.034886 0.029483
vt 0.034886 0.029483
vt 0.034886 0.029483
vt 0.034886 0.029483
vt 0.034886 0.029483
vt 0.034886 0.029483
vt 0.034886 0.029483
vt 0.034886 0.029483
vt 0.034886 0.029483
vt 0.031162 0.405688
vt 0.031162 0.405688
vt 0.031162 0.405688
vt 0.031162 0.405688
vt 0.031162 0.405688
vt 0.031162 0.405688
vt 0.031162 0.405688
vt 0.031162 0.405688
vt 0.031162 0.405688
vt 0.031162 0.405688
vt 0.031162 0.405688
vt 0.031162 0.405688
vt 0.031162 0.405688
vt 0.031162 0.405688
vt 0.156875 0.406875
vt 0.156875 0.406875
vt 0.156875 0.406875
vt 0.156875 0.406875
vt 0.031162 0.405688
vt 0.031162 0.405688
vt 0.093543 0.406318
vt 0.093543 0.406318
vt 0.093543 0.406318
vt 0.093543 0.406318
vt 0.093543 0.406318
vt 0.093543 0.406318
vt 0.093543 0.406318
vt 0.093543 0.406318
vt 0.093543 0.406318
vt 0.093543 0.406318
vt 0.093543 0.406318
vt 0.093543 0.406318
vt 0.093543 0.406318
vt 0.093543 0.406318
vt 0.093543 0.406318
vt 0.093543 0.406318
vt 0.093543 0.406318
vt 0.093543 0.406318
vt 0.093543 0.406318
vt 0.093543 0.406318
vt 0.093543 0.406318
vt 0.093543 0.406318
vt 0.093543 0.406318
vt 0.093543 0.406318
vt 0.093543 0.406318
vt 0.093543 0.406318
vt 0.093543 0.406318
vt 0.093543 0.406318
vt 0.093543 0.406318
vt 0.093543 0.406318
vt 0.093543 0.406318
vt 0.093543 0.406318
vt 0.093543 0.406318
vt 0.093543 0.406318
vt 0.093543 0.406318
vt 0.093543 0.406318
vt 0.093543 0.406318
vt 0.093543 0.406318
vt 0.093543 0.406318
vt 0.093543 0.406318
vt 0.093543 0.406318
vt 0.093543 0.406318
vt 0.093543 0.406318
vt 0.093543 0.406318
vt 0.093543 0.406318
vt 0.093543 0.406318
vt 0.093543 0.406318
vt 0.093543 0.406318
vt 0.093543 0.406318
vt 0.093543 0.406318
vt 0.093543 0.406318
vt 0.093543 0.406318
vt 0.093543 0.406318
vt 0.093543 0.406318
vt 0.093543 0.406318
vt 0.093543 0.406318
vt 0.093543 0.406318
vt 0.093543 0.406318
vt 0.093543 0.406318
vt 0.093543 0.406318
vt 0.093543 0.406318
vt 0.093543 0.406318
vt 0.093543 0.406318
vt 0.093543 0.406318
vt 0.093543 0.406318
vt 0.093543 0.406318
vt 0.093543 0.406318
vt 0.093543 0.406318
vt 0.093543 0.406318
vt 0.093543 0.406318
vt 0.093543 0.406318
vt 0.093543 0.406318
vt 0.093543 0.406318
vt 0.093543 0.406318
vt 0.093543 0.406318
vt 0.093543 0.406318
vt 0.093543 0.406318
vt 0.093543 0.406318
vt 0.093543 0.406318
vt 0.093543 0.406318
vt 0.034886 0.029483
vt 0.034886 0.029483
vt 0.034886 0.029483
vt 0.034886 0.029483
vt 0.034886 0.029483
vt 0.034886 0.029483
vt 0.034886 0.029483
vt 0.034886 0.029483
vt 0.034886 0.029483
vt 0.034886 0.029483
vt 0.034886 0.029483
vt 0.034886 0.029483
vt 0.034886 0.029483
vt 0.034886 0.029483
vt 0.034886 0.029483
vt 0.034886 0.029483
vt 0.034886 0.029483
vt 0.034886 0.029483
vt 0.034886 0.029483
vt 0.034886 0.029483
vt 0.034886 0.029483
vt 0.034886 0.029483
vt 0.034886 0.029483
vt 0.034886 0.029483
vt 0.031162 0.405688
vt 0.031162 0.405688
vt 0.031162 0.405688
vt 0.031162 0.405688
vt 0.031162 0.405688
vt 0.031162 0.405688
vt 0.031162 0.405688
vt 0.031162 0.405688
vt 0.031162 0.405688
vt 0.031162 0.405688
vt 0.156875 0.406875
vt 0.156875 0.406875
vt 0.156875 0.406875
vt 0.156875 0.406875
vt 0.031162 0.405688
vt 0.031162 0.405688
vt 0.093543 0.406318
vt 0.093543 0.406318
vt 0.093543 0.406318
vt 0.093543 0.406318
vt 0.093543 0.406318
vt 0.093543 0.406318
vt 0.093543 0.406318
vt 0.093543 0.406318
vt 0.093543 0.406318
vt 0.093543 0.406318
vt 0.093543 0.406318
vt 0.093543 0.406318
vt 0.093543 0.406318
vt 0.093543 0.406318
vt 0.093543 0.406318
vt 0.093543 0.406318
vt 0.093543 0.406318
vt 0.093543 0.406318
vt 0.093543 0.406318
vt 0.093543 0.406318
vt 0.093543 0.406318
vt 0.093543 0.406318
vt 0.093543 0.406318
vt 0.093543 0.406318
vt 0.093543 0.406318
vt 0.093543 0.406318
vt 0.093543 0.406318
vt 0.093543 0.406318
vt 0.093543 0.406318
vt 0.093543 0.406318
vt 0.093543 0.406318
vt 0.093543 0.406318
vt 0.093543 0.406318
vt 0.093543 0.406318
vt 0.093543 0.406318
vt 0.093543 0.406318
vt 0.093543 0.406318
vt 0.093543 0.406318
vt 0.093543 0.406318
vt 0.093543 0.406318
vt 0.093543 0.406318
vt 0.093543 0.406318
vt 0.093543 0.406318
vt 0.093543 0.406318
vt 0.093543 0.406318
vt 0.093543 0.406318
vt 0.093543 0.406318
vt 0.093543 0.406318
vt 0.093543 0.406318
vt 0.093543 0.406318
vt 0.093543 0.406318
vt 0.093543 0.406318
vt 0.093543 0.406318
vt 0.093543 0.406318
vt 0.093543 0.406318
vt 0.093543 0.406318
vt 0.093543 0.406318
vt 0.093543 0.406318
vt 0.093543 0.406318
vt 0.093543 0.406318
vt 0.093543 0.406318
vt 0.093543 0.406318
vt 0.093543 0.406318
vt 0.093543 0.406318
vt 0.093543 0.406318
vt 0.093543 0.406318
vt 0.093543 0.406318
vt 0.093543 0.406318
vt 0.093543 0.406318
vt 0.093543 0.406318
vt 0.093543 0.406318
vt 0.093543 0.406318
vt 0.093543 0.406318
vt 0.093543 0.406318
vt 0.093543 0.406318
vt 0.093543 0.406318
vt 0.093543 0.406318
vt 0.093543 0.406318
vt 0.093543 0.406318
vt 0.093543 0.406318
vt 0.034886 0.029483
vt 0.034886 0.029483
vt 0.034886 0.029483
vt 0.034886 0.029483
vt 0.034886 0.029483
vt 0.034886 0.029483
vt 0.034886 0.029483
vt 0.034886 0.029483
vt 0.034886 0.029483
vt 0.034886 0.029483
vt 0.034886 0.029483
vt 0.034886 0.029483
vt 0.034886 0.029483
vt 0.034886 0.029483
vt 0.034886 0.029483
vt 0.034886 0.029483
vt 0.034886 0.029483
vt 0.034886 0.029483
vt 0.034886 0.029483
vt 0.034886 0.029483
vt 0.034886 0.029483
vt 0.034886 0.029483
vt 0.034886 0.029483
vt 0.034886 0.029483
vt 0.031162 0.405688
vt 0.031162 0.405688
vt 0.031162 0.405688
vt 0.031162 0.405688
vt 0.031162 0.405688
vt 0.031162 0.405688
vt 0.031162 0.405688
vt 0.031162 0.405688
vt 0.031162 0.405688
vt 0.031162 0.405688
vt 0.156875 0.406875
vt 0.156875 0.406875
vt 0.156875 0.406875
vt 0.156875 0.406875
vt 0.031162 0.405688
vt 0.031162 0.405688
vt 0.093543 0.406318
vt 0.093543 0.406318
vt 0.093543 0.406318
vt 0.093543 0.406318
vt 0.093543 0.406318
vt 0.093543 0.406318
vt 0.093543 0.406318
vt 0.093543 0.406318
vt 0.093543 0.406318
vt 0.093543 0.406318
vt 0.093543 0.406318
vt 0.093543 0.406318
vt 0.093543 0.406318
vt 0.093543 0.406318
vt 0.093543 0.406318
vt 0.093543 0.406318
vt 0.093543 0.406318
vt 0.093543 0.406318
vt 0.093543 0.406318
vt 0.093543 0.406318
vt 0.093543 0.406318
vt 0.093543 0.406318
vt 0.093543 0.406318
vt 0.093543 0.406318
vt 0.093543 0.406318
vt 0.093543 0.406318
vt 0.093543 0.406318
vt 0.093543 0.406318
vt 0.093543 0.406318
vt 0.093543 0.406318
vt 0.093543 0.406318
vt 0.093543 0.406318
vt 0.093543 0.406318
vt 0.093543 0.406318
vt 0.093543 0.406318
vt 0.093543 0.406318
vt 0.093543 0.406318
vt 0.093543 0.406318
vt 0.093543 0.406318
vt 0.093543 0.406318
vt 0.093543 0.406318
vt 0.093543 0.406318
vt 0.093543 0.406318
vt 0.093543 0.406318
vt 0.093543 0.406318
vt 0.093543 0.406318
vt 0.093543 0.406318
vt 0.093543 0.406318
vt 0.093543 0.406318
vt 0.093543 0.406318
vt 0.093543 0.406318
vt 0.093543 0.406318
vt 0.093543 0.406318
vt 0.093543 0.406318
vt 0.093543 0.406318
vt 0.093543 0.406318
vt 0.093543 0.406318
vt 0.093543 0.406318
vt 0.093543 0.406318
vt 0.093543 0.406318
vt 0.093543 0.406318
vt 0.093543 0.406318
vt 0.093543 0.406318
vt 0.093543 0.406318
vt 0.093543 0.406318
vt 0.093543 0.406318
vt 0.093543 0.406318
vt 0.093543 0.406318
vt 0.093543 0.406318
vt 0.093543 0.406318
vt 0.093543 0.406318
vt 0.093543 0.406318
vt 0.093543 0.406318
vt 0.093543 0.406318
vt 0.093543 0.406318
vt 0.093543 0.406318
vt 0.093543 0.406318
vt 0.093543 0.406318
vt 0.093543 0.406318
vt 0.093543 0.406318
vt 0.034886 0.029483
vt 0.034886 0.029483
vt 0.034886 0.029483
vt 0.034886 0.029483
vt 0.034886 0.029483
vt 0.034886 0.029483
vt 0.034886 0.029483
vt 0.034886 0.029483
vt 0.034886 0.029483
vt 0.034886 0.029483
vt 0.034886 0.029483
vt 0.034886 0.029483
vt 0.034886 0.029483
vt 0.034886 0.029483
vt 0.034886 0.029483
vt 0.034886 0.029483
vt 0.034886 0.029483
vt 0.034886 0.029483
vt 0.034886 0.029483
vt 0.034886 0.029483
vt 0.034886 0.029483
vt 0.034886 0.029483
vt 0.034886 0.029483
vt 0.034886 0.029483
vt 0.031162 0.405688
vt 0.031162 0.405688
vt 0.156875 0.406875
vt 0.156875 0.406875
vt 0.156875 0.406875
vt 0.156875 0.406875
vt 0.156875 0.406875
vt 0.156875 0.406875
vt 0.031162 0.405688
vt 0.031162 0.405688
vt 0.156875 0.406875
vt 0.156875 0.406875
vt 0.031162 0.405688
vt 0.031162 0.405688
vt 0.031162 0.405688
vt 0.031162 0.405688
vt 0.031162 0.405688
vt 0.156875 0.406875
vt 0.156875 0.406875
vt 0.156875 0.406875
vt 0.156875 0.406875
vt 0.156875 0.406875
vt 0.156875 0.406875
vt 0.031162 0.405688
vt 0.031162 0.405688
vt 0.031162 0.405688
vt 0.156875 0.406875
vt 0.156875 0.406875
vt 0.156875 0.406875
vt 0.031162 0.405688
vt 0.031162 0.405688
vt 0.031162 0.405688
vt 0.031162 0.405688
vt 0.031162 0.405688
vt 0.156875 0.406875
vt 0.156875 0.406875
vt 0.156875 0.406875
vt 0.156875 0.406875
vt 0.156875 0.406875
vt 0.156875 0.406875
vt 0.156875 0.406875
vt 0.031162 0.405688
vt 0.031162 0.405688
vt 0.031162 0.405688
vt 0.031162 0.405688
vt 0.031162 0.405688
vt 0.031162 0.405688
vt 0.031162 0.405688
vt 0.031162 0.405688
vt 0.031162 0.405688
vt 0.031162 0.405688
vt 0.156875 0.406875
vt 0.156875 0.406875
vt 0.156875 0.406875
vt 0.156875 0.406875
vt 0.031162 0.405688
vt 0.031162 0.405688
vt 0.093543 0.406318
vt 0.093543 0.406318
vt 0.093543 0.406318
vt 0.093543 0.406318
vt 0.093543 0.406318
vt 0.093543 0.406318
vt 0.093543 0.406318
vt 0.093543 0.406318
vt 0.093543 0.406318
vt 0.093543 0.406318
vt 0.093543 0.406318
vt 0.093543 0.406318
vt 0.093543 0.406318
vt 0.093543 0.406318
vt 0.093543 0.406318
vt 0.093543 0.406318
vt 0.093543 0.406318
vt 0.093543 0.406318
vt 0.093543 0.406318
vt 0.093543 0.406318
vt 0.093543 0.406318
vt 0.093543 0.406318
vt 0.093543 0.406318
vt 0.093543 0.406318
vt 0.093543 0.406318
vt 0.093543 0.406318
vt 0.093543 0.406318
vt 0.093543 0.406318
vt 0.093543 0.406318
vt 0.093543 0.406318
vt 0.093543 0.406318
vt 0.093543 0.406318
vt 0.093543 0.406318
vt 0.093543 0.406318
vt 0.093543 0.406318
vt 0.093543 0.406318
vt 0.093543 0.406318
vt 0.093543 0.406318
vt 0.093543 0.406318
vt 0.093543 0.406318
vt 0.093543 0.406318
vt 0.093543 0.406318
vt 0.093543 0.406318
vt 0.093543 0.406318
vt 0.093543 0.406318
vt 0.093543 0.406318
vt 0.093543 0.406318
vt 0.093543 0.406318
vt 0.093543 0.406318
vt 0.093543 0.406318
vt 0.093543 0.406318
vt 0.093543 0.406318
vt 0.093543 0.406318
vt 0.093543 0.406318
vt 0.093543 0.406318
vt 0.093543 0.406318
vt 0.093543 0.406318
vt 0.093543 0.406318
vt 0.093543 0.406318
vt 0.093543 0.406318
vt 0.093543 0.406318
vt 0.093543 0.406318
vt 0.093543 0.406318
vt 0.093543 0.406318
vt 0.093543 0.406318
vt 0.093543 0.406318
vt 0.093543 0.406318
vt 0.093543 0.406318
vt 0.093543 0.406318
vt 0.093543 0.406318
vt 0.093543 0.406318
vt 0.093543 0.406318
vt 0.093543 0.406318
vt 0.093543 0.406318
vt 0.093543 0.406318
vt 0.093543 0.406318
vt 0.093543 0.406318
vt 0.093543 0.406318
vt 0.093543 0.406318
vt 0.093543 0.406318
vt 0.034886 0.029483
vt 0.034886 0.029483
vt 0.034886 0.029483
vt 0.034886 0.029483
vt 0.034886 0.029483
vt 0.034886 0.029483
vt 0.034886 0.029483
vt 0.034886 0.029483
vt 0.034886 0.029483
vt 0.034886 0.029483
vt 0.034886 0.029483
vt 0.034886 0.029483
vt 0.034886 0.029483
vt 0.034886 0.029483
vt 0.034886 0.029483
vt 0.034886 0.029483
vt 0.034886 0.029483
vt 0.034886 0.029483
vt 0.034886 0.029483
vt 0.034886 0.029483
vt 0.034886 0.029483
vt 0.034886 0.029483
vt 0.034886 0.029483
vt 0.034886 0.029483
vt 0.031162 0.405688
vt 0.031162 0.405688
vt 0.031162 0.405688
vt 0.031162 0.405688
vt 0.031162 0.405688
vt 0.031162 0.405688
vt 0.031162 0.405688
vt 0.031162 0.405688
vt 0.031162 0.405688
vt 0.031162 0.405688
vt 0.156875 0.406875
vt 0.156875 0.406875
vt 0.156875 0.406875
vt 0.156875 0.406875
vt 0.031162 0.405688
vt 0.031162 0.405688
vt 0.093543 0.406318
vt 0.093543 0.406318
vt 0.093543 0.406318
vt 0.093543 0.406318
vt 0.093543 0.406318
vt 0.093543 0.406318
vt 0.093543 0.406318
vt 0.093543 0.406318
vt 0.093543 0.406318
vt 0.093543 0.406318
vt 0.093543 0.406318
vt 0.093543 0.406318
vt 0.093543 0.406318
vt 0.093543 0.406318
vt 0.093543 0.406318
vt 0.093543 0.406318
vt 0.093543 0.406318
vt 0.093543 0.406318
vt 0.093543 0.406318
vt 0.093543 0.406318
vt 0.093543 0.406318
vt 0.093543 0.406318
vt 0.093543 0.406318
vt 0.093543 0.406318
vt 0.093543 0.406318
vt 0.093543 0.406318
vt 0.093543 0.406318
vt 0.093543 0.406318
vt 0.093543 0.406318
vt 0.093543 0.406318
vt 0.093543 0.406318
vt 0.093543 0.406318
vt 0.093543 0.406318
vt 0.093543 0.406318
vt 0.093543 0.406318
vt 0.093543 0.406318
vt 0.093543 0.406318
vt 0.093543 0.406318
vt 0.093543 0.406318
vt 0.093543 0.406318
vt 0.093543 0.406318
vt 0.093543 0.406318
vt 0.093543 0.406318
vt 0.093543 0.406318
vt 0.093543 0.406318
vt 0.093543 0.406318
vt 0.093543 0.406318
vt 0.093543 0.406318
vt 0.093543 0.406318
vt 0.093543 0.406318
vt 0.093543 0.406318
vt 0.093543 0.406318
vt 0.093543 0.406318
vt 0.093543 0.406318
vt 0.093543 0.406318
vt 0.093543 0.406318
vt 0.093543 0.406318
vt 0.093543 0.406318
vt 0.093543 0.406318
vt 0.093543 0.406318
vt 0.093543 0.406318
vt 0.093543 0.406318
vt 0.093543 0.406318
vt 0.093543 0.406318
vt 0.093543 0.406318
vt 0.093543 0.406318
vt 0.093543 0.406318
vt 0.093543 0.406318
vt 0.093543 0.406318
vt 0.093543 0.406318
vt 0.093543 0.406318
vt 0.093543 0.406318
vt 0.093543 0.406318
vt 0.093543 0.406318
vt 0.093543 0.406318
vt 0.093543 0.406318
vt 0.093543 0.406318
vt 0.093543 0.406318
vt 0.093543 0.406318
vt 0.093543 0.406318
vt 0.034886 0.029483
vt 0.034886 0.029483
vt 0.034886 0.029483
vt 0.034886 0.029483
vt 0.034886 0.029483
vt 0.034886 0.029483
vt 0.034886 0.029483
vt 0.034886 0.029483
vt 0.034886 0.029483
vt 0.034886 0.029483
vt 0.034886 0.029483
vt 0.034886 0.029483
vt 0.034886 0.029483
vt 0.034886 0.029483
vt 0.034886 0.029483
vt 0.034886 0.029483
vt 0.034886 0.029483
vt 0.034886 0.029483
vt 0.034886 0.029483
vt 0.034886 0.029483
vt 0.034886 0.029483
vt 0.034886 0.029483
vt 0.034886 0.029483
vt 0.034886 0.029483
vt 0.031162 0.405688
vt 0.031162 0.405688
vt 0.031162 0.405688
vt 0.031162 0.405688
vt 0.031162 0.405688
vt 0.031162 0.405688
vt 0.031162 0.405688
vt 0.031162 0.405688
vt 0.031162 0.405688
vt 0.031162 0.405688
vt 0.156875 0.406875
vt 0.156875 0.406875
vt 0.156875 0.406875
vt 0.156875 0.406875
vt 0.031162 0.405688
vt 0.031162 0.405688
vt 0.093543 0.406318
vt 0.093543 0.406318
vt 0.093543 0.406318
vt 0.093543 0.406318
vt 0.093543 0.406318
vt 0.093543 0.406318
vt 0.093543 0.406318
vt 0.093543 0.406318
vt 0.093543 0.406318
vt 0.093543 0.406318
vt 0.093543 0.406318
vt 0.093543 0.406318
vt 0.093543 0.406318
vt 0.093543 0.406318
vt 0.093543 0.406318
vt 0.093543 0.406318
vt 0.093543 0.406318
vt 0.093543 0.406318
vt 0.093543 0.406318
vt 0.093543 0.406318
vt 0.093543 0.406318
vt 0.093543 0.406318
vt 0.093543 0.406318
vt 0.093543 0.406318
vt 0.093543 0.406318
vt 0.093543 0.406318
vt 0.093543 0.406318
vt 0.093543 0.406318
vt 0.093543 0.406318
vt 0.093543 0.406318
vt 0.093543 0.406318
vt 0.093543 0.406318
vt 0.093543 0.406318
vt 0.093543 0.406318
vt 0.093543 0.406318
vt 0.093543 0.406318
vt 0.093543 0.406318
vt 0.093543 0.406318
vt 0.093543 0.406318
vt 0.093543 0.406318
vt 0.093543 0.406318
vt 0.093543 0.406318
vt 0.093543 0.406318
vt 0.093543 0.406318
vt 0.093543 0.406318
vt 0.093543 0.406318
vt 0.093543 0.406318
vt 0.093543 0.406318
vt 0.093543 0.406318
vt 0.093543 0.406318
vt 0.093543 0.406318
vt 0.093543 0.406318
vt 0.093543 0.406318
vt 0.093543 0.406318
vt 0.093543 0.406318
vt 0.093543 0.406318
vt 0.093543 0.406318
vt 0.093543 0.406318
vt 0.093543 0.406318
vt 0.093543 0.406318
vt 0.093543 0.406318
vt 0.093543 0.406318
vt 0.093543 0.406318
vt 0.093543 0.406318
vt 0.093543 0.406318
vt 0.093543 0.406318
vt 0.093543 0.406318
vt 0.093543 0.406318
vt 0.093543 0.406318
vt 0.093543 0.406318
vt 0.093543 0.406318
vt 0.093543 0.406318
vt 0.093543 0.406318
vt 0.093543 0.406318
vt 0.093543 0.406318
vt 0.093543 0.406318
vt 0.093543 0.406318
vt 0.093543 0.406318
vt 0.093543 0.406318
vt 0.093543 0.406318
vt 0.034886 0.029483
vt 0.034886 0.029483
vt 0.034886 0.029483
vt 0.034886 0.029483
vt 0.034886 0.029483
vt 0.034886 0.029483
vt 0.034886 0.029483
vt 0.034886 0.029483
vt 0.034886 0.029483
vt 0.034886 0.029483
vt 0.034886 0.029483
vt 0.034886 0.029483
vt 0.034886 0.029483
vt 0.034886 0.029483
vt 0.034886 0.029483
vt 0.034886 0.029483
vt 0.034886 0.029483
vt 0.034886 0.029483
vt 0.034886 0.029483
vt 0.034886 0.029483
vt 0.034886 0.029483
vt 0.034886 0.029483
vt 0.034886 0.029483
vt 0.034886 0.029483
vt 0.031162 0.405688
vt 0.031162 0.405688
vt 0.031162 0.405688
vt 0.031162 0.405688
vt 0.031162 0.405688
vt 0.031162 0.405688
vt 0.031162 0.405688
vt 0.031162 0.405688
vt 0.031162 0.405688
vt 0.031162 0.405688
vt 0.031162 0.405688
vt 0.031162 0.405688
vt 0.031162 0.405688
vt 0.031162 0.405688
vt 0.156875 0.406875
vt 0.156875 0.406875
vt 0.156875 0.406875
vt 0.156875 0.406875
vt 0.031162 0.405688
vt 0.031162 0.405688
vt 0.093543 0.406318
vt 0.093543 0.406318
vt 0.093543 0.406318
vt 0.093543 0.406318
vt 0.093543 0.406318
vt 0.093543 0.406318
vt 0.093543 0.406318
vt 0.093543 0.406318
vt 0.093543 0.406318
vt 0.093543 0.406318
vt 0.093543 0.406318
vt 0.093543 0.406318
vt 0.093543 0.406318
vt 0.093543 0.406318
vt 0.093543 0.406318
vt 0.093543 0.406318
vt 0.093543 0.406318
vt 0.093543 0.406318
vt 0.093543 0.406318
vt 0.093543 0.406318
vt 0.093543 0.406318
vt 0.093543 0.406318
vt 0.093543 0.406318
vt 0.093543 0.406318
vt 0.093543 0.406318
vt 0.093543 0.406318
vt 0.093543 0.406318
vt 0.093543 0.406318
vt 0.093543 0.406318
vt 0.093543 0.406318
vt 0.093543 0.406318
vt 0.093543 0.406318
vt 0.093543 0.406318
vt 0.093543 0.406318
vt 0.093543 0.406318
vt 0.093543 0.406318
vt 0.093543 0.406318
vt 0.093543 0.406318
vt 0.093543 0.406318
vt 0.093543 0.406318
vt 0.093543 0.406318
vt 0.093543 0.406318
vt 0.093543 0.406318
vt 0.093543 0.406318
vt 0.093543 0.406318
vt 0.093543 0.406318
vt 0.093543 0.406318
vt 0.093543 0.406318
vt 0.093543 0.406318
vt 0.093543 0.406318
vt 0.093543 0.406318
vt 0.093543 0.406318
vt 0.093543 0.406318
vt 0.093543 0.406318
vt 0.093543 0.406318
vt 0.093543 0.406318
vt 0.093543 0.406318
vt 0.093543 0.406318
vt 0.093543 0.406318
vt 0.093543 0.406318
vt 0.093543 0.406318
vt 0.093543 0.406318
vt 0.093543 0.406318
vt 0.093543 0.406318
vt 0.093543 0.406318
vt 0.093543 0.406318
vt 0.093543 0.406318
vt 0.093543 0.406318
vt 0.093543 0.406318
vt 0.093543 0.406318
vt 0.093543 0.406318
vt 0.093543 0.406318
vt 0.093543 0.406318
vt 0.093543 0.406318
vt 0.093543 0.406318
vt 0.093543 0.406318
vt 0.093543 0.406318
vt 0.093543 0.406318
vt 0.093543 0.406318
vt 0.093543 0.406318
vt 0.034886 0.029483
vt 0.034886 0.029483
vt 0.034886 0.029483
vt 0.034886 0.029483
vt 0.034886 0.029483
vt 0.034886 0.029483
vt 0.034886 0.029483
vt 0.034886 0.029483
vt 0.034886 0.029483
vt 0.034886 0.029483
vt 0.034886 0.029483
vt 0.034886 0.029483
vt 0.034886 0.029483
vt 0.034886 0.029483
vt 0.034886 0.029483
vt 0.034886 0.029483
vt 0.034886 0.029483
vt 0.034886 0.029483
vt 0.034886 0.029483
vt 0.034886 0.029483
vt 0.034886 0.029483
vt 0.034886 0.029483
vt 0.034886 0.029483
vt 0.034886 0.029483
vt 0.031162 0.405688
vt 0.031162 0.405688
vt 0.031162 0.405688
vt 0.031162 0.405688
vt 0.031162 0.405688
vt 0.031162 0.405688
vt 0.031162 0.405688
vt 0.031162 0.405688
vt 0.031162 0.405688
vt 0.031162 0.405688
vt 0.156875 0.406875
vt 0.156875 0.406875
vt 0.156875 0.406875
vt 0.156875 0.406875
vt 0.031162 0.405688
vt 0.031162 0.405688
vt 0.093543 0.406318
vt 0.093543 0.406318
vt 0.093543 0.406318
vt 0.093543 0.406318
vt 0.093543 0.406318
vt 0.093543 0.406318
vt 0.093543 0.406318
vt 0.093543 0.406318
vt 0.093543 0.406318
vt 0.093543 0.406318
vt 0.093543 0.406318
vt 0.093543 0.406318
vt 0.093543 0.406318
vt 0.093543 0.406318
vt 0.093543 0.406318
vt 0.093543 0.406318
vt 0.093543 0.406318
vt 0.093543 0.406318
vt 0.093543 0.406318
vt 0.093543 0.406318
vt 0.093543 0.406318
vt 0.093543 0.406318
vt 0.093543 0.406318
vt 0.093543 0.406318
vt 0.093543 0.406318
vt 0.093543 0.406318
vt 0.093543 0.406318
vt 0.093543 0.406318
vt 0.093543 0.406318
vt 0.093543 0.406318
vt 0.093543 0.406318
vt 0.093543 0.406318
vt 0.093543 0.406318
vt 0.093543 0.406318
vt 0.093543 0.406318
vt 0.093543 0.406318
vt 0.093543 0.406318
vt 0.093543 0.406318
vt 0.093543 0.406318
vt 0.093543 0.406318
vt 0.093543 0.406318
vt 0.093543 0.406318
vt 0.093543 0.406318
vt 0.093543 0.406318
vt 0.093543 0.406318
vt 0.093543 0.406318
vt 0.093543 0.406318
vt 0.093543 0.406318
vt 0.093543 0.406318
vt 0.093543 0.406318
vt 0.093543 0.406318
vt 0.093543 0.406318
vt 0.093543 0.406318
vt 0.093543 0.406318
vt 0.093543 0.406318
vt 0.093543 0.406318
vt 0.093543 0.406318
vt 0.093543 0.406318
vt 0.093543 0.406318
vt 0.093543 0.406318
vt 0.093543 0.406318
vt 0.093543 0.406318
vt 0.093543 0.406318
vt 0.093543 0.406318
vt 0.093543 0.406318
vt 0.093543 0.406318
vt 0.093543 0.406318
vt 0.093543 0.406318
vt 0.093543 0.406318
vt 0.093543 0.406318
vt 0.093543 0.406318
vt 0.093543 0.406318
vt 0.093543 0.406318
vt 0.093543 0.406318
vt 0.093543 0.406318
vt 0.093543 0.406318
vt 0.093543 0.406318
vt 0.093543 0.406318
vt 0.093543 0.406318
vt 0.093543 0.406318
vt 0.034886 0.029483
vt 0.034886 0.029483
vt 0.034886 0.029483
vt 0.034886 0.029483
vt 0.034886 0.029483
vt 0.034886 0.029483
vt 0.034886 0.029483
vt 0.034886 0.029483
vt 0.034886 0.029483
vt 0.034886 0.029483
vt 0.034886 0.029483
vt 0.034886 0.029483
vt 0.034886 0.029483
vt 0.034886 0.029483
vt 0.034886 0.029483
vt 0.034886 0.029483
vt 0.034886 0.029483
vt 0.034886 0.029483
vt 0.034886 0.029483
vt 0.034886 0.029483
vt 0.034886 0.029483
vt 0.034886 0.029483
vt 0.034886 0.029483
vt 0.034886 0.029483
vt 0.031162 0.405688
vt 0.031162 0.405688
vt 0.031162 0.405688
vt 0.031162 0.405688
vt 0.031162 0.405688
vt 0.031162 0.405688
vt 0.031162 0.405688
vt 0.031162 0.405688
vt 0.031162 0.405688
vt 0.031162 0.405688
vt 0.156875 0.406875
vt 0.156875 0.406875
vt 0.156875 0.406875
vt 0.156875 0.406875
vt 0.031162 0.405688
vt 0.031162 0.405688
vt 0.093543 0.406318
vt 0.093543 0.406318
vt 0.093543 0.406318
vt 0.093543 0.406318
vt 0.093543 0.406318
vt 0.093543 0.406318
vt 0.093543 0.406318
vt 0.093543 0.406318
vt 0.093543 0.406318
vt 0.093543 0.406318
vt 0.093543 0.406318
vt 0.093543 0.406318
vt 0.093543 0.406318
vt 0.093543 0.406318
vt 0.093543 0.406318
vt 0.093543 0.406318
vt 0.093543 0.406318
vt 0.093543 0.406318
vt 0.093543 0.406318
vt 0.093543 0.406318
vt 0.093543 0.406318
vt 0.093543 0.406318
vt 0.093543 0.406318
vt 0.093543 0.406318
vt 0.093543 0.406318
vt 0.093543 0.406318
vt 0.093543 0.406318
vt 0.093543 0.406318
vt 0.093543 0.406318
vt 0.093543 0.406318
vt 0.093543 0.406318
vt 0.093543 0.406318
vt 0.093543 0.406318
vt 0.093543 0.406318
vt 0.093543 0.406318
vt 0.093543 0.406318
vt 0.093543 0.406318
vt 0.093543 0.406318
vt 0.093543 0.406318
vt 0.093543 0.406318
vt 0.093543 0.406318
vt 0.093543 0.406318
vt 0.093543 0.406318
vt 0.093543 0.406318
vt 0.093543 0.406318
vt 0.093543 0.406318
vt 0.093543 0.406318
vt 0.093543 0.406318
vt 0.093543 0.406318
vt 0.093543 0.406318
vt 0.093543 0.406318
vt 0.093543 0.406318
vt 0.093543 0.406318
vt 0.093543 0.406318
vt 0.093543 0.406318
vt 0.093543 0.406318
vt 0.093543 0.406318
vt 0.093543 0.406318
vt 0.093543 0.406318
vt 0.093543 0.406318
vt 0.093543 0.406318
vt 0.093543 0.406318
vt 0.093543 0.406318
vt 0.093543 0.406318
vt 0.093543 0.406318
vt 0.093543 0.406318
vt 0.093543 0.406318
vt 0.093543 0.406318
vt 0.093543 0.406318
vt 0.093543 0.406318
vt 0.093543 0.406318
vt 0.093543 0.406318
vt 0.093543 0.406318
vt 0.093543 0.406318
vt 0.093543 0.406318
vt 0.093543 0.406318
vt 0.093543 0.406318
vt 0.093543 0.406318
vt 0.093543 0.406318
vt 0.093543 0.406318
vt 0.034886 0.029483
vt 0.034886 0.029483
vt 0.034886 0.029483
vt 0.034886 0.029483
vt 0.034886 0.029483
vt 0.034886 0.029483
vt 0.034886 0.029483
vt 0.034886 0.029483
vt 0.034886 0.029483
vt 0.034886 0.029483
vt 0.034886 0.029483
vt 0.034886 0.029483
vt 0.034886 0.029483
vt 0.034886 0.029483
vt 0.034886 0.029483
vt 0.034886 0.029483
vt 0.034886 0.029483
vt 0.034886 0.029483
vt 0.034886 0.029483
vt 0.034886 0.029483
vt 0.034886 0.029483
vt 0.034886 0.029483
vt 0.034886 0.029483
vt 0.034886 0.029483
vt 0.031162 0.405688
vt 0.031162 0.405688
vt 0.156875 0.406875
vt 0.156875 0.406875
vt 0.156875 0.406875
vt 0.156875 0.406875
vt 0.156875 0.406875
vt 0.156875 0.406875
vt 0.031162 0.405688
vt 0.031162 0.405688
vt 0.156875 0.406875
vt 0.156875 0.406875
vt 0.031162 0.405688
vt 0.031162 0.405688
vt 0.031162 0.405688
vt 0.031162 0.405688
vt 0.031162 0.405688
vt 0.156875 0.406875
vt 0.156875 0.406875
vt 0.156875 0.406875
vt 0.156875 0.406875
vt 0.156875 0.406875
vt 0.156875 0.406875
vt 0.031162 0.405688
vt 0.031162 0.405688
vt 0.031162 0.405688
vt 0.156875 0.406875
vt 0.156875 0.406875
vt 0.156875 0.406875
vt 0.031162 0.405688
vt 0.031162 0.405688
vt 0.031162 0.405688
vt 0.031162 0.405688
vt 0.031162 0.405688
vt 0.156875 0.406875
vt 0.156875 0.406875
vt 0.156875 0.406875
vt 0.031162 0.405688
vt 0.031162 0.405688
vt 0.031162 0.405688
vt 0.031162 0.405688
vt 0.031162 0.405688
vt 0.031162 0.405688
vt 0.031162 0.405688
vt 0.031162 0.405688
vt 0.031162 0.405688
vt 0.031162 0.405688
vt 0.031162 0.405688
vt 0.031162 0.405688
vt 0.031162 0.405688
vt 0.031162 0.405688
vt 0.031162 0.405688
vt 0.031162 0.405688
vt 0.156875 0.406875
vt 0.156875 0.406875
vt 0.156875 0.406875
vt 0.156875 0.406875
vt 0.031162 0.405688
vt 0.031162 0.405688
vt 0.093543 0.406318
vt 0.093543 0.406318
vt 0.093543 0.406318
vt 0.093543 0.406318
vt 0.093543 0.406318
vt 0.093543 0.406318
vt 0.093543 0.406318
vt 0.093543 0.406318
vt 0.093543 0.406318
vt 0.093543 0.406318
vt 0.093543 0.406318
vt 0.093543 0.406318
vt 0.093543 0.406318
vt 0.093543 0.406318
vt 0.093543 0.406318
vt 0.093543 0.406318
vt 0.093543 0.406318
vt 0.093543 0.406318
vt 0.093543 0.406318
vt 0.093543 0.406318
vt 0.093543 0.406318
vt 0.093543 0.406318
vt 0.093543 0.406318
vt 0.093543 0.406318
vt 0.093543 0.406318
vt 0.093543 0.406318
vt 0.093543 0.406318
vt 0.093543 0.406318
vt 0.093543 0.406318
vt 0.093543 0.406318
vt 0.093543 0.406318
vt 0.093543 0.406318
vt 0.093543 0.406318
vt 0.093543 0.406318
vt 0.093543 0.406318
vt 0.093543 0.406318
vt 0.093543 0.406318
vt 0.093543 0.406318
vt 0.093543 0.406318
vt 0.093543 0.406318
vt 0.093543 0.406318
vt 0.093543 0.406318
vt 0.093543 0.406318
vt 0.093543 0.406318
vt 0.093543 0.406318
vt 0.093543 0.406318
vt 0.093543 0.406318
vt 0.093543 0.406318
vt 0.093543 0.406318
vt 0.093543 0.406318
vt 0.093543 0.406318
vt 0.093543 0.406318
vt 0.093543 0.406318
vt 0.093543 0.406318
vt 0.093543 0.406318
vt 0.093543 0.406318
vt 0.093543 0.406318
vt 0.093543 0.406318
vt 0.093543 0.406318
vt 0.093543 0.406318
vt 0.093543 0.406318
vt 0.093543 0.406318
vt 0.093543 0.406318
vt 0.093543 0.406318
vt 0.093543 0.406318
vt 0.093543 0.406318
vt 0.093543 0.406318
vt 0.093543 0.406318
vt 0.093543 0.406318
vt 0.093543 0.406318
vt 0.093543 0.406318
vt 0.093543 0.406318
vt 0.093543 0.406318
vt 0.093543 0.406318
vt 0.093543 0.406318
vt 0.093543 0.406318
vt 0.093543 0.406318
vt 0.093543 0.406318
vt 0.093543 0.406318
vt 0.093543 0.406318
vt 0.034886 0.029483
vt 0.034886 0.029483
vt 0.034886 0.029483
vt 0.034886 0.029483
vt 0.034886 0.029483
vt 0.034886 0.029483
vt 0.034886 0.029483
vt 0.034886 0.029483
vt 0.034886 0.029483
vt 0.034886 0.029483
vt 0.034886 0.029483
vt 0.034886 0.029483
vt 0.034886 0.029483
vt 0.034886 0.029483
vt 0.034886 0.029483
vt 0.034886 0.029483
vt 0.034886 0.029483
vt 0.034886 0.029483
vt 0.034886 0.029483
vt 0.034886 0.029483
vt 0.034886 0.029483
vt 0.034886 0.029483
vt 0.034886 0.029483
vt 0.034886 0.029483
vt 0.031162 0.405688
vt 0.031162 0.405688
vt 0.031162 0.405688
vt 0.031162 0.405688
vt 0.031162 0.405688
vt 0.031162 0.405688
vt 0.031162 0.405688
vt 0.031162 0.405688
vt 0.031162 0.405688
vt 0.031162 0.405688
vt 0.156875 0.406875
vt 0.156875 0.406875
vt 0.156875 0.406875
vt 0.156875 0.406875
vt 0.031162 0.405688
vt 0.031162 0.405688
vt 0.093543 0.406318
vt 0.093543 0.406318
vt 0.093543 0.406318
vt 0.093543 0.406318
vt 0.093543 0.406318
vt 0.093543 0.406318
vt 0.093543 0.406318
vt 0.093543 0.406318
vt 0.093543 0.406318
vt 0.093543 0.406318
vt 0.093543 0.406318
vt 0.093543 0.406318
vt 0.093543 0.406318
vt 0.093543 0.406318
vt 0.093543 0.406318
vt 0.093543 0.406318
vt 0.093543 0.406318
vt 0.093543 0.406318
vt 0.093543 0.406318
vt 0.093543 0.406318
vt 0.093543 0.406318
vt 0.093543 0.406318
vt 0.093543 0.406318
vt 0.093543 0.406318
vt 0.093543 0.406318
vt 0.093543 0.406318
vt 0.093543 0.406318
vt 0.093543 0.406318
vt 0.093543 0.406318
vt 0.093543 0.406318
vt 0.093543 0.406318
vt 0.093543 0.406318
vt 0.093543 0.406318
vt 0.093543 0.406318
vt 0.093543 0.406318
vt 0.093543 0.406318
vt 0.093543 0.406318
vt 0.093543 0.406318
vt 0.093543 0.406318
vt 0.093543 0.406318
vt 0.093543 0.406318
vt 0.093543 0.406318
vt 0.093543 0.406318
vt 0.093543 0.406318
vt 0.093543 0.406318
vt 0.093543 0.406318
vt 0.093543 0.406318
vt 0.093543 0.406318
vt 0.093543 0.406318
vt 0.093543 0.406318
vt 0.093543 0.406318
vt 0.093543 0.406318
vt 0.093543 0.406318
vt 0.093543 0.406318
vt 0.093543 0.406318
vt 0.093543 0.406318
vt 0.093543 0.406318
vt 0.093543 0.406318
vt 0.093543 0.406318
vt 0.093543 0.406318
vt 0.093543 0.406318
vt 0.093543 0.406318
vt 0.093543 0.406318
vt 0.093543 0.406318
vt 0.093543 0.406318
vt 0.093543 0.406318
vt 0.093543 0.406318
vt 0.093543 0.406318
vt 0.093543 0.406318
vt 0.093543 0.406318
vt 0.093543 0.406318
vt 0.093543 0.406318
vt 0.093543 0.406318
vt 0.093543 0.406318
vt 0.093543 0.406318
vt 0.093543 0.406318
vt 0.093543 0.406318
vt 0.093543 0.406318
vt 0.093543 0.406318
vt 0.093543 0.406318
vt 0.034886 0.029483
vt 0.034886 0.029483
vt 0.034886 0.029483
vt 0.034886 0.029483
vt 0.034886 0.029483
vt 0.034886 0.029483
vt 0.034886 0.029483
vt 0.034886 0.029483
vt 0.034886 0.029483
vt 0.034886 0.029483
vt 0.034886 0.029483
vt 0.034886 0.029483
vt 0.034886 0.029483
vt 0.034886 0.029483
vt 0.034886 0.029483
vt 0.034886 0.029483
vt 0.034886 0.029483
vt 0.034886 0.029483
vt 0.034886 0.029483
vt 0.034886 0.029483
vt 0.034886 0.029483
vt 0.034886 0.029483
vt 0.034886 0.029483
vt 0.034886 0.029483
vt 0.031162 0.405688
vt 0.031162 0.405688
vt 0.031162 0.405688
vt 0.031162 0.405688
vt 0.031162 0.405688
vt 0.031162 0.405688
vt 0.031162 0.405688
vt 0.031162 0.405688
vt 0.031162 0.405688
vt 0.031162 0.405688
vt 0.156875 0.406875
vt 0.156875 0.406875
vt 0.156875 0.406875
vt 0.156875 0.406875
vt 0.031162 0.405688
vt 0.031162 0.405688
vt 0.093543 0.406318
vt 0.093543 0.406318
vt 0.093543 0.406318
vt 0.093543 0.406318
vt 0.093543 0.406318
vt 0.093543 0.406318
vt 0.093543 0.406318
vt 0.093543 0.406318
vt 0.093543 0.406318
vt 0.093543 0.406318
vt 0.093543 0.406318
vt 0.093543 0.406318
vt 0.093543 0.406318
vt 0.093543 0.406318
vt 0.093543 0.406318
vt 0.093543 0.406318
vt 0.093543 0.406318
vt 0.093543 0.406318
vt 0.093543 0.406318
vt 0.093543 0.406318
vt 0.093543 0.406318
vt 0.093543 0.406318
vt 0.093543 0.406318
vt 0.093543 0.406318
vt 0.093543 0.406318
vt 0.093543 0.406318
vt 0.093543 0.406318
vt 0.093543 0.406318
vt 0.093543 0.406318
vt 0.093543 0.406318
vt 0.093543 0.406318
vt 0.093543 0.406318
vt 0.093543 0.406318
vt 0.093543 0.406318
vt 0.093543 0.406318
vt 0.093543 0.406318
vt 0.093543 0.406318
vt 0.093543 0.406318
vt 0.093543 0.406318
vt 0.093543 0.406318
vt 0.093543 0.406318
vt 0.093543 0.406318
vt 0.093543 0.406318
vt 0.093543 0.406318
vt 0.093543 0.406318
vt 0.093543 0.406318
vt 0.093543 0.406318
vt 0.093543 0.406318
vt 0.093543 0.406318
vt 0.093543 0.406318
vt 0.093543 0.406318
vt 0.093543 0.406318
vt 0.093543 0.406318
vt 0.093543 0.406318
vt 0.093543 0.406318
vt 0.093543 0.406318
vt 0.093543 0.406318
vt 0.093543 0.406318
vt 0.093543 0.406318
vt 0.093543 0.406318
vt 0.093543 0.406318
vt 0.093543 0.406318
vt 0.093543 0.406318
vt 0.093543 0.406318
vt 0.093543 0.406318
vt 0.093543 0.406318
vt 0.093543 0.406318
vt 0.093543 0.406318
vt 0.093543 0.406318
vt 0.093543 0.406318
vt 0.093543 0.406318
vt 0.093543 0.406318
vt 0.093543 0.406318
vt 0.093543 0.406318
vt 0.093543 0.406318
vt 0.093543 0.406318
vt 0.093543 0.406318
vt 0.093543 0.406318
vt 0.093543 0.406318
vt 0.093543 0.406318
vt 0.034886 0.029483
vt 0.034886 0.029483
vt 0.034886 0.029483
vt 0.034886 0.029483
vt 0.034886 0.029483
vt 0.034886 0.029483
vt 0.034886 0.029483
vt 0.034886 0.029483
vt 0.034886 0.029483
vt 0.034886 0.029483
vt 0.034886 0.029483
vt 0.034886 0.029483
vt 0.034886 0.029483
vt 0.034886 0.029483
vt 0.034886 0.029483
vt 0.034886 0.029483
vt 0.034886 0.029483
vt 0.034886 0.029483
vt 0.034886 0.029483
vt 0.034886 0.029483
vt 0.034886 0.029483
vt 0.034886 0.029483
vt 0.034886 0.029483
vt 0.034886 0.029483
vt 0.031162 0.405688
vt 0.031162 0.405688
vt 0.031162 0.405688
vt 0.031162 0.405688
vt 0.031162 0.405688
vt 0.031162 0.405688
vt 0.031162 0.405688
vt 0.031162 0.405688
vt 0.031162 0.405688
vt 0.031162 0.405688
vt 0.031162 0.405688
vt 0.031162 0.405688
vt 0.031162 0.405688
vt 0.031162 0.405688
vt 0.156875 0.406875
vt 0.156875 0.406875
vt 0.156875 0.406875
vt 0.156875 0.406875
vt 0.031162 0.405688
vt 0.031162 0.405688
vt 0.093543 0.406318
vt 0.093543 0.406318
vt 0.093543 0.406318
vt 0.093543 0.406318
vt 0.093543 0.406318
vt 0.093543 0.406318
vt 0.093543 0.406318
vt 0.093543 0.406318
vt 0.093543 0.406318
vt 0.093543 0.406318
vt 0.093543 0.406318
vt 0.093543 0.406318
vt 0.093543 0.406318
vt 0.093543 0.406318
vt 0.093543 0.406318
vt 0.093543 0.406318
vt 0.093543 0.406318
vt 0.093543 0.406318
vt 0.093543 0.406318
vt 0.093543 0.406318
vt 0.093543 0.406318
vt 0.093543 0.406318
vt 0.093543 0.406318
vt 0.093543 0.406318
vt 0.093543 0.406318
vt 0.093543 0.406318
vt 0.093543 0.406318
vt 0.093543 0.406318
vt 0.093543 0.406318
vt 0.093543 0.406318
vt 0.093543 0.406318
vt 0.093543 0.406318
vt 0.093543 0.406318
vt 0.093543 0.406318
vt 0.093543 0.406318
vt 0.093543 0.406318
vt 0.093543 0.406318
vt 0.093543 0.406318
vt 0.093543 0.406318
vt 0.093543 0.406318
vt 0.093543 0.406318
vt 0.093543 0.406318
vt 0.093543 0.406318
vt 0.093543 0.406318
vt 0.093543 0.406318
vt 0.093543 0.406318
vt 0.093543 0.406318
vt 0.093543 0.406318
vt 0.093543 0.406318
vt 0.093543 0.406318
vt 0.093543 0.406318
vt 0.093543 0.406318
vt 0.093543 0.406318
vt 0.093543 0.406318
vt 0.093543 0.406318
vt 0.093543 0.406318
vt 0.093543 0.406318
vt 0.093543 0.406318
vt 0.093543 0.406318
vt 0.093543 0.406318
vt 0.093543 0.406318
vt 0.093543 0.406318
vt 0.093543 0.406318
vt 0.093543 0.406318
vt 0.093543 0.406318
vt 0.093543 0.406318
vt 0.093543 0.406318
vt 0.093543 0.406318
vt 0.093543 0.406318
vt 0.093543 0.406318
vt 0.093543 0.406318
vt 0.093543 0.406318
vt 0.093543 0.406318
vt 0.093543 0.406318
vt 0.093543 0.406318
vt 0.093543 0.406318
vt 0.093543 0.406318
vt 0.093543 0.406318
vt 0.093543 0.406318
vt 0.093543 0.406318
vt 0.034886 0.029483
vt 0.034886 0.029483
vt 0.034886 0.029483
vt 0.034886 0.029483
vt 0.034886 0.029483
vt 0.034886 0.029483
vt 0.034886 0.029483
vt 0.034886 0.029483
vt 0.034886 0.029483
vt 0.034886 0.029483
vt 0.034886 0.029483
vt 0.034886 0.029483
vt 0.034886 0.029483
vt 0.034886 0.029483
vt 0.034886 0.029483
vt 0.034886 0.029483
vt 0.034886 0.029483
vt 0.034886 0.029483
vt 0.034886 0.029483
vt 0.034886 0.029483
vt 0.034886 0.029483
vt 0.034886 0.029483
vt 0.034886 0.029483
vt 0.034886 0.029483
vt 0.031162 0.405688
vt 0.031162 0.405688
vt 0.031162 0.405688
vt 0.031162 0.405688
vt 0.031162 0.405688
vt 0.031162 0.405688
vt 0.031162 0.405688
vt 0.031162 0.405688
vt 0.031162 0.405688
vt 0.031162 0.405688
vt 0.156875 0.406875
vt 0.156875 0.406875
vt 0.156875 0.406875
vt 0.156875 0.406875
vt 0.031162 0.405688
vt 0.031162 0.405688
vt 0.093543 0.406318
vt 0.093543 0.406318
vt 0.093543 0.406318
vt 0.093543 0.406318
vt 0.093543 0.406318
vt 0.093543 0.406318
vt 0.093543 0.406318
vt 0.093543 0.406318
vt 0.093543 0.406318
vt 0.093543 0.406318
vt 0.093543 0.406318
vt 0.093543 0.406318
vt 0.093543 0.406318
vt 0.093543 0.406318
vt 0.093543 0.406318
vt 0.093543 0.406318
vt 0.093543 0.406318
vt 0.093543 0.406318
vt 0.093543 0.406318
vt 0.093543 0.406318
vt 0.093543 0.406318
vt 0.093543 0.406318
vt 0.093543 0.406318
vt 0.093543 0.406318
vt 0.093543 0.406318
vt 0.093543 0.406318
vt 0.093543 0.406318
vt 0.093543 0.406318
vt 0.093543 0.406318
vt 0.093543 0.406318
vt 0.093543 0.406318
vt 0.093543 0.406318
vt 0.093543 0.406318
vt 0.093543 0.406318
vt 0.093543 0.406318
vt 0.093543 0.406318
vt 0.093543 0.406318
vt 0.093543 0.406318
vt 0.093543 0.406318
vt 0.093543 0.406318
vt 0.093543 0.406318
vt 0.093543 0.406318
vt 0.093543 0.406318
vt 0.093543 0.406318
vt 0.093543 0.406318
vt 0.093543 0.406318
vt 0.093543 0.406318
vt 0.093543 0.406318
vt 0.093543 0.406318
vt 0.093543 0.406318
vt 0.093543 0.406318
vt 0.093543 0.406318
vt 0.093543 0.406318
vt 0.093543 0.406318
vt 0.093543 0.406318
vt 0.093543 0.406318
vt 0.093543 0.406318
vt 0.093543 0.406318
vt 0.093543 0.406318
vt 0.093543 0.406318
vt 0.093543 0.406318
vt 0.093543 0.406318
vt 0.093543 0.406318
vt 0.093543 0.406318
vt 0.093543 0.406318
vt 0.093543 0.406318
vt 0.093543 0.406318
vt 0.093543 0.406318
vt 0.093543 0.406318
vt 0.093543 0.406318
vt 0.093543 0.406318
vt 0.093543 0.406318
vt 0.093543 0.406318
vt 0.093543 0.406318
vt 0.093543 0.406318
vt 0.093543 0.406318
vt 0.093543 0.406318
vt 0.093543 0.406318
vt 0.093543 0.406318
vt 0.093543 0.406318
vt 0.034886 0.029483
vt 0.034886 0.029483
vt 0.034886 0.029483
vt 0.034886 0.029483
vt 0.034886 0.029483
vt 0.034886 0.029483
vt 0.034886 0.029483
vt 0.034886 0.029483
vt 0.034886 0.029483
vt 0.034886 0.029483
vt 0.034886 0.029483
vt 0.034886 0.029483
vt 0.034886 0.029483
vt 0.034886 0.029483
vt 0.034886 0.029483
vt 0.034886 0.029483
vt 0.034886 0.029483
vt 0.034886 0.029483
vt 0.034886 0.029483
vt 0.034886 0.029483
vt 0.034886 0.029483
vt 0.034886 0.029483
vt 0.034886 0.029483
vt 0.034886 0.029483
vt 0.031162 0.405688
vt 0.031162 0.405688
vt 0.031162 0.405688
vt 0.031162 0.405688
vt 0.031162 0.405688
vt 0.031162 0.405688
vt 0.031162 0.405688
vt 0.031162 0.405688
vt 0.031162 0.405688
vt 0.031162 0.405688
vt 0.156875 0.406875
vt 0.156875 0.406875
vt 0.156875 0.406875
vt 0.156875 0.406875
vt 0.031162 0.405688
vt 0.031162 0.405688
vt 0.093543 0.406318
vt 0.093543 0.406318
vt 0.093543 0.406318
vt 0.093543 0.406318
vt 0.093543 0.406318
vt 0.093543 0.406318
vt 0.093543 0.406318
vt 0.093543 0.406318
vt 0.093543 0.406318
vt 0.093543 0.406318
vt 0.093543 0.406318
vt 0.093543 0.406318
vt 0.093543 0.406318
vt 0.093543 0.406318
vt 0.093543 0.406318
vt 0.093543 0.406318
vt 0.093543 0.406318
vt 0.093543 0.406318
vt 0.093543 0.406318
vt 0.093543 0.406318
vt 0.093543 0.406318
vt 0.093543 0.406318
vt 0.093543 0.406318
vt 0.093543 0.406318
vt 0.093543 0.406318
vt 0.093543 0.406318
vt 0.093543 0.406318
vt 0.093543 0.406318
vt 0.093543 0.406318
vt 0.093543 0.406318
vt 0.093543 0.406318
vt 0.093543 0.406318
vt 0.093543 0.406318
vt 0.093543 0.406318
vt 0.093543 0.406318
vt 0.093543 0.406318
vt 0.093543 0.406318
vt 0.093543 0.406318
vt 0.093543 0.406318
vt 0.093543 0.406318
vt 0.093543 0.406318
vt 0.093543 0.406318
vt 0.093543 0.406318
vt 0.093543 0.406318
vt 0.093543 0.406318
vt 0.093543 0.406318
vt 0.093543 0.406318
vt 0.093543 0.406318
vt 0.093543 0.406318
vt 0.093543 0.406318
vt 0.093543 0.406318
vt 0.093543 0.406318
vt 0.093543 0.406318
vt 0.093543 0.406318
vt 0.093543 0.406318
vt 0.093543 0.406318
vt 0.093543 0.406318
vt 0.093543 0.406318
vt 0.093543 0.406318
vt 0.093543 0.406318
vt 0.093543 0.406318
vt 0.093543 0.406318
vt 0.093543 0.406318
vt 0.093543 0.406318
vt 0.093543 0.406318
vt 0.093543 0.406318
vt 0.093543 0.406318
vt 0.093543 0.406318
vt 0.093543 0.406318
vt 0.093543 0.406318
vt 0.093543 0.406318
vt 0.093543 0.406318
vt 0.093543 0.406318
vt 0.093543 0.406318
vt 0.093543 0.406318
vt 0.093543 0.406318
vt 0.093543 0.406318
vt 0.093543 0.406318
vt 0.093543 0.406318
vt 0.093543 0.406318
vt 0.034886 0.029483
vt 0.034886 0.029483
vt 0.034886 0.029483
vt 0.034886 0.029483
vt 0.034886 0.029483
vt 0.034886 0.029483
vt 0.034886 0.029483
vt 0.034886 0.029483
vt 0.034886 0.029483
vt 0.034886 0.029483
vt 0.034886 0.029483
vt 0.034886 0.029483
vt 0.034886 0.029483
vt 0.034886 0.029483
vt 0.034886 0.029483
vt 0.034886 0.029483
vt 0.034886 0.029483
vt 0.034886 0.029483
vt 0.034886 0.029483
vt 0.034886 0.029483
vt 0.034886 0.029483
vt 0.034886 0.029483
vt 0.034886 0.029483
vt 0.034886 0.029483
vt 0.031162 0.405688
vt 0.031162 0.405688
vt 0.156875 0.406875
vt 0.156875 0.406875
vt 0.156875 0.406875
vt 0.156875 0.406875
vt 0.156875 0.406875
vt 0.156875 0.406875
vt 0.031162 0.405688
vt 0.031162 0.405688
vt 0.156875 0.406875
vt 0.156875 0.406875
vt 0.031162 0.405688
vt 0.031162 0.405688
vt 0.031162 0.405688
vt 0.031162 0.405688
vt 0.031162 0.405688
vt 0.156875 0.406875
vt 0.156875 0.406875
vt 0.156875 0.406875
vt 0.156875 0.406875
vt 0.156875 0.406875
vt 0.156875 0.406875
vt 0.031162 0.405688
vt 0.031162 0.405688
vt 0.031162 0.405688
vt 0.156875 0.406875
vt 0.156875 0.406875
vt 0.156875 0.406875
vt 0.031162 0.405688
vt 0.031162 0.405688
vt 0.031162 0.405688
vt 0.031162 0.405688
vt 0.031162 0.405688
vt 0.156875 0.406875
vt 0.156875 0.406875
vt 0.156875 0.406875
vt 0.156875 0.406875
vt 0.156875 0.406875
vt 0.031162 0.405688
vt 0.031162 0.405688
vt 0.031162 0.405688
vt 0.031162 0.405688
vt 0.031162 0.405688
vt 0.031162 0.405688
vt 0.031162 0.405688
vt 0.031162 0.405688
vt 0.031162 0.405688
vt 0.031162 0.405688
vt 0.031162 0.405688
vt 0.031162 0.405688
vt 0.031162 0.405688
vt 0.031162 0.405688
vt 0.031162 0.405688
vt 0.031162 0.405688
vt 0.156875 0.406875
vt 0.156875 0.406875
vt 0.156875 0.406875
vt 0.156875 0.406875
vt 0.031162 0.405688
vt 0.031162 0.405688
vt 0.093543 0.406318
vt 0.093543 0.406318
vt 0.093543 0.406318
vt 0.093543 0.406318
vt 0.093543 0.406318
vt 0.093543 0.406318
vt 0.093543 0.406318
vt 0.093543 0.406318
vt 0.093543 0.406318
vt 0.093543 0.406318
vt 0.093543 0.406318
vt 0.093543 0.406318
vt 0.093543 0.406318
vt 0.093543 0.406318
vt 0.093543 0.406318
vt 0.093543 0.406318
vt 0.093543 0.406318
vt 0.093543 0.406318
vt 0.093543 0.406318
vt 0.093543 0.406318
vt 0.093543 0.406318
vt 0.093543 0.406318
vt 0.093543 0.406318
vt 0.093543 0.406318
vt 0.093543 0.406318
vt 0.093543 0.406318
vt 0.093543 0.406318
vt 0.093543 0.406318
vt 0.093543 0.406318
vt 0.093543 0.406318
vt 0.093543 0.406318
vt 0.093543 0.406318
vt 0.093543 0.406318
vt 0.093543 0.406318
vt 0.093543 0.406318
vt 0.093543 0.406318
vt 0.093543 0.406318
vt 0.093543 0.406318
vt 0.093543 0.406318
vt 0.093543 0.406318
vt 0.093543 0.406318
vt 0.093543 0.406318
vt 0.093543 0.406318
vt 0.093543 0.406318
vt 0.093543 0.406318
vt 0.093543 0.406318
vt 0.093543 0.406318
vt 0.093543 0.406318
vt 0.093543 0.406318
vt 0.093543 0.406318
vt 0.093543 0.406318
vt 0.093543 0.406318
vt 0.093543 0.406318
vt 0.093543 0.406318
vt 0.093543 0.406318
vt 0.093543 0.406318
vt 0.093543 0.406318
vt 0.093543 0.406318
vt 0.093543 0.406318
vt 0.093543 0.406318
vt 0.093543 0.406318
vt 0.093543 0.406318
vt 0.093543 0.406318
vt 0.093543 0.406318
vt 0.093543 0.406318
vt 0.093543 0.406318
vt 0.093543 0.406318
vt 0.093543 0.406318
vt 0.093543 0.406318
vt 0.093543 0.406318
vt 0.093543 0.406318
vt 0.093543 0.406318
vt 0.093543 0.406318
vt 0.093543 0.406318
vt 0.093543 0.406318
vt 0.093543 0.406318
vt 0.093543 0.406318
vt 0.093543 0.406318
vt 0.093543 0.406318
vt 0.093543 0.406318
vt 0.034886 0.029483
vt 0.034886 0.029483
vt 0.034886 0.029483
vt 0.034886 0.029483
vt 0.034886 0.029483
vt 0.034886 0.029483
vt 0.034886 0.029483
vt 0.034886 0.029483
vt 0.034886 0.029483
vt 0.034886 0.029483
vt 0.034886 0.029483
vt 0.034886 0.029483
vt 0.034886 0.029483
vt 0.034886 0.029483
vt 0.034886 0.029483
vt 0.034886 0.029483
vt 0.034886 0.029483
vt 0.034886 0.029483
vt 0.034886 0.029483
vt 0.034886 0.029483
vt 0.034886 0.029483
vt 0.034886 0.029483
vt 0.034886 0.029483
vt 0.034886 0.029483
vt 0.031162 0.405688
vt 0.031162 0.405688
vt 0.031162 0.405688
vt 0.031162 0.405688
vt 0.031162 0.405688
vt 0.031162 0.405688
vt 0.031162 0.405688
vt 0.031162 0.405688
vt 0.031162 0.405688
vt 0.031162 0.405688
vt 0.156875 0.406875
vt 0.156875 0.406875
vt 0.156875 0.406875
vt 0.156875 0.406875
vt 0.031162 0.405688
vt 0.031162 0.405688
vt 0.093543 0.406318
vt 0.093543 0.406318
vt 0.093543 0.406318
vt 0.093543 0.406318
vt 0.093543 0.406318
vt 0.093543 0.406318
vt 0.093543 0.406318
vt 0.093543 0.406318
vt 0.093543 0.406318
vt 0.093543 0.406318
vt 0.093543 0.406318
vt 0.093543 0.406318
vt 0.093543 0.406318
vt 0.093543 0.406318
vt 0.093543 0.406318
vt 0.093543 0.406318
vt 0.093543 0.406318
vt 0.093543 0.406318
vt 0.093543 0.406318
vt 0.093543 0.406318
vt 0.093543 0.406318
vt 0.093543 0.406318
vt 0.093543 0.406318
vt 0.093543 0.406318
vt 0.093543 0.406318
vt 0.093543 0.406318
vt 0.093543 0.406318
vt 0.093543 0.406318
vt 0.093543 0.406318
vt 0.093543 0.406318
vt 0.093543 0.406318
vt 0.093543 0.406318
vt 0.093543 0.406318
vt 0.093543 0.406318
vt 0.093543 0.406318
vt 0.093543 0.406318
vt 0.093543 0.406318
vt 0.093543 0.406318
vt 0.093543 0.406318
vt 0.093543 0.406318
vt 0.093543 0.406318
vt 0.093543 0.406318
vt 0.093543 0.406318
vt 0.093543 0.406318
vt 0.093543 0.406318
vt 0.093543 0.406318
vt 0.093543 0.406318
vt 0.093543 0.406318
vt 0.093543 0.406318
vt 0.093543 0.406318
vt 0.093543 0.406318
vt 0.093543 0.406318
vt 0.093543 0.406318
vt 0.093543 0.406318
vt 0.093543 0.406318
vt 0.093543 0.406318
vt 0.093543 0.406318
vt 0.093543 0.406318
vt 0.093543 0.406318
vt 0.093543 0.406318
vt 0.093543 0.406318
vt 0.093543 0.406318
vt 0.093543 0.406318
vt 0.093543 0.406318
vt 0.093543 0.406318
vt 0.093543 0.406318
vt 0.093543 0.406318
vt 0.093543 0.406318
vt 0.093543 0.406318
vt 0.093543 0.406318
vt 0.093543 0.406318
vt 0.093543 0.406318
vt 0.093543 0.406318
vt 0.093543 0.406318
vt 0.093543 0.406318
vt 0.093543 0.406318
vt 0.093543 0.406318
vt 0.093543 0.406318
vt 0.093543 0.406318
vt 0.093543 0.406318
vt 0.034886 0.029483
vt 0.034886 0.029483
vt 0.034886 0.029483
vt 0.034886 0.029483
vt 0.034886 0.029483
vt 0.034886 0.029483
vt 0.034886 0.029483
vt 0.034886 0.029483
vt 0.034886 0.029483
vt 0.034886 0.029483
vt 0.034886 0.029483
vt 0.034886 0.029483
vt 0.034886 0.029483
vt 0.034886 0.029483
vt 0.034886 0.029483
vt 0.034886 0.029483
vt 0.034886 0.029483
vt 0.034886 0.029483
vt 0.034886 0.029483
vt 0.034886 0.029483
vt 0.034886 0.029483
vt 0.034886 0.029483
vt 0.034886 0.029483
vt 0.034886 0.029483
vt 0.031162 0.405688
vt 0.031162 0.405688
vt 0.031162 0.405688
vt 0.031162 0.405688
vt 0.031162 0.405688
vt 0.031162 0.405688
vt 0.031162 0.405688
vt 0.031162 0.405688
vt 0.031162 0.405688
vt 0.031162 0.405688
vt 0.156875 0.406875
vt 0.156875 0.406875
vt 0.156875 0.406875
vt 0.156875 0.406875
vt 0.031162 0.405688
vt 0.031162 0.405688
vt 0.093543 0.406318
vt 0.093543 0.406318
vt 0.093543 0.406318
vt 0.093543 0.406318
vt 0.093543 0.406318
vt 0.093543 0.406318
vt 0.093543 0.406318
vt 0.093543 0.406318
vt 0.093543 0.406318
vt 0.093543 0.406318
vt 0.093543 0.406318
vt 0.093543 0.406318
vt 0.093543 0.406318
vt 0.093543 0.406318
vt 0.093543 0.406318
vt 0.093543 0.406318
vt 0.093543 0.406318
vt 0.093543 0.406318
vt 0.093543 0.406318
vt 0.093543 0.406318
vt 0.093543 0.406318
vt 0.093543 0.406318
vt 0.093543 0.406318
vt 0.093543 0.406318
vt 0.093543 0.406318
vt 0.093543 0.406318
vt 0.093543 0.406318
vt 0.093543 0.406318
vt 0.093543 0.406318
vt 0.093543 0.406318
vt 0.093543 0.406318
vt 0.093543 0.406318
vt 0.093543 0.406318
vt 0.093543 0.406318
vt 0.093543 0.406318
vt 0.093543 0.406318
vt 0.093543 0.406318
vt 0.093543 0.406318
vt 0.093543 0.406318
vt 0.093543 0.406318
vt 0.093543 0.406318
vt 0.093543 0.406318
vt 0.093543 0.406318
vt 0.093543 0.406318
vt 0.093543 0.406318
vt 0.093543 0.406318
vt 0.093543 0.406318
vt 0.093543 0.406318
vt 0.093543 0.406318
vt 0.093543 0.406318
vt 0.093543 0.406318
vt 0.093543 0.406318
vt 0.093543 0.406318
vt 0.093543 0.406318
vt 0.093543 0.406318
vt 0.093543 0.406318
vt 0.093543 0.406318
vt 0.093543 0.406318
vt 0.093543 0.406318
vt 0.093543 0.406318
vt 0.093543 0.406318
vt 0.093543 0.406318
vt 0.093543 0.406318
vt 0.093543 0.406318
vt 0.093543 0.406318
vt 0.093543 0.406318
vt 0.093543 0.406318
vt 0.093543 0.406318
vt 0.093543 0.406318
vt 0.093543 0.406318
vt 0.093543 0.406318
vt 0.093543 0.406318
vt 0.093543 0.406318
vt 0.093543 0.406318
vt 0.093543 0.406318
vt 0.093543 0.406318
vt 0.093543 0.406318
vt 0.093543 0.406318
vt 0.093543 0.406318
vt 0.093543 0.406318
vt 0.034886 0.029483
vt 0.034886 0.029483
vt 0.034886 0.029483
vt 0.034886 0.029483
vt 0.034886 0.029483
vt 0.034886 0.029483
vt 0.034886 0.029483
vt 0.034886 0.029483
vt 0.034886 0.029483
vt 0.034886 0.029483
vt 0.034886 0.029483
vt 0.034886 0.029483
vt 0.034886 0.029483
vt 0.034886 0.029483
vt 0.034886 0.029483
vt 0.034886 0.029483
vt 0.034886 0.029483
vt 0.034886 0.029483
vt 0.034886 0.029483
vt 0.034886 0.029483
vt 0.034886 0.029483
vt 0.034886 0.029483
vt 0.034886 0.029483
vt 0.034886 0.029483
vt 0.031162 0.405688
vt 0.031162 0.405688
vt 0.031162 0.405688
vt 0.031162 0.405688
vt 0.031162 0.405688
vt 0.031162 0.405688
vt 0.031162 0.405688
vt 0.031162 0.405688
vt 0.031162 0.405688
vt 0.031162 0.405688
vt 0.031162 0.405688
vt 0.031162 0.405688
vt 0.031162 0.405688
vt 0.031162 0.405688
vt 0.156875 0.406875
vt 0.156875 0.406875
vt 0.156875 0.406875
vt 0.156875 0.406875
vt 0.031162 0.405688
vt 0.031162 0.405688
vt 0.093543 0.406318
vt 0.093543 0.406318
vt 0.093543 0.406318
vt 0.093543 0.406318
vt 0.093543 0.406318
vt 0.093543 0.406318
vt 0.093543 0.406318
vt 0.093543 0.406318
vt 0.093543 0.406318
vt 0.093543 0.406318
vt 0.093543 0.406318
vt 0.093543 0.406318
vt 0.093543 0.406318
vt 0.093543 0.406318
vt 0.093543 0.406318
vt 0.093543 0.406318
vt 0.093543 0.406318
vt 0.093543 0.406318
vt 0.093543 0.406318
vt 0.093543 0.406318
vt 0.093543 0.406318
vt 0.093543 0.406318
vt 0.093543 0.406318
vt 0.093543 0.406318
vt 0.093543 0.406318
vt 0.093543 0.406318
vt 0.093543 0.406318
vt 0.093543 0.406318
vt 0.093543 0.406318
vt 0.093543 0.406318
vt 0.093543 0.406318
vt 0.093543 0.406318
vt 0.093543 0.406318
vt 0.093543 0.406318
vt 0.093543 0.406318
vt 0.093543 0.406318
vt 0.093543 0.406318
vt 0.093543 0.406318
vt 0.093543 0.406318
vt 0.093543 0.406318
vt 0.093543 0.406318
vt 0.093543 0.406318
vt 0.093543 0.406318
vt 0.093543 0.406318
vt 0.093543 0.406318
vt 0.093543 0.406318
vt 0.093543 0.406318
vt 0.093543 0.406318
vt 0.093543 0.406318
vt 0.093543 0.406318
vt 0.093543 0.406318
vt 0.093543 0.406318
vt 0.093543 0.406318
vt 0.093543 0.406318
vt 0.093543 0.406318
vt 0.093543 0.406318
vt 0.093543 0.406318
vt 0.093543 0.406318
vt 0.093543 0.406318
vt 0.093543 0.406318
vt 0.093543 0.406318
vt 0.093543 0.406318
vt 0.093543 0.406318
vt 0.093543 0.406318
vt 0.093543 0.406318
vt 0.093543 0.406318
vt 0.093543 0.406318
vt 0.093543 0.406318
vt 0.093543 0.406318
vt 0.093543 0.406318
vt 0.093543 0.406318
vt 0.093543 0.406318
vt 0.093543 0.406318
vt 0.093543 0.406318
vt 0.093543 0.406318
vt 0.093543 0.406318
vt 0.093543 0.406318
vt 0.093543 0.406318
vt 0.093543 0.406318
vt 0.093543 0.406318
vt 0.034886 0.029483
vt 0.034886 0.029483
vt 0.034886 0.029483
vt 0.034886 0.029483
vt 0.034886 0.029483
vt 0.034886 0.029483
vt 0.034886 0.029483
vt 0.034886 0.029483
vt 0.034886 0.029483
vt 0.034886 0.029483
vt 0.034886 0.029483
vt 0.034886 0.029483
vt 0.034886 0.029483
vt 0.034886 0.029483
vt 0.034886 0.029483
vt 0.034886 0.029483
vt 0.034886 0.029483
vt 0.034886 0.029483
vt 0.034886 0.029483
vt 0.034886 0.029483
vt 0.034886 0.029483
vt 0.034886 0.029483
vt 0.034886 0.029483
vt 0.034886 0.029483
vt 0.031162 0.405688
vt 0.031162 0.405688
vt 0.031162 0.405688
vt 0.031162 0.405688
vt 0.031162 0.405688
vt 0.031162 0.405688
vt 0.031162 0.405688
vt 0.031162 0.405688
vt 0.031162 0.405688
vt 0.031162 0.405688
vt 0.156875 0.406875
vt 0.156875 0.406875
vt 0.156875 0.406875
vt 0.156875 0.406875
vt 0.031162 0.405688
vt 0.031162 0.405688
vt 0.093543 0.406318
vt 0.093543 0.406318
vt 0.093543 0.406318
vt 0.093543 0.406318
vt 0.093543 0.406318
vt 0.093543 0.406318
vt 0.093543 0.406318
vt 0.093543 0.406318
vt 0.093543 0.406318
vt 0.093543 0.406318
vt 0.093543 0.406318
vt 0.093543 0.406318
vt 0.093543 0.406318
vt 0.093543 0.406318
vt 0.093543 0.406318
vt 0.093543 0.406318
vt 0.093543 0.406318
vt 0.093543 0.406318
vt 0.093543 0.406318
vt 0.093543 0.406318
vt 0.093543 0.406318
vt 0.093543 0.406318
vt 0.093543 0.406318
vt 0.093543 0.406318
vt 0.093543 0.406318
vt 0.093543 0.406318
vt 0.093543 0.406318
vt 0.093543 0.406318
vt 0.093543 0.406318
vt 0.093543 0.406318
vt 0.093543 0.406318
vt 0.093543 0.406318
vt 0.093543 0.406318
vt 0.093543 0.406318
vt 0.093543 0.406318
vt 0.093543 0.406318
vt 0.093543 0.406318
vt 0.093543 0.406318
vt 0.093543 0.406318
vt 0.093543 0.406318
vt 0.093543 0.406318
vt 0.093543 0.406318
vt 0.093543 0.406318
vt 0.093543 0.406318
vt 0.093543 0.406318
vt 0.093543 0.406318
vt 0.093543 0.406318
vt 0.093543 0.406318
vt 0.093543 0.406318
vt 0.093543 0.406318
vt 0.093543 0.406318
vt 0.093543 0.406318
vt 0.093543 0.406318
vt 0.093543 0.406318
vt 0.093543 0.406318
vt 0.093543 0.406318
vt 0.093543 0.406318
vt 0.093543 0.406318
vt 0.093543 0.406318
vt 0.093543 0.406318
vt 0.093543 0.406318
vt 0.093543 0.406318
vt 0.093543 0.406318
vt 0.093543 0.406318
vt 0.093543 0.406318
vt 0.093543 0.406318
vt 0.093543 0.406318
vt 0.093543 0.406318
vt 0.093543 0.406318
vt 0.093543 0.406318
vt 0.093543 0.406318
vt 0.093543 0.406318
vt 0.093543 0.406318
vt 0.093543 0.406318
vt 0.093543 0.406318
vt 0.093543 0.406318
vt 0.093543 0.406318
vt 0.093543 0.406318
vt 0.093543 0.406318
vt 0.093543 0.406318
vt 0.034886 0.029483
vt 0.034886 0.029483
vt 0.034886 0.029483
vt 0.034886 0.029483
vt 0.034886 0.029483
vt 0.034886 0.029483
vt 0.034886 0.029483
vt 0.034886 0.029483
vt 0.034886 0.029483
vt 0.034886 0.029483
vt 0.034886 0.029483
vt 0.034886 0.029483
vt 0.034886 0.029483
vt 0.034886 0.029483
vt 0.034886 0.029483
vt 0.034886 0.029483
vt 0.034886 0.029483
vt 0.034886 0.029483
vt 0.034886 0.029483
vt 0.034886 0.029483
vt 0.034886 0.029483
vt 0.034886 0.029483
vt 0.034886 0.029483
vt 0.034886 0.029483
vt 0.031162 0.405688
vt 0.031162 0.405688
vt 0.031162 0.405688
vt 0.031162 0.405688
vt 0.031162 0.405688
vt 0.031162 0.405688
vt 0.031162 0.405688
vt 0.031162 0.405688
vt 0.031162 0.405688
vt 0.031162 0.405688
vt 0.156875 0.406875
vt 0.156875 0.406875
vt 0.156875 0.406875
vt 0.156875 0.406875
vt 0.031162 0.405688
vt 0.031162 0.405688
vt 0.093543 0.406318
vt 0.093543 0.406318
vt 0.093543 0.406318
vt 0.093543 0.406318
vt 0.093543 0.406318
vt 0.093543 0.406318
vt 0.093543 0.406318
vt 0.093543 0.406318
vt 0.093543 0.406318
vt 0.093543 0.406318
vt 0.093543 0.406318
vt 0.093543 0.406318
vt 0.093543 0.406318
vt 0.093543 0.406318
vt 0.093543 0.406318
vt 0.093543 0.406318
vt 0.093543 0.406318
vt 0.093543 0.406318
vt 0.093543 0.406318
vt 0.093543 0.406318
vt 0.093543 0.406318
vt 0.093543 0.406318
vt 0.093543 0.406318
vt 0.093543 0.406318
vt 0.093543 0.406318
vt 0.093543 0.406318
vt 0.093543 0.406318
vt 0.093543 0.406318
vt 0.093543 0.406318
vt 0.093543 0.406318
vt 0.093543 0.406318
vt 0.093543 0.406318
vt 0.093543 0.406318
vt 0.093543 0.406318
vt 0.093543 0.406318
vt 0.093543 0.406318
vt 0.093543 0.406318
vt 0.093543 0.406318
vt 0.093543 0.406318
vt 0.093543 0.406318
vt 0.093543 0.406318
vt 0.093543 0.406318
vt 0.093543 0.406318
vt 0.093543 0.406318
vt 0.093543 0.406318
vt 0.093543 0.406318
vt 0.093543 0.406318
vt 0.093543 0.406318
vt 0.093543 0.406318
vt 0.093543 0.406318
vt 0.093543 0.406318
vt 0.093543 0.406318
vt 0.093543 0.406318
vt 0.093543 0.406318
vt 0.093543 0.406318
vt 0.093543 0.406318
vt 0.093543 0.406318
vt 0.093543 0.406318
vt 0.093543 0.406318
vt 0.093543 0.406318
vt 0.093543 0.406318
vt 0.093543 0.406318
vt 0.093543 0.406318
vt 0.093543 0.406318
vt 0.093543 0.406318
vt 0.093543 0.406318
vt 0.093543 0.406318
vt 0.093543 0.406318
vt 0.093543 0.406318
vt 0.093543 0.406318
vt 0.093543 0.406318
vt 0.093543 0.406318
vt 0.093543 0.406318
vt 0.093543 0.406318
vt 0.093543 0.406318
vt 0.093543 0.406318
vt 0.093543 0.406318
vt 0.093543 0.406318
vt 0.093543 0.406318
vt 0.093543 0.406318
vt 0.034886 0.029483
vt 0.034886 0.029483
vt 0.034886 0.029483
vt 0.034886 0.029483
vt 0.034886 0.029483
vt 0.034886 0.029483
vt 0.034886 0.029483
vt 0.034886 0.029483
vt 0.034886 0.029483
vt 0.034886 0.029483
vt 0.034886 0.029483
vt 0.034886 0.029483
vt 0.034886 0.029483
vt 0.034886 0.029483
vt 0.034886 0.029483
vt 0.034886 0.029483
vt 0.034886 0.029483
vt 0.034886 0.029483
vt 0.034886 0.029483
vt 0.034886 0.029483
vt 0.034886 0.029483
vt 0.034886 0.029483
vt 0.034886 0.029483
vt 0.034886 0.029483
vt 0.031162 0.405688
vt 0.031162 0.405688
vt 0.156875 0.406875
vt 0.156875 0.406875
vt 0.156875 0.406875
vt 0.156875 0.406875
vt 0.156875 0.406875
vt 0.156875 0.406875
vt 0.031162 0.405688
vt 0.031162 0.405688
vt 0.156875 0.406875
vt 0.156875 0.406875
vt 0.031162 0.405688
vt 0.031162 0.405688
vt 0.031162 0.405688
vt 0.031162 0.405688
vt 0.031162 0.405688
vt 0.156875 0.406875
vt 0.156875 0.406875
vt 0.156875 0.406875
vt 0.156875 0.406875
vt 0.156875 0.406875
vt 0.156875 0.406875
vt 0.031162 0.405688
vt 0.031162 0.405688
vt 0.031162 0.405688
vt 0.156875 0.406875
vt 0.156875 0.406875
vt 0.156875 0.406875
vt 0.031162 0.405688
vt 0.031162 0.405688
vt 0.031162 0.405688
vt 0.031162 0.405688
vt 0.031162 0.405688
vt 0.156875 0.406875
vt 0.156875 0.406875
vt 0.156875 0.406875
vt 0.156875 0.406875
vt 0.156875 0.406875
vt 0.031162 0.405688
vt 0.031162 0.405688
vt 0.031162 0.405688
vt 0.031162 0.405688
vt 0.031162 0.405688
vt 0.031162 0.405688
vt 0.156875 0.406875
vt 0.156875 0.406875
vt 0.156875 0.406875
vt 0.156875 0.406875
vt 0.156875 0.406875
vt 0.156875 0.406875
vt 0.156875 0.406875
vt 0.156875 0.406875
vt 0.156875 0.406875
vt 0.156875 0.406875
vt 0.156875 0.406875
vt 0.156875 0.406875
vt 0.031162 0.405688
vt 0.031162 0.405688
vt 0.031162 0.405688
vt 0.031162 0.405688
vt 0.156875 0.406875
vt 0.156875 0.406875
vt 0.156875 0.406875
vt 0.031162 0.405688
vt 0.031162 0.405688
vt 0.156875 0.406875
vt 0.156875 0.406875
vt 0.156875 0.406875
vt 0.156875 0.406875
vt 0.156875 0.406875
vt 0.156875 0.406875
vt 0.156875 0.406875
vt 0.156875 0.406875
vt 0.156875 0.406875
vt 0.156875 0.406875
vt 0.156875 0.406875
vt 0.156875 0.406875
vt 0.156875 0.406875
vt 0.156875 0.406875
vt 0.156875 0.406875
vt 0.156875 0.406875
vt 0.156875 0.406875
vt 0.156875 0.406875
vt 0.156875 0.406875
vt 0.156875 0.406875
vt 0.156875 0.406875
vt 0.156875 0.406875
vt 0.156875 0.406875
vt 0.156875 0.406875
vt 0.156875 0.406875
vt 0.156875 0.406875
vt 0.156875 0.406875
vt 0.156875 0.406875
vt 0.156875 0.406875
vt 0.156875 0.406875
vt 0.156875 0.406875
vt 0.156875 0.406875
vt 0.156875 0.406875
vt 0.156875 0.406875
vt 0.156875 0.406875
vt 0.156875 0.406875
vt 0.156875 0.406875
vt 0.156875 0.406875
vt 0.156875 0.406875
vt 0.156875 0.406875
vt 0.156875 0.406875
vt 0.156875 0.406875
vt 0.156875 0.406875
vt 0.156875 0.406875
vt 0.156875 0.406875
vt 0.156875 0.406875
vt 0.156875 0.406875
vt 0.156875 0.406875
vt 0.156875 0.406875
vt 0.031162 0.405688
vt 0.031162 0.405688
vt 0.031162 0.405688
vt 0.031162 0.405688
vt 0.156875 0.406875
vt 0.156875 0.406875
vt 0.156875 0.406875
vt 0.156875 0.406875
vt 0.156875 0.406875
vt 0.156875 0.406875
vt 0.156875 0.406875
vt 0.156875 0.406875
vt 0.156875 0.406875
vt 0.156875 0.406875
vt 0.156875 0.406875
vt 0.156875 0.406875
vt 0.156875 0.406875
vt 0.156875 0.406875
vt 0.156875 0.406875
vt 0.031162 0.405688
vt 0.031162 0.405688
vt 0.218721 0.406229
vt 0.218721 0.406229
vt 0.218721 0.406229
vt 0.218721 0.406229
vt 0.218721 0.406229
vt 0.218721 0.406229
vt 0.218721 0.406229
vt 0.218721 0.406229
vt 0.218721 0.406229
vt 0.218721 0.406229
vt 0.218721 0.406229
vt 0.218721 0.406229
vt 0.218721 0.406229
vt 0.218721 0.406229
vt 0.218721 0.406229
vt 0.218721 0.406229
vt 0.218721 0.406229
vt 0.218721 0.406229
vt 0.156875 0.406875
vt 0.156875 0.406875
vt 0.156875 0.406875
vt 0.156875 0.406875
vt 0.156875 0.406875
vt 0.031162 0.405688
vt 0.031162 0.405688
vt 0.031162 0.405688
vt 0.156875 0.406875
vt 0.156875 0.406875
vt 0.031162 0.405688
vt 0.031162 0.405688
vt 0.031162 0.405688
vt 0.156875 0.406875
vt 0.156875 0.406875
vt 0.031162 0.405688
vt 0.031162 0.405688
vt 0.031162 0.405688
vt 0.156875 0.406875
vt 0.156875 0.406875
vt 0.031162 0.405688
vt 0.031162 0.405688
vt 0.031162 0.405688
vt 0.156875 0.406875
vt 0.156875 0.406875
vt 0.156875 0.406875
vt 0.156875 0.406875
vt 0.156875 0.406875
vt 0.156875 0.406875
vt 0.031162 0.405688
vt 0.031162 0.405688
vt 0.031162 0.405688
vt 0.031162 0.405688
vt 0.031162 0.405688
vt 0.031162 0.405688
vt 0.031162 0.405688
vt 0.031162 0.405688
vt 0.031162 0.405688
vt 0.031162 0.405688
vt 0.156875 0.406875
vt 0.156875 0.406875
vt 0.156875 0.406875
vt 0.156875 0.406875
vt 0.031162 0.405688
vt 0.031162 0.405688
vt 0.093543 0.406318
vt 0.093543 0.406318
vt 0.093543 0.406318
vt 0.093543 0.406318
vt 0.093543 0.406318
vt 0.093543 0.406318
vt 0.093543 0.406318
vt 0.093543 0.406318
vt 0.093543 0.406318
vt 0.093543 0.406318
vt 0.093543 0.406318
vt 0.093543 0.406318
vt 0.093543 0.406318
vt 0.093543 0.406318
vt 0.093543 0.406318
vt 0.093543 0.406318
vt 0.093543 0.406318
vt 0.093543 0.406318
vt 0.093543 0.406318
vt 0.093543 0.406318
vt 0.093543 0.406318
vt 0.093543 0.406318
vt 0.093543 0.406318
vt 0.093543 0.406318
vt 0.093543 0.406318
vt 0.093543 0.406318
vt 0.093543 0.406318
vt 0.093543 0.406318
vt 0.093543 0.406318
vt 0.093543 0.406318
vt 0.093543 0.406318
vt 0.093543 0.406318
vt 0.093543 0.406318
vt 0.093543 0.406318
vt 0.093543 0.406318
vt 0.093543 0.406318
vt 0.093543 0.406318
vt 0.093543 0.406318
vt 0.093543 0.406318
vt 0.093543 0.406318
vt 0.093543 0.406318
vt 0.093543 0.406318
vt 0.093543 0.406318
vt 0.093543 0.406318
vt 0.093543 0.406318
vt 0.093543 0.406318
vt 0.093543 0.406318
vt 0.093543 0.406318
vt 0.093543 0.406318
vt 0.093543 0.406318
vt 0.093543 0.406318
vt 0.093543 0.406318
vt 0.093543 0.406318
vt 0.093543 0.406318
vt 0.093543 0.406318
vt 0.093543 0.406318
vt 0.093543 0.406318
vt 0.093543 0.406318
vt 0.093543 0.406318
vt 0.093543 0.406318
vt 0.093543 0.406318
vt 0.093543 0.406318
vt 0.093543 0.406318
vt 0.093543 0.406318
vt 0.093543 0.406318
vt 0.093543 0.406318
vt 0.093543 0.406318
vt 0.093543 0.406318
vt 0.093543 0.406318
vt 0.093543 0.406318
vt 0.093543 0.406318
vt 0.093543 0.406318
vt 0.093543 0.406318
vt 0.093543 0.406318
vt 0.093543 0.406318
vt 0.093543 0.406318
vt 0.093543 0.406318
vt 0.093543 0.406318
vt 0.093543 0.406318
vt 0.093543 0.406318
vt 0.034886 0.029483
vt 0.034886 0.029483
vt 0.034886 0.029483
vt 0.034886 0.029483
vt 0.034886 0.029483
vt 0.034886 0.029483
vt 0.034886 0.029483
vt 0.034886 0.029483
vt 0.034886 0.029483
vt 0.034886 0.029483
vt 0.034886 0.029483
vt 0.034886 0.029483
vt 0.034886 0.029483
vt 0.034886 0.029483
vt 0.034886 0.029483
vt 0.034886 0.029483
vt 0.034886 0.029483
vt 0.034886 0.029483
vt 0.034886 0.029483
vt 0.034886 0.029483
vt 0.034886 0.029483
vt 0.034886 0.029483
vt 0.034886 0.029483
vt 0.034886 0.029483
vt 0.031162 0.405688
vt 0.031162 0.405688
vt 0.031162 0.405688
vt 0.031162 0.405688
vt 0.031162 0.405688
vt 0.031162 0.405688
vt 0.031162 0.405688
vt 0.031162 0.405688
vt 0.031162 0.405688
vt 0.031162 0.405688
vt 0.156875 0.406875
vt 0.156875 0.406875
vt 0.156875 0.406875
vt 0.156875 0.406875
vt 0.031162 0.405688
vt 0.031162 0.405688
vt 0.093543 0.406318
vt 0.093543 0.406318
vt 0.093543 0.406318
vt 0.093543 0.406318
vt 0.093543 0.406318
vt 0.093543 0.406318
vt 0.093543 0.406318
vt 0.093543 0.406318
vt 0.093543 0.406318
vt 0.093543 0.406318
vt 0.093543 0.406318
vt 0.093543 0.406318
vt 0.093543 0.406318
vt 0.093543 0.406318
vt 0.093543 0.406318
vt 0.093543 0.406318
vt 0.093543 0.406318
vt 0.093543 0.406318
vt 0.093543 0.406318
vt 0.093543 0.406318
vt 0.093543 0.406318
vt 0.093543 0.406318
vt 0.093543 0.406318
vt 0.093543 0.406318
vt 0.093543 0.406318
vt 0.093543 0.406318
vt 0.093543 0.406318
vt 0.093543 0.406318
vt 0.093543 0.406318
vt 0.093543 0.406318
vt 0.093543 0.406318
vt 0.093543 0.406318
vt 0.093543 0.406318
vt 0.093543 0.406318
vt 0.093543 0.406318
vt 0.093543 0.406318
vt 0.093543 0.406318
vt 0.093543 0.406318
vt 0.093543 0.406318
vt 0.093543 0.406318
vt 0.093543 0.406318
vt 0.093543 0.406318
vt 0.093543 0.406318
vt 0.093543 0.406318
vt 0.093543 0.406318
vt 0.093543 0.406318
vt 0.093543 0.406318
vt 0.093543 0.406318
vt 0.093543 0.406318
vt 0.093543 0.406318
vt 0.093543 0.406318
vt 0.093543 0.406318
vt 0.093543 0.406318
vt 0.093543 0.406318
vt 0.093543 0.406318
vt 0.093543 0.406318
vt 0.093543 0.406318
vt 0.093543 0.406318
vt 0.093543 0.406318
vt 0.093543 0.406318
vt 0.093543 0.406318
vt 0.093543 0.406318
vt 0.093543 0.406318
vt 0.093543 0.406318
vt 0.093543 0.406318
vt 0.093543 0.406318
vt 0.093543 0.406318
vt 0.093543 0.406318
vt 0.093543 0.406318
vt 0.093543 0.406318
vt 0.093543 0.406318
vt 0.093543 0.406318
vt 0.093543 0.406318
vt 0.093543 0.406318
vt 0.093543 0.406318
vt 0.093543 0.406318
vt 0.093543 0.406318
vt 0.093543 0.406318
vt 0.093543 0.406318
vt 0.093543 0.406318
vt 0.034886 0.029483
vt 0.034886 0.029483
vt 0.034886 0.029483
vt 0.034886 0.029483
vt 0.034886 0.029483
vt 0.034886 0.029483
vt 0.034886 0.029483
vt 0.034886 0.029483
vt 0.034886 0.029483
vt 0.034886 0.029483
vt 0.034886 0.029483
vt 0.034886 0.029483
vt 0.034886 0.029483
vt 0.034886 0.029483
vt 0.034886 0.029483
vt 0.034886 0.029483
vt 0.034886 0.029483
vt 0.034886 0.029483
vt 0.034886 0.029483
vt 0.034886 0.029483
vt 0.034886 0.029483
vt 0.034886 0.029483
vt 0.034886 0.029483
vt 0.034886 0.029483
vt 0.031162 0.405688
vt 0.031162 0.405688
vt 0.031162 0.405688
vt 0.031162 0.405688
vt 0.031162 0.405688
vt 0.031162 0.405688
vt 0.031162 0.405688
vt 0.031162 0.405688
vt 0.031162 0.405688
vt 0.031162 0.405688
vt 0.156875 0.406875
vt 0.156875 0.406875
vt 0.156875 0.406875
vt 0.156875 0.406875
vt 0.031162 0.405688
vt 0.031162 0.405688
vt 0.093543 0.406318
vt 0.093543 0.406318
vt 0.093543 0.406318
vt 0.093543 0.406318
vt 0.093543 0.406318
vt 0.093543 0.406318
vt 0.093543 0.406318
vt 0.093543 0.406318
vt 0.093543 0.406318
vt 0.093543 0.406318
vt 0.093543 0.406318
vt 0.093543 0.406318
vt 0.093543 0.406318
vt 0.093543 0.406318
vt 0.093543 0.406318
vt 0.093543 0.406318
vt 0.093543 0.406318
vt 0.093543 0.406318
vt 0.093543 0.406318
vt 0.093543 0.406318
vt 0.093543 0.406318
vt 0.093543 0.406318
vt 0.093543 0.406318
vt 0.093543 0.406318
vt 0.093543 0.406318
vt 0.093543 0.406318
vt 0.093543 0.406318
vt 0.093543 0.406318
vt 0.093543 0.406318
vt 0.093543 0.406318
vt 0.093543 0.406318
vt 0.093543 0.406318
vt 0.093543 0.406318
vt 0.093543 0.406318
vt 0.093543 0.406318
vt 0.093543 0.406318
vt 0.093543 0.406318
vt 0.093543 0.406318
vt 0.093543 0.406318
vt 0.093543 0.406318
vt 0.093543 0.406318
vt 0.093543 0.406318
vt 0.093543 0.406318
vt 0.093543 0.406318
vt 0.093543 0.406318
vt 0.093543 0.406318
vt 0.093543 0.406318
vt 0.093543 0.406318
vt 0.093543 0.406318
vt 0.093543 0.406318
vt 0.093543 0.406318
vt 0.093543 0.406318
vt 0.093543 0.406318
vt 0.093543 0.406318
vt 0.093543 0.406318
vt 0.093543 0.406318
vt 0.093543 0.406318
vt 0.093543 0.406318
vt 0.093543 0.406318
vt 0.093543 0.406318
vt 0.093543 0.406318
vt 0.093543 0.406318
vt 0.093543 0.406318
vt 0.093543 0.406318
vt 0.093543 0.406318
vt 0.093543 0.406318
vt 0.093543 0.406318
vt 0.093543 0.406318
vt 0.093543 0.406318
vt 0.093543 0.406318
vt 0.093543 0.406318
vt 0.093543 0.406318
vt 0.093543 0.406318
vt 0.093543 0.406318
vt 0.093543 0.406318
vt 0.093543 0.406318
vt 0.093543 0.406318
vt 0.093543 0.406318
vt 0.093543 0.406318
vt 0.093543 0.406318
vt 0.034886 0.029483
vt 0.034886 0.029483
vt 0.034886 0.029483
vt 0.034886 0.029483
vt 0.034886 0.029483
vt 0.034886 0.029483
vt 0.034886 0.029483
vt 0.034886 0.029483
vt 0.034886 0.029483
vt 0.034886 0.029483
vt 0.034886 0.029483
vt 0.034886 0.029483
vt 0.034886 0.029483
vt 0.034886 0.029483
vt 0.034886 0.029483
vt 0.034886 0.029483
vt 0.034886 0.029483
vt 0.034886 0.029483
vt 0.034886 0.029483
vt 0.034886 0.029483
vt 0.034886 0.029483
vt 0.034886 0.029483
vt 0.034886 0.029483
vt 0.034886 0.029483
vt 0.031162 0.405688
vt 0.031162 0.405688
vt 0.031162 0.405688
vt 0.031162 0.405688
vt 0.031162 0.405688
vt 0.031162 0.405688
vt 0.031162 0.405688
vt 0.031162 0.405688
vt 0.031162 0.405688
vt 0.031162 0.405688
vt 0.031162 0.405688
vt 0.031162 0.405688
vt 0.156875 0.406875
vt 0.156875 0.406875
vt 0.156875 0.406875
vt 0.156875 0.406875
vt 0.031162 0.405688
vt 0.031162 0.405688
vt 0.093543 0.406318
vt 0.093543 0.406318
vt 0.093543 0.406318
vt 0.093543 0.406318
vt 0.093543 0.406318
vt 0.093543 0.406318
vt 0.093543 0.406318
vt 0.093543 0.406318
vt 0.093543 0.406318
vt 0.093543 0.406318
vt 0.093543 0.406318
vt 0.093543 0.406318
vt 0.093543 0.406318
vt 0.093543 0.406318
vt 0.093543 0.406318
vt 0.093543 0.406318
vt 0.093543 0.406318
vt 0.093543 0.406318
vt 0.093543 0.406318
vt 0.093543 0.406318
vt 0.093543 0.406318
vt 0.093543 0.406318
vt 0.093543 0.406318
vt 0.093543 0.406318
vt 0.093543 0.406318
vt 0.093543 0.406318
vt 0.093543 0.406318
vt 0.093543 0.406318
vt 0.093543 0.406318
vt 0.093543 0.406318
vt 0.093543 0.406318
vt 0.093543 0.406318
vt 0.093543 0.406318
vt 0.093543 0.406318
vt 0.093543 0.406318
vt 0.093543 0.406318
vt 0.093543 0.406318
vt 0.093543 0.406318
vt 0.093543 0.406318
vt 0.093543 0.406318
vt 0.093543 0.406318
vt 0.093543 0.406318
vt 0.093543 0.406318
vt 0.093543 0.406318
vt 0.093543 0.406318
vt 0.093543 0.406318
vt 0.093543 0.406318
vt 0.093543 0.406318
vt 0.093543 0.406318
vt 0.093543 0.406318
vt 0.093543 0.406318
vt 0.093543 0.406318
vt 0.093543 0.406318
vt 0.093543 0.406318
vt 0.093543 0.406318
vt 0.093543 0.406318
vt 0.093543 0.406318
vt 0.093543 0.406318
vt 0.093543 0.406318
vt 0.093543 0.406318
vt 0.093543 0.406318
vt 0.093543 0.406318
vt 0.093543 0.406318
vt 0.093543 0.406318
vt 0.093543 0.406318
vt 0.093543 0.406318
vt 0.093543 0.406318
vt 0.093543 0.406318
vt 0.093543 0.406318
vt 0.093543 0.406318
vt 0.093543 0.406318
vt 0.093543 0.406318
vt 0.093543 0.406318
vt 0.093543 0.406318
vt 0.093543 0.406318
vt 0.093543 0.406318
vt 0.093543 0.406318
vt 0.093543 0.406318
vt 0.093543 0.406318
vt 0.093543 0.406318
vt 0.034886 0.029483
vt 0.034886 0.029483
vt 0.034886 0.029483
vt 0.034886 0.029483
vt 0.034886 0.029483
vt 0.034886 0.029483
vt 0.034886 0.029483
vt 0.034886 0.029483
vt 0.034886 0.029483
vt 0.034886 0.029483
vt 0.034886 0.029483
vt 0.034886 0.029483
vt 0.034886 0.029483
vt 0.034886 0.029483
vt 0.034886 0.029483
vt 0.034886 0.029483
vt 0.034886 0.029483
vt 0.034886 0.029483
vt 0.034886 0.029483
vt 0.034886 0.029483
vt 0.034886 0.029483
vt 0.034886 0.029483
vt 0.034886 0.029483
vt 0.034886 0.029483
vt 0.031162 0.405688
vt 0.031162 0.405688
vt 0.031162 0.405688
vt 0.031162 0.405688
vt 0.031162 0.405688
vt 0.031162 0.405688
vt 0.031162 0.405688
vt 0.031162 0.405688
vt 0.031162 0.405688
vt 0.031162 0.405688
vt 0.156875 0.406875
vt 0.156875 0.406875
vt 0.156875 0.406875
vt 0.156875 0.406875
vt 0.031162 0.405688
vt 0.031162 0.405688
vt 0.093543 0.406318
vt 0.093543 0.406318
vt 0.093543 0.406318
vt 0.093543 0.406318
vt 0.093543 0.406318
vt 0.093543 0.406318
vt 0.093543 0.406318
vt 0.093543 0.406318
vt 0.093543 0.406318
vt 0.093543 0.406318
vt 0.093543 0.406318
vt 0.093543 0.406318
vt 0.093543 0.406318
vt 0.093543 0.406318
vt 0.093543 0.406318
vt 0.093543 0.406318
vt 0.093543 0.406318
vt 0.093543 0.406318
vt 0.093543 0.406318
vt 0.093543 0.406318
vt 0.093543 0.406318
vt 0.093543 0.406318
vt 0.093543 0.406318
vt 0.093543 0.406318
vt 0.093543 0.406318
vt 0.093543 0.406318
vt 0.093543 0.406318
vt 0.093543 0.406318
vt 0.093543 0.406318
vt 0.093543 0.406318
vt 0.093543 0.406318
vt 0.093543 0.406318
vt 0.093543 0.406318
vt 0.093543 0.406318
vt 0.093543 0.406318
vt 0.093543 0.406318
vt 0.093543 0.406318
vt 0.093543 0.406318
vt 0.093543 0.406318
vt 0.093543 0.406318
vt 0.093543 0.406318
vt 0.093543 0.406318
vt 0.093543 0.406318
vt 0.093543 0.406318
vt 0.093543 0.406318
vt 0.093543 0.406318
vt 0.093543 0.406318
vt 0.093543 0.406318
vt 0.093543 0.406318
vt 0.093543 0.406318
vt 0.093543 0.406318
vt 0.093543 0.406318
vt 0.093543 0.406318
vt 0.093543 0.406318
vt 0.093543 0.406318
vt 0.093543 0.406318
vt 0.093543 0.406318
vt 0.093543 0.406318
vt 0.093543 0.406318
vt 0.093543 0.406318
vt 0.093543 0.406318
vt 0.093543 0.406318
vt 0.093543 0.406318
vt 0.093543 0.406318
vt 0.093543 0.406318
vt 0.093543 0.406318
vt 0.093543 0.406318
vt 0.093543 0.406318
vt 0.093543 0.406318
vt 0.093543 0.406318
vt 0.093543 0.406318
vt 0.093543 0.406318
vt 0.093543 0.406318
vt 0.093543 0.406318
vt 0.093543 0.406318
vt 0.093543 0.406318
vt 0.093543 0.406318
vt 0.093543 0.406318
vt 0.093543 0.406318
vt 0.093543 0.406318
vt 0.034886 0.029483
vt 0.034886 0.029483
vt 0.034886 0.029483
vt 0.034886 0.029483
vt 0.034886 0.029483
vt 0.034886 0.029483
vt 0.034886 0.029483
vt 0.034886 0.029483
vt 0.034886 0.029483
vt 0.034886 0.029483
vt 0.034886 0.029483
vt 0.034886 0.029483
vt 0.034886 0.029483
vt 0.034886 0.029483
vt 0.034886 0.029483
vt 0.034886 0.029483
vt 0.034886 0.029483
vt 0.034886 0.029483
vt 0.034886 0.029483
vt 0.034886 0.029483
vt 0.034886 0.029483
vt 0.034886 0.029483
vt 0.034886 0.029483
vt 0.034886 0.029483
vt 0.031162 0.405688
vt 0.031162 0.405688
vt 0.031162 0.405688
vt 0.031162 0.405688
vt 0.031162 0.405688
vt 0.031162 0.405688
vt 0.031162 0.405688
vt 0.031162 0.405688
vt 0.031162 0.405688
vt 0.031162 0.405688
vt 0.156875 0.406875
vt 0.156875 0.406875
vt 0.156875 0.406875
vt 0.156875 0.406875
vt 0.031162 0.405688
vt 0.031162 0.405688
vt 0.093543 0.406318
vt 0.093543 0.406318
vt 0.093543 0.406318
vt 0.093543 0.406318
vt 0.093543 0.406318
vt 0.093543 0.406318
vt 0.093543 0.406318
vt 0.093543 0.406318
vt 0.093543 0.406318
vt 0.093543 0.406318
vt 0.093543 0.406318
vt 0.093543 0.406318
vt 0.093543 0.406318
vt 0.093543 0.406318
vt 0.093543 0.406318
vt 0.093543 0.406318
vt 0.093543 0.406318
vt 0.093543 0.406318
vt 0.093543 0.406318
vt 0.093543 0.406318
vt 0.093543 0.406318
vt 0.093543 0.406318
vt 0.093543 0.406318
vt 0.093543 0.406318
vt 0.093543 0.406318
vt 0.093543 0.406318
vt 0.093543 0.406318
vt 0.093543 0.406318
vt 0.093543 0.406318
vt 0.093543 0.406318
vt 0.093543 0.406318
vt 0.093543 0.406318
vt 0.093543 0.406318
vt 0.093543 0.406318
vt 0.093543 0.406318
vt 0.093543 0.406318
vt 0.093543 0.406318
vt 0.093543 0.406318
vt 0.093543 0.406318
vt 0.093543 0.406318
vt 0.093543 0.406318
vt 0.093543 0.406318
vt 0.093543 0.406318
vt 0.093543 0.406318
vt 0.093543 0.406318
vt 0.093543 0.406318
vt 0.093543 0.406318
vt 0.093543 0.406318
vt 0.093543 0.406318
vt 0.093543 0.406318
vt 0.093543 0.406318
vt 0.093543 0.406318
vt 0.093543 0.406318
vt 0.093543 0.406318
vt 0.093543 0.406318
vt 0.093543 0.406318
vt 0.093543 0.406318
vt 0.093543 0.406318
vt 0.093543 0.406318
vt 0.093543 0.406318
vt 0.093543 0.406318
vt 0.093543 0.406318
vt 0.093543 0.406318
vt 0.093543 0.406318
vt 0.093543 0.406318
vt 0.093543 0.406318
vt 0.093543 0.406318
vt 0.093543 0.406318
vt 0.093543 0.406318
vt 0.093543 0.406318
vt 0.093543 0.406318
vt 0.093543 0.406318
vt 0.093543 0.406318
vt 0.093543 0.406318
vt 0.093543 0.406318
vt 0.093543 0.406318
vt 0.093543 0.406318
vt 0.093543 0.406318
vt 0.093543 0.406318
vt 0.093543 0.406318
vt 0.034886 0.029483
vt 0.034886 0.029483
vt 0.034886 0.029483
vt 0.034886 0.029483
vt 0.034886 0.029483
vt 0.034886 0.029483
vt 0.034886 0.029483
vt 0.034886 0.029483
vt 0.034886 0.029483
vt 0.034886 0.029483
vt 0.034886 0.029483
vt 0.034886 0.029483
vt 0.034886 0.029483
vt 0.034886 0.029483
vt 0.034886 0.029483
vt 0.034886 0.029483
vt 0.034886 0.029483
vt 0.034886 0.029483
vt 0.034886 0.029483
vt 0.034886 0.029483
vt 0.034886 0.029483
vt 0.034886 0.029483
vt 0.034886 0.029483
vt 0.034886 0.029483
vt 0.031162 0.405688
vt 0.031162 0.405688
vt 0.156875 0.406875
vt 0.156875 0.406875
vt 0.156875 0.406875
vt 0.156875 0.406875
vt 0.156875 0.406875
vt 0.156875 0.406875
vt 0.031162 0.405688
vt 0.031162 0.405688
vt 0.156875 0.406875
vt 0.156875 0.406875
vt 0.031162 0.405688
vt 0.031162 0.405688
vt 0.031162 0.405688
vt 0.031162 0.405688
vt 0.031162 0.405688
vt 0.156875 0.406875
vt 0.156875 0.406875
vt 0.156875 0.406875
vt 0.156875 0.406875
vt 0.156875 0.406875
vt 0.156875 0.406875
vt 0.031162 0.405688
vt 0.031162 0.405688
vt 0.031162 0.405688
vt 0.156875 0.406875
vt 0.031162 0.405688
vt 0.031162 0.405688
vt 0.031162 0.405688
vt 0.031162 0.405688
vt 0.156875 0.406875
vt 0.156875 0.406875
vt 0.156875 0.406875
vt 0.156875 0.406875
vt 0.156875 0.406875
vt 0.156875 0.406875
vt 0.156875 0.406875
vt 0.031162 0.405688
vt 0.031162 0.405688
vt 0.031162 0.405688
vt 0.031162 0.405688
vt 0.031162 0.405688
vt 0.031162 0.405688
vt 0.031162 0.405688
vt 0.031162 0.405688
vt 0.031162 0.405688
vt 0.031162 0.405688
vt 0.156875 0.406875
vt 0.156875 0.406875
vt 0.156875 0.406875
vt 0.156875 0.406875
vt 0.031162 0.405688
vt 0.031162 0.405688
vt 0.093543 0.406318
vt 0.093543 0.406318
vt 0.093543 0.406318
vt 0.093543 0.406318
vt 0.093543 0.406318
vt 0.093543 0.406318
vt 0.093543 0.406318
vt 0.093543 0.406318
vt 0.093543 0.406318
vt 0.093543 0.406318
vt 0.093543 0.406318
vt 0.093543 0.406318
vt 0.093543 0.406318
vt 0.093543 0.406318
vt 0.093543 0.406318
vt 0.093543 0.406318
vt 0.093543 0.406318
vt 0.093543 0.406318
vt 0.093543 0.406318
vt 0.093543 0.406318
vt 0.093543 0.406318
vt 0.093543 0.406318
vt 0.093543 0.406318
vt 0.093543 0.406318
vt 0.093543 0.406318
vt 0.093543 0.406318
vt 0.093543 0.406318
vt 0.093543 0.406318
vt 0.093543 0.406318
vt 0.093543 0.406318
vt 0.093543 0.406318
vt 0.093543 0.406318
vt 0.093543 0.406318
vt 0.093543 0.406318
vt 0.093543 0.406318
vt 0.093543 0.406318
vt 0.093543 0.406318
vt 0.093543 0.406318
vt 0.093543 0.406318
vt 0.093543 0.406318
vt 0.093543 0.406318
vt 0.093543 0.406318
vt 0.093543 0.406318
vt 0.093543 0.406318
vt 0.093543 0.406318
vt 0.093543 0.406318
vt 0.093543 0.406318
vt 0.093543 0.406318
vt 0.093543 0.406318
vt 0.093543 0.406318
vt 0.093543 0.406318
vt 0.093543 0.406318
vt 0.093543 0.406318
vt 0.093543 0.406318
vt 0.093543 0.406318
vt 0.093543 0.406318
vt 0.093543 0.406318
vt 0.093543 0.406318
vt 0.093543 0.406318
vt 0.093543 0.406318
vt 0.093543 0.406318
vt 0.093543 0.406318
vt 0.093543 0.406318
vt 0.093543 0.406318
vt 0.093543 0.406318
vt 0.093543 0.406318
vt 0.093543 0.406318
vt 0.093543 0.406318
vt 0.093543 0.406318
vt 0.093543 0.406318
vt 0.093543 0.406318
vt 0.093543 0.406318
vt 0.093543 0.406318
vt 0.093543 0.406318
vt 0.093543 0.406318
vt 0.093543 0.406318
vt 0.093543 0.406318
vt 0.093543 0.406318
vt 0.093543 0.406318
vt 0.093543 0.406318
vt 0.034886 0.029483
vt 0.034886 0.029483
vt 0.034886 0.029483
vt 0.034886 0.029483
vt 0.034886 0.029483
vt 0.034886 0.029483
vt 0.034886 0.029483
vt 0.034886 0.029483
vt 0.034886 0.029483
vt 0.034886 0.029483
vt 0.034886 0.029483
vt 0.034886 0.029483
vt 0.034886 0.029483
vt 0.034886 0.029483
vt 0.034886 0.029483
vt 0.034886 0.029483
vt 0.034886 0.029483
vt 0.034886 0.029483
vt 0.034886 0.029483
vt 0.034886 0.029483
vt 0.034886 0.029483
vt 0.034886 0.029483
vt 0.034886 0.029483
vt 0.034886 0.029483
vt 0.031162 0.405688
vt 0.031162 0.405688
vt 0.031162 0.405688
vt 0.031162 0.405688
vt 0.031162 0.405688
vt 0.031162 0.405688
vt 0.031162 0.405688
vt 0.031162 0.405688
vt 0.031162 0.405688
vt 0.031162 0.405688
vt 0.156875 0.406875
vt 0.156875 0.406875
vt 0.156875 0.406875
vt 0.156875 0.406875
vt 0.031162 0.405688
vt 0.031162 0.405688
vt 0.093543 0.406318
vt 0.093543 0.406318
vt 0.093543 0.406318
vt 0.093543 0.406318
vt 0.093543 0.406318
vt 0.093543 0.406318
vt 0.093543 0.406318
vt 0.093543 0.406318
vt 0.093543 0.406318
vt 0.093543 0.406318
vt 0.093543 0.406318
vt 0.093543 0.406318
vt 0.093543 0.406318
vt 0.093543 0.406318
vt 0.093543 0.406318
vt 0.093543 0.406318
vt 0.093543 0.406318
vt 0.093543 0.406318
vt 0.093543 0.406318
vt 0.093543 0.406318
vt 0.093543 0.406318
vt 0.093543 0.406318
vt 0.093543 0.406318
vt 0.093543 0.406318
vt 0.093543 0.406318
vt 0.093543 0.406318
vt 0.093543 0.406318
vt 0.093543 0.406318
vt 0.093543 0.406318
vt 0.093543 0.406318
vt 0.093543 0.406318
vt 0.093543 0.406318
vt 0.093543 0.406318
vt 0.093543 0.406318
vt 0.093543 0.406318
vt 0.093543 0.406318
vt 0.093543 0.406318
vt 0.093543 0.406318
vt 0.093543 0.406318
vt 0.093543 0.406318
vt 0.093543 0.406318
vt 0.093543 0.406318
vt 0.093543 0.406318
vt 0.093543 0.406318
vt 0.093543 0.406318
vt 0.093543 0.406318
vt 0.093543 0.406318
vt 0.093543 0.406318
vt 0.093543 0.406318
vt 0.093543 0.406318
vt 0.093543 0.406318
vt 0.093543 0.406318
vt 0.093543 0.406318
vt 0.093543 0.406318
vt 0.093543 0.406318
vt 0.093543 0.406318
vt 0.093543 0.406318
vt 0.093543 0.406318
vt 0.093543 0.406318
vt 0.093543 0.406318
vt 0.093543 0.406318
vt 0.093543 0.406318
vt 0.093543 0.406318
vt 0.093543 0.406318
vt 0.093543 0.406318
vt 0.093543 0.406318
vt 0.093543 0.406318
vt 0.093543 0.406318
vt 0.093543 0.406318
vt 0.093543 0.406318
vt 0.093543 0.406318
vt 0.093543 0.406318
vt 0.093543 0.406318
vt 0.093543 0.406318
vt 0.093543 0.406318
vt 0.093543 0.406318
vt 0.093543 0.406318
vt 0.093543 0.406318
vt 0.093543 0.406318
vt 0.093543 0.406318
vt 0.034886 0.029483
vt 0.034886 0.029483
vt 0.034886 0.029483
vt 0.034886 0.029483
vt 0.034886 0.029483
vt 0.034886 0.029483
vt 0.034886 0.029483
vt 0.034886 0.029483
vt 0.034886 0.029483
vt 0.034886 0.029483
vt 0.034886 0.029483
vt 0.034886 0.029483
vt 0.034886 0.029483
vt 0.034886 0.029483
vt 0.034886 0.029483
vt 0.034886 0.029483
vt 0.034886 0.029483
vt 0.034886 0.029483
vt 0.034886 0.029483
vt 0.034886 0.029483
vt 0.034886 0.029483
vt 0.034886 0.029483
vt 0.034886 0.029483
vt 0.034886 0.029483
vt 0.031162 0.405688
vt 0.031162 0.405688
vt 0.031162 0.405688
vt 0.031162 0.405688
vt 0.031162 0.405688
vt 0.031162 0.405688
vt 0.031162 0.405688
vt 0.031162 0.405688
vt 0.031162 0.405688
vt 0.031162 0.405688
vt 0.156875 0.406875
vt 0.156875 0.406875
vt 0.156875 0.406875
vt 0.156875 0.406875
vt 0.031162 0.405688
vt 0.031162 0.405688
vt 0.093543 0.406318
vt 0.093543 0.406318
vt 0.093543 0.406318
vt 0.093543 0.406318
vt 0.093543 0.406318
vt 0.093543 0.406318
vt 0.093543 0.406318
vt 0.093543 0.406318
vt 0.093543 0.406318
vt 0.093543 0.406318
vt 0.093543 0.406318
vt 0.093543 0.406318
vt 0.093543 0.406318
vt 0.093543 0.406318
vt 0.093543 0.406318
vt 0.093543 0.406318
vt 0.093543 0.406318
vt 0.093543 0.406318
vt 0.093543 0.406318
vt 0.093543 0.406318
vt 0.093543 0.406318
vt 0.093543 0.406318
vt 0.093543 0.406318
vt 0.093543 0.406318
vt 0.093543 0.406318
vt 0.093543 0.406318
vt 0.093543 0.406318
vt 0.093543 0.406318
vt 0.093543 0.406318
vt 0.093543 0.406318
vt 0.093543 0.406318
vt 0.093543 0.406318
vt 0.093543 0.406318
vt 0.093543 0.406318
vt 0.093543 0.406318
vt 0.093543 0.406318
vt 0.093543 0.406318
vt 0.093543 0.406318
vt 0.093543 0.406318
vt 0.093543 0.406318
vt 0.093543 0.406318
vt 0.093543 0.406318
vt 0.093543 0.406318
vt 0.093543 0.406318
vt 0.093543 0.406318
vt 0.093543 0.406318
vt 0.093543 0.406318
vt 0.093543 0.406318
vt 0.093543 0.406318
vt 0.093543 0.406318
vt 0.093543 0.406318
vt 0.093543 0.406318
vt 0.093543 0.406318
vt 0.093543 0.406318
vt 0.093543 0.406318
vt 0.093543 0.406318
vt 0.093543 0.406318
vt 0.093543 0.406318
vt 0.093543 0.406318
vt 0.093543 0.406318
vt 0.093543 0.406318
vt 0.093543 0.406318
vt 0.093543 0.406318
vt 0.093543 0.406318
vt 0.093543 0.406318
vt 0.093543 0.406318
vt 0.093543 0.406318
vt 0.093543 0.406318
vt 0.093543 0.406318
vt 0.093543 0.406318
vt 0.093543 0.406318
vt 0.093543 0.406318
vt 0.093543 0.406318
vt 0.093543 0.406318
vt 0.093543 0.406318
vt 0.093543 0.406318
vt 0.093543 0.406318
vt 0.093543 0.406318
vt 0.093543 0.406318
vt 0.093543 0.406318
vt 0.034886 0.029483
vt 0.034886 0.029483
vt 0.034886 0.029483
vt 0.034886 0.029483
vt 0.034886 0.029483
vt 0.034886 0.029483
vt 0.034886 0.029483
vt 0.034886 0.029483
vt 0.034886 0.029483
vt 0.034886 0.029483
vt 0.034886 0.029483
vt 0.034886 0.029483
vt 0.034886 0.029483
vt 0.034886 0.029483
vt 0.034886 0.029483
vt 0.034886 0.029483
vt 0.034886 0.029483
vt 0.034886 0.029483
vt 0.034886 0.029483
vt 0.034886 0.029483
vt 0.034886 0.029483
vt 0.034886 0.029483
vt 0.034886 0.029483
vt 0.034886 0.029483
vt 0.031162 0.405688
vt 0.031162 0.405688
vt 0.031162 0.405688
vt 0.031162 0.405688
vt 0.031162 0.405688
vt 0.031162 0.405688
vt 0.031162 0.405688
vt 0.031162 0.405688
vt 0.031162 0.405688
vt 0.031162 0.405688
vt 0.031162 0.405688
vt 0.031162 0.405688
vt 0.156875 0.406875
vt 0.156875 0.406875
vt 0.156875 0.406875
vt 0.156875 0.406875
vt 0.031162 0.405688
vt 0.031162 0.405688
vt 0.093543 0.406318
vt 0.093543 0.406318
vt 0.093543 0.406318
vt 0.093543 0.406318
vt 0.093543 0.406318
vt 0.093543 0.406318
vt 0.093543 0.406318
vt 0.093543 0.406318
vt 0.093543 0.406318
vt 0.093543 0.406318
vt 0.093543 0.406318
vt 0.093543 0.406318
vt 0.093543 0.406318
vt 0.093543 0.406318
vt 0.093543 0.406318
vt 0.093543 0.406318
vt 0.093543 0.406318
vt 0.093543 0.406318
vt 0.093543 0.406318
vt 0.093543 0.406318
vt 0.093543 0.406318
vt 0.093543 0.406318
vt 0.093543 0.406318
vt 0.093543 0.406318
vt 0.093543 0.406318
vt 0.093543 0.406318
vt 0.093543 0.406318
vt 0.093543 0.406318
vt 0.093543 0.406318
vt 0.093543 0.406318
vt 0.093543 0.406318
vt 0.093543 0.406318
vt 0.093543 0.406318
vt 0.093543 0.406318
vt 0.093543 0.406318
vt 0.093543 0.406318
vt 0.093543 0.406318
vt 0.093543 0.406318
vt 0.093543 0.406318
vt 0.093543 0.406318
vt 0.093543 0.406318
vt 0.093543 0.406318
vt 0.093543 0.406318
vt 0.093543 0.406318
vt 0.093543 0.406318
vt 0.093543 0.406318
vt 0.093543 0.406318
vt 0.093543 0.406318
vt 0.093543 0.406318
vt 0.093543 0.406318
vt 0.093543 0.406318
vt 0.093543 0.406318
vt 0.093543 0.406318
vt 0.093543 0.406318
vt 0.093543 0.406318
vt 0.093543 0.406318
vt 0.093543 0.406318
vt 0.093543 0.406318
vt 0.093543 0.406318
vt 0.093543 0.406318
vt 0.093543 0.406318
vt 0.093543 0.406318
vt 0.093543 0.406318
vt 0.093543 0.406318
vt 0.093543 0.406318
vt 0.093543 0.406318
vt 0.093543 0.406318
vt 0.093543 0.406318
vt 0.093543 0.406318
vt 0.093543 0.406318
vt 0.093543 0.406318
vt 0.093543 0.406318
vt 0.093543 0.406318
vt 0.093543 0.406318
vt 0.093543 0.406318
vt 0.093543 0.406318
vt 0.093543 0.406318
vt 0.093543 0.406318
vt 0.093543 0.406318
vt 0.093543 0.406318
vt 0.034886 0.029483
vt 0.034886 0.029483
vt 0.034886 0.029483
vt 0.034886 0.029483
vt 0.034886 0.029483
vt 0.034886 0.029483
vt 0.034886 0.029483
vt 0.034886 0.029483
vt 0.034886 0.029483
vt 0.034886 0.029483
vt 0.034886 0.029483
vt 0.034886 0.029483
vt 0.034886 0.029483
vt 0.034886 0.029483
vt 0.034886 0.029483
vt 0.034886 0.029483
vt 0.034886 0.029483
vt 0.034886 0.029483
vt 0.034886 0.029483
vt 0.034886 0.029483
vt 0.034886 0.029483
vt 0.034886 0.029483
vt 0.034886 0.029483
vt 0.034886 0.029483
vt 0.031162 0.405688
vt 0.031162 0.405688
vt 0.031162 0.405688
vt 0.031162 0.405688
vt 0.031162 0.405688
vt 0.031162 0.405688
vt 0.031162 0.405688
vt 0.031162 0.405688
vt 0.031162 0.405688
vt 0.031162 0.405688
vt 0.156875 0.406875
vt 0.156875 0.406875
vt 0.156875 0.406875
vt 0.156875 0.406875
vt 0.031162 0.405688
vt 0.031162 0.405688
vt 0.093543 0.406318
vt 0.093543 0.406318
vt 0.093543 0.406318
vt 0.093543 0.406318
vt 0.093543 0.406318
vt 0.093543 0.406318
vt 0.093543 0.406318
vt 0.093543 0.406318
vt 0.093543 0.406318
vt 0.093543 0.406318
vt 0.093543 0.406318
vt 0.093543 0.406318
vt 0.093543 0.406318
vt 0.093543 0.406318
vt 0.093543 0.406318
vt 0.093543 0.406318
vt 0.093543 0.406318
vt 0.093543 0.406318
vt 0.093543 0.406318
vt 0.093543 0.406318
vt 0.093543 0.406318
vt 0.093543 0.406318
vt 0.093543 0.406318
vt 0.093543 0.406318
vt 0.093543 0.406318
vt 0.093543 0.406318
vt 0.093543 0.406318
vt 0.093543 0.406318
vt 0.093543 0.406318
vt 0.093543 0.406318
vt 0.093543 0.406318
vt 0.093543 0.406318
vt 0.093543 0.406318
vt 0.093543 0.406318
vt 0.093543 0.406318
vt 0.093543 0.406318
vt 0.093543 0.406318
vt 0.093543 0.406318
vt 0.093543 0.406318
vt 0.093543 0.406318
vt 0.093543 0.406318
vt 0.093543 0.406318
vt 0.093543 0.406318
vt 0.093543 0.406318
vt 0.093543 0.406318
vt 0.093543 0.406318
vt 0.093543 0.406318
vt 0.093543 0.406318
vt 0.093543 0.406318
vt 0.093543 0.406318
vt 0.093543 0.406318
vt 0.093543 0.406318
vt 0.093543 0.406318
vt 0.093543 0.406318
vt 0.093543 0.406318
vt 0.093543 0.406318
vt 0.093543 0.406318
vt 0.093543 0.406318
vt 0.093543 0.406318
vt 0.093543 0.406318
vt 0.093543 0.406318
vt 0.093543 0.406318
vt 0.093543 0.406318
vt 0.093543 0.406318
vt 0.093543 0.406318
vt 0.093543 0.406318
vt 0.093543 0.406318
vt 0.093543 0.406318
vt 0.093543 0.406318
vt 0.093543 0.406318
vt 0.093543 0.406318
vt 0.093543 0.406318
vt 0.093543 0.406318
vt 0.093543 0.406318
vt 0.093543 0.406318
vt 0.093543 0.406318
vt 0.093543 0.406318
vt 0.093543 0.406318
vt 0.093543 0.406318
vt 0.093543 0.406318
vt 0.034886 0.029483
vt 0.034886 0.029483
vt 0.034886 0.029483
vt 0.034886 0.029483
vt 0.034886 0.029483
vt 0.034886 0.029483
vt 0.034886 0.029483
vt 0.034886 0.029483
vt 0.034886 0.029483
vt 0.034886 0.029483
vt 0.034886 0.029483
vt 0.034886 0.029483
vt 0.034886 0.029483
vt 0.034886 0.029483
vt 0.034886 0.029483
vt 0.034886 0.029483
vt 0.034886 0.029483
vt 0.034886 0.029483
vt 0.034886 0.029483
vt 0.034886 0.029483
vt 0.034886 0.029483
vt 0.034886 0.029483
vt 0.034886 0.029483
vt 0.034886 0.029483
vt 0.031162 0.405688
vt 0.031162 0.405688
vt 0.031162 0.405688
vt 0.031162 0.405688
vt 0.031162 0.405688
vt 0.031162 0.405688
vt 0.031162 0.405688
vt 0.031162 0.405688
vt 0.031162 0.405688
vt 0.031162 0.405688
vt 0.156875 0.406875
vt 0.156875 0.406875
vt 0.156875 0.406875
vt 0.156875 0.406875
vt 0.031162 0.405688
vt 0.031162 0.405688
vt 0.093543 0.406318
vt 0.093543 0.406318
vt 0.093543 0.406318
vt 0.093543 0.406318
vt 0.093543 0.406318
vt 0.093543 0.406318
vt 0.093543 0.406318
vt 0.093543 0.406318
vt 0.093543 0.406318
vt 0.093543 0.406318
vt 0.093543 0.406318
vt 0.093543 0.406318
vt 0.093543 0.406318
vt 0.093543 0.406318
vt 0.093543 0.406318
vt 0.093543 0.406318
vt 0.093543 0.406318
vt 0.093543 0.406318
vt 0.093543 0.406318
vt 0.093543 0.406318
vt 0.093543 0.406318
vt 0.093543 0.406318
vt 0.093543 0.406318
vt 0.093543 0.406318
vt 0.093543 0.406318
vt 0.093543 0.406318
vt 0.093543 0.406318
vt 0.093543 0.406318
vt 0.093543 0.406318
vt 0.093543 0.406318
vt 0.093543 0.406318
vt 0.093543 0.406318
vt 0.093543 0.406318
vt 0.093543 0.406318
vt 0.093543 0.406318
vt 0.093543 0.406318
vt 0.093543 0.406318
vt 0.093543 0.406318
vt 0.093543 0.406318
vt 0.093543 0.406318
vt 0.093543 0.406318
vt 0.093543 0.406318
vt 0.093543 0.406318
vt 0.093543 0.406318
vt 0.093543 0.406318
vt 0.093543 0.406318
vt 0.093543 0.406318
vt 0.093543 0.406318
vt 0.093543 0.406318
vt 0.093543 0.406318
vt 0.093543 0.406318
vt 0.093543 0.406318
vt 0.093543 0.406318
vt 0.093543 0.406318
vt 0.093543 0.406318
vt 0.093543 0.406318
vt 0.093543 0.406318
vt 0.093543 0.406318
vt 0.093543 0.406318
vt 0.093543 0.406318
vt 0.093543 0.406318
vt 0.093543 0.406318
vt 0.093543 0.406318
vt 0.093543 0.406318
vt 0.093543 0.406318
vt 0.093543 0.406318
vt 0.093543 0.406318
vt 0.093543 0.406318
vt 0.093543 0.406318
vt 0.093543 0.406318
vt 0.093543 0.406318
vt 0.093543 0.406318
vt 0.093543 0.406318
vt 0.093543 0.406318
vt 0.093543 0.406318
vt 0.093543 0.406318
vt 0.093543 0.406318
vt 0.093543 0.406318
vt 0.093543 0.406318
vt 0.093543 0.406318
vt 0.034886 0.029483
vt 0.034886 0.029483
vt 0.034886 0.029483
vt 0.034886 0.029483
vt 0.034886 0.029483
vt 0.034886 0.029483
vt 0.034886 0.029483
vt 0.034886 0.029483
vt 0.034886 0.029483
vt 0.034886 0.029483
vt 0.034886 0.029483
vt 0.034886 0.029483
vt 0.034886 0.029483
vt 0.034886 0.029483
vt 0.034886 0.029483
vt 0.034886 0.029483
vt 0.034886 0.029483
vt 0.034886 0.029483
vt 0.034886 0.029483
vt 0.034886 0.029483
vt 0.034886 0.029483
vt 0.034886 0.029483
vt 0.034886 0.029483
vt 0.034886 0.029483
vt 0.031162 0.405688
vt 0.031162 0.405688
vt 0.156875 0.406875
vt 0.156875 0.406875
vt 0.156875 0.406875
vt 0.156875 0.406875
vt 0.156875 0.406875
vt 0.156875 0.406875
vt 0.031162 0.405688
vt 0.031162 0.405688
vt 0.156875 0.406875
vt 0.156875 0.406875
vt 0.031162 0.405688
vt 0.031162 0.405688
vt 0.031162 0.405688
vt 0.031162 0.405688
vt 0.031162 0.405688
vt 0.156875 0.406875
vt 0.156875 0.406875
vt 0.156875 0.406875
vt 0.156875 0.406875
vt 0.156875 0.406875
vt 0.156875 0.406875
vt 0.031162 0.405688
vt 0.031162 0.405688
vt 0.031162 0.405688
vt 0.156875 0.406875
vt 0.031162 0.405688
vt 0.031162 0.405688
vt 0.031162 0.405688
vt 0.031162 0.405688
vt 0.156875 0.406875
vt 0.156875 0.406875
vt 0.156875 0.406875
vt 0.031162 0.405688
vt 0.031162 0.405688
vt 0.031162 0.405688
vt 0.031162 0.405688
vt 0.031162 0.405688
vt 0.031162 0.405688
vt 0.031162 0.405688
vt 0.031162 0.405688
vt 0.031162 0.405688
vt 0.031162 0.405688
vt 0.031162 0.405688
vt 0.031162 0.405688
vt 0.031162 0.405688
vt 0.031162 0.405688
vt 0.031162 0.405688
vt 0.031162 0.405688
vt 0.156875 0.406875
vt 0.156875 0.406875
vt 0.156875 0.406875
vt 0.156875 0.406875
vt 0.031162 0.405688
vt 0.031162 0.405688
vt 0.093543 0.406318
vt 0.093543 0.406318
vt 0.093543 0.406318
vt 0.093543 0.406318
vt 0.093543 0.406318
vt 0.093543 0.406318
vt 0.093543 0.406318
vt 0.093543 0.406318
vt 0.093543 0.406318
vt 0.093543 0.406318
vt 0.093543 0.406318
vt 0.093543 0.406318
vt 0.093543 0.406318
vt 0.093543 0.406318
vt 0.093543 0.406318
vt 0.093543 0.406318
vt 0.093543 0.406318
vt 0.093543 0.406318
vt 0.093543 0.406318
vt 0.093543 0.406318
vt 0.093543 0.406318
vt 0.093543 0.406318
vt 0.093543 0.406318
vt 0.093543 0.406318
vt 0.093543 0.406318
vt 0.093543 0.406318
vt 0.093543 0.406318
vt 0.093543 0.406318
vt 0.093543 0.406318
vt 0.093543 0.406318
vt 0.093543 0.406318
vt 0.093543 0.406318
vt 0.093543 0.406318
vt 0.093543 0.406318
vt 0.093543 0.406318
vt 0.093543 0.406318
vt 0.093543 0.406318
vt 0.093543 0.406318
vt 0.093543 0.406318
vt 0.093543 0.406318
vt 0.093543 0.406318
vt 0.093543 0.406318
vt 0.093543 0.406318
vt 0.093543 0.406318
vt 0.093543 0.406318
vt 0.093543 0.406318
vt 0.093543 0.406318
vt 0.093543 0.406318
vt 0.093543 0.406318
vt 0.093543 0.406318
vt 0.093543 0.406318
vt 0.093543 0.406318
vt 0.093543 0.406318
vt 0.093543 0.406318
vt 0.093543 0.406318
vt 0.093543 0.406318
vt 0.093543 0.406318
vt 0.093543 0.406318
vt 0.093543 0.406318
vt 0.093543 0.406318
vt 0.093543 0.406318
vt 0.093543 0.406318
vt 0.093543 0.406318
vt 0.093543 0.406318
vt 0.093543 0.406318
vt 0.093543 0.406318
vt 0.093543 0.406318
vt 0.093543 0.406318
vt 0.093543 0.406318
vt 0.093543 0.406318
vt 0.093543 0.406318
vt 0.093543 0.406318
vt 0.093543 0.406318
vt 0.093543 0.406318
vt 0.093543 0.406318
vt 0.093543 0.406318
vt 0.093543 0.406318
vt 0.093543 0.406318
vt 0.093543 0.406318
vt 0.093543 0.406318
vt 0.034886 0.029483
vt 0.034886 0.029483
vt 0.034886 0.029483
vt 0.034886 0.029483
vt 0.034886 0.029483
vt 0.034886 0.029483
vt 0.034886 0.029483
vt 0.034886 0.029483
vt 0.034886 0.029483
vt 0.034886 0.029483
vt 0.034886 0.029483
vt 0.034886 0.029483
vt 0.034886 0.029483
vt 0.034886 0.029483
vt 0.034886 0.029483
vt 0.034886 0.029483
vt 0.034886 0.029483
vt 0.034886 0.029483
vt 0.034886 0.029483
vt 0.034886 0.029483
vt 0.034886 0.029483
vt 0.034886 0.029483
vt 0.034886 0.029483
vt 0.034886 0.029483
vt 0.031162 0.405688
vt 0.031162 0.405688
vt 0.031162 0.405688
vt 0.031162 0.405688
vt 0.031162 0.405688
vt 0.031162 0.405688
vt 0.031162 0.405688
vt 0.031162 0.405688
vt 0.031162 0.405688
vt 0.031162 0.405688
vt 0.156875 0.406875
vt 0.156875 0.406875
vt 0.156875 0.406875
vt 0.156875 0.406875
vt 0.031162 0.405688
vt 0.031162 0.405688
vt 0.093543 0.406318
vt 0.093543 0.406318
vt 0.093543 0.406318
vt 0.093543 0.406318
vt 0.093543 0.406318
vt 0.093543 0.406318
vt 0.093543 0.406318
vt 0.093543 0.406318
vt 0.093543 0.406318
vt 0.093543 0.406318
vt 0.093543 0.406318
vt 0.093543 0.406318
vt 0.093543 0.406318
vt 0.093543 0.406318
vt 0.093543 0.406318
vt 0.093543 0.406318
vt 0.093543 0.406318
vt 0.093543 0.406318
vt 0.093543 0.406318
vt 0.093543 0.406318
vt 0.093543 0.406318
vt 0.093543 0.406318
vt 0.093543 0.406318
vt 0.093543 0.406318
vt 0.093543 0.406318
vt 0.093543 0.406318
vt 0.093543 0.406318
vt 0.093543 0.406318
vt 0.093543 0.406318
vt 0.093543 0.406318
vt 0.093543 0.406318
vt 0.093543 0.406318
vt 0.093543 0.406318
vt 0.093543 0.406318
vt 0.093543 0.406318
vt 0.093543 0.406318
vt 0.093543 0.406318
vt 0.093543 0.406318
vt 0.093543 0.406318
vt 0.093543 0.406318
vt 0.093543 0.406318
vt 0.093543 0.406318
vt 0.093543 0.406318
vt 0.093543 0.406318
vt 0.093543 0.406318
vt 0.093543 0.406318
vt 0.093543 0.406318
vt 0.093543 0.406318
vt 0.093543 0.406318
vt 0.093543 0.406318
vt 0.093543 0.406318
vt 0.093543 0.406318
vt 0.093543 0.406318
vt 0.093543 0.406318
vt 0.093543 0.406318
vt 0.093543 0.406318
vt 0.093543 0.406318
vt 0.093543 0.406318
vt 0.093543 0.406318
vt 0.093543 0.406318
vt 0.093543 0.406318
vt 0.093543 0.406318
vt 0.093543 0.406318
vt 0.093543 0.406318
vt 0.093543 0.406318
vt 0.093543 0.406318
vt 0.093543 0.406318
vt 0.093543 0.406318
vt 0.093543 0.406318
vt 0.093543 0.406318
vt 0.093543 0.406318
vt 0.093543 0.406318
vt 0.093543 0.406318
vt 0.093543 0.406318
vt 0.093543 0.406318
vt 0.093543 0.406318
vt 0.093543 0.406318
vt 0.093543 0.406318
vt 0.093543 0.406318
vt 0.093543 0.406318
vt 0.034886 0.029483
vt 0.034886 0.029483
vt 0.034886 0.029483
vt 0.034886 0.029483
vt 0.034886 0.029483
vt 0.034886 0.029483
vt 0.034886 0.029483
vt 0.034886 0.029483
vt 0.034886 0.029483
vt 0.034886 0.029483
vt 0.034886 0.029483
vt 0.034886 0.029483
vt 0.034886 0.029483
vt 0.034886 0.029483
vt 0.034886 0.029483
vt 0.034886 0.029483
vt 0.034886 0.029483
vt 0.034886 0.029483
vt 0.034886 0.029483
vt 0.034886 0.029483
vt 0.034886 0.029483
vt 0.034886 0.029483
vt 0.034886 0.029483
vt 0.034886 0.029483
vt 0.031162 0.405688
vt 0.031162 0.405688
vt 0.031162 0.405688
vt 0.031162 0.405688
vt 0.031162 0.405688
vt 0.031162 0.405688
vt 0.031162 0.405688
vt 0.031162 0.405688
vt 0.031162 0.405688
vt 0.031162 0.405688
vt 0.156875 0.406875
vt 0.156875 0.406875
vt 0.156875 0.406875
vt 0.156875 0.406875
vt 0.031162 0.405688
vt 0.031162 0.405688
vt 0.093543 0.406318
vt 0.093543 0.406318
vt 0.093543 0.406318
vt 0.093543 0.406318
vt 0.093543 0.406318
vt 0.093543 0.406318
vt 0.093543 0.406318
vt 0.093543 0.406318
vt 0.093543 0.406318
vt 0.093543 0.406318
vt 0.093543 0.406318
vt 0.093543 0.406318
vt 0.093543 0.406318
vt 0.093543 0.406318
vt 0.093543 0.406318
vt 0.093543 0.406318
vt 0.093543 0.406318
vt 0.093543 0.406318
vt 0.093543 0.406318
vt 0.093543 0.406318
vt 0.093543 0.406318
vt 0.093543 0.406318
vt 0.093543 0.406318
vt 0.093543 0.406318
vt 0.093543 0.406318
vt 0.093543 0.406318
vt 0.093543 0.406318
vt 0.093543 0.406318
vt 0.093543 0.406318
vt 0.093543 0.406318
vt 0.093543 0.406318
vt 0.093543 0.406318
vt 0.093543 0.406318
vt 0.093543 0.406318
vt 0.093543 0.406318
vt 0.093543 0.406318
vt 0.093543 0.406318
vt 0.093543 0.406318
vt 0.093543 0.406318
vt 0.093543 0.406318
vt 0.093543 0.406318
vt 0.093543 0.406318
vt 0.093543 0.406318
vt 0.093543 0.406318
vt 0.093543 0.406318
vt 0.093543 0.406318
vt 0.093543 0.406318
vt 0.093543 0.406318
vt 0.093543 0.406318
vt 0.093543 0.406318
vt 0.093543 0.406318
vt 0.093543 0.406318
vt 0.093543 0.406318
vt 0.093543 0.406318
vt 0.093543 0.406318
vt 0.093543 0.406318
vt 0.093543 0.406318
vt 0.093543 0.406318
vt 0.093543 0.406318
vt 0.093543 0.406318
vt 0.093543 0.406318
vt 0.093543 0.406318
vt 0.093543 0.406318
vt 0.093543 0.406318
vt 0.093543 0.406318
vt 0.093543 0.406318
vt 0.093543 0.406318
vt 0.093543 0.406318
vt 0.093543 0.406318
vt 0.093543 0.406318
vt 0.093543 0.406318
vt 0.093543 0.406318
vt 0.093543 0.406318
vt 0.093543 0.406318
vt 0.093543 0.406318
vt 0.093543 0.406318
vt 0.093543 0.406318
vt 0.093543 0.406318
vt 0.093543 0.406318
vt 0.093543 0.406318
vt 0.034886 0.029483
vt 0.034886 0.029483
vt 0.034886 0.029483
vt 0.034886 0.029483
vt 0.034886 0.029483
vt 0.034886 0.029483
vt 0.034886 0.029483
vt 0.034886 0.029483
vt 0.034886 0.029483
vt 0.034886 0.029483
vt 0.034886 0.029483
vt 0.034886 0.029483
vt 0.034886 0.029483
vt 0.034886 0.029483
vt 0.034886 0.029483
vt 0.034886 0.029483
vt 0.034886 0.029483
vt 0.034886 0.029483
vt 0.034886 0.029483
vt 0.034886 0.029483
vt 0.034886 0.029483
vt 0.034886 0.029483
vt 0.034886 0.029483
vt 0.034886 0.029483
vt 0.031162 0.405688
vt 0.031162 0.405688
vt 0.031162 0.405688
vt 0.031162 0.405688
vt 0.031162 0.405688
vt 0.031162 0.405688
vt 0.031162 0.405688
vt 0.031162 0.405688
vt 0.031162 0.405688
vt 0.031162 0.405688
vt 0.031162 0.405688
vt 0.031162 0.405688
vt 0.156875 0.406875
vt 0.156875 0.406875
vt 0.156875 0.406875
vt 0.156875 0.406875
vt 0.031162 0.405688
vt 0.031162 0.405688
vt 0.093543 0.406318
vt 0.093543 0.406318
vt 0.093543 0.406318
vt 0.093543 0.406318
vt 0.093543 0.406318
vt 0.093543 0.406318
vt 0.093543 0.406318
vt 0.093543 0.406318
vt 0.093543 0.406318
vt 0.093543 0.406318
vt 0.093543 0.406318
vt 0.093543 0.406318
vt 0.093543 0.406318
vt 0.093543 0.406318
vt 0.093543 0.406318
vt 0.093543 0.406318
vt 0.093543 0.406318
vt 0.093543 0.406318
vt 0.093543 0.406318
vt 0.093543 0.406318
vt 0.093543 0.406318
vt 0.093543 0.406318
vt 0.093543 0.406318
vt 0.093543 0.406318
vt 0.093543 0.406318
vt 0.093543 0.406318
vt 0.093543 0.406318
vt 0.093543 0.406318
vt 0.093543 0.406318
vt 0.093543 0.406318
vt 0.093543 0.406318
vt 0.093543 0.406318
vt 0.093543 0.406318
vt 0.093543 0.406318
vt 0.093543 0.406318
vt 0.093543 0.406318
vt 0.093543 0.406318
vt 0.093543 0.406318
vt 0.093543 0.406318
vt 0.093543 0.406318
vt 0.093543 0.406318
vt 0.093543 0.406318
vt 0.093543 0.406318
vt 0.093543 0.406318
vt 0.093543 0.406318
vt 0.093543 0.406318
vt 0.093543 0.406318
vt 0.093543 0.406318
vt 0.093543 0.406318
vt 0.093543 0.406318
vt 0.093543 0.406318
vt 0.093543 0.406318
vt 0.093543 0.406318
vt 0.093543 0.406318
vt 0.093543 0.406318
vt 0.093543 0.406318
vt 0.093543 0.406318
vt 0.093543 0.406318
vt 0.093543 0.406318
vt 0.093543 0.406318
vt 0.093543 0.406318
vt 0.093543 0.406318
vt 0.093543 0.406318
vt 0.093543 0.406318
vt 0.093543 0.406318
vt 0.093543 0.406318
vt 0.093543 0.406318
vt 0.093543 0.406318
vt 0.093543 0.406318
vt 0.093543 0.406318
vt 0.093543 0.406318
vt 0.093543 0.406318
vt 0.093543 0.406318
vt 0.093543 0.406318
vt 0.093543 0.406318
vt 0.093543 0.406318
vt 0.093543 0.406318
vt 0.093543 0.406318
vt 0.093543 0.406318
vt 0.093543 0.406318
vt 0.034886 0.029483
vt 0.034886 0.029483
vt 0.034886 0.029483
vt 0.034886 0.029483
vt 0.034886 0.029483
vt 0.034886 0.029483
vt 0.034886 0.029483
vt 0.034886 0.029483
vt 0.034886 0.029483
vt 0.034886 0.029483
vt 0.034886 0.029483
vt 0.034886 0.029483
vt 0.034886 0.029483
vt 0.034886 0.029483
vt 0.034886 0.029483
vt 0.034886 0.029483
vt 0.034886 0.029483
vt 0.034886 0.029483
vt 0.034886 0.029483
vt 0.034886 0.029483
vt 0.034886 0.029483
vt 0.034886 0.029483
vt 0.034886 0.029483
vt 0.034886 0.029483
vt 0.031162 0.405688
vt 0.031162 0.405688
vt 0.031162 0.405688
vt 0.031162 0.405688
vt 0.031162 0.405688
vt 0.031162 0.405688
vt 0.031162 0.405688
vt 0.031162 0.405688
vt 0.031162 0.405688
vt 0.031162 0.405688
vt 0.156875 0.406875
vt 0.156875 0.406875
vt 0.156875 0.406875
vt 0.156875 0.406875
vt 0.031162 0.405688
vt 0.031162 0.405688
vt 0.093543 0.406318
vt 0.093543 0.406318
vt 0.093543 0.406318
vt 0.093543 0.406318
vt 0.093543 0.406318
vt 0.093543 0.406318
vt 0.093543 0.406318
vt 0.093543 0.406318
vt 0.093543 0.406318
vt 0.093543 0.406318
vt 0.093543 0.406318
vt 0.093543 0.406318
vt 0.093543 0.406318
vt 0.093543 0.406318
vt 0.093543 0.406318
vt 0.093543 0.406318
vt 0.093543 0.406318
vt 0.093543 0.406318
vt 0.093543 0.406318
vt 0.093543 0.406318
vt 0.093543 0.406318
vt 0.093543 0.406318
vt 0.093543 0.406318
vt 0.093543 0.406318
vt 0.093543 0.406318
vt 0.093543 0.406318
vt 0.093543 0.406318
vt 0.093543 0.406318
vt 0.093543 0.406318
vt 0.093543 0.406318
vt 0.093543 0.406318
vt 0.093543 0.406318
vt 0.093543 0.406318
vt 0.093543 0.406318
vt 0.093543 0.406318
vt 0.093543 0.406318
vt 0.093543 0.406318
vt 0.093543 0.406318
vt 0.093543 0.406318
vt 0.093543 0.406318
vt 0.093543 0.406318
vt 0.093543 0.406318
vt 0.093543 0.406318
vt 0.093543 0.406318
vt 0.093543 0.406318
vt 0.093543 0.406318
vt 0.093543 0.406318
vt 0.093543 0.406318
vt 0.093543 0.406318
vt 0.093543 0.406318
vt 0.093543 0.406318
vt 0.093543 0.406318
vt 0.093543 0.406318
vt 0.093543 0.406318
vt 0.093543 0.406318
vt 0.093543 0.406318
vt 0.093543 0.406318
vt 0.093543 0.406318
vt 0.093543 0.406318
vt 0.093543 0.406318
vt 0.093543 0.406318
vt 0.093543 0.406318
vt 0.093543 0.406318
vt 0.093543 0.406318
vt 0.093543 0.406318
vt 0.093543 0.406318
vt 0.093543 0.406318
vt 0.093543 0.406318
vt 0.093543 0.406318
vt 0.093543 0.406318
vt 0.093543 0.406318
vt 0.093543 0.406318
vt 0.093543 0.406318
vt 0.093543 0.406318
vt 0.093543 0.406318
vt 0.093543 0.406318
vt 0.093543 0.406318
vt 0.093543 0.406318
vt 0.093543 0.406318
vt 0.093543 0.406318
vt 0.034886 0.029483
vt 0.034886 0.029483
vt 0.034886 0.029483
vt 0.034886 0.029483
vt 0.034886 0.029483
vt 0.034886 0.029483
vt 0.034886 0.029483
vt 0.034886 0.029483
vt 0.034886 0.029483
vt 0.034886 0.029483
vt 0.034886 0.029483
vt 0.034886 0.029483
vt 0.034886 0.029483
vt 0.034886 0.029483
vt 0.034886 0.029483
vt 0.034886 0.029483
vt 0.034886 0.029483
vt 0.034886 0.029483
vt 0.034886 0.029483
vt 0.034886 0.029483
vt 0.034886 0.029483
vt 0.034886 0.029483
vt 0.034886 0.029483
vt 0.034886 0.029483
vt 0.031162 0.405688
vt 0.031162 0.405688
vt 0.031162 0.405688
vt 0.031162 0.405688
vt 0.031162 0.405688
vt 0.031162 0.405688
vt 0.031162 0.405688
vt 0.031162 0.405688
vt 0.031162 0.405688
vt 0.031162 0.405688
vt 0.156875 0.406875
vt 0.156875 0.406875
vt 0.156875 0.406875
vt 0.156875 0.406875
vt 0.031162 0.405688
vt 0.031162 0.405688
vt 0.093543 0.406318
vt 0.093543 0.406318
vt 0.093543 0.406318
vt 0.093543 0.406318
vt 0.093543 0.406318
vt 0.093543 0.406318
vt 0.093543 0.406318
vt 0.093543 0.406318
vt 0.093543 0.406318
vt 0.093543 0.406318
vt 0.093543 0.406318
vt 0.093543 0.406318
vt 0.093543 0.406318
vt 0.093543 0.406318
vt 0.093543 0.406318
vt 0.093543 0.406318
vt 0.093543 0.406318
vt 0.093543 0.406318
vt 0.093543 0.406318
vt 0.093543 0.406318
vt 0.093543 0.406318
vt 0.093543 0.406318
vt 0.093543 0.406318
vt 0.093543 0.406318
vt 0.093543 0.406318
vt 0.093543 0.406318
vt 0.093543 0.406318
vt 0.093543 0.406318
vt 0.093543 0.406318
vt 0.093543 0.406318
vt 0.093543 0.406318
vt 0.093543 0.406318
vt 0.093543 0.406318
vt 0.093543 0.406318
vt 0.093543 0.406318
vt 0.093543 0.406318
vt 0.093543 0.406318
vt 0.093543 0.406318
vt 0.093543 0.406318
vt 0.093543 0.406318
vt 0.093543 0.406318
vt 0.093543 0.406318
vt 0.093543 0.406318
vt 0.093543 0.406318
vt 0.093543 0.406318
vt 0.093543 0.406318
vt 0.093543 0.406318
vt 0.093543 0.406318
vt 0.093543 0.406318
vt 0.093543 0.406318
vt 0.093543 0.406318
vt 0.093543 0.406318
vt 0.093543 0.406318
vt 0.093543 0.406318
vt 0.093543 0.406318
vt 0.093543 0.406318
vt 0.093543 0.406318
vt 0.093543 0.406318
vt 0.093543 0.406318
vt 0.093543 0.406318
vt 0.093543 0.406318
vt 0.093543 0.406318
vt 0.093543 0.406318
vt 0.093543 0.406318
vt 0.093543 0.406318
vt 0.093543 0.406318
vt 0.093543 0.406318
vt 0.093543 0.406318
vt 0.093543 0.406318
vt 0.093543 0.406318
vt 0.093543 0.406318
vt 0.093543 0.406318
vt 0.093543 0.406318
vt 0.093543 0.406318
vt 0.093543 0.406318
vt 0.093543 0.406318
vt 0.093543 0.406318
vt 0.093543 0.406318
vt 0.093543 0.406318
vt 0.093543 0.406318
vt 0.034886 0.029483
vt 0.034886 0.029483
vt 0.034886 0.029483
vt 0.034886 0.029483
vt 0.034886 0.029483
vt 0.034886 0.029483
vt 0.034886 0.029483
vt 0.034886 0.029483
vt 0.034886 0.029483
vt 0.034886 0.029483
vt 0.034886 0.029483
vt 0.034886 0.029483
vt 0.034886 0.029483
vt 0.034886 0.029483
vt 0.034886 0.029483
vt 0.034886 0.029483
vt 0.034886 0.029483
vt 0.034886 0.029483
vt 0.034886 0.029483
vt 0.034886 0.029483
vt 0.034886 0.029483
vt 0.034886 0.029483
vt 0.034886 0.029483
vt 0.034886 0.029483
vt 0.031162 0.405688
vt 0.031162 0.405688
vt 0.156875 0.406875
vt 0.156875 0.406875
vt 0.156875 0.406875
vt 0.156875 0.406875
vt 0.156875 0.406875
vt 0.156875 0.406875
vt 0.031162 0.405688
vt 0.031162 0.405688
vt 0.156875 0.406875
vt 0.156875 0.406875
vt 0.031162 0.405688
vt 0.031162 0.405688
vt 0.031162 0.405688
vt 0.031162 0.405688
vt 0.031162 0.405688
vt 0.156875 0.406875
vt 0.156875 0.406875
vt 0.156875 0.406875
vt 0.156875 0.406875
vt 0.156875 0.406875
vt 0.156875 0.406875
vt 0.031162 0.405688
vt 0.031162 0.405688
vt 0.031162 0.405688
vt 0.156875 0.406875
vt 0.031162 0.405688
vt 0.031162 0.405688
vt 0.031162 0.405688
vt 0.031162 0.405688
vt 0.156875 0.406875
vt 0.156875 0.406875
vt 0.156875 0.406875
vt 0.156875 0.406875
vt 0.156875 0.406875
vt 0.031162 0.405688
vt 0.031162 0.405688
vt 0.031162 0.405688
vt 0.031162 0.405688
vt 0.031162 0.405688
vt 0.031162 0.405688
vt 0.031162 0.405688
vt 0.031162 0.405688
vt 0.031162 0.405688
vt 0.031162 0.405688
vt 0.031162 0.405688
vt 0.031162 0.405688
vt 0.031162 0.405688
vt 0.031162 0.405688
vt 0.031162 0.405688
vt 0.031162 0.405688
vt 0.156875 0.406875
vt 0.156875 0.406875
vt 0.156875 0.406875
vt 0.156875 0.406875
vt 0.031162 0.405688
vt 0.031162 0.405688
vt 0.093543 0.406318
vt 0.093543 0.406318
vt 0.093543 0.406318
vt 0.093543 0.406318
vt 0.093543 0.406318
vt 0.093543 0.406318
vt 0.093543 0.406318
vt 0.093543 0.406318
vt 0.093543 0.406318
vt 0.093543 0.406318
vt 0.093543 0.406318
vt 0.093543 0.406318
vt 0.093543 0.406318
vt 0.093543 0.406318
vt 0.093543 0.406318
vt 0.093543 0.406318
vt 0.093543 0.406318
vt 0.093543 0.406318
vt 0.093543 0.406318
vt 0.093543 0.406318
vt 0.093543 0.406318
vt 0.093543 0.406318
vt 0.093543 0.406318
vt 0.093543 0.406318
vt 0.093543 0.406318
vt 0.093543 0.406318
vt 0.093543 0.406318
vt 0.093543 0.406318
vt 0.093543 0.406318
vt 0.093543 0.406318
vt 0.093543 0.406318
vt 0.093543 0.406318
vt 0.093543 0.406318
vt 0.093543 0.406318
vt 0.093543 0.406318
vt 0.093543 0.406318
vt 0.093543 0.406318
vt 0.093543 0.406318
vt 0.093543 0.406318
vt 0.093543 0.406318
vt 0.093543 0.406318
vt 0.093543 0.406318
vt 0.093543 0.406318
vt 0.093543 0.406318
vt 0.093543 0.406318
vt 0.093543 0.406318
vt 0.093543 0.406318
vt 0.093543 0.406318
vt 0.093543 0.406318
vt 0.093543 0.406318
vt 0.093543 0.406318
vt 0.093543 0.406318
vt 0.093543 0.406318
vt 0.093543 0.406318
vt 0.093543 0.406318
vt 0.093543 0.406318
vt 0.093543 0.406318
vt 0.093543 0.406318
vt 0.093543 0.406318
vt 0.093543 0.406318
vt 0.093543 0.406318
vt 0.093543 0.406318
vt 0.093543 0.406318
vt 0.093543 0.406318
vt 0.093543 0.406318
vt 0.093543 0.406318
vt 0.093543 0.406318
vt 0.093543 0.406318
vt 0.093543 0.406318
vt 0.093543 0.406318
vt 0.093543 0.406318
vt 0.093543 0.406318
vt 0.093543 0.406318
vt 0.093543 0.406318
vt 0.093543 0.406318
vt 0.093543 0.406318
vt 0.093543 0.406318
vt 0.093543 0.406318
vt 0.093543 0.406318
vt 0.093543 0.406318
vt 0.034886 0.029483
vt 0.034886 0.029483
vt 0.034886 0.029483
vt 0.034886 0.029483
vt 0.034886 0.029483
vt 0.034886 0.029483
vt 0.034886 0.029483
vt 0.034886 0.029483
vt 0.034886 0.029483
vt 0.034886 0.029483
vt 0.034886 0.029483
vt 0.034886 0.029483
vt 0.034886 0.029483
vt 0.034886 0.029483
vt 0.034886 0.029483
vt 0.034886 0.029483
vt 0.034886 0.029483
vt 0.034886 0.029483
vt 0.034886 0.029483
vt 0.034886 0.029483
vt 0.034886 0.029483
vt 0.034886 0.029483
vt 0.034886 0.029483
vt 0.034886 0.029483
vt 0.031162 0.405688
vt 0.031162 0.405688
vt 0.031162 0.405688
vt 0.031162 0.405688
vt 0.031162 0.405688
vt 0.031162 0.405688
vt 0.031162 0.405688
vt 0.031162 0.405688
vt 0.031162 0.405688
vt 0.031162 0.405688
vt 0.156875 0.406875
vt 0.156875 0.406875
vt 0.156875 0.406875
vt 0.156875 0.406875
vt 0.031162 0.405688
vt 0.031162 0.405688
vt 0.093543 0.406318
vt 0.093543 0.406318
vt 0.093543 0.406318
vt 0.093543 0.406318
vt 0.093543 0.406318
vt 0.093543 0.406318
vt 0.093543 0.406318
vt 0.093543 0.406318
vt 0.093543 0.406318
vt 0.093543 0.406318
vt 0.093543 0.406318
vt 0.093543 0.406318
vt 0.093543 0.406318
vt 0.093543 0.406318
vt 0.093543 0.406318
vt 0.093543 0.406318
vt 0.093543 0.406318
vt 0.093543 0.406318
vt 0.093543 0.406318
vt 0.093543 0.406318
vt 0.093543 0.406318
vt 0.093543 0.406318
vt 0.093543 0.406318
vt 0.093543 0.406318
vt 0.093543 0.406318
vt 0.093543 0.406318
vt 0.093543 0.406318
vt 0.093543 0.406318
vt 0.093543 0.406318
vt 0.093543 0.406318
vt 0.093543 0.406318
vt 0.093543 0.406318
vt 0.093543 0.406318
vt 0.093543 0.406318
vt 0.093543 0.406318
vt 0.093543 0.406318
vt 0.093543 0.406318
vt 0.093543 0.406318
vt 0.093543 0.406318
vt 0.093543 0.406318
vt 0.093543 0.406318
vt 0.093543 0.406318
vt 0.093543 0.406318
vt 0.093543 0.406318
vt 0.093543 0.406318
vt 0.093543 0.406318
vt 0.093543 0.406318
vt 0.093543 0.406318
vt 0.093543 0.406318
vt 0.093543 0.406318
vt 0.093543 0.406318
vt 0.093543 0.406318
vt 0.093543 0.406318
vt 0.093543 0.406318
vt 0.093543 0.406318
vt 0.093543 0.406318
vt 0.093543 0.406318
vt 0.093543 0.406318
vt 0.093543 0.406318
vt 0.093543 0.406318
vt 0.093543 0.406318
vt 0.093543 0.406318
vt 0.093543 0.406318
vt 0.093543 0.406318
vt 0.093543 0.406318
vt 0.093543 0.406318
vt 0.093543 0.406318
vt 0.093543 0.406318
vt 0.093543 0.406318
vt 0.093543 0.406318
vt 0.093543 0.406318
vt 0.093543 0.406318
vt 0.093543 0.406318
vt 0.093543 0.406318
vt 0.093543 0.406318
vt 0.093543 0.406318
vt 0.093543 0.406318
vt 0.093543 0.406318
vt 0.093543 0.406318
vt 0.093543 0.406318
vt 0.034886 0.029483
vt 0.034886 0.029483
vt 0.034886 0.029483
vt 0.034886 0.029483
vt 0.034886 0.029483
vt 0.034886 0.029483
vt 0.034886 0.029483
vt 0.034886 0.029483
vt 0.034886 0.029483
vt 0.034886 0.029483
vt 0.034886 0.029483
vt 0.034886 0.029483
vt 0.034886 0.029483
vt 0.034886 0.029483
vt 0.034886 0.029483
vt 0.034886 0.029483
vt 0.034886 0.029483
vt 0.034886 0.029483
vt 0.034886 0.029483
vt 0.034886 0.029483
vt 0.034886 0.029483
vt 0.034886 0.029483
vt 0.034886 0.029483
vt 0.034886 0.029483
vt 0.031162 0.405688
vt 0.031162 0.405688
vt 0.031162 0.405688
vt 0.031162 0.405688
vt 0.031162 0.405688
vt 0.031162 0.405688
vt 0.031162 0.405688
vt 0.031162 0.405688
vt 0.031162 0.405688
vt 0.031162 0.405688
vt 0.156875 0.406875
vt 0.156875 0.406875
vt 0.156875 0.406875
vt 0.156875 0.406875
vt 0.031162 0.405688
vt 0.031162 0.405688
vt 0.093543 0.406318
vt 0.093543 0.406318
vt 0.093543 0.406318
vt 0.093543 0.406318
vt 0.093543 0.406318
vt 0.093543 0.406318
vt 0.093543 0.406318
vt 0.093543 0.406318
vt 0.093543 0.406318
vt 0.093543 0.406318
vt 0.093543 0.406318
vt 0.093543 0.406318
vt 0.093543 0.406318
vt 0.093543 0.406318
vt 0.093543 0.406318
vt 0.093543 0.406318
vt 0.093543 0.406318
vt 0.093543 0.406318
vt 0.093543 0.406318
vt 0.093543 0.406318
vt 0.093543 0.406318
vt 0.093543 0.406318
vt 0.093543 0.406318
vt 0.093543 0.406318
vt 0.093543 0.406318
vt 0.093543 0.406318
vt 0.093543 0.406318
vt 0.093543 0.406318
vt 0.093543 0.406318
vt 0.093543 0.406318
vt 0.093543 0.406318
vt 0.093543 0.406318
vt 0.093543 0.406318
vt 0.093543 0.406318
vt 0.093543 0.406318
vt 0.093543 0.406318
vt 0.093543 0.406318
vt 0.093543 0.406318
vt 0.093543 0.406318
vt 0.093543 0.406318
vt 0.093543 0.406318
vt 0.093543 0.406318
vt 0.093543 0.406318
vt 0.093543 0.406318
vt 0.093543 0.406318
vt 0.093543 0.406318
vt 0.093543 0.406318
vt 0.093543 0.406318
vt 0.093543 0.406318
vt 0.093543 0.406318
vt 0.093543 0.406318
vt 0.093543 0.406318
vt 0.093543 0.406318
vt 0.093543 0.406318
vt 0.093543 0.406318
vt 0.093543 0.406318
vt 0.093543 0.406318
vt 0.093543 0.406318
vt 0.093543 0.406318
vt 0.093543 0.406318
vt 0.093543 0.406318
vt 0.093543 0.406318
vt 0.093543 0.406318
vt 0.093543 0.406318
vt 0.093543 0.406318
vt 0.093543 0.406318
vt 0.093543 0.406318
vt 0.093543 0.406318
vt 0.093543 0.406318
vt 0.093543 0.406318
vt 0.093543 0.406318
vt 0.093543 0.406318
vt 0.093543 0.406318
vt 0.093543 0.406318
vt 0.093543 0.406318
vt 0.093543 0.406318
vt 0.093543 0.406318
vt 0.093543 0.406318
vt 0.093543 0.406318
vt 0.093543 0.406318
vt 0.034886 0.029483
vt 0.034886 0.029483
vt 0.034886 0.029483
vt 0.034886 0.029483
vt 0.034886 0.029483
vt 0.034886 0.029483
vt 0.034886 0.029483
vt 0.034886 0.029483
vt 0.034886 0.029483
vt 0.034886 0.029483
vt 0.034886 0.029483
vt 0.034886 0.029483
vt 0.034886 0.029483
vt 0.034886 0.029483
vt 0.034886 0.029483
vt 0.034886 0.029483
vt 0.034886 0.029483
vt 0.034886 0.029483
vt 0.034886 0.029483
vt 0.034886 0.029483
vt 0.034886 0.029483
vt 0.034886 0.029483
vt 0.034886 0.029483
vt 0.034886 0.029483
vt 0.031162 0.405688
vt 0.031162 0.405688
vt 0.031162 0.405688
vt 0.031162 0.405688
vt 0.031162 0.405688
vt 0.031162 0.405688
vt 0.031162 0.405688
vt 0.031162 0.405688
vt 0.031162 0.405688
vt 0.031162 0.405688
vt 0.031162 0.405688
vt 0.031162 0.405688
vt 0.156875 0.406875
vt 0.156875 0.406875
vt 0.156875 0.406875
vt 0.156875 0.406875
vt 0.031162 0.405688
vt 0.031162 0.405688
vt 0.093543 0.406318
vt 0.093543 0.406318
vt 0.093543 0.406318
vt 0.093543 0.406318
vt 0.093543 0.406318
vt 0.093543 0.406318
vt 0.093543 0.406318
vt 0.093543 0.406318
vt 0.093543 0.406318
vt 0.093543 0.406318
vt 0.093543 0.406318
vt 0.093543 0.406318
vt 0.093543 0.406318
vt 0.093543 0.406318
vt 0.093543 0.406318
vt 0.093543 0.406318
vt 0.093543 0.406318
vt 0.093543 0.406318
vt 0.093543 0.406318
vt 0.093543 0.406318
vt 0.093543 0.406318
vt 0.093543 0.406318
vt 0.093543 0.406318
vt 0.093543 0.406318
vt 0.093543 0.406318
vt 0.093543 0.406318
vt 0.093543 0.406318
vt 0.093543 0.406318
vt 0.093543 0.406318
vt 0.093543 0.406318
vt 0.093543 0.406318
vt 0.093543 0.406318
vt 0.093543 0.406318
vt 0.093543 0.406318
vt 0.093543 0.406318
vt 0.093543 0.406318
vt 0.093543 0.406318
vt 0.093543 0.406318
vt 0.093543 0.406318
vt 0.093543 0.406318
vt 0.093543 0.406318
vt 0.093543 0.406318
vt 0.093543 0.406318
vt 0.093543 0.406318
vt 0.093543 0.406318
vt 0.093543 0.406318
vt 0.093543 0.406318
vt 0.093543 0.406318
vt 0.093543 0.406318
vt 0.093543 0.406318
vt 0.093543 0.406318
vt 0.093543 0.406318
vt 0.093543 0.406318
vt 0.093543 0.406318
vt 0.093543 0.406318
vt 0.093543 0.406318
vt 0.093543 0.406318
vt 0.093543 0.406318
vt 0.093543 0.406318
vt 0.093543 0.406318
vt 0.093543 0.406318
vt 0.093543 0.406318
vt 0.093543 0.406318
vt 0.093543 0.406318
vt 0.093543 0.406318
vt 0.093543 0.406318
vt 0.093543 0.406318
vt 0.093543 0.406318
vt 0.093543 0.406318
vt 0.093543 0.406318
vt 0.093543 0.406318
vt 0.093543 0.406318
vt 0.093543 0.406318
vt 0.093543 0.406318
vt 0.093543 0.406318
vt 0.093543 0.406318
vt 0.093543 0.406318
vt 0.093543 0.406318
vt 0.093543 0.406318
vt 0.093543 0.406318
vt 0.034886 0.029483
vt 0.034886 0.029483
vt 0.034886 0.029483
vt 0.034886 0.029483
vt 0.034886 0.029483
vt 0.034886 0.029483
vt 0.034886 0.029483
vt 0.034886 0.029483
vt 0.034886 0.029483
vt 0.034886 0.029483
vt 0.034886 0.029483
vt 0.034886 0.029483
vt 0.034886 0.029483
vt 0.034886 0.029483
vt 0.034886 0.029483
vt 0.034886 0.029483
vt 0.034886 0.029483
vt 0.034886 0.029483
vt 0.034886 0.029483
vt 0.034886 0.029483
vt 0.034886 0.029483
vt 0.034886 0.029483
vt 0.034886 0.029483
vt 0.034886 0.029483
vt 0.031162 0.405688
vt 0.031162 0.405688
vt 0.031162 0.405688
vt 0.031162 0.405688
vt 0.031162 0.405688
vt 0.031162 0.405688
vt 0.031162 0.405688
vt 0.031162 0.405688
vt 0.031162 0.405688
vt 0.031162 0.405688
vt 0.156875 0.406875
vt 0.156875 0.406875
vt 0.156875 0.406875
vt 0.156875 0.406875
vt 0.031162 0.405688
vt 0.031162 0.405688
vt 0.093543 0.406318
vt 0.093543 0.406318
vt 0.093543 0.406318
vt 0.093543 0.406318
vt 0.093543 0.406318
vt 0.093543 0.406318
vt 0.093543 0.406318
vt 0.093543 0.406318
vt 0.093543 0.406318
vt 0.093543 0.406318
vt 0.093543 0.406318
vt 0.093543 0.406318
vt 0.093543 0.406318
vt 0.093543 0.406318
vt 0.093543 0.406318
vt 0.093543 0.406318
vt 0.093543 0.406318
vt 0.093543 0.406318
vt 0.093543 0.406318
vt 0.093543 0.406318
vt 0.093543 0.406318
vt 0.093543 0.406318
vt 0.093543 0.406318
vt 0.093543 0.406318
vt 0.093543 0.406318
vt 0.093543 0.406318
vt 0.093543 0.406318
vt 0.093543 0.406318
vt 0.093543 0.406318
vt 0.093543 0.406318
vt 0.093543 0.406318
vt 0.093543 0.406318
vt 0.093543 0.406318
vt 0.093543 0.406318
vt 0.093543 0.406318
vt 0.093543 0.406318
vt 0.093543 0.406318
vt 0.093543 0.406318
vt 0.093543 0.406318
vt 0.093543 0.406318
vt 0.093543 0.406318
vt 0.093543 0.406318
vt 0.093543 0.406318
vt 0.093543 0.406318
vt 0.093543 0.406318
vt 0.093543 0.406318
vt 0.093543 0.406318
vt 0.093543 0.406318
vt 0.093543 0.406318
vt 0.093543 0.406318
vt 0.093543 0.406318
vt 0.093543 0.406318
vt 0.093543 0.406318
vt 0.093543 0.406318
vt 0.093543 0.406318
vt 0.093543 0.406318
vt 0.093543 0.406318
vt 0.093543 0.406318
vt 0.093543 0.406318
vt 0.093543 0.406318
vt 0.093543 0.406318
vt 0.093543 0.406318
vt 0.093543 0.406318
vt 0.093543 0.406318
vt 0.093543 0.406318
vt 0.093543 0.406318
vt 0.093543 0.406318
vt 0.093543 0.406318
vt 0.093543 0.406318
vt 0.093543 0.406318
vt 0.093543 0.406318
vt 0.093543 0.406318
vt 0.093543 0.406318
vt 0.093543 0.406318
vt 0.093543 0.406318
vt 0.093543 0.406318
vt 0.093543 0.406318
vt 0.093543 0.406318
vt 0.093543 0.406318
vt 0.093543 0.406318
vt 0.034886 0.029483
vt 0.034886 0.029483
vt 0.034886 0.029483
vt 0.034886 0.029483
vt 0.034886 0.029483
vt 0.034886 0.029483
vt 0.034886 0.029483
vt 0.034886 0.029483
vt 0.034886 0.029483
vt 0.034886 0.029483
vt 0.034886 0.029483
vt 0.034886 0.029483
vt 0.034886 0.029483
vt 0.034886 0.029483
vt 0.034886 0.029483
vt 0.034886 0.029483
vt 0.034886 0.029483
vt 0.034886 0.029483
vt 0.034886 0.029483
vt 0.034886 0.029483
vt 0.034886 0.029483
vt 0.034886 0.029483
vt 0.034886 0.029483
vt 0.034886 0.029483
vt 0.031162 0.405688
vt 0.031162 0.405688
vt 0.031162 0.405688
vt 0.031162 0.405688
vt 0.031162 0.405688
vt 0.031162 0.405688
vt 0.031162 0.405688
vt 0.031162 0.405688
vt 0.031162 0.405688
vt 0.031162 0.405688
vt 0.156875 0.406875
vt 0.156875 0.406875
vt 0.156875 0.406875
vt 0.156875 0.406875
vt 0.031162 0.405688
vt 0.031162 0.405688
vt 0.093543 0.406318
vt 0.093543 0.406318
vt 0.093543 0.406318
vt 0.093543 0.406318
vt 0.093543 0.406318
vt 0.093543 0.406318
vt 0.093543 0.406318
vt 0.093543 0.406318
vt 0.093543 0.406318
vt 0.093543 0.406318
vt 0.093543 0.406318
vt 0.093543 0.406318
vt 0.093543 0.406318
vt 0.093543 0.406318
vt 0.093543 0.406318
vt 0.093543 0.406318
vt 0.093543 0.406318
vt 0.093543 0.406318
vt 0.093543 0.406318
vt 0.093543 0.406318
vt 0.093543 0.406318
vt 0.093543 0.406318
vt 0.093543 0.406318
vt 0.093543 0.406318
vt 0.093543 0.406318
vt 0.093543 0.406318
vt 0.093543 0.406318
vt 0.093543 0.406318
vt 0.093543 0.406318
vt 0.093543 0.406318
vt 0.093543 0.406318
vt 0.093543 0.406318
vt 0.093543 0.406318
vt 0.093543 0.406318
vt 0.093543 0.406318
vt 0.093543 0.406318
vt 0.093543 0.406318
vt 0.093543 0.406318
vt 0.093543 0.406318
vt 0.093543 0.406318
vt 0.093543 0.406318
vt 0.093543 0.406318
vt 0.093543 0.406318
vt 0.093543 0.406318
vt 0.093543 0.406318
vt 0.093543 0.406318
vt 0.093543 0.406318
vt 0.093543 0.406318
vt 0.093543 0.406318
vt 0.093543 0.406318
vt 0.093543 0.406318
vt 0.093543 0.406318
vt 0.093543 0.406318
vt 0.093543 0.406318
vt 0.093543 0.406318
vt 0.093543 0.406318
vt 0.093543 0.406318
vt 0.093543 0.406318
vt 0.093543 0.406318
vt 0.093543 0.406318
vt 0.093543 0.406318
vt 0.093543 0.406318
vt 0.093543 0.406318
vt 0.093543 0.406318
vt 0.093543 0.406318
vt 0.093543 0.406318
vt 0.093543 0.406318
vt 0.093543 0.406318
vt 0.093543 0.406318
vt 0.093543 0.406318
vt 0.093543 0.406318
vt 0.093543 0.406318
vt 0.093543 0.406318
vt 0.093543 0.406318
vt 0.093543 0.406318
vt 0.093543 0.406318
vt 0.093543 0.406318
vt 0.093543 0.406318
vt 0.093543 0.406318
vt 0.093543 0.406318
vt 0.034886 0.029483
vt 0.034886 0.029483
vt 0.034886 0.029483
vt 0.034886 0.029483
vt 0.034886 0.029483
vt 0.034886 0.029483
vt 0.034886 0.029483
vt 0.034886 0.029483
vt 0.034886 0.029483
vt 0.034886 0.029483
vt 0.034886 0.029483
vt 0.034886 0.029483
vt 0.034886 0.029483
vt 0.034886 0.029483
vt 0.034886 0.029483
vt 0.034886 0.029483
vt 0.034886 0.029483
vt 0.034886 0.029483
vt 0.034886 0.029483
vt 0.034886 0.029483
vt 0.034886 0.029483
vt 0.034886 0.029483
vt 0.034886 0.029483
vt 0.034886 0.029483
vt 0.031162 0.405688
vt 0.031162 0.405688
vt 0.156875 0.406875
vt 0.156875 0.406875
vt 0.156875 0.406875
vt 0.156875 0.406875
vt 0.156875 0.406875
vt 0.156875 0.406875
vt 0.031162 0.405688
vt 0.031162 0.405688
vt 0.156875 0.406875
vt 0.156875 0.406875
vt 0.031162 0.405688
vt 0.031162 0.405688
vt 0.031162 0.405688
vt 0.031162 0.405688
vt 0.031162 0.405688
vt 0.156875 0.406875
vt 0.156875 0.406875
vt 0.156875 0.406875
vt 0.156875 0.406875
vt 0.156875 0.406875
vt 0.156875 0.406875
vt 0.031162 0.405688
vt 0.031162 0.405688
vt 0.031162 0.405688
vt 0.156875 0.406875
vt 0.031162 0.405688
vt 0.031162 0.405688
vt 0.031162 0.405688
vt 0.031162 0.405688
vt 0.156875 0.406875
vt 0.156875 0.406875
vt 0.156875 0.406875
vt 0.156875 0.406875
vt 0.156875 0.406875
vt 0.031162 0.405688
vt 0.031162 0.405688
vt 0.031162 0.405688
vt 0.031162 0.405688
vt 0.031162 0.405688
vt 0.031162 0.405688
vt 0.156875 0.406875
vt 0.156875 0.406875
vt 0.156875 0.406875
vt 0.156875 0.406875
vt 0.156875 0.406875
vt 0.156875 0.406875
vt 0.156875 0.406875
vt 0.156875 0.406875
vt 0.156875 0.406875
vt 0.156875 0.406875
vt 0.156875 0.406875
vt 0.156875 0.406875
vt 0.031162 0.405688
vt 0.031162 0.405688
vt 0.156875 0.406875
vt 0.156875 0.406875
vt 0.156875 0.406875
vt 0.031162 0.405688
vt 0.031162 0.405688
vt 0.156875 0.406875
vt 0.156875 0.406875
vt 0.156875 0.406875
vt 0.156875 0.406875
vt 0.156875 0.406875
vt 0.156875 0.406875
vt 0.156875 0.406875
vt 0.156875 0.406875
vt 0.156875 0.406875
vt 0.156875 0.406875
vt 0.156875 0.406875
vt 0.156875 0.406875
vt 0.156875 0.406875
vt 0.156875 0.406875
vt 0.156875 0.406875
vt 0.156875 0.406875
vt 0.156875 0.406875
vt 0.156875 0.406875
vt 0.156875 0.406875
vt 0.156875 0.406875
vt 0.156875 0.406875
vt 0.156875 0.406875
vt 0.156875 0.406875
vt 0.156875 0.406875
vt 0.156875 0.406875
vt 0.156875 0.406875
vt 0.156875 0.406875
vt 0.156875 0.406875
vt 0.156875 0.406875
vt 0.156875 0.406875
vt 0.156875 0.406875
vt 0.156875 0.406875
vt 0.156875 0.406875
vt 0.156875 0.406875
vt 0.156875 0.406875
vt 0.156875 0.406875
vt 0.156875 0.406875
vt 0.156875 0.406875
vt 0.156875 0.406875
vt 0.156875 0.406875
vt 0.156875 0.406875
vt 0.156875 0.406875
vt 0.156875 0.406875
vt 0.156875 0.406875
vt 0.156875 0.406875
vt 0.156875 0.406875
vt 0.031162 0.405688
vt 0.031162 0.405688
vt 0.031162 0.405688
vt 0.031162 0.405688
vt 0.156875 0.406875
vt 0.156875 0.406875
vt 0.156875 0.406875
vt 0.156875 0.406875
vt 0.156875 0.406875
vt 0.156875 0.406875
vt 0.156875 0.406875
vt 0.156875 0.406875
vt 0.156875 0.406875
vt 0.156875 0.406875
vt 0.156875 0.406875
vt 0.156875 0.406875
vt 0.156875 0.406875
vt 0.156875 0.406875
vt 0.031162 0.405688
vt 0.031162 0.405688
vt 0.218721 0.406229
vt 0.218721 0.406229
vt 0.218721 0.406229
vt 0.218721 0.406229
vt 0.218721 0.406229
vt 0.218721 0.406229
vt 0.218721 0.406229
vt 0.218721 0.406229
vt 0.218721 0.406229
vt 0.218721 0.406229
vt 0.218721 0.406229
vt 0.218721 0.406229
vt 0.218721 0.406229
vt 0.218721 0.406229
vt 0.218721 0.406229
vt 0.218721 0.406229
vt 0.156875 0.406875
vt 0.156875 0.406875
vt 0.156875 0.406875
vt 0.156875 0.406875
vt 0.156875 0.406875
vt 0.156875 0.406875
vt 0.156875 0.406875
vt 0.156875 0.406875
vt 0.156875 0.406875
vt 0.156875 0.406875
vt 0.156875 0.406875
vt 0.156875 0.406875
vt 0.156875 0.406875
vt 0.156875 0.406875
vt 0.156875 0.406875
vt 0.156875 0.406875
vt 0.156875 0.406875
vt 0.156875 0.406875
vt 0.156875 0.406875
vt 0.156875 0.406875
vt 0.156875 0.406875
vt 0.156875 0.406875
vt 0.156875 0.406875
vt 0.156875 0.406875
vt 0.156875 0.406875
vt 0.156875 0.406875
vt 0.156875 0.406875
vt 0.156875 0.406875
vt 0.156875 0.406875
vt 0.156875 0.406875
vt 0.156875 0.406875
vt 0.156875 0.406875
vt 0.156875 0.406875
vt 0.156875 0.406875
vt 0.156875 0.406875
vt 0.156875 0.406875
vt 0.156875 0.406875
vt 0.156875 0.406875
vt 0.156875 0.406875
vt 0.156875 0.406875
vt 0.156875 0.406875
vt 0.156875 0.406875
vt 0.156875 0.406875
vt 0.156875 0.406875
vt 0.156875 0.406875
vt 0.156875 0.406875
vt 0.156875 0.406875
vt 0.156875 0.406875
vt 0.156875 0.406875
vt 0.156875 0.406875
vt 0.156875 0.406875
vt 0.156875 0.406875
vt 0.156875 0.406875
vt 0.156875 0.406875
vt 0.156875 0.406875
vt 0.156875 0.406875
vt 0.156875 0.406875
vt 0.156875 0.406875
vt 0.156875 0.406875
vt 0.156875 0.406875
vt 0.156875 0.406875
vt 0.156875 0.406875
vt 0.156875 0.406875
vt 0.156875 0.406875
vt 0.156875 0.406875
vt 0.156875 0.406875
vt 0.156875 0.406875
vt 0.156875 0.406875
vt 0.156875 0.406875
vt 0.156875 0.406875
vt 0.156875 0.406875
vt 0.156875 0.406875
vt 0.156875 0.406875
vt 0.156875 0.406875
vt 0.156875 0.406875
vt 0.156875 0.406875
vt 0.156875 0.406875
vt 0.156875 0.406875
vt 0.156875 0.406875
vt 0.156875 0.406875
vt 0.156875 0.406875
vt 0.156875 0.406875
vt 0.156875 0.406875
vt 0.156875 0.406875
vt 0.156875 0.406875
vt 0.156875 0.406875
vt 0.156875 0.406875
vt 0.156875 0.406875
vt 0.156875 0.406875
vt 0.156875 0.406875
vt 0.156875 0.406875
vt 0.156875 0.406875
vt 0.156875 0.406875
vt 0.156875 0.406875
vt 0.156875 0.406875
vt 0.156875 0.406875
vt 0.156875 0.406875
vt 0.156875 0.406875
vt 0.156875 0.406875
vt 0.156875 0.406875
vt 0.156875 0.406875
vt 0.156875 0.406875
vt 0.156875 0.406875
vt 0.156875 0.406875
vt 0.156875 0.406875
vt 0.156875 0.406875
vt 0.156875 0.406875
vt 0.156875 0.406875
vt 0.156875 0.406875
vt 0.156875 0.406875
vt 0.156875 0.406875
vt 0.156875 0.406875
vt 0.156875 0.406875
vt 0.156875 0.406875
vt 0.156875 0.406875
vt 0.156875 0.406875
vt 0.156875 0.406875
vt 0.156875 0.406875
vt 0.156875 0.406875
vt 0.156875 0.406875
vt 0.156875 0.406875
vt 0.156875 0.406875
vt 0.156875 0.406875
vt 0.156875 0.406875
vt 0.156875 0.406875
vt 0.156875 0.406875
vt 0.156875 0.406875
vt 0.156875 0.406875
vt 0.156875 0.406875
vt 0.156875 0.406875
vt 0.156875 0.406875
vt 0.156875 0.406875
vt 0.156875 0.406875
vt 0.156875 0.406875
vt 0.156875 0.406875
vt 0.156875 0.406875
vt 0.156875 0.406875
vt 0.156875 0.406875
vt 0.156875 0.406875
vt 0.156875 0.406875
vt 0.156875 0.406875
vt 0.156875 0.406875
vt 0.156875 0.406875
vt 0.156875 0.406875
vt 0.156875 0.406875
vt 0.156875 0.406875
vt 0.156875 0.406875
vt 0.156875 0.406875
vt 0.156875 0.406875
vt 0.156875 0.406875
vt 0.156875 0.406875
vt 0.156875 0.406875
vt 0.156875 0.406875
vt 0.156875 0.406875
vt 0.156875 0.406875
vt 0.156875 0.406875
vt 0.156875 0.406875
vt 0.156875 0.406875
vt 0.156875 0.406875
vt 0.156875 0.406875
vt 0.156875 0.406875
vt 0.156875 0.406875
vt 0.156875 0.406875
vt 0.156875 0.406875
vt 0.156875 0.406875
vt 0.156875 0.406875
vt 0.156875 0.406875
vt 0.156875 0.406875
vt 0.156875 0.406875
vt 0.156875 0.406875
vt 0.156875 0.406875
vt 0.156875 0.406875
vt 0.156875 0.406875
vt 0.156875 0.406875
vt 0.156875 0.406875
vt 0.156875 0.406875
vt 0.156875 0.406875
vt 0.156875 0.406875
vt 0.156875 0.406875
vt 0.156875 0.406875
vt 0.156875 0.406875
vt 0.156875 0.406875
vt 0.156875 0.406875
vt 0.156875 0.406875
vt 0.156875 0.406875
vt 0.156875 0.406875
vt 0.156875 0.406875
vt 0.156875 0.406875
vt 0.156875 0.406875
vt 0.156875 0.406875
vt 0.156875 0.406875
vt 0.156875 0.406875
vt 0.156875 0.406875
vt 0.156875 0.406875
vt 0.156875 0.406875
vt 0.156875 0.406875
vt 0.156875 0.406875
vt 0.156875 0.406875
vt 0.156875 0.406875
vt 0.156875 0.406875
vt 0.156875 0.406875
vt 0.156875 0.406875
vt 0.156875 0.406875
vt 0.156875 0.406875
vt 0.156875 0.406875
vt 0.156875 0.406875
vt 0.156875 0.406875
vt 0.156875 0.406875
vt 0.156875 0.406875
vt 0.156875 0.406875
vt 0.156875 0.406875
vt 0.156875 0.406875
vt 0.156875 0.406875
vt 0.156875 0.406875
vt 0.156875 0.406875
vt 0.156875 0.406875
vt 0.156875 0.406875
vt 0.156875 0.406875
vt 0.156875 0.406875
vt 0.156875 0.406875
vt 0.156875 0.406875
vt 0.156875 0.406875
vt 0.156875 0.406875
vt 0.156875 0.406875
vt 0.156875 0.406875
vt 0.156875 0.406875
vt 0.156875 0.406875
vt 0.156875 0.406875
vt 0.156875 0.406875
vt 0.156875 0.406875
vt 0.156875 0.406875
vt 0.156875 0.406875
vt 0.156875 0.406875
vt 0.156875 0.406875
vt 0.156875 0.406875
vt 0.156875 0.406875
vt 0.156875 0.406875
vt 0.156875 0.406875
vt 0.156875 0.406875
vt 0.156875 0.406875
vt 0.156875 0.406875
vt 0.156875 0.406875
vt 0.156875 0.406875
vt 0.156875 0.406875
vt 0.156875 0.406875
vt 0.156875 0.406875
vt 0.156875 0.406875
vt 0.156875 0.406875
vt 0.156875 0.406875
vt 0.156875 0.406875
vt 0.156875 0.406875
vt 0.156875 0.406875
vt 0.156875 0.406875
vt 0.156875 0.406875
vt 0.156875 0.406875
vt 0.156875 0.406875
vt 0.156875 0.406875
vt 0.156875 0.406875
vt 0.156875 0.406875
vt 0.156875 0.406875
vt 0.156875 0.406875
vt 0.156875 0.406875
vt 0.156875 0.406875
vt 0.156875 0.406875
vt 0.156875 0.406875
vt 0.156875 0.406875
vt 0.156875 0.406875
vt 0.156875 0.406875
vt 0.156875 0.406875
vt 0.156875 0.406875
vt 0.156875 0.406875
vt 0.156875 0.406875
vt 0.156875 0.406875
vt 0.156875 0.406875
vt 0.156875 0.406875
vt 0.156875 0.406875
vt 0.156875 0.406875
vt 0.156875 0.406875
vt 0.156875 0.406875
vt 0.156875 0.406875
vt 0.156875 0.406875
vt 0.156875 0.406875
vt 0.156875 0.406875
vt 0.156875 0.406875
vt 0.156875 0.406875
vt 0.156875 0.406875
vt 0.156875 0.406875
vt 0.156875 0.406875
vt 0.156875 0.406875
vt 0.156875 0.406875
vt 0.156875 0.406875
vt 0.156875 0.406875
vt 0.156875 0.406875
vt 0.156875 0.406875
vt 0.156875 0.406875
vt 0.156875 0.406875
vt 0.156875 0.406875
vt 0.156875 0.406875
vt 0.156875 0.406875
vt 0.156875 0.406875
vt 0.156875 0.406875
vt 0.156875 0.406875
vt 0.156875 0.406875
vt 0.156875 0.406875
vt 0.156875 0.406875
vt 0.156875 0.406875
vt 0.156875 0.406875
vt 0.156875 0.406875
vt 0.156875 0.406875
vt 0.156875 0.406875
vt 0.156875 0.406875
vt 0.156875 0.406875
vt 0.156875 0.406875
vt 0.156875 0.406875
vt 0.156875 0.406875
vt 0.156875 0.406875
vt 0.156875 0.406875
vt 0.156875 0.406875
vt 0.156875 0.406875
vt 0.156875 0.406875
vt 0.156875 0.406875
vt 0.156875 0.406875
vt 0.156875 0.406875
vt 0.156875 0.406875
vt 0.156875 0.406875
vt 0.156875 0.406875
vt 0.156875 0.406875
vt 0.156875 0.406875
vt 0.156875 0.406875
vt 0.156875 0.406875
vt 0.156875 0.406875
vt 0.156875 0.406875
vt 0.156875 0.406875
vt 0.156875 0.406875
vt 0.156875 0.406875
vt 0.156875 0.406875
vt 0.156875 0.406875
vt 0.156875 0.406875
vt 0.156875 0.406875
vt 0.156875 0.406875
vt 0.156875 0.406875
vt 0.156875 0.406875
vt 0.156875 0.406875
vt 0.156875 0.406875
vt 0.156875 0.406875
vt 0.156875 0.406875
vt 0.156875 0.406875
vt 0.156875 0.406875
vt 0.156875 0.406875
vt 0.156875 0.406875
vt 0.156875 0.406875
vt 0.156875 0.406875
vt 0.156875 0.406875
vt 0.156875 0.406875
vt 0.156875 0.406875
vt 0.156875 0.406875
vt 0.156875 0.406875
vt 0.156875 0.406875
vt 0.156875 0.406875
vt 0.156875 0.406875
vt 0.156875 0.406875
vt 0.156875 0.406875
vt 0.156875 0.406875
vt 0.156875 0.406875
vt 0.156875 0.406875
vt 0.156875 0.406875
vt 0.156875 0.406875
vt 0.156875 0.406875
vt 0.156875 0.406875
vt 0.156875 0.406875
vt 0.156875 0.406875
vt 0.156875 0.406875
vt 0.156875 0.406875
vt 0.156875 0.406875
vt 0.156875 0.406875
vt 0.156875 0.406875
vt 0.156875 0.406875
vt 0.156875 0.406875
vt 0.156875 0.406875
vt 0.156875 0.406875
vt 0.156875 0.406875
vt 0.156875 0.406875
vt 0.156875 0.406875
vt 0.156875 0.406875
vt 0.156875 0.406875
vt 0.156875 0.406875
vt 0.156875 0.406875
vt 0.156875 0.406875
vt 0.156875 0.406875
vt 0.156875 0.406875
vt 0.156875 0.406875
vt 0.156875 0.406875
vt 0.156875 0.406875
vt 0.156875 0.406875
vt 0.156875 0.406875
vt 0.156875 0.406875
vt 0.156875 0.406875
vt 0.156875 0.406875
vt 0.156875 0.406875
vt 0.156875 0.406875
vt 0.156875 0.406875
vt 0.156875 0.406875
vt 0.156875 0.406875
vt 0.156875 0.406875
vt 0.156875 0.406875
vt 0.156875 0.406875
vt 0.156875 0.406875
vt 0.156875 0.406875
vt 0.156875 0.406875
vt 0.156875 0.406875
vt 0.156875 0.406875
vt 0.156875 0.406875
vt 0.156875 0.406875
vt 0.156875 0.406875
vt 0.156875 0.406875
vt 0.156875 0.406875
vt 0.156875 0.406875
vt 0.156875 0.406875
vt 0.156875 0.406875
vt 0.156875 0.406875
vt 0.156875 0.406875
vt 0.156875 0.406875
vt 0.156875 0.406875
vt 0.156875 0.406875
vt 0.156875 0.406875
vt 0.156875 0.406875
vt 0.156875 0.406875
vt 0.156875 0.406875
vt 0.156875 0.406875
vt 0.156875 0.406875
vt 0.156875 0.406875
vt 0.156875 0.406875
vt 0.156875 0.406875
vt 0.156875 0.406875
vt 0.156875 0.406875
vt 0.156875 0.406875
vt 0.156875 0.406875
vt 0.156875 0.406875
vt 0.156875 0.406875
vt 0.156875 0.406875
vt 0.156875 0.406875
vt 0.156875 0.406875
vt 0.156875 0.406875
vt 0.156875 0.406875
vt 0.156875 0.406875
vt 0.156875 0.406875
vt 0.156875 0.406875
vt 0.156875 0.406875
vt 0.156875 0.406875
vt 0.156875 0.406875
vt 0.156875 0.406875
vt 0.156875 0.406875
vt 0.156875 0.406875
vt 0.156875 0.406875
vt 0.156875 0.406875
vt 0.156875 0.406875
vt 0.156875 0.406875
vt 0.156875 0.406875
vt 0.156875 0.406875
vt 0.156875 0.406875
vt 0.156875 0.406875
vt 0.156875 0.406875
vt 0.156875 0.406875
vt 0.156875 0.406875
vt 0.156875 0.406875
vt 0.156875 0.406875
vt 0.156875 0.406875
vt 0.156875 0.406875
vt 0.156875 0.406875
vt 0.156875 0.406875
vt 0.156875 0.406875
vt 0.156875 0.406875
vt 0.156875 0.406875
vt 0.156875 0.406875
vt 0.156875 0.406875
vt 0.156875 0.406875
vt 0.156875 0.406875
vt 0.156875 0.406875
vt 0.156875 0.406875
vt 0.156875 0.406875
vt 0.156875 0.406875
vt 0.156875 0.406875
vt 0.156875 0.406875
vt 0.156875 0.406875
vt 0.156875 0.406875
vt 0.156875 0.406875
vt 0.156875 0.406875
vt 0.156875 0.406875
vt 0.156875 0.406875
vt 0.156875 0.406875
vt 0.156875 0.406875
vt 0.156875 0.406875
vt 0.156875 0.406875
vt 0.156875 0.406875
vt 0.156875 0.406875
vt 0.156875 0.406875
vt 0.156875 0.406875
vt 0.156875 0.406875
vt 0.156875 0.406875
vt 0.156875 0.406875
vt 0.156875 0.406875
vt 0.156875 0.406875
vt 0.156875 0.406875
vt 0.156875 0.406875
vt 0.156875 0.406875
vt 0.156875 0.406875
vt 0.156875 0.406875
vt 0.156875 0.406875
vt 0.156875 0.406875
vt 0.156875 0.406875
vt 0.156875 0.406875
vt 0.156875 0.406875
vt 0.156875 0.406875
vt 0.156875 0.406875
vt 0.156875 0.406875
vt 0.156875 0.406875
vt 0.156875 0.406875
vt 0.156875 0.406875
vt 0.156875 0.406875
vt 0.156875 0.406875
vt 0.156875 0.406875
vt 0.156875 0.406875
vt 0.156875 0.406875
vt 0.156875 0.406875
vt 0.156875 0.406875
vt 0.156875 0.406875
vt 0.156875 0.406875
vt 0.156875 0.406875
vt 0.156875 0.406875
vt 0.156875 0.406875
vt 0.156875 0.406875
vt 0.156875 0.406875
vt 0.156875 0.406875
vt 0.156875 0.406875
vt 0.156875 0.406875
vt 0.156875 0.406875
vt 0.156875 0.406875
vt 0.156875 0.406875
vt 0.156875 0.406875
vt 0.156875 0.406875
vt 0.156875 0.406875
vt 0.156875 0.406875
vt 0.156875 0.406875
vt 0.156875 0.406875
vt 0.156875 0.406875
vt 0.156875 0.406875
vt 0.156875 0.406875
vt 0.156875 0.406875
vt 0.156875 0.406875
vt 0.156875 0.406875
vt 0.156875 0.406875
vt 0.156875 0.406875
vt 0.156875 0.406875
vt 0.156875 0.406875
vt 0.156875 0.406875
vt 0.156875 0.406875
vt 0.156875 0.406875
vt 0.156875 0.406875
vt 0.156875 0.406875
vt 0.156875 0.406875
vt 0.156875 0.406875
vt 0.156875 0.406875
vt 0.156875 0.406875
vt 0.156875 0.406875
vt 0.156875 0.406875
vt 0.156875 0.406875
vt 0.156875 0.406875
vt 0.156875 0.406875
vt 0.156875 0.406875
vt 0.156875 0.406875
vt 0.156875 0.406875
vt 0.156875 0.406875
vt 0.156875 0.406875
vt 0.156875 0.406875
vt 0.156875 0.406875
vt 0.156875 0.406875
vt 0.156875 0.406875
vt 0.156875 0.406875
vt 0.156875 0.406875
vt 0.156875 0.406875
vt 0.156875 0.406875
vt 0.156875 0.406875
vt 0.156875 0.406875
vt 0.156875 0.406875
vt 0.156875 0.406875
vt 0.156875 0.406875
vt 0.156875 0.406875
vt 0.156875 0.406875
vt 0.156875 0.406875
vt 0.156875 0.406875
vt 0.156875 0.406875
vt 0.156875 0.406875
vt 0.156875 0.406875
vt 0.156875 0.406875
vt 0.156875 0.406875
vt 0.156875 0.406875
vt 0.156875 0.406875
vt 0.156875 0.406875
vt 0.156875 0.406875
vt 0.156875 0.406875
vt 0.156875 0.406875
vt 0.156875 0.406875
vt 0.156875 0.406875
vt 0.156875 0.406875
vt 0.156875 0.406875
vt 0.156875 0.406875
vt 0.156875 0.406875
vt 0.156875 0.406875
vt 0.156875 0.406875
vt 0.156875 0.406875
vt 0.156875 0.406875
vt 0.156875 0.406875
vt 0.156875 0.406875
vt 0.156875 0.406875
vt 0.156875 0.406875
vt 0.156875 0.406875
vt 0.156875 0.406875
vt 0.156875 0.406875
vt 0.156875 0.406875
vt 0.156875 0.406875
vt 0.156875 0.406875
vt 0.156875 0.406875
vt 0.156875 0.406875
vt 0.156875 0.406875
vt 0.156875 0.406875
vt 0.156875 0.406875
vt 0.156875 0.406875
vt 0.156875 0.406875
vt 0.156875 0.406875
vt 0.156875 0.406875
vt 0.156875 0.406875
vt 0.156875 0.406875
vt 0.156875 0.406875
vt 0.156875 0.406875
vt 0.156875 0.406875
vt 0.156875 0.406875
vt 0.156875 0.406875
vt 0.156875 0.406875
vt 0.156875 0.406875
vt 0.156875 0.406875
vt 0.156875 0.406875
vt 0.156875 0.406875
vt 0.156875 0.406875
vt 0.156875 0.406875
vt 0.156875 0.406875
vt 0.156875 0.406875
vt 0.156875 0.406875
vt 0.156875 0.406875
vt 0.156875 0.406875
vt 0.156875 0.406875
vt 0.156875 0.406875
vt 0.156875 0.406875
vt 0.156875 0.406875
vt 0.156875 0.406875
vt 0.156875 0.406875
vt 0.156875 0.406875
vt 0.156875 0.406875
vt 0.156875 0.406875
vt 0.156875 0.406875
vt 0.156875 0.406875
vt 0.156875 0.406875
vt 0.156875 0.406875
vt 0.156875 0.406875
vt 0.156875 0.406875
vt 0.156875 0.406875
vt 0.156875 0.406875
vt 0.156875 0.406875
vt 0.156875 0.406875
vt 0.156875 0.406875
vt 0.156875 0.406875
vt 0.156875 0.406875
vt 0.156875 0.406875
vt 0.156875 0.406875
vt 0.156875 0.406875
vt 0.156875 0.406875
vt 0.156875 0.406875
vt 0.156875 0.406875
vt 0.156875 0.406875
vt 0.156875 0.406875
vt 0.156875 0.406875
vt 0.156875 0.406875
vt 0.156875 0.406875
vt 0.156875 0.406875
vt 0.156875 0.406875
vt 0.156875 0.406875
vt 0.156875 0.406875
vt 0.156875 0.406875
vt 0.156875 0.406875
vt 0.156875 0.406875
vt 0.156875 0.406875
vt 0.156875 0.406875
vt 0.156875 0.406875
vt 0.156875 0.406875
vt 0.156875 0.406875
vt 0.156875 0.406875
vt 0.156875 0.406875
vt 0.156875 0.406875
vt 0.156875 0.406875
vt 0.156875 0.406875
vt 0.156875 0.406875
vt 0.156875 0.406875
vt 0.156875 0.406875
vt 0.156875 0.406875
vt 0.156875 0.406875
vt 0.156875 0.406875
vt 0.156875 0.406875
vt 0.156875 0.406875
vt 0.156875 0.406875
vt 0.156875 0.406875
vt 0.156875 0.406875
vt 0.156875 0.406875
vt 0.156875 0.406875
vt 0.156875 0.406875
vt 0.156875 0.406875
vt 0.156875 0.406875
vt 0.156875 0.406875
vt 0.156875 0.406875
vt 0.156875 0.406875
vt 0.156875 0.406875
vt 0.156875 0.406875
vt 0.156875 0.406875
vt 0.156875 0.406875
vt 0.156875 0.406875
vt 0.156875 0.406875
vt 0.156875 0.406875
vt 0.156875 0.406875
vt 0.156875 0.406875
vt 0.156875 0.406875
vt 0.156875 0.406875
vt 0.156875 0.406875
vt 0.156875 0.406875
vt 0.156875 0.406875
vt 0.156875 0.406875
vt 0.156875 0.406875
vt 0.156875 0.406875
vt 0.156875 0.406875
vt 0.156875 0.406875
vt 0.156875 0.406875
vt 0.156875 0.406875
vt 0.156875 0.406875
vt 0.156875 0.406875
vt 0.156875 0.406875
vt 0.156875 0.406875
vt 0.156875 0.406875
vt 0.156875 0.406875
vt 0.156875 0.406875
vt 0.156875 0.406875
vt 0.156875 0.406875
vt 0.156875 0.406875
vt 0.156875 0.406875
vt 0.156875 0.406875
vt 0.156875 0.406875
vt 0.156875 0.406875
vt 0.156875 0.406875
vt 0.156875 0.406875
vt 0.156875 0.406875
vt 0.156875 0.406875
vt 0.156875 0.406875
vt 0.156875 0.406875
vt 0.156875 0.406875
vt 0.156875 0.406875
vt 0.156875 0.406875
vt 0.156875 0.406875
vt 0.156875 0.406875
vt 0.156875 0.406875
vt 0.156875 0.406875
vt 0.156875 0.406875
vt 0.156875 0.406875
vt 0.156875 0.406875
vt 0.156875 0.406875
vt 0.156875 0.406875
vt 0.156875 0.406875
vt 0.156875 0.406875
vt 0.156875 0.406875
vt 0.156875 0.406875
vt 0.156875 0.406875
vt 0.156875 0.406875
vt 0.156875 0.406875
vt 0.156875 0.406875
vt 0.156875 0.406875
vt 0.156875 0.406875
vt 0.156875 0.406875
vt 0.156875 0.406875
vt 0.156875 0.406875
vt 0.156875 0.406875
vt 0.156875 0.406875
vt 0.156875 0.406875
vt 0.156875 0.406875
vt 0.156875 0.406875
vt 0.156875 0.406875
vt 0.156875 0.406875
vt 0.156875 0.406875
vt 0.156875 0.406875
vt 0.156875 0.406875
vt 0.156875 0.406875
vt 0.156875 0.406875
vt 0.156875 0.406875
vt 0.156875 0.406875
vt 0.156875 0.406875
vt 0.156875 0.406875
vt 0.156875 0.406875
vt 0.156875 0.406875
vt 0.156875 0.406875
vt 0.156875 0.406875
vt 0.156875 0.406875
vt 0.156875 0.406875
vt 0.156875 0.406875
vt 0.156875 0.406875
vt 0.156875 0.406875
vt 0.156875 0.406875
vt 0.156875 0.406875
vt 0.156875 0.406875
vt 0.156875 0.406875
vt 0.156875 0.406875
vt 0.156875 0.406875
vt 0.156875 0.406875
vt 0.156875 0.406875
vt 0.156875 0.406875
vt 0.156875 0.406875
vt 0.156875 0.406875
vt 0.156875 0.406875
vt 0.156875 0.406875
vt 0.156875 0.406875
vt 0.156875 0.406875
vt 0.156875 0.406875
vt 0.156875 0.406875
vt 0.156875 0.406875
vt 0.156875 0.406875
vt 0.156875 0.406875
vt 0.156875 0.406875
vt 0.156875 0.406875
vt 0.156875 0.406875
vt 0.156875 0.406875
vt 0.156875 0.406875
vt 0.156875 0.406875
vt 0.156875 0.406875
vt 0.156875 0.406875
vt 0.156875 0.406875
vt 0.156875 0.406875
vt 0.156875 0.406875
vt 0.156875 0.406875
vt 0.156875 0.406875
vt 0.156875 0.406875
vt 0.156875 0.406875
vt 0.156875 0.406875
vt 0.156875 0.406875
vt 0.156875 0.406875
vt 0.156875 0.406875
vt 0.156875 0.406875
vt 0.156875 0.406875
vt 0.156875 0.406875
vt 0.156875 0.406875
vt 0.156875 0.406875
vt 0.156875 0.406875
vt 0.156875 0.406875
vt 0.156875 0.406875
vt 0.156875 0.406875
vt 0.156875 0.406875
vt 0.156875 0.406875
vt 0.156875 0.406875
vt 0.156875 0.406875
vt 0.156875 0.406875
vt 0.156875 0.406875
vt 0.156875 0.406875
vt 0.156875 0.406875
vt 0.156875 0.406875
vt 0.156875 0.406875
vt 0.156875 0.406875
vt 0.156875 0.406875
vt 0.156875 0.406875
vt 0.156875 0.406875
vt 0.156875 0.406875
vt 0.156875 0.406875
vt 0.156875 0.406875
vt 0.156875 0.406875
vt 0.156875 0.406875
vt 0.156875 0.406875
vt 0.156875 0.406875
vt 0.156875 0.406875
vt 0.156875 0.406875
vt 0.156875 0.406875
vt 0.156875 0.406875
vt 0.156875 0.406875
vt 0.156875 0.406875
vt 0.156875 0.406875
vt 0.156875 0.406875
vt 0.156875 0.406875
vt 0.156875 0.406875
vt 0.156875 0.406875
vt 0.156875 0.406875
vt 0.156875 0.406875
vt 0.156875 0.406875
vt 0.156875 0.406875
vt 0.156875 0.406875
vt 0.156875 0.406875
vt 0.156875 0.406875
vt 0.156875 0.406875
vt 0.156875 0.406875
vt 0.156875 0.406875
vt 0.156875 0.406875
vt 0.156875 0.406875
vt 0.156875 0.406875
vt 0.156875 0.406875
vt 0.156875 0.406875
vt 0.156875 0.406875
vt 0.156875 0.406875
vt 0.156875 0.406875
vt 0.156875 0.406875
vt 0.156875 0.406875
vt 0.156875 0.406875
vt 0.156875 0.406875
vt 0.156875 0.406875
vt 0.156875 0.406875
vt 0.156875 0.406875
vt 0.156875 0.406875
vt 0.156875 0.406875
vt 0.156875 0.406875
vt 0.156875 0.406875
vt 0.156875 0.406875
vt 0.156875 0.406875
vt 0.156875 0.406875
vt 0.156875 0.406875
vt 0.156875 0.406875
vt 0.156875 0.406875
vt 0.156875 0.406875
vt 0.156875 0.406875
vt 0.156875 0.406875
vt 0.156875 0.406875
vt 0.156875 0.406875
vt 0.156875 0.406875
vt 0.156875 0.406875
vt 0.156875 0.406875
vt 0.156875 0.406875
vt 0.156875 0.406875
vt 0.156875 0.406875
vt 0.156875 0.406875
vt 0.156875 0.406875
vt 0.156875 0.406875
vt 0.156875 0.406875
vt 0.156875 0.406875
vt 0.156875 0.406875
vt 0.156875 0.406875
vt 0.156875 0.406875
vt 0.156875 0.406875
vt 0.156875 0.406875
vt 0.156875 0.406875
vt 0.156875 0.406875
vt 0.156875 0.406875
vt 0.156875 0.406875
vt 0.156875 0.406875
vt 0.156875 0.406875
vt 0.156875 0.406875
vt 0.156875 0.406875
vt 0.156875 0.406875
vt 0.156875 0.406875
vt 0.156875 0.406875
vt 0.156875 0.406875
vt 0.156875 0.406875
vt 0.156875 0.406875
vt 0.156875 0.406875
vt 0.156875 0.406875
vt 0.156875 0.406875
vt 0.156875 0.406875
vt 0.156875 0.406875
vt 0.156875 0.406875
vt 0.156875 0.406875
vt 0.156875 0.406875
vt 0.156875 0.406875
vt 0.156875 0.406875
vt 0.156875 0.406875
vt 0.156875 0.406875
vt 0.156875 0.406875
vt 0.156875 0.406875
vt 0.156875 0.406875
vt 0.156875 0.406875
vt 0.156875 0.406875
vt 0.156875 0.406875
vt 0.156875 0.406875
vt 0.156875 0.406875
vt 0.156875 0.406875
vt 0.156875 0.406875
vt 0.156875 0.406875
vt 0.156875 0.406875
vt 0.156875 0.406875
vt 0.156875 0.406875
vt 0.156875 0.406875
vt 0.156875 0.406875
vt 0.156875 0.406875
vt 0.156875 0.406875
vt 0.156875 0.406875
vt 0.156875 0.406875
vt 0.156875 0.406875
vt 0.156875 0.406875
vt 0.156875 0.406875
vt 0.156875 0.406875
vt 0.156875 0.406875
vt 0.156875 0.406875
vt 0.156875 0.406875
vt 0.156875 0.406875
vt 0.156875 0.406875
vt 0.156875 0.406875
vt 0.156875 0.406875
vt 0.156875 0.406875
vt 0.156875 0.406875
vt 0.156875 0.406875
vt 0.156875 0.406875
vt 0.156875 0.406875
vt 0.156875 0.406875
vt 0.156875 0.406875
vt 0.156875 0.406875
vt 0.156875 0.406875
vt 0.156875 0.406875
vt 0.156875 0.406875
vt 0.156875 0.406875
vt 0.156875 0.406875
vt 0.156875 0.406875
vt 0.156875 0.406875
vt 0.156875 0.406875
vt 0.156875 0.406875
vt 0.156875 0.406875
vt 0.156875 0.406875
vt 0.156875 0.406875
vt 0.156875 0.406875
vt 0.156875 0.406875
vt 0.156875 0.406875
vt 0.156875 0.406875
vt 0.156875 0.406875
vt 0.156875 0.406875
vt 0.156875 0.406875
vt 0.156875 0.406875
vt 0.156875 0.406875
vt 0.156875 0.406875
vt 0.156875 0.406875
vt 0.156875 0.406875
vt 0.156875 0.406875
vt 0.156875 0.406875
vt 0.156875 0.406875
vt 0.156875 0.406875
vt 0.156875 0.406875
vt 0.156875 0.406875
vt 0.156875 0.406875
vt 0.156875 0.406875
vt 0.156875 0.406875
vt 0.156875 0.406875
vt 0.156875 0.406875
vt 0.156875 0.406875
vt 0.156875 0.406875
vt 0.156875 0.406875
vt 0.156875 0.406875
vt 0.156875 0.406875
vt 0.156875 0.406875
vt 0.156875 0.406875
vt 0.156875 0.406875
vt 0.156875 0.406875
vt 0.156875 0.406875
vt 0.156875 0.406875
vt 0.156875 0.406875
vt 0.156875 0.406875
vt 0.156875 0.406875
vt 0.156875 0.406875
vt 0.156875 0.406875
vt 0.156875 0.406875
vt 0.156875 0.406875
vt 0.156875 0.406875
vt 0.156875 0.406875
vt 0.156875 0.406875
vt 0.156875 0.406875
vt 0.156875 0.406875
vt 0.156875 0.406875
vt 0.156875 0.406875
vt 0.156875 0.406875
vt 0.156875 0.406875
vt 0.156875 0.406875
vt 0.156875 0.406875
vt 0.156875 0.406875
vt 0.156875 0.406875
vt 0.156875 0.406875
vt 0.156875 0.406875
vt 0.156875 0.406875
vt 0.156875 0.406875
vt 0.156875 0.406875
vt 0.156875 0.406875
vt 0.156875 0.406875
vt 0.156875 0.406875
vt 0.156875 0.406875
vt 0.156875 0.406875
vt 0.156875 0.406875
vt 0.156875 0.406875
vt 0.156875 0.406875
vt 0.156875 0.406875
vt 0.156875 0.406875
vt 0.156875 0.406875
vt 0.156875 0.406875
vt 0.156875 0.406875
vt 0.156875 0.406875
vt 0.156875 0.406875
vt 0.156875 0.406875
vt 0.156875 0.406875
vt 0.156875 0.406875
vt 0.156875 0.406875
vt 0.156875 0.406875
vt 0.156875 0.406875
vt 0.156875 0.406875
vt 0.156875 0.406875
vt 0.156875 0.406875
vt 0.156875 0.406875
vt 0.156875 0.406875
vt 0.156875 0.406875
vt 0.156875 0.406875
vt 0.156875 0.406875
vt 0.156875 0.406875
vt 0.156875 0.406875
vt 0.156875 0.406875
vt 0.156875 0.406875
vt 0.156875 0.406875
vt 0.156875 0.406875
vt 0.156875 0.406875
vt 0.156875 0.406875
vt 0.156875 0.406875
vt 0.156875 0.406875
vt 0.156875 0.406875
vt 0.156875 0.406875
vt 0.156875 0.406875
vt 0.156875 0.406875
vt 0.156875 0.406875
vt 0.156875 0.406875
vt 0.156875 0.406875
vt 0.156875 0.406875
vt 0.156875 0.406875
vt 0.156875 0.406875
vt 0.156875 0.406875
vt 0.156875 0.406875
vt 0.156875 0.406875
vt 0.156875 0.406875
vt 0.156875 0.406875
vt 0.156875 0.406875
vt 0.156875 0.406875
vt 0.156875 0.406875
vt 0.156875 0.406875
vt 0.156875 0.406875
vt 0.156875 0.406875
vt 0.156875 0.406875
vt 0.156875 0.406875
vt 0.156875 0.406875
vt 0.156875 0.406875
vt 0.156875 0.406875
vt 0.156875 0.406875
vt 0.156875 0.406875
vt 0.156875 0.406875
vt 0.156875 0.406875
vt 0.156875 0.406875
vt 0.156875 0.406875
vt 0.156875 0.406875
vt 0.156875 0.406875
vt 0.156875 0.406875
vt 0.156875 0.406875
vt 0.156875 0.406875
vt 0.156875 0.406875
vt 0.156875 0.406875
vt 0.156875 0.406875
vt 0.156875 0.406875
vt 0.156875 0.406875
vt 0.156875 0.406875
vt 0.156875 0.406875
vt 0.156875 0.406875
vt 0.156875 0.406875
vt 0.156875 0.406875
vt 0.156875 0.406875
vt 0.156875 0.406875
vt 0.156875 0.406875
vt 0.156875 0.406875
vt 0.156875 0.406875
vt 0.156875 0.406875
vt 0.156875 0.406875
vt 0.156875 0.406875
vt 0.156875 0.406875
vt 0.156875 0.406875
vt 0.156875 0.406875
vt 0.156875 0.406875
vt 0.156875 0.406875
vt 0.156875 0.406875
vt 0.156875 0.406875
vt 0.156875 0.406875
vt 0.156875 0.406875
vt 0.156875 0.406875
vt 0.156875 0.406875
vt 0.156875 0.406875
vt 0.156875 0.406875
vt 0.156875 0.406875
vt 0.156875 0.406875
vt 0.156875 0.406875
vt 0.156875 0.406875
vt 0.156875 0.406875
vt 0.156875 0.406875
vt 0.156875 0.406875
vt 0.156875 0.406875
vt 0.156875 0.406875
vt 0.156875 0.406875
vt 0.156875 0.406875
vt 0.156875 0.406875
vt 0.156875 0.406875
vt 0.156875 0.406875
vt 0.156875 0.406875
vt 0.156875 0.406875
vt 0.156875 0.406875
vt 0.156875 0.406875
vt 0.156875 0.406875
vt 0.156875 0.406875
vt 0.156875 0.406875
vt 0.156875 0.406875
vt 0.156875 0.406875
vt 0.156875 0.406875
vt 0.156875 0.406875
vt 0.156875 0.406875
vt 0.156875 0.406875
vt 0.156875 0.406875
vt 0.156875 0.406875
vt 0.156875 0.406875
vt 0.156875 0.406875
vt 0.156875 0.406875
vt 0.156875 0.406875
vt 0.156875 0.406875
vt 0.156875 0.406875
vt 0.156875 0.406875
vt 0.156875 0.406875
vt 0.156875 0.406875
vt 0.156875 0.406875
vt 0.156875 0.406875
vt 0.156875 0.406875
vt 0.156875 0.406875
vt 0.156875 0.406875
vt 0.156875 0.406875
vt 0.156875 0.406875
vt 0.156875 0.406875
vt 0.156875 0.406875
vt 0.156875 0.406875
vt 0.156875 0.406875
vt 0.156875 0.406875
vt 0.156875 0.406875
vt 0.156875 0.406875
vt 0.156875 0.406875
vt 0.156875 0.406875
vt 0.156875 0.406875
vt 0.156875 0.406875
vt 0.156875 0.406875
vt 0.156875 0.406875
vt 0.156875 0.406875
vt 0.156875 0.406875
vt 0.156875 0.406875
vt 0.156875 0.406875
vt 0.156875 0.406875
vt 0.156875 0.406875
vt 0.156875 0.406875
vt 0.156875 0.406875
vt 0.156875 0.406875
vt 0.156875 0.406875
vt 0.156875 0.406875
vt 0.156875 0.406875
vt 0.156875 0.406875
vt 0.156875 0.406875
vt 0.156875 0.406875
vt 0.156875 0.406875
vt 0.156875 0.406875
vt 0.156875 0.406875
vt 0.156875 0.406875
vt 0.156875 0.406875
vt 0.156875 0.406875
vt 0.156875 0.406875
vt 0.156875 0.406875
vt 0.156875 0.406875
vt 0.156875 0.406875
vt 0.156875 0.406875
vt 0.156875 0.406875
vt 0.156875 0.406875
vt 0.156875 0.406875
vt 0.156875 0.406875
vt 0.156875 0.406875
vt 0.156875 0.406875
vt 0.156875 0.406875
vt 0.156875 0.406875
vt 0.156875 0.406875
vt 0.156875 0.406875
vt 0.156875 0.406875
vt 0.156875 0.406875
vt 0.156875 0.406875
vt 0.156875 0.406875
vt 0.156875 0.406875
vt 0.156875 0.406875
vt 0.156875 0.406875
vt 0.156875 0.406875
vt 0.156875 0.406875
vt 0.156875 0.406875
vt 0.156875 0.406875
vt 0.156875 0.406875
vt 0.156875 0.406875
vt 0.156875 0.406875
vt 0.156875 0.406875
vt 0.156875 0.406875
vt 0.156875 0.406875
vt 0.156875 0.406875
vt 0.156875 0.406875
vt 0.156875 0.406875
vt 0.156875 0.406875
vt 0.156875 0.406875
vt 0.156875 0.406875
vt 0.156875 0.406875
vt 0.156875 0.406875
vt 0.156875 0.406875
vt 0.156875 0.406875
vt 0.156875 0.406875
vt 0.156875 0.406875
vt 0.156875 0.406875
vt 0.156875 0.406875
vt 0.156875 0.406875
vt 0.156875 0.406875
vt 0.156875 0.406875
vt 0.156875 0.406875
vt 0.156875 0.406875
vt 0.156875 0.406875
vt 0.156875 0.406875
vt 0.156875 0.406875
vt 0.156875 0.406875
vt 0.156875 0.406875
vt 0.156875 0.406875
vt 0.156875 0.406875
vt 0.156875 0.406875
vt 0.156875 0.406875
vt 0.156875 0.406875
vt 0.156875 0.406875
vt 0.156875 0.406875
vt 0.156875 0.406875
vt 0.156875 0.406875
vt 0.156875 0.406875
vt 0.156875 0.406875
vt 0.156875 0.406875
vt 0.156875 0.406875
vt 0.156875 0.406875
vt 0.156875 0.406875
vt 0.156875 0.406875
vt 0.156875 0.406875
vt 0.156875 0.406875
vt 0.156875 0.406875
vt 0.156875 0.406875
vt 0.156875 0.406875
vt 0.156875 0.406875
vt 0.156875 0.406875
vt 0.156875 0.406875
vt 0.156875 0.406875
vt 0.156875 0.406875
vt 0.156875 0.406875
vt 0.156875 0.406875
vt 0.156875 0.406875
vt 0.156875 0.406875
vt 0.156875 0.406875
vt 0.156875 0.406875
vt 0.156875 0.406875
vt 0.156875 0.406875
vt 0.156875 0.406875
vt 0.156875 0.406875
vt 0.156875 0.406875
vt 0.156875 0.406875
vt 0.156875 0.406875
vt 0.156875 0.406875
vt 0.156875 0.406875
vt 0.156875 0.406875
vt 0.156875 0.406875
vt 0.156875 0.406875
vt 0.156875 0.406875
vt 0.156875 0.406875
vt 0.156875 0.406875
vt 0.156875 0.406875
vt 0.156875 0.406875
vt 0.156875 0.406875
vt 0.156875 0.406875
vt 0.156875 0.406875
vt 0.156875 0.406875
vt 0.156875 0.406875
vt 0.156875 0.406875
vt 0.156875 0.406875
vt 0.156875 0.406875
vt 0.156875 0.406875
vt 0.156875 0.406875
vt 0.156875 0.406875
vt 0.156875 0.406875
vt 0.156875 0.406875
vt 0.156875 0.406875
vt 0.156875 0.406875
vt 0.156875 0.406875
vt 0.156875 0.406875
vt 0.156875 0.406875
vt 0.156875 0.406875
vt 0.156875 0.406875
vt 0.156875 0.406875
vt 0.156875 0.406875
vt 0.156875 0.406875
vt 0.156875 0.406875
vt 0.156875 0.406875
vt 0.156875 0.406875
vt 0.156875 0.406875
vt 0.156875 0.406875
vt 0.156875 0.406875
vt 0.156875 0.406875
vt 0.156875 0.406875
vt 0.156875 0.406875
vt 0.156875 0.406875
vt 0.156875 0.406875
vt 0.156875 0.406875
vt 0.156875 0.406875
vt 0.156875 0.406875
vt 0.156875 0.406875
vt 0.156875 0.406875
vt 0.156875 0.406875
vt 0.156875 0.406875
vt 0.156875 0.406875
vt 0.156875 0.406875
vt 0.156875 0.406875
vt 0.156875 0.406875
vt 0.156875 0.406875
vt 0.156875 0.406875
vt 0.156875 0.406875
vt 0.156875 0.406875
vt 0.156875 0.406875
vt 0.156875 0.406875
vt 0.156875 0.406875
vt 0.156875 0.406875
vt 0.156875 0.406875
vt 0.156875 0.406875
vt 0.156875 0.406875
vt 0.156875 0.406875
vt 0.156875 0.406875
vt 0.156875 0.406875
vt 0.156875 0.406875
vt 0.156875 0.406875
vt 0.156875 0.406875
vt 0.156875 0.406875
vt 0.156875 0.406875
vt 0.156875 0.406875
vt 0.156875 0.406875
vt 0.156875 0.406875
vt 0.156875 0.406875
vt 0.156875 0.406875
vt 0.156875 0.406875
vt 0.156875 0.406875
vt 0.156875 0.406875
vt 0.156875 0.406875
vt 0.156875 0.406875
vt 0.156875 0.406875
vt 0.156875 0.406875
vt 0.156875 0.406875
vt 0.156875 0.406875
vt 0.156875 0.406875
vt 0.156875 0.406875
vt 0.156875 0.406875
vt 0.156875 0.406875
vt 0.156875 0.406875
vt 0.156875 0.406875
vt 0.156875 0.406875
vt 0.156875 0.406875
vt 0.156875 0.406875
vt 0.156875 0.406875
vt 0.156875 0.406875
vt 0.156875 0.406875
vt 0.156875 0.406875
vt 0.156875 0.406875
vt 0.156875 0.406875
vt 0.156875 0.406875
vt 0.156875 0.406875
vt 0.156875 0.406875
vt 0.156875 0.406875
vt 0.156875 0.406875
vt 0.156875 0.406875
vt 0.156875 0.406875
vt 0.156875 0.406875
vt 0.156875 0.406875
vt 0.156875 0.406875
vt 0.156875 0.406875
vt 0.156875 0.406875
vt 0.156875 0.406875
vt 0.156875 0.406875
vt 0.156875 0.406875
vt 0.156875 0.406875
vt 0.156875 0.406875
vt 0.156875 0.406875
vt 0.156875 0.406875
vt 0.156875 0.406875
vt 0.156875 0.406875
vt 0.156875 0.406875
vt 0.156875 0.406875
vt 0.156875 0.406875
vt 0.156875 0.406875
vt 0.156875 0.406875
vt 0.156875 0.406875
vt 0.156875 0.406875
vt 0.156875 0.406875
vt 0.156875 0.406875
vt 0.156875 0.406875
vt 0.156875 0.406875
vt 0.156875 0.406875
vt 0.156875 0.406875
vt 0.156875 0.406875
vt 0.156875 0.406875
vt 0.156875 0.406875
vt 0.156875 0.406875
vt 0.156875 0.406875
vt 0.156875 0.406875
vt 0.156875 0.406875
vt 0.156875 0.406875
vt 0.156875 0.406875
vt 0.156875 0.406875
vt 0.156875 0.406875
vt 0.156875 0.406875
vt 0.156875 0.406875
vt 0.156875 0.406875
vt 0.156875 0.406875
vt 0.156875 0.406875
vt 0.156875 0.406875
vt 0.156875 0.406875
vt 0.156875 0.406875
vt 0.156875 0.406875
vt 0.156875 0.406875
vt 0.156875 0.406875
vt 0.156875 0.406875
vt 0.156875 0.406875
vt 0.156875 0.406875
vt 0.156875 0.406875
vt 0.156875 0.406875
vt 0.156875 0.406875
vt 0.156875 0.406875
vt 0.156875 0.406875
vt 0.156875 0.406875
vt 0.156875 0.406875
vt 0.156875 0.406875
vt 0.156875 0.406875
vt 0.156875 0.406875
vt 0.156875 0.406875
vt 0.156875 0.406875
vt 0.156875 0.406875
vt 0.156875 0.406875
vt 0.156875 0.406875
vt 0.156875 0.406875
vt 0.156875 0.406875
vt 0.156875 0.406875
vt 0.156875 0.406875
vt 0.156875 0.406875
vt 0.156875 0.406875
vt 0.156875 0.406875
vt 0.156875 0.406875
vt 0.156875 0.406875
vt 0.156875 0.406875
vt 0.156875 0.406875
vt 0.156875 0.406875
vt 0.156875 0.406875
vt 0.156875 0.406875
vt 0.156875 0.406875
vt 0.156875 0.406875
vt 0.156875 0.406875
vt 0.156875 0.406875
vt 0.156875 0.406875
vt 0.156875 0.406875
vt 0.156875 0.406875
vt 0.156875 0.406875
vt 0.156875 0.406875
vt 0.156875 0.406875
vt 0.156875 0.406875
vt 0.156875 0.406875
vt 0.156875 0.406875
vt 0.156875 0.406875
vt 0.156875 0.406875
vt 0.156875 0.406875
vt 0.156875 0.406875
vt 0.156875 0.406875
vt 0.156875 0.406875
vt 0.156875 0.406875
vt 0.156875 0.406875
vt 0.156875 0.406875
vt 0.156875 0.406875
vt 0.156875 0.406875
vt 0.156875 0.406875
vt 0.156875 0.406875
vt 0.156875 0.406875
vt 0.156875 0.406875
vt 0.156875 0.406875
vt 0.156875 0.406875
vt 0.156875 0.406875
vt 0.156875 0.406875
vt 0.156875 0.406875
vt 0.156875 0.406875
vt 0.156875 0.406875
vt 0.156875 0.406875
vt 0.156875 0.406875
vt 0.156875 0.406875
vt 0.156875 0.406875
vt 0.156875 0.406875
vt 0.156875 0.406875
vt 0.156875 0.406875
vt 0.156875 0.406875
vt 0.156875 0.406875
vt 0.156875 0.406875
vt 0.156875 0.406875
vt 0.156875 0.406875
vt 0.156875 0.406875
vt 0.156875 0.406875
vt 0.156875 0.406875
vt 0.156875 0.406875
vt 0.156875 0.406875
vt 0.156875 0.406875
vt 0.156875 0.406875
vt 0.156875 0.406875
vt 0.156875 0.406875
vt 0.156875 0.406875
vt 0.156875 0.406875
vt 0.156875 0.406875
vt 0.156875 0.406875
vt 0.156875 0.406875
vt 0.156875 0.406875
vt 0.156875 0.406875
vt 0.156875 0.406875
vt 0.156875 0.406875
vt 0.156875 0.406875
vt 0.156875 0.406875
vt 0.156875 0.406875
vt 0.156875 0.406875
vt 0.156875 0.406875
vt 0.156875 0.406875
vt 0.156875 0.406875
vt 0.156875 0.406875
vt 0.156875 0.406875
vt 0.156875 0.406875
vt 0.156875 0.406875
vt 0.156875 0.406875
vt 0.156875 0.406875
vt 0.156875 0.406875
vt 0.156875 0.406875
vt 0.156875 0.406875
vt 0.156875 0.406875
vt 0.156875 0.406875
vt 0.156875 0.406875
vt 0.156875 0.406875
vt 0.156875 0.406875
vt 0.156875 0.406875
vt 0.156875 0.406875
vt 0.156875 0.406875
vt 0.156875 0.406875
vt 0.156875 0.406875
vt 0.156875 0.406875
vt 0.156875 0.406875
vt 0.156875 0.406875
vt 0.156875 0.406875
vt 0.156875 0.406875
vt 0.156875 0.406875
vt 0.156875 0.406875
vt 0.156875 0.406875
vt 0.156875 0.406875
vt 0.156875 0.406875
vt 0.156875 0.406875
vt 0.156875 0.406875
vt 0.156875 0.406875
vt 0.156875 0.406875
vt 0.156875 0.406875
vt 0.156875 0.406875
vt 0.156875 0.406875
vt 0.156875 0.406875
vt 0.156875 0.406875
vt 0.156875 0.406875
vt 0.156875 0.406875
vt 0.156875 0.406875
vt 0.156875 0.406875
vt 0.156875 0.406875
vt 0.156875 0.406875
vt 0.156875 0.406875
vt 0.156875 0.406875
vt 0.156875 0.406875
vt 0.156875 0.406875
vt 0.156875 0.406875
vt 0.156875 0.406875
vt 0.156875 0.406875
vt 0.156875 0.406875
vt 0.156875 0.406875
vt 0.156875 0.406875
vt 0.156875 0.406875
vt 0.281949 0.406895
vt 0.281949 0.406895
vt 0.281949 0.406895
vt 0.281949 0.406895
vt 0.281949 0.406895
vt 0.281949 0.406895
vt 0.281949 0.406895
vt 0.281949 0.406895
vt 0.281949 0.406895
vt 0.281949 0.406895
vt 0.281949 0.406895
vt 0.281949 0.406895
vt 0.281949 0.406895
vt 0.281949 0.406895
vt 0.281949 0.406895
vt 0.281949 0.406895
vt 0.281949 0.406895
vt 0.281949 0.406895
vt 0.281949 0.406895
vt 0.281949 0.406895
vt 0.281949 0.406895
vt 0.281949 0.406895
vt 0.281949 0.406895
vt 0.281949 0.406895
vt 0.281949 0.406895
vt 0.281949 0.406895
vt 0.281949 0.406895
vt 0.281949 0.406895
vt 0.281949 0.406895
vt 0.281949 0.406895
vt 0.281949 0.406895
vt 0.281949 0.406895
vt 0.281949 0.406895
vt 0.281949 0.406895
vt 0.281949 0.406895
vt 0.281949 0.406895
vt 0.281949 0.406895
vt 0.281949 0.406895
vt 0.281949 0.406895
vt 0.281949 0.406895
vt 0.281949 0.406895
vt 0.281949 0.406895
vt 0.281949 0.406895
vt 0.281949 0.406895
vt 0.281949 0.406895
vt 0.281949 0.406895
vt 0.281949 0.406895
vt 0.281949 0.406895
vt 0.281949 0.406895
vt 0.281949 0.406895
vt 0.281949 0.406895
vt 0.281949 0.406895
vt 0.281949 0.406895
vt 0.281949 0.406895
vt 0.281949 0.406895
vt 0.281949 0.406895
vt 0.281949 0.406895
vt 0.281949 0.406895
vt 0.281949 0.406895
vt 0.281949 0.406895
vt 0.281949 0.406895
vt 0.281949 0.406895
vt 0.281949 0.406895
vt 0.281949 0.406895
vt 0.281949 0.406895
vt 0.281949 0.406895
vt 0.281949 0.406895
vt 0.281949 0.406895
vt 0.281949 0.406895
vt 0.281949 0.406895
vt 0.281949 0.406895
vt 0.281949 0.406895
vt 0.281949 0.406895
vt 0.281949 0.406895
vt 0.281949 0.406895
vt 0.281949 0.406895
vt 0.281949 0.406895
vt 0.281949 0.406895
vt 0.281949 0.406895
vt 0.281949 0.406895
vt 0.281949 0.406895
vt 0.281949 0.406895
vt 0.281949 0.406895
vt 0.281949 0.406895
vt 0.281949 0.406895
vt 0.281949 0.406895
vt 0.281949 0.406895
vt 0.281949 0.406895
vt 0.281949 0.406895
vt 0.281949 0.406895
vt 0.281949 0.406895
vt 0.281949 0.406895
vt 0.281949 0.406895
vt 0.281949 0.406895
vt 0.281949 0.406895
vt 0.281949 0.406895
vt 0.281949 0.406895
vt 0.281949 0.406895
vt 0.281949 0.406895
vt 0.281949 0.406895
vt 0.281949 0.406895
vt 0.281949 0.406895
vt 0.281949 0.406895
vt 0.281949 0.406895
vt 0.281949 0.406895
vt 0.281949 0.406895
vt 0.281949 0.406895
vt 0.281949 0.406895
vt 0.281949 0.406895
vt 0.281949 0.406895
vt 0.281949 0.406895
vt 0.281949 0.406895
vt 0.281949 0.406895
vt 0.281949 0.406895
vt 0.281949 0.406895
vt 0.281949 0.406895
vt 0.281949 0.406895
vt 0.281949 0.406895
vt 0.281949 0.406895
vt 0.281949 0.406895
vt 0.281949 0.406895
vt 0.281949 0.406895
vt 0.281949 0.406895
vt 0.281949 0.406895
vt 0.281949 0.406895
vt 0.281949 0.406895
vt 0.281949 0.406895
vt 0.281949 0.406895
vt 0.281949 0.406895
vt 0.281949 0.406895
vt 0.281949 0.406895
vt 0.281949 0.406895
vt 0.281949 0.406895
vt 0.281949 0.406895
vt 0.281949 0.406895
vt 0.281949 0.406895
vt 0.281949 0.406895
vt 0.281949 0.406895
vt 0.281949 0.406895
vt 0.281949 0.406895
vt 0.281949 0.406895
vt 0.281949 0.406895
vt 0.281949 0.406895
vt 0.281949 0.406895
vt 0.281949 0.406895
vt 0.281949 0.406895
vt 0.281949 0.406895
vt 0.281949 0.406895
vt 0.281949 0.406895
vt 0.281949 0.406895
vt 0.281949 0.406895
vt 0.281949 0.406895
vt 0.281949 0.406895
vt 0.281949 0.406895
vt 0.281949 0.406895
vt 0.281949 0.406895
vt 0.281949 0.406895
vt 0.281949 0.406895
vt 0.281949 0.406895
vt 0.281949 0.406895
vt 0.281949 0.406895
vt 0.281949 0.406895
vt 0.281949 0.406895
vt 0.281949 0.406895
vt 0.281949 0.406895
vt 0.281949 0.406895
vt 0.281949 0.406895
vt 0.281949 0.406895
vt 0.281949 0.406895
vt 0.281949 0.406895
vt 0.281949 0.406895
vt 0.281949 0.406895
vt 0.281949 0.406895
vt 0.281949 0.406895
vt 0.281949 0.406895
vt 0.281949 0.406895
vt 0.281949 0.406895
vt 0.281949 0.406895
vt 0.281949 0.406895
vt 0.281949 0.406895
vt 0.281949 0.406895
vt 0.281949 0.406895
vt 0.281949 0.406895
vt 0.281949 0.406895
vt 0.281949 0.406895
vt 0.281949 0.406895
vt 0.281949 0.406895
vt 0.281949 0.406895
vt 0.281949 0.406895
vt 0.281949 0.406895
vt 0.281949 0.406895
vt 0.281949 0.406895
vt 0.281949 0.406895
vt 0.281949 0.406895
vt 0.281949 0.406895
vt 0.281949 0.406895
vt 0.281949 0.406895
vt 0.281949 0.406895
vt 0.281949 0.406895
vt 0.281949 0.406895
vt 0.281949 0.406895
vt 0.281949 0.406895
vt 0.281949 0.406895
vt 0.281949 0.406895
vt 0.281949 0.406895
vt 0.281949 0.406895
vt 0.281949 0.406895
vt 0.281949 0.406895
vt 0.094025 0.406282
vt 0.094025 0.406282
vt 0.094025 0.406282
vt 0.094025 0.406282
vt 0.094018 0.406282
vt 0.094018 0.406282
vt 0.094018 0.406282
vt 0.094025 0.406282
vt 0.094025 0.406282
vt 0.094025 0.406282
vt 0.094025 0.406282
vn -0.9659 0.0000 -0.2588
vn -0.7071 0.0000 -0.7071
vn -0.2588 0.0000 -0.9659
vn 0.2588 0.0000 -0.9659
vn 0.7071 0.0000 -0.7071
vn 0.9659 -0.0000 -0.2588
vn 0.9659 0.0000 0.2588
vn 0.7071 0.0000 0.7071
vn 0.2588 -0.0000 0.9659
vn -0.2588 -0.0000 0.9659
vn 0.0000 1.0000 0.0000
vn -0.7071 -0.0000 0.7071
vn -0.9659 0.0000 0.2588
vn -0.0000 -1.0000 -0.0000
vn -1.0000 0.0000 0.0000
vn 0.0000 0.0000 -1.0000
vn 0.0008 -1.0000 -0.0000
vn 0.0000 0.6923 0.7216
vn 1.0000 -0.0000 -0.0000
vn 0.6451 -0.0000 -0.7641
vn 0.0000 0.0000 1.0000
vn -0.0337 0.9993 0.0145
vn -0.0674 0.9973 0.0290
vn -0.1345 0.9892 0.0578
vn -0.0726 0.9969 0.0312
vn 0.0006 -1.0000 -0.0000
vn 0.4998 -0.8661 0.0000
vn 0.3764 -0.0000 0.9264
vn 0.4998 0.8661 0.0000
vn 0.9863 -0.0000 0.1652
vn 0.9771 0.0000 -0.2128
vn 0.6147 -0.0000 0.7888
vn 0.3764 0.0000 -0.9264
vn -0.0501 0.9987 0.0000
vn -0.0272 0.9195 0.3922
vn 0.0000 0.6923 -0.7216
vn 0.6451 -0.0000 0.7641
vn -0.0337 0.9993 -0.0145
vn -0.0674 0.9973 -0.0290
vn -0.0726 0.9969 -0.0312
vn -0.1345 0.9892 -0.0578
vn 0.3764 0.0000 -0.9265
vn 0.9863 0.0000 -0.1652
vn 0.9771 -0.0000 0.2128
vn 0.6147 0.0000 -0.7888
vn -0.0272 0.9195 -0.3922
vn 0.3764 -0.0000 0.9265
vn 0.0000 -0.8661 -0.4998
vn -0.9265 0.0000 -0.3764
vn 0.9265 0.0000 -0.3764
vn 0.0000 0.8661 -0.4998
vn -0.9264 0.0000 -0.3764
vn 0.9264 0.0000 -0.3764
vn 0.0000 -0.8661 0.4998
vn -0.9264 -0.0000 0.3764
vn 0.9264 -0.0000 0.3764
vn 0.0000 0.8661 0.4998
vn -0.9265 -0.0000 0.3764
vn 0.9265 -0.0000 0.3764
vn 0.1823 0.1539 0.9711
vn 0.1823 0.1539 -0.9711
vn 0.8708 -0.4916 0.0000
vn 0.7903 -0.6127 0.0000
vn 0.0970 0.0470 -0.9942
vn 0.0970 0.0470 0.9942
vn 0.9698 -0.2438 0.0000
vn 0.5280 -0.8493 0.0000
vn 0.1927 0.1224 -0.9736
vn 0.1692 0.0850 -0.9819
vn 0.1927 0.1224 0.9736
vn 0.1692 0.0850 0.9819
vn 0.9698 -0.2437 0.0000
vn 0.1927 0.1225 -0.9736
vn 0.1927 0.1225 0.9736
vn 0.1928 0.1225 -0.9736
vn 0.1692 0.0851 0.9819
vn 0.1691 0.0850 -0.9819
vn 0.1928 0.1225 0.9736
vn 0.0005 0.0000 1.0000
vn 0.9711 0.1539 -0.1823
vn -0.9711 0.1539 -0.1823
vn 0.0000 -0.4915 -0.8709
vn 0.0000 -0.6127 -0.7903
vn -0.9942 0.0470 -0.0970
vn 0.9942 0.0470 -0.0970
vn 0.0000 -0.2438 -0.9698
vn 0.0000 -0.8493 -0.5280
vn -0.9736 0.1224 -0.1927
vn -0.9819 0.0850 -0.1692
vn 0.9736 0.1224 -0.1927
vn 0.9819 0.0850 -0.1692
vn -0.9736 0.1225 -0.1928
vn 0.9736 0.1225 -0.1928
vn 0.9736 0.1225 -0.1927
vn -0.9711 0.1538 -0.1823
vn -0.9736 0.1225 -0.1927
vn 0.8709 -0.4915 0.0000
vn 0.0005 0.0000 -1.0000
vn 0.9711 0.1539 0.1823
vn -0.9711 0.1539 0.1823
vn 0.0000 -0.4915 0.8709
vn 0.0000 -0.6127 0.7903
vn -0.9942 0.0470 0.0970
vn 0.9942 0.0470 0.0970
vn 0.0000 -0.2438 0.9698
vn 0.0000 -0.8492 0.5280
vn -0.9736 0.1225 0.1928
vn -0.9819 0.0850 0.1692
vn 0.9736 0.1225 0.1928
vn 0.9819 0.0850 0.1692
vn -0.9736 0.1225 0.1927
vn -0.9819 0.0850 0.1691
vn 0.9736 0.1225 0.1927
vn -0.9736 0.1224 0.1927
vn -0.9819 0.0851 0.1692
vn 0.5280 -0.8492 0.0000
vn 0.0000 -0.4916 -0.8708
vn 0.0000 -0.2437 -0.9698
vn 0.0000 -0.8492 -0.5280
vn 0.0000 -0.4915 -0.8708
vn 0.1691 0.0850 0.9819
vn 0.8708 -0.4915 0.0000
vn 0.0000 -0.4916 0.8708
vn 0.0000 -0.4915 0.8708
vn -0.9819 0.0850 -0.1691
vn 0.9819 0.0850 -0.1691
vn 0.9819 0.0850 0.1691
vn 0.0969 0.0470 0.9942
vn -0.9740 0.0000 0.2264
vn 0.9891 0.0000 -0.1471
vn 0.1823 0.1538 -0.9711
vn 0.0006 0.0000 1.0000
vn -0.9881 0.0000 -0.1537
vn 0.9881 0.0000 0.1537
vn -0.6445 0.0000 0.7646
vn 0.6564 0.0000 -0.7544
vn -0.9740 0.0000 -0.2264
vn 0.9891 0.0000 0.1471
vn 0.1823 0.1538 0.9711
vn 0.0006 0.0000 -1.0000
vn -0.9881 0.0000 0.1537
vn 0.9881 0.0000 -0.1537
vn -0.6445 0.0000 -0.7646
vn 0.6564 0.0000 0.7544
vn 0.0119 -0.9999 -0.0000
usemtl Pack3
s 1
f 1/1/1 2/2/1 3/3/1 4/4/1
f 4/4/2 3/3/2 5/5/2 6/6/2
f 6/6/3 5/5/3 7/7/3 8/8/3
f 8/8/4 7/7/4 9/9/4 10/10/4
f 10/10/5 9/9/5 11/11/5 12/12/5
f 12/12/6 11/11/6 13/13/6 14/14/6
f 14/14/7 13/13/7 15/15/7 16/16/7
f 16/16/8 15/15/8 17/17/8 18/18/8
f 18/18/9 17/17/9 19/19/9 20/20/9
f 20/20/10 19/19/10 21/21/10 22/22/10
f 3/3/11 2/2/11 23/23/11 21/21/11 19/19/11 17/17/11 15/15/11 13/13/11 11/11/11 9/9/11 7/7/11 5/5/11
f 22/22/12 21/21/12 23/23/12 24/24/12
f 24/24/13 23/23/13 2/2/13 1/1/13
f 25/25/14 26/26/14 27/27/14 28/28/14 29/29/14 30/30/14 31/31/14 32/32/14 33/33/14 34/34/14 35/35/14 36/36/14
f 36/37/13 24/38/13 1/39/13 25/40/13
f 35/41/12 22/42/12 24/38/12 36/37/12
f 34/43/10 20/44/10 22/42/10 35/41/10
f 33/45/9 18/46/9 20/44/9 34/43/9
f 32/47/8 16/48/8 18/46/8 33/45/8
f 31/49/7 14/50/7 16/48/7 32/47/7
f 30/51/6 12/52/6 14/50/6 31/49/6
f 29/53/5 10/54/5 12/52/5 30/51/5
f 28/55/4 8/56/4 10/54/4 29/53/4
f 27/57/3 6/58/3 8/56/3 28/55/3
f 26/59/2 4/60/2 6/58/2 27/57/2
f 25/40/1 1/39/1 4/60/1 26/59/1
f 37/61/1 38/62/1 39/63/1 40/64/1
f 40/64/2 39/63/2 41/65/2 42/66/2
f 42/66/3 41/65/3 43/67/3 44/68/3
f 44/68/4 43/67/4 45/69/4 46/70/4
f 46/70/5 45/69/5 47/71/5 48/72/5
f 48/72/6 47/71/6 49/73/6 50/74/6
f 50/74/7 49/73/7 51/75/7 52/76/7
f 52/76/8 51/75/8 53/77/8 54/78/8
f 54/78/9 53/77/9 55/79/9 56/80/9
f 56/80/10 55/79/10 57/81/10 58/82/10
f 39/63/11 38/62/11 59/83/11 57/81/11 55/79/11 53/77/11 51/75/11 49/73/11 47/71/11 45/69/11 43/67/11 41/65/11
f 58/82/12 57/81/12 59/83/12 60/84/12
f 60/84/13 59/83/13 38/62/13 37/61/13
f 61/85/14 62/86/14 63/87/14 64/88/14 65/89/14 66/90/14 67/91/14 68/92/14 69/93/14 70/94/14 71/95/14 72/96/14
f 72/97/13 60/98/13 37/99/13 61/100/13
f 71/101/12 58/102/12 60/98/12 72/97/12
f 70/103/10 56/104/10 58/102/10 71/101/10
f 69/105/9 54/106/9 56/104/9 70/103/9
f 68/107/8 52/108/8 54/106/8 69/105/8
f 67/109/7 50/110/7 52/108/7 68/107/7
f 66/111/6 48/112/6 50/110/6 67/109/6
f 65/113/5 46/114/5 48/112/5 66/111/5
f 64/115/4 44/116/4 46/114/4 65/113/4
f 63/117/3 42/118/3 44/116/3 64/115/3
f 62/119/2 40/120/2 42/118/2 63/117/2
f 61/100/1 37/99/1 40/120/1 62/119/1
f 73/121/13 74/122/13 75/123/13 76/124/13
f 74/122/12 77/125/12 78/126/12 75/123/12
f 77/125/10 79/127/10 80/128/10 78/126/10
f 79/127/9 81/129/9 82/130/9 80/128/9
f 81/129/8 83/131/8 84/132/8 82/130/8
f 83/131/7 85/133/7 86/134/7 84/132/7
f 85/133/6 87/135/6 88/136/6 86/134/6
f 87/135/5 89/137/5 90/138/5 88/136/5
f 89/137/4 91/139/4 92/140/4 90/138/4
f 91/139/3 93/141/3 94/142/3 92/140/3
f 75/123/11 78/126/11 80/128/11 82/130/11 84/132/11 86/134/11 88/136/11 90/138/11 92/140/11 94/142/11 95/143/11 76/124/11
f 93/141/2 96/144/2 95/143/2 94/142/2
f 96/144/1 73/121/1 76/124/1 95/143/1
f 97/145/14 98/146/14 99/147/14 100/148/14 101/149/14 102/150/14 103/151/14 104/152/14 105/153/14 106/154/14 107/155/14 108/156/14
f 98/157/1 97/158/1 73/159/1 96/160/1
f 99/161/2 98/157/2 96/160/2 93/162/2
f 100/163/3 99/161/3 93/162/3 91/164/3
f 101/165/4 100/163/4 91/164/4 89/166/4
f 102/167/5 101/165/5 89/166/5 87/168/5
f 103/169/6 102/167/6 87/168/6 85/170/6
f 104/171/7 103/169/7 85/170/7 83/172/7
f 105/173/8 104/171/8 83/172/8 81/174/8
f 106/175/9 105/173/9 81/174/9 79/176/9
f 107/177/10 106/175/10 79/176/10 77/178/10
f 108/179/12 107/177/12 77/178/12 74/180/12
f 97/158/13 108/179/13 74/180/13 73/159/13
f 109/181/13 110/182/13 111/183/13 112/184/13
f 110/182/12 113/185/12 114/186/12 111/183/12
f 113/185/10 115/187/10 116/188/10 114/186/10
f 115/187/9 117/189/9 118/190/9 116/188/9
f 117/189/8 119/191/8 120/192/8 118/190/8
f 119/191/7 121/193/7 122/194/7 120/192/7
f 121/193/6 123/195/6 124/196/6 122/194/6
f 123/195/5 125/197/5 126/198/5 124/196/5
f 125/197/4 127/199/4 128/200/4 126/198/4
f 127/199/3 129/201/3 130/202/3 128/200/3
f 111/183/11 114/186/11 116/188/11 118/190/11 120/192/11 122/194/11 124/196/11 126/198/11 128/200/11 130/202/11 131/203/11 112/184/11
f 129/201/2 132/204/2 131/203/2 130/202/2
f 132/204/1 109/181/1 112/184/1 131/203/1
f 133/205/14 134/206/14 135/207/14 136/208/14 137/209/14 138/210/14 139/211/14 140/212/14 141/213/14 142/214/14 143/215/14 144/216/14
f 134/217/1 133/218/1 109/219/1 132/220/1
f 135/221/2 134/217/2 132/220/2 129/222/2
f 136/223/3 135/221/3 129/222/3 127/224/3
f 137/225/4 136/223/4 127/224/4 125/226/4
f 138/227/5 137/225/5 125/226/5 123/228/5
f 139/229/6 138/227/6 123/228/6 121/230/6
f 140/231/7 139/229/7 121/230/7 119/232/7
f 141/233/8 140/231/8 119/232/8 117/234/8
f 142/235/9 141/233/9 117/234/9 115/236/9
f 143/237/10 142/235/10 115/236/10 113/238/10
f 144/239/12 143/237/12 113/238/12 110/240/12
f 133/218/13 144/239/13 110/240/13 109/219/13
f 147/241/15 145/242/15 146/243/15
f 147/241/16 148/244/16 149/245/16 150/246/16
f 274/247/14 151/248/14 152/249/17
f 153/250/18 154/251/18 155/252/18
f 156/253/14 157/254/14 158/255/14 159/256/14
f 160/257/19 161/258/19 162/259/19 163/260/19
f 163/260/20 162/259/20 164/261/20 165/262/20
f 157/263/21 166/264/21 167/265/21 168/266/21
f 150/246/19 149/245/19 169/267/19 170/268/19
f 148/244/11 171/269/22 169/267/11 149/245/11
f 145/242/23 153/250/24 155/252/25 171/269/22
f 157/254/14 172/270/26 158/255/14
f 157/254/14 274/247/14 152/249/17 172/270/26
f 167/271/15 153/250/15 145/242/15 147/241/15
f 173/272/11 174/273/11 175/274/11 176/275/11
f 177/276/27 178/277/27 179/278/27 180/279/27
f 181/280/28 177/276/28 180/279/28 174/273/28
f 182/281/29 181/282/29 174/283/29 173/284/29
f 180/279/14 179/278/14 183/285/14 184/286/14
f 174/273/21 180/279/21 184/286/21 175/274/21
f 185/287/19 186/288/19 187/289/19 188/290/19
f 189/291/19 190/292/19 191/293/19 192/294/19
f 193/295/15 194/296/15 195/297/15 183/298/15
f 196/299/19 197/300/19 198/301/19 199/302/19
f 200/303/15 201/304/15 202/305/15 203/306/15
f 191/293/11 184/307/11 204/308/11 192/294/11
f 205/309/19 206/310/19 207/311/19 208/312/19
f 198/301/16 209/313/16 210/314/16 199/302/16
f 211/315/15 193/295/15 183/298/15 212/316/15
f 202/305/15 213/317/15 184/307/15 214/318/15
f 186/288/11 185/287/11 215/319/11 216/320/11
f 217/321/16 218/322/16 219/323/16 220/324/16
f 213/317/15 221/325/15 204/308/15 184/307/15
f 222/326/15 203/306/15 210/314/15 209/313/15
f 223/327/14 176/328/14 224/329/14 225/330/14
f 208/312/21 183/298/21 195/297/21 226/331/21
f 227/332/16 214/318/16 184/307/16 191/293/16
f 215/319/15 228/333/15 229/334/15 175/335/15
f 197/300/21 196/299/21 203/306/21 222/326/21
f 185/287/21 230/336/21 228/333/21 215/319/21
f 205/309/16 231/337/16 194/296/16 193/295/16
f 188/290/16 175/335/16 229/334/16 232/338/16
f 230/336/19 185/287/19 188/290/19 232/338/19
f 233/339/21 190/292/21 213/317/21 202/305/21
f 220/324/15 219/323/15 234/340/15 235/341/15
f 236/342/15 237/343/15 176/328/15 238/344/15
f 239/345/16 240/346/16 237/343/16 236/342/16
f 240/346/19 239/345/19 241/347/19 223/327/19
f 242/348/21 235/341/21 234/340/21 243/349/21
f 241/347/21 238/344/21 176/328/21 223/327/21
f 231/337/19 205/309/19 208/312/19 226/331/19
f 218/322/19 217/321/19 242/348/19 243/349/19
f 207/311/11 212/316/11 183/298/11 208/312/11
f 190/292/14 189/291/14 221/325/14 213/317/14
f 240/346/11 244/350/11 245/351/11 237/343/11
f 206/310/14 205/309/14 193/295/14 211/315/14
f 216/320/15 215/319/15 175/335/15 246/352/15
f 237/343/15 245/351/15 224/329/15 176/328/15
f 187/289/14 246/352/14 175/335/14 188/290/14
f 244/350/19 240/346/19 223/327/19 225/330/19
f 222/326/15 209/313/15 229/334/15 228/333/15
f 202/305/15 214/318/15 210/314/15 203/306/15
f 196/299/19 199/302/19 227/332/19 233/339/19
f 230/336/19 232/338/19 198/301/19 197/300/19
f 209/313/16 198/301/16 232/338/16 229/334/16
f 214/318/16 227/332/16 199/302/16 210/314/16
f 219/323/11 218/322/11 247/353/11 248/354/11
f 249/355/14 200/303/14 203/306/14 196/299/14
f 220/324/15 235/341/15 195/297/15 194/296/15
f 236/342/15 238/344/15 234/340/15 219/323/15
f 218/322/19 243/349/19 241/347/19 239/345/19
f 231/337/19 226/331/19 242/348/19 217/321/19
f 235/341/21 242/348/21 226/331/21 195/297/21
f 238/344/21 241/347/21 243/349/21 234/340/21
f 220/324/15 194/296/15 250/356/15 251/357/15
f 239/345/14 236/342/14 252/358/14 253/359/14
f 211/315/15 212/316/15 204/308/15 221/325/15
f 189/291/19 192/294/19 207/311/19 206/310/19
f 212/316/11 207/311/11 192/294/11 204/308/11
f 254/360/19 255/361/19 189/291/19 206/310/19
f 216/320/15 246/352/15 224/329/15 245/351/15
f 244/350/19 225/330/19 187/289/19 186/288/19
f 246/352/14 187/289/14 225/330/14 224/329/14
f 256/362/19 253/359/19 244/350/19 186/288/19
f 190/292/19 233/339/19 227/332/19 191/293/19
f 201/304/11 255/361/11 233/339/11 202/305/11
f 236/342/15 219/323/15 248/354/15 252/358/15
f 255/361/16 201/304/16 221/325/16 189/291/16
f 257/363/15 258/364/15 222/326/15 228/333/15
f 256/362/14 257/363/14 228/333/14 230/336/14
f 258/364/11 259/365/11 197/300/11 222/326/11
f 259/365/19 256/362/19 230/336/19 197/300/19
f 194/296/11 231/337/11 254/360/11 250/356/11
f 218/322/19 239/345/19 253/359/19 247/353/19
f 255/361/19 249/355/19 196/299/19 233/339/19
f 231/337/19 217/321/19 260/366/19 254/360/19
f 247/353/19 259/365/19 249/355/19 260/366/19
f 257/363/16 256/362/16 186/288/16 216/320/16
f 249/355/19 255/361/19 254/360/19 260/366/19
f 256/362/19 259/365/19 247/353/19 253/359/19
f 258/364/15 257/363/15 252/358/15 248/354/15
f 250/356/21 254/360/21 206/310/21 211/315/21
f 248/354/21 247/353/21 260/366/21 251/357/21
f 201/304/15 200/303/15 251/357/15 250/356/15
f 217/321/14 220/324/14 251/357/14 260/366/14
f 201/304/15 250/356/15 211/315/15 221/325/15
f 259/365/16 258/364/16 200/303/16 249/355/16
f 258/364/15 248/354/15 251/357/15 200/303/15
f 253/359/21 252/358/21 245/351/21 244/350/21
f 252/358/15 257/363/15 216/320/15 245/351/15
f 219/367/19 248/368/19 251/369/19 220/370/19
f 222/371/19 203/372/19 200/373/19 258/374/19
f 201/375/19 202/376/19 213/377/19 221/378/19
f 194/379/19 250/380/19 211/381/19 193/382/19
f 237/383/19 245/384/19 252/385/19 236/386/19
f 228/387/19 257/388/19 216/389/19 215/390/19
f 178/277/30 261/391/30 161/258/30
f 181/282/19 182/281/19 262/392/19 263/393/19
f 170/268/31 169/267/31 177/276/31 181/280/31
f 160/257/30 182/394/30 178/277/30 161/258/30
f 182/281/30 160/395/30 172/396/30 262/392/30
f 264/397/31 177/276/31 169/267/31
f 261/391/19 178/277/19 177/276/19 264/397/19
f 162/259/11 265/398/11 266/399/11 164/261/11
f 267/400/32 268/401/32 269/402/32 270/403/32
f 271/404/15 154/251/15 166/405/15 272/406/15
f 179/278/16 173/272/16 176/275/16 183/285/16
f 178/277/33 182/394/33 173/272/33 179/278/33
f 158/407/20 163/408/20 165/409/20 273/410/20
f 172/396/19 160/395/19 163/408/19 158/407/19
f 152/411/31 170/412/31 181/282/31 263/393/31
f 168/266/15 167/265/15 147/413/15 274/414/15
f 151/415/19 150/416/19 170/412/19 152/411/19
f 166/405/21 154/251/21 153/250/21 167/271/21
f 274/414/16 147/413/16 150/416/16 151/415/16
f 267/417/19 275/418/19 273/410/19 165/409/19
f 276/419/19 268/401/19 164/261/19 266/399/19
f 268/401/19 267/400/19 165/262/19 164/261/19
f 277/420/16 278/421/16 279/422/16 280/423/16
f 268/401/14 276/419/14 281/424/14 269/402/14
f 282/425/16 277/420/16 280/423/16 283/426/16
f 275/418/32 267/417/32 270/427/32 284/428/32
f 285/429/19 286/430/19 284/431/19 270/432/19
f 278/421/19 277/420/19 287/433/19 288/434/19
f 289/435/19 285/429/19 270/432/19 269/436/19
f 277/420/19 282/425/19 281/437/19 287/433/19
f 282/425/19 289/435/19 269/436/19 281/437/19
f 286/430/19 278/421/19 288/434/19 284/431/19
f 290/438/19 291/439/19 283/440/19 280/441/19
f 292/442/19 290/438/19 280/441/19 279/443/19
f 278/421/11 286/430/11 292/444/11 279/422/11
f 289/435/14 282/425/14 283/426/14 291/445/14
f 285/429/21 289/435/21 291/445/21 290/446/21
f 286/430/21 285/429/21 290/446/21 292/444/21
f 168/447/14 274/247/14 157/254/14
f 146/243/11 145/242/23 171/269/22 148/244/11
f 272/448/15 166/264/15 157/263/15 156/449/15
f 147/241/16 146/243/16 148/244/16
f 154/251/34 271/404/34 265/398/34 162/259/34
f 155/252/35 154/251/35 162/259/35 161/258/35
f 171/269/22 155/252/25 161/258/11 261/391/11 264/397/11 169/267/11
f 293/450/15 294/451/15 295/452/15
f 293/450/21 296/453/21 297/454/21 298/455/21
f 416/456/14 299/457/17 300/458/14
f 303/459/36 301/460/36 302/461/36
f 156/253/14 159/256/14 304/462/14 305/463/14
f 306/464/19 307/465/19 308/466/19 309/467/19
f 307/465/37 310/468/37 311/469/37 308/466/37
f 305/470/16 312/471/16 313/472/16 314/473/16
f 296/453/19 315/474/19 316/475/19 297/454/19
f 298/455/11 297/454/11 316/475/11 317/476/38
f 295/452/39 317/476/38 301/460/40 303/459/41
f 305/463/14 304/462/14 318/477/26
f 305/463/14 318/477/26 299/457/17 416/456/14
f 313/478/15 293/450/15 295/452/15 303/459/15
f 319/479/11 320/480/11 321/481/11 322/482/11
f 323/483/27 324/484/27 325/485/27 326/486/27
f 327/487/42 322/482/42 324/484/42 323/483/42
f 328/488/29 319/489/29 322/490/29 327/491/29
f 324/484/14 329/492/14 330/493/14 325/485/14
f 322/482/16 321/481/16 329/492/16 324/484/16
f 331/494/19 332/495/19 333/496/19 334/497/19
f 335/498/19 336/499/19 337/500/19 338/501/19
f 339/502/15 330/503/15 340/504/15 341/505/15
f 342/506/19 343/507/19 344/508/19 345/509/19
f 346/510/15 347/511/15 348/512/15 349/513/15
f 337/500/11 336/499/11 350/514/11 329/515/11
f 351/516/19 352/517/19 353/518/19 354/519/19
f 344/508/21 343/507/21 355/520/21 356/521/21
f 357/522/15 358/523/15 330/503/15 339/502/15
f 348/512/15 359/524/15 329/515/15 360/525/15
f 334/497/11 361/526/11 362/527/11 331/494/11
f 363/528/21 364/529/21 365/530/21 366/531/21
f 360/525/15 329/515/15 350/514/15 367/532/15
f 368/533/15 356/521/15 355/520/15 347/511/15
f 369/534/14 370/535/14 371/536/14 320/537/14
f 352/517/16 372/538/16 340/504/16 330/503/16
f 373/539/21 337/500/21 329/515/21 359/524/21
f 362/527/15 321/540/15 374/541/15 375/542/15
f 345/509/16 368/533/16 347/511/16 342/506/16
f 331/494/16 362/527/16 375/542/16 376/543/16
f 351/516/21 339/502/21 341/505/21 377/544/21
f 332/495/21 378/545/21 374/541/21 321/540/21
f 376/543/19 378/545/19 332/495/19 331/494/19
f 379/546/16 348/512/16 360/525/16 338/501/16
f 364/529/15 380/547/15 381/548/15 365/530/15
f 382/549/15 383/550/15 320/537/15 384/551/15
f 385/552/21 382/549/21 384/551/21 386/553/21
f 386/553/19 369/534/19 387/554/19 385/552/19
f 388/555/16 389/556/16 381/548/16 380/547/16
f 387/554/16 369/534/16 320/537/16 383/550/16
f 377/544/19 372/538/19 352/517/19 351/516/19
f 366/531/19 389/556/19 388/555/19 363/528/19
f 353/518/11 352/517/11 330/503/11 358/523/11
f 338/501/14 360/525/14 367/532/14 335/498/14
f 386/553/11 384/551/11 390/557/11 391/558/11
f 354/519/14 357/522/14 339/502/14 351/516/14
f 361/526/15 392/559/15 321/540/15 362/527/15
f 384/551/15 320/537/15 371/536/15 390/557/15
f 333/496/14 332/495/14 321/540/14 392/559/14
f 391/558/19 370/535/19 369/534/19 386/553/19
f 368/533/15 375/542/15 374/541/15 356/521/15
f 348/512/15 347/511/15 355/520/15 359/524/15
f 342/506/19 379/546/19 373/539/19 343/507/19
f 376/543/19 345/509/19 344/508/19 378/545/19
f 356/521/21 374/541/21 378/545/21 344/508/21
f 359/524/21 355/520/21 343/507/21 373/539/21
f 365/530/11 393/560/11 394/561/11 366/531/11
f 395/562/14 342/506/14 347/511/14 346/510/14
f 364/529/15 341/505/15 340/504/15 380/547/15
f 382/549/15 365/530/15 381/548/15 383/550/15
f 366/531/19 385/552/19 387/554/19 389/556/19
f 377/544/19 363/528/19 388/555/19 372/538/19
f 380/547/16 340/504/16 372/538/16 388/555/16
f 383/550/16 381/548/16 389/556/16 387/554/16
f 364/529/15 396/563/15 397/564/15 341/505/15
f 385/552/14 398/565/14 399/566/14 382/549/14
f 357/522/15 367/532/15 350/514/15 358/523/15
f 335/498/19 354/519/19 353/518/19 336/499/19
f 358/523/11 350/514/11 336/499/11 353/518/11
f 400/567/19 354/519/19 335/498/19 401/568/19
f 361/526/15 390/557/15 371/536/15 392/559/15
f 391/558/19 334/497/19 333/496/19 370/535/19
f 392/559/14 371/536/14 370/535/14 333/496/14
f 402/569/19 334/497/19 391/558/19 398/565/19
f 338/501/19 337/500/19 373/539/19 379/546/19
f 349/513/11 348/512/11 379/546/11 401/568/11
f 382/549/15 399/566/15 393/560/15 365/530/15
f 401/568/21 335/498/21 367/532/21 349/513/21
f 403/570/15 375/542/15 368/533/15 404/571/15
f 402/569/14 376/543/14 375/542/14 403/570/14
f 404/571/11 368/533/11 345/509/11 405/572/11
f 405/572/19 345/509/19 376/543/19 402/569/19
f 341/505/11 397/564/11 400/567/11 377/544/11
f 366/531/19 394/561/19 398/565/19 385/552/19
f 401/568/19 379/546/19 342/506/19 395/562/19
f 377/544/19 400/567/19 406/573/19 363/528/19
f 394/561/19 406/573/19 395/562/19 405/572/19
f 403/570/21 361/526/21 334/497/21 402/569/21
f 395/562/19 406/573/19 400/567/19 401/568/19
f 402/569/19 398/565/19 394/561/19 405/572/19
f 404/571/15 393/560/15 399/566/15 403/570/15
f 397/564/16 357/522/16 354/519/16 400/567/16
f 393/560/16 396/563/16 406/573/16 394/561/16
f 349/513/15 397/564/15 396/563/15 346/510/15
f 363/528/14 406/573/14 396/563/14 364/529/14
f 349/513/15 367/532/15 357/522/15 397/564/15
f 405/572/21 395/562/21 346/510/21 404/571/21
f 404/571/15 346/510/15 396/563/15 393/560/15
f 398/565/16 391/558/16 390/557/16 399/566/16
f 399/566/15 390/557/15 361/526/15 403/570/15
f 365/574/19 364/575/19 396/576/19 393/577/19
f 368/578/19 404/579/19 346/580/19 347/581/19
f 349/582/19 367/583/19 360/584/19 348/585/19
f 341/586/19 339/587/19 357/588/19 397/589/19
f 384/590/19 382/591/19 399/592/19 390/593/19
f 375/594/19 362/595/19 361/596/19 403/597/19
f 326/486/43 309/467/43 407/598/43
f 327/491/19 408/599/19 409/600/19 328/488/19
f 315/474/44 327/487/44 323/483/44 316/475/44
f 306/464/43 309/467/43 326/486/43 328/601/43
f 328/488/43 409/600/43 318/602/43 306/603/43
f 410/604/44 316/475/44 323/483/44
f 407/598/19 410/604/19 323/483/19 326/486/19
f 308/466/11 311/469/11 266/399/11 265/398/11
f 411/605/45 412/606/45 413/607/45 414/608/45
f 271/404/15 272/406/15 314/609/15 302/461/15
f 325/485/21 330/493/21 320/480/21 319/479/21
f 326/486/28 325/485/28 319/479/28 328/601/28
f 304/610/37 415/611/37 310/612/37 307/613/37
f 318/602/19 304/610/19 307/613/19 306/603/19
f 299/614/44 408/599/44 327/491/44 315/615/44
f 312/471/15 416/616/15 293/617/15 313/472/15
f 300/618/19 299/614/19 315/615/19 296/619/19
f 314/609/16 313/478/16 303/459/16 302/461/16
f 416/616/21 300/618/21 296/619/21 293/617/21
f 411/620/19 310/612/19 415/611/19 417/621/19
f 276/419/19 266/399/19 311/469/19 414/608/19
f 414/608/19 311/469/19 310/468/19 411/605/19
f 418/622/21 419/623/21 420/624/21 421/625/21
f 414/608/14 413/607/14 281/424/14 276/419/14
f 422/626/21 423/627/21 419/623/21 418/622/21
f 417/621/45 424/628/45 412/629/45 411/620/45
f 425/630/19 412/631/19 424/632/19 426/633/19
f 421/625/19 288/434/19 287/433/19 418/622/19
f 427/634/19 413/635/19 412/631/19 425/630/19
f 418/622/19 287/433/19 281/437/19 422/626/19
f 422/626/19 281/437/19 413/635/19 427/634/19
f 426/633/19 424/632/19 288/434/19 421/625/19
f 428/636/19 419/637/19 423/638/19 429/639/19
f 430/640/19 420/641/19 419/637/19 428/636/19
f 421/625/11 420/624/11 430/642/11 426/633/11
f 427/634/14 429/643/14 423/627/14 422/626/14
f 425/630/16 428/644/16 429/643/16 427/634/16
f 426/633/16 430/642/16 428/644/16 425/630/16
f 312/645/14 305/463/14 416/456/14
f 294/451/11 298/455/11 317/476/38 295/452/39
f 272/448/15 156/449/15 305/470/15 314/473/15
f 293/450/21 298/455/21 294/451/21
f 302/461/34 308/466/34 265/398/34 271/404/34
f 301/460/46 309/467/46 308/466/46 302/461/46
f 317/476/38 316/475/11 410/604/11 407/598/11 309/467/11 301/460/40
f 431/646/10 432/647/10 433/648/10 434/649/10
f 434/649/12 433/648/12 435/650/12 436/651/12
f 436/651/13 435/650/13 437/652/13 438/653/13
f 438/653/1 437/652/1 439/654/1 440/655/1
f 440/655/2 439/654/2 441/656/2 442/657/2
f 442/657/3 441/656/3 443/658/3 444/659/3
f 444/659/4 443/658/4 445/660/4 446/661/4
f 446/661/5 445/660/5 447/662/5 448/663/5
f 448/663/6 447/662/6 449/664/6 450/665/6
f 450/665/7 449/664/7 451/666/7 452/667/7
f 433/648/11 432/647/11 453/668/11 451/666/11 449/664/11 447/662/11 445/660/11 443/658/11 441/656/11 439/654/11 437/652/11 435/650/11
f 452/667/8 451/666/8 453/668/8 454/669/8
f 454/669/9 453/668/9 432/647/9 431/646/9
f 455/670/14 456/671/14 457/672/14 458/673/14 459/674/14 460/675/14 461/676/14 462/677/14 463/678/14 464/679/14 465/680/14 466/681/14
f 466/682/9 454/683/9 431/684/9 455/685/9
f 465/686/8 452/687/8 454/683/8 466/682/8
f 464/688/7 450/689/7 452/687/7 465/686/7
f 463/690/6 448/691/6 450/689/6 464/688/6
f 462/692/5 446/693/5 448/691/5 463/690/5
f 461/694/4 444/695/4 446/693/4 462/692/4
f 460/696/3 442/697/3 444/695/3 461/694/3
f 459/698/2 440/699/2 442/697/2 460/696/2
f 458/700/1 438/701/1 440/699/1 459/698/1
f 457/702/13 436/703/13 438/701/13 458/700/13
f 456/704/12 434/705/12 436/703/12 457/702/12
f 455/685/10 431/684/10 434/705/10 456/704/10
f 467/706/10 468/707/10 469/708/10 470/709/10
f 470/709/12 469/708/12 471/710/12 472/711/12
f 472/711/13 471/710/13 473/712/13 474/713/13
f 474/713/1 473/712/1 475/714/1 476/715/1
f 476/715/2 475/714/2 477/716/2 478/717/2
f 478/717/3 477/716/3 479/718/3 480/719/3
f 480/719/4 479/718/4 481/720/4 482/721/4
f 482/721/5 481/720/5 483/722/5 484/723/5
f 484/723/6 483/722/6 485/724/6 486/725/6
f 486/725/7 485/724/7 487/726/7 488/727/7
f 469/708/11 468/707/11 489/728/11 487/726/11 485/724/11 483/722/11 481/720/11 479/718/11 477/716/11 475/714/11 473/712/11 471/710/11
f 488/727/8 487/726/8 489/728/8 490/729/8
f 490/729/9 489/728/9 468/707/9 467/706/9
f 491/730/14 492/731/14 493/732/14 494/733/14 495/734/14 496/735/14 497/736/14 498/737/14 499/738/14 500/739/14 501/740/14 502/741/14
f 502/742/9 490/743/9 467/744/9 491/745/9
f 501/746/8 488/747/8 490/743/8 502/742/8
f 500/748/7 486/749/7 488/747/7 501/746/7
f 499/750/6 484/751/6 486/749/6 500/748/6
f 498/752/5 482/753/5 484/751/5 499/750/5
f 497/754/4 480/755/4 482/753/4 498/752/4
f 496/756/3 478/757/3 480/755/3 497/754/3
f 495/758/2 476/759/2 478/757/2 496/756/2
f 494/760/1 474/761/1 476/759/1 495/758/1
f 493/762/13 472/763/13 474/761/13 494/760/13
f 492/764/12 470/765/12 472/763/12 493/762/12
f 491/745/10 467/744/10 470/765/10 492/764/10
f 503/766/10 504/767/10 505/768/10 506/769/10
f 506/769/12 505/768/12 507/770/12 508/771/12
f 508/771/13 507/770/13 509/772/13 510/773/13
f 510/773/1 509/772/1 511/774/1 512/775/1
f 512/775/2 511/774/2 513/776/2 514/777/2
f 514/777/3 513/776/3 515/778/3 516/779/3
f 516/779/4 515/778/4 517/780/4 518/781/4
f 518/781/5 517/780/5 519/782/5 520/783/5
f 520/783/6 519/782/6 521/784/6 522/785/6
f 522/785/7 521/784/7 523/786/7 524/787/7
f 505/768/11 504/767/11 525/788/11 523/786/11 521/784/11 519/782/11 517/780/11 515/778/11 513/776/11 511/774/11 509/772/11 507/770/11
f 524/787/8 523/786/8 525/788/8 526/789/8
f 526/789/9 525/788/9 504/767/9 503/766/9
f 527/790/14 528/791/14 529/792/14 530/793/14 531/794/14 532/795/14 533/796/14 534/797/14 535/798/14 536/799/14 537/800/14 538/801/14
f 538/802/9 526/803/9 503/804/9 527/805/9
f 537/806/8 524/807/8 526/803/8 538/802/8
f 536/808/7 522/809/7 524/807/7 537/806/7
f 535/810/6 520/811/6 522/809/6 536/808/6
f 534/812/5 518/813/5 520/811/5 535/810/5
f 533/814/4 516/815/4 518/813/4 534/812/4
f 532/816/3 514/817/3 516/815/3 533/814/3
f 531/818/2 512/819/2 514/817/2 532/816/2
f 530/820/1 510/821/1 512/819/1 531/818/1
f 529/822/13 508/823/13 510/821/13 530/820/13
f 528/824/12 506/825/12 508/823/12 529/822/12
f 527/805/10 503/804/10 506/825/10 528/824/10
f 539/826/10 540/827/10 541/828/10 542/829/10
f 542/829/12 541/828/12 543/830/12 544/831/12
f 544/831/13 543/830/13 545/832/13 546/833/13
f 546/833/1 545/832/1 547/834/1 548/835/1
f 548/835/2 547/834/2 549/836/2 550/837/2
f 550/837/3 549/836/3 551/838/3 552/839/3
f 552/839/4 551/838/4 553/840/4 554/841/4
f 554/841/5 553/840/5 555/842/5 556/843/5
f 556/843/6 555/842/6 557/844/6 558/845/6
f 558/845/7 557/844/7 559/846/7 560/847/7
f 541/828/11 540/827/11 561/848/11 559/846/11 557/844/11 555/842/11 553/840/11 551/838/11 549/836/11 547/834/11 545/832/11 543/830/11
f 560/847/8 559/846/8 561/848/8 562/849/8
f 562/849/9 561/848/9 540/827/9 539/826/9
f 563/850/14 564/851/14 565/852/14 566/853/14 567/854/14 568/855/14 569/856/14 570/857/14 571/858/14 572/859/14 573/860/14 574/861/14
f 574/862/9 562/863/9 539/864/9 563/865/9
f 573/866/8 560/867/8 562/863/8 574/862/8
f 572/868/7 558/869/7 560/867/7 573/866/7
f 571/870/6 556/871/6 558/869/6 572/868/6
f 570/872/5 554/873/5 556/871/5 571/870/5
f 569/874/4 552/875/4 554/873/4 570/872/4
f 568/876/3 550/877/3 552/875/3 569/874/3
f 567/878/2 548/879/2 550/877/2 568/876/2
f 566/880/1 546/881/1 548/879/1 567/878/1
f 565/882/13 544/883/13 546/881/13 566/880/13
f 564/884/12 542/885/12 544/883/12 565/882/12
f 563/865/10 539/864/10 542/885/10 564/884/10
f 575/886/10 576/887/10 577/888/10 578/889/10
f 578/889/12 577/888/12 579/890/12 580/891/12
f 580/891/13 579/890/13 581/892/13 582/893/13
f 582/893/1 581/892/1 583/894/1 584/895/1
f 584/895/2 583/894/2 585/896/2 586/897/2
f 586/897/3 585/896/3 587/898/3 588/899/3
f 588/899/4 587/898/4 589/900/4 590/901/4
f 590/901/5 589/900/5 591/902/5 592/903/5
f 592/903/6 591/902/6 593/904/6 594/905/6
f 594/905/7 593/904/7 595/906/7 596/907/7
f 577/888/11 576/887/11 597/908/11 595/906/11 593/904/11 591/902/11 589/900/11 587/898/11 585/896/11 583/894/11 581/892/11 579/890/11
f 596/907/8 595/906/8 597/908/8 598/909/8
f 598/909/9 597/908/9 576/887/9 575/886/9
f 599/910/14 600/911/14 601/912/14 602/913/14 603/914/14 604/915/14 605/916/14 606/917/14 607/918/14 608/919/14 609/920/14 610/921/14
f 610/922/9 598/923/9 575/924/9 599/925/9
f 609/926/8 596/927/8 598/923/8 610/922/8
f 608/928/7 594/929/7 596/927/7 609/926/7
f 607/930/6 592/931/6 594/929/6 608/928/6
f 606/932/5 590/933/5 592/931/5 607/930/5
f 605/934/4 588/935/4 590/933/4 606/932/4
f 604/936/3 586/937/3 588/935/3 605/934/3
f 603/938/2 584/939/2 586/937/2 604/936/2
f 602/940/1 582/941/1 584/939/1 603/938/1
f 601/942/13 580/943/13 582/941/13 602/940/13
f 600/944/12 578/945/12 580/943/12 601/942/12
f 599/925/10 575/924/10 578/945/10 600/944/10
f 611/946/10 612/947/10 613/948/10 614/949/10
f 614/949/12 613/948/12 615/950/12 616/951/12
f 616/951/13 615/950/13 617/952/13 618/953/13
f 618/953/1 617/952/1 619/954/1 620/955/1
f 620/955/2 619/954/2 621/956/2 622/957/2
f 622/957/3 621/956/3 623/958/3 624/959/3
f 624/959/4 623/958/4 625/960/4 626/961/4
f 626/961/5 625/960/5 627/962/5 628/963/5
f 628/963/6 627/962/6 629/964/6 630/965/6
f 630/965/7 629/964/7 631/966/7 632/967/7
f 613/948/11 612/947/11 633/968/11 631/966/11 629/964/11 627/962/11 625/960/11 623/958/11 621/956/11 619/954/11 617/952/11 615/950/11
f 632/967/8 631/966/8 633/968/8 634/969/8
f 634/969/9 633/968/9 612/947/9 611/946/9
f 635/970/14 636/971/14 637/972/14 638/973/14 639/974/14 640/975/14 641/976/14 642/977/14 643/978/14 644/979/14 645/980/14 646/981/14
f 646/982/9 634/983/9 611/984/9 635/985/9
f 645/986/8 632/987/8 634/983/8 646/982/8
f 644/988/7 630/989/7 632/987/7 645/986/7
f 643/990/6 628/991/6 630/989/6 644/988/6
f 642/992/5 626/993/5 628/991/5 643/990/5
f 641/994/4 624/995/4 626/993/4 642/992/4
f 640/996/3 622/997/3 624/995/3 641/994/3
f 639/998/2 620/999/2 622/997/2 640/996/2
f 638/1000/1 618/1001/1 620/999/1 639/998/1
f 637/1002/13 616/1003/13 618/1001/13 638/1000/13
f 636/1004/12 614/1005/12 616/1003/12 637/1002/12
f 635/985/10 611/984/10 614/1005/10 636/1004/10
f 647/1006/3 648/1007/3 649/1008/3 650/1009/3
f 648/1007/2 651/1010/2 652/1011/2 649/1008/2
f 651/1010/1 653/1012/1 654/1013/1 652/1011/1
f 653/1012/13 655/1014/13 656/1015/13 654/1013/13
f 655/1014/12 657/1016/12 658/1017/12 656/1015/12
f 657/1016/10 659/1018/10 660/1019/10 658/1017/10
f 659/1018/9 661/1020/9 662/1021/9 660/1019/9
f 661/1020/8 663/1022/8 664/1023/8 662/1021/8
f 663/1022/7 665/1024/7 666/1025/7 664/1023/7
f 665/1024/6 667/1026/6 668/1027/6 666/1025/6
f 649/1008/11 652/1011/11 654/1013/11 656/1015/11 658/1017/11 660/1019/11 662/1021/11 664/1023/11 666/1025/11 668/1027/11 669/1028/11 650/1009/11
f 667/1026/5 670/1029/5 669/1028/5 668/1027/5
f 670/1029/4 647/1006/4 650/1009/4 669/1028/4
f 671/1030/14 672/1031/14 673/1032/14 674/1033/14 675/1034/14 676/1035/14 677/1036/14 678/1037/14 679/1038/14 680/1039/14 681/1040/14 682/1041/14
f 672/1042/4 671/1043/4 647/1044/4 670/1045/4
f 673/1046/5 672/1042/5 670/1045/5 667/1047/5
f 674/1048/6 673/1046/6 667/1047/6 665/1049/6
f 675/1050/7 674/1048/7 665/1049/7 663/1051/7
f 676/1052/8 675/1050/8 663/1051/8 661/1053/8
f 677/1054/9 676/1052/9 661/1053/9 659/1055/9
f 678/1056/10 677/1054/10 659/1055/10 657/1057/10
f 679/1058/12 678/1056/12 657/1057/12 655/1059/12
f 680/1060/13 679/1058/13 655/1059/13 653/1061/13
f 681/1062/1 680/1060/1 653/1061/1 651/1063/1
f 682/1064/2 681/1062/2 651/1063/2 648/1065/2
f 671/1043/3 682/1064/3 648/1065/3 647/1044/3
f 683/1066/3 684/1067/3 685/1068/3 686/1069/3
f 684/1067/2 687/1070/2 688/1071/2 685/1068/2
f 687/1070/1 689/1072/1 690/1073/1 688/1071/1
f 689/1072/13 691/1074/13 692/1075/13 690/1073/13
f 691/1074/12 693/1076/12 694/1077/12 692/1075/12
f 693/1076/10 695/1078/10 696/1079/10 694/1077/10
f 695/1078/9 697/1080/9 698/1081/9 696/1079/9
f 697/1080/8 699/1082/8 700/1083/8 698/1081/8
f 699/1082/7 701/1084/7 702/1085/7 700/1083/7
f 701/1084/6 703/1086/6 704/1087/6 702/1085/6
f 685/1068/11 688/1071/11 690/1073/11 692/1075/11 694/1077/11 696/1079/11 698/1081/11 700/1083/11 702/1085/11 704/1087/11 705/1088/11 686/1069/11
f 703/1086/5 706/1089/5 705/1088/5 704/1087/5
f 706/1089/4 683/1066/4 686/1069/4 705/1088/4
f 707/1090/14 708/1091/14 709/1092/14 710/1093/14 711/1094/14 712/1095/14 713/1096/14 714/1097/14 715/1098/14 716/1099/14 717/1100/14 718/1101/14
f 708/1102/4 707/1103/4 683/1104/4 706/1105/4
f 709/1106/5 708/1102/5 706/1105/5 703/1107/5
f 710/1108/6 709/1106/6 703/1107/6 701/1109/6
f 711/1110/7 710/1108/7 701/1109/7 699/1111/7
f 712/1112/8 711/1110/8 699/1111/8 697/1113/8
f 713/1114/9 712/1112/9 697/1113/9 695/1115/9
f 714/1116/10 713/1114/10 695/1115/10 693/1117/10
f 715/1118/12 714/1116/12 693/1117/12 691/1119/12
f 716/1120/13 715/1118/13 691/1119/13 689/1121/13
f 717/1122/1 716/1120/1 689/1121/1 687/1123/1
f 718/1124/2 717/1122/2 687/1123/2 684/1125/2
f 707/1103/3 718/1124/3 684/1125/3 683/1104/3
f 719/1126/3 720/1127/3 721/1128/3 722/1129/3
f 720/1127/2 723/1130/2 724/1131/2 721/1128/2
f 723/1130/1 725/1132/1 726/1133/1 724/1131/1
f 725/1132/13 727/1134/13 728/1135/13 726/1133/13
f 727/1134/12 729/1136/12 730/1137/12 728/1135/12
f 729/1136/10 731/1138/10 732/1139/10 730/1137/10
f 731/1138/9 733/1140/9 734/1141/9 732/1139/9
f 733/1140/8 735/1142/8 736/1143/8 734/1141/8
f 735/1142/7 737/1144/7 738/1145/7 736/1143/7
f 737/1144/6 739/1146/6 740/1147/6 738/1145/6
f 721/1128/11 724/1131/11 726/1133/11 728/1135/11 730/1137/11 732/1139/11 734/1141/11 736/1143/11 738/1145/11 740/1147/11 741/1148/11 722/1129/11
f 739/1146/5 742/1149/5 741/1148/5 740/1147/5
f 742/1149/4 719/1126/4 722/1129/4 741/1148/4
f 743/1150/14 744/1151/14 745/1152/14 746/1153/14 747/1154/14 748/1155/14 749/1156/14 750/1157/14 751/1158/14 752/1159/14 753/1160/14 754/1161/14
f 744/1162/4 743/1163/4 719/1164/4 742/1165/4
f 745/1166/5 744/1162/5 742/1165/5 739/1167/5
f 746/1168/6 745/1166/6 739/1167/6 737/1169/6
f 747/1170/7 746/1168/7 737/1169/7 735/1171/7
f 748/1172/8 747/1170/8 735/1171/8 733/1173/8
f 749/1174/9 748/1172/9 733/1173/9 731/1175/9
f 750/1176/10 749/1174/10 731/1175/10 729/1177/10
f 751/1178/12 750/1176/12 729/1177/12 727/1179/12
f 752/1180/13 751/1178/13 727/1179/13 725/1181/13
f 753/1182/1 752/1180/1 725/1181/1 723/1183/1
f 754/1184/2 753/1182/2 723/1183/2 720/1185/2
f 743/1163/3 754/1184/3 720/1185/3 719/1164/3
f 755/1186/3 756/1187/3 757/1188/3 758/1189/3
f 756/1187/2 759/1190/2 760/1191/2 757/1188/2
f 759/1190/1 761/1192/1 762/1193/1 760/1191/1
f 761/1192/13 763/1194/13 764/1195/13 762/1193/13
f 763/1194/12 765/1196/12 766/1197/12 764/1195/12
f 765/1196/10 767/1198/10 768/1199/10 766/1197/10
f 767/1198/9 769/1200/9 770/1201/9 768/1199/9
f 769/1200/8 771/1202/8 772/1203/8 770/1201/8
f 771/1202/7 773/1204/7 774/1205/7 772/1203/7
f 773/1204/6 775/1206/6 776/1207/6 774/1205/6
f 757/1188/11 760/1191/11 762/1193/11 764/1195/11 766/1197/11 768/1199/11 770/1201/11 772/1203/11 774/1205/11 776/1207/11 777/1208/11 758/1189/11
f 775/1206/5 778/1209/5 777/1208/5 776/1207/5
f 778/1209/4 755/1186/4 758/1189/4 777/1208/4
f 779/1210/14 780/1211/14 781/1212/14 782/1213/14 783/1214/14 784/1215/14 785/1216/14 786/1217/14 787/1218/14 788/1219/14 789/1220/14 790/1221/14
f 780/1222/4 779/1223/4 755/1224/4 778/1225/4
f 781/1226/5 780/1222/5 778/1225/5 775/1227/5
f 782/1228/6 781/1226/6 775/1227/6 773/1229/6
f 783/1230/7 782/1228/7 773/1229/7 771/1231/7
f 784/1232/8 783/1230/8 771/1231/8 769/1233/8
f 785/1234/9 784/1232/9 769/1233/9 767/1235/9
f 786/1236/10 785/1234/10 767/1235/10 765/1237/10
f 787/1238/12 786/1236/12 765/1237/12 763/1239/12
f 788/1240/13 787/1238/13 763/1239/13 761/1241/13
f 789/1242/1 788/1240/1 761/1241/1 759/1243/1
f 790/1244/2 789/1242/2 759/1243/2 756/1245/2
f 779/1223/3 790/1244/3 756/1245/3 755/1224/3
f 791/1246/3 792/1247/3 793/1248/3 794/1249/3
f 792/1247/2 795/1250/2 796/1251/2 793/1248/2
f 795/1250/1 797/1252/1 798/1253/1 796/1251/1
f 797/1252/13 799/1254/13 800/1255/13 798/1253/13
f 799/1254/12 801/1256/12 802/1257/12 800/1255/12
f 801/1256/10 803/1258/10 804/1259/10 802/1257/10
f 803/1258/9 805/1260/9 806/1261/9 804/1259/9
f 805/1260/8 807/1262/8 808/1263/8 806/1261/8
f 807/1262/7 809/1264/7 810/1265/7 808/1263/7
f 809/1264/6 811/1266/6 812/1267/6 810/1265/6
f 793/1248/11 796/1251/11 798/1253/11 800/1255/11 802/1257/11 804/1259/11 806/1261/11 808/1263/11 810/1265/11 812/1267/11 813/1268/11 794/1249/11
f 811/1266/5 814/1269/5 813/1268/5 812/1267/5
f 814/1269/4 791/1246/4 794/1249/4 813/1268/4
f 815/1270/14 816/1271/14 817/1272/14 818/1273/14 819/1274/14 820/1275/14 821/1276/14 822/1277/14 823/1278/14 824/1279/14 825/1280/14 826/1281/14
f 816/1282/4 815/1283/4 791/1284/4 814/1285/4
f 817/1286/5 816/1282/5 814/1285/5 811/1287/5
f 818/1288/6 817/1286/6 811/1287/6 809/1289/6
f 819/1290/7 818/1288/7 809/1289/7 807/1291/7
f 820/1292/8 819/1290/8 807/1291/8 805/1293/8
f 821/1294/9 820/1292/9 805/1293/9 803/1295/9
f 822/1296/10 821/1294/10 803/1295/10 801/1297/10
f 823/1298/12 822/1296/12 801/1297/12 799/1299/12
f 824/1300/13 823/1298/13 799/1299/13 797/1301/13
f 825/1302/1 824/1300/1 797/1301/1 795/1303/1
f 826/1304/2 825/1302/2 795/1303/2 792/1305/2
f 815/1283/3 826/1304/3 792/1305/3 791/1284/3
f 827/1306/3 828/1307/3 829/1308/3 830/1309/3
f 828/1307/2 831/1310/2 832/1311/2 829/1308/2
f 831/1310/1 833/1312/1 834/1313/1 832/1311/1
f 833/1312/13 835/1314/13 836/1315/13 834/1313/13
f 835/1314/12 837/1316/12 838/1317/12 836/1315/12
f 837/1316/10 839/1318/10 840/1319/10 838/1317/10
f 839/1318/9 841/1320/9 842/1321/9 840/1319/9
f 841/1320/8 843/1322/8 844/1323/8 842/1321/8
f 843/1322/7 845/1324/7 846/1325/7 844/1323/7
f 845/1324/6 847/1326/6 848/1327/6 846/1325/6
f 829/1308/11 832/1311/11 834/1313/11 836/1315/11 838/1317/11 840/1319/11 842/1321/11 844/1323/11 846/1325/11 848/1327/11 849/1328/11 830/1309/11
f 847/1326/5 850/1329/5 849/1328/5 848/1327/5
f 850/1329/4 827/1306/4 830/1309/4 849/1328/4
f 851/1330/14 852/1331/14 853/1332/14 854/1333/14 855/1334/14 856/1335/14 857/1336/14 858/1337/14 859/1338/14 860/1339/14 861/1340/14 862/1341/14
f 852/1342/4 851/1343/4 827/1344/4 850/1345/4
f 853/1346/5 852/1342/5 850/1345/5 847/1347/5
f 854/1348/6 853/1346/6 847/1347/6 845/1349/6
f 855/1350/7 854/1348/7 845/1349/7 843/1351/7
f 856/1352/8 855/1350/8 843/1351/8 841/1353/8
f 857/1354/9 856/1352/9 841/1353/9 839/1355/9
f 858/1356/10 857/1354/10 839/1355/10 837/1357/10
f 859/1358/12 858/1356/12 837/1357/12 835/1359/12
f 860/1360/13 859/1358/13 835/1359/13 833/1361/13
f 861/1362/1 860/1360/1 833/1361/1 831/1363/1
f 862/1364/2 861/1362/2 831/1363/2 828/1365/2
f 851/1343/3 862/1364/3 828/1365/3 827/1344/3
f 863/1366/11 864/1367/11 865/1368/11 866/1369/11
f 867/1370/27 868/1371/27 869/1372/27 870/1373/27
f 868/1371/33 871/1374/33 863/1366/33 869/1372/33
f 872/1375/28 867/1370/28 870/1373/28 864/1367/28
f 871/1376/29 872/1377/29 864/1378/29 863/1379/29
f 870/1373/14 869/1372/14 873/1380/14 874/1381/14
f 869/1372/16 863/1366/16 866/1369/16 873/1380/16
f 864/1367/21 870/1373/21 874/1381/21 865/1368/21
f 875/1382/19 876/1383/19 877/1384/19 878/1385/19
f 879/1386/19 880/1387/19 881/1388/19 882/1389/19
f 883/1390/15 884/1391/15 885/1392/15 873/1393/15
f 886/1394/19 887/1395/19 888/1396/19 889/1397/19
f 890/1398/15 891/1399/15 892/1400/15 893/1401/15
f 881/1388/11 874/1402/11 894/1403/11 882/1389/11
f 895/1404/19 896/1405/19 897/1406/19 898/1407/19
f 888/1396/16 899/1408/16 900/1409/16 889/1397/16
f 901/1410/15 883/1390/15 873/1393/15 902/1411/15
f 892/1400/15 903/1412/15 874/1402/15 904/1413/15
f 876/1383/11 875/1382/11 905/1414/11 906/1415/11
f 907/1416/16 908/1417/16 909/1418/16 910/1419/16
f 903/1412/15 911/1420/15 894/1403/15 874/1402/15
f 912/1421/15 893/1401/15 900/1409/15 899/1408/15
f 913/1422/14 866/1423/14 914/1424/14 915/1425/14
f 898/1407/21 873/1393/21 885/1392/21 916/1426/21
f 917/1427/16 904/1413/16 874/1402/16 881/1388/16
f 905/1414/15 918/1428/15 919/1429/15 865/1430/15
f 887/1395/21 886/1394/21 893/1401/21 912/1421/21
f 875/1382/21 920/1431/21 918/1428/21 905/1414/21
f 895/1404/16 921/1432/16 884/1391/16 883/1390/16
f 878/1385/16 865/1430/16 919/1429/16 922/1433/16
f 920/1431/19 875/1382/19 878/1385/19 922/1433/19
f 923/1434/21 880/1387/21 903/1412/21 892/1400/21
f 910/1419/15 909/1418/15 924/1435/15 925/1436/15
f 926/1437/15 927/1438/15 866/1423/15 928/1439/15
f 929/1440/16 930/1441/16 927/1438/16 926/1437/16
f 930/1441/19 929/1440/19 931/1442/19 913/1422/19
f 932/1443/21 925/1436/21 924/1435/21 933/1444/21
f 931/1442/21 928/1439/21 866/1423/21 913/1422/21
f 921/1432/19 895/1404/19 898/1407/19 916/1426/19
f 908/1417/19 907/1416/19 932/1443/19 933/1444/19
f 897/1406/11 902/1411/11 873/1393/11 898/1407/11
f 880/1387/14 879/1386/14 911/1420/14 903/1412/14
f 930/1441/11 934/1445/11 935/1446/11 927/1438/11
f 896/1405/14 895/1404/14 883/1390/14 901/1410/14
f 906/1415/15 905/1414/15 865/1430/15 936/1447/15
f 927/1438/15 935/1446/15 914/1424/15 866/1423/15
f 877/1384/14 936/1447/14 865/1430/14 878/1385/14
f 934/1445/19 930/1441/19 913/1422/19 915/1425/19
f 912/1421/15 899/1408/15 919/1429/15 918/1428/15
f 892/1400/15 904/1413/15 900/1409/15 893/1401/15
f 886/1394/19 889/1397/19 917/1427/19 923/1434/19
f 920/1431/19 922/1433/19 888/1396/19 887/1395/19
f 899/1408/16 888/1396/16 922/1433/16 919/1429/16
f 904/1413/16 917/1427/16 889/1397/16 900/1409/16
f 909/1418/11 908/1417/11 937/1448/11 938/1449/11
f 939/1450/14 890/1398/14 893/1401/14 886/1394/14
f 910/1419/15 925/1436/15 885/1392/15 884/1391/15
f 926/1437/15 928/1439/15 924/1435/15 909/1418/15
f 908/1417/19 933/1444/19 931/1442/19 929/1440/19
f 921/1432/19 916/1426/19 932/1443/19 907/1416/19
f 925/1436/21 932/1443/21 916/1426/21 885/1392/21
f 928/1439/21 931/1442/21 933/1444/21 924/1435/21
f 910/1419/15 884/1391/15 940/1451/15 941/1452/15
f 929/1440/14 926/1437/14 942/1453/14 943/1454/14
f 901/1410/15 902/1411/15 894/1403/15 911/1420/15
f 879/1386/19 882/1389/19 897/1406/19 896/1405/19
f 902/1411/11 897/1406/11 882/1389/11 894/1403/11
f 944/1455/19 945/1456/19 879/1386/19 896/1405/19
f 906/1415/15 936/1447/15 914/1424/15 935/1446/15
f 934/1445/19 915/1425/19 877/1384/19 876/1383/19
f 936/1447/14 877/1384/14 915/1425/14 914/1424/14
f 946/1457/19 943/1454/19 934/1445/19 876/1383/19
f 880/1387/19 923/1434/19 917/1427/19 881/1388/19
f 891/1399/11 945/1456/11 923/1434/11 892/1400/11
f 926/1437/15 909/1418/15 938/1449/15 942/1453/15
f 945/1456/16 891/1399/16 911/1420/16 879/1386/16
f 947/1458/15 948/1459/15 912/1421/15 918/1428/15
f 946/1457/14 947/1458/14 918/1428/14 920/1431/14
f 948/1459/11 949/1460/11 887/1395/11 912/1421/11
f 949/1460/19 946/1457/19 920/1431/19 887/1395/19
f 884/1391/11 921/1432/11 944/1455/11 940/1451/11
f 908/1417/19 929/1440/19 943/1454/19 937/1448/19
f 945/1456/19 939/1450/19 886/1394/19 923/1434/19
f 921/1432/19 907/1416/19 950/1461/19 944/1455/19
f 937/1448/19 949/1460/19 939/1450/19 950/1461/19
f 947/1458/16 946/1457/16 876/1383/16 906/1415/16
f 939/1450/19 945/1456/19 944/1455/19 950/1461/19
f 946/1457/19 949/1460/19 937/1448/19 943/1454/19
f 948/1459/15 947/1458/15 942/1453/15 938/1449/15
f 940/1451/21 944/1455/21 896/1405/21 901/1410/21
f 938/1449/21 937/1448/21 950/1461/21 941/1452/21
f 891/1399/15 890/1398/15 941/1452/15 940/1451/15
f 907/1416/14 910/1419/14 941/1452/14 950/1461/14
f 891/1399/15 940/1451/15 901/1410/15 911/1420/15
f 949/1460/16 948/1459/16 890/1398/16 939/1450/16
f 948/1459/15 938/1449/15 941/1452/15 890/1398/15
f 943/1454/21 942/1453/21 935/1446/21 934/1445/21
f 942/1453/15 947/1458/15 906/1415/15 935/1446/15
f 909/1462/19 938/1463/19 941/1464/19 910/1465/19
f 912/1466/19 893/1467/19 890/1468/19 948/1469/19
f 891/1470/19 892/1471/19 903/1472/19 911/1473/19
f 884/1474/19 940/1475/19 901/1476/19 883/1477/19
f 927/1478/19 935/1479/19 942/1480/19 926/1481/19
f 918/1482/19 947/1483/19 906/1484/19 905/1485/19
f 951/1486/11 952/1487/11 953/1488/11 954/1489/11
f 955/1490/27 956/1491/27 957/1492/27 958/1493/27
f 956/1491/33 959/1494/33 951/1486/33 957/1492/33
f 960/1495/47 955/1490/47 958/1493/47 952/1487/47
f 959/1496/29 960/1497/29 952/1498/29 951/1499/29
f 958/1493/14 957/1492/14 961/1500/14 962/1501/14
f 957/1492/16 951/1486/16 954/1489/16 961/1500/16
f 952/1487/21 958/1493/21 962/1501/21 953/1488/21
f 963/1502/19 964/1503/19 965/1504/19 966/1505/19
f 967/1506/19 968/1507/19 969/1508/19 970/1509/19
f 971/1510/15 972/1511/15 973/1512/15 961/1513/15
f 974/1514/19 975/1515/19 976/1516/19 977/1517/19
f 978/1518/15 979/1519/15 980/1520/15 981/1521/15
f 969/1508/11 962/1522/11 982/1523/11 970/1509/11
f 983/1524/19 984/1525/19 985/1526/19 986/1527/19
f 976/1516/16 987/1528/16 988/1529/16 977/1517/16
f 989/1530/15 971/1510/15 961/1513/15 990/1531/15
f 980/1520/15 991/1532/15 962/1522/15 992/1533/15
f 964/1503/11 963/1502/11 993/1534/11 994/1535/11
f 995/1536/16 996/1537/16 997/1538/16 998/1539/16
f 991/1532/15 999/1540/15 982/1523/15 962/1522/15
f 1000/1541/15 981/1521/15 988/1529/15 987/1528/15
f 1001/1542/14 954/1543/14 1002/1544/14 1003/1545/14
f 986/1527/21 961/1513/21 973/1512/21 1004/1546/21
f 1005/1547/16 992/1533/16 962/1522/16 969/1508/16
f 993/1534/15 1006/1548/15 1007/1549/15 953/1550/15
f 975/1515/21 974/1514/21 981/1521/21 1000/1541/21
f 963/1502/21 1008/1551/21 1006/1548/21 993/1534/21
f 983/1524/16 1009/1552/16 972/1511/16 971/1510/16
f 966/1505/16 953/1550/16 1007/1549/16 1010/1553/16
f 1008/1551/19 963/1502/19 966/1505/19 1010/1553/19
f 1011/1554/21 968/1507/21 991/1532/21 980/1520/21
f 998/1539/15 997/1538/15 1012/1555/15 1013/1556/15
f 1014/1557/15 1015/1558/15 954/1543/15 1016/1559/15
f 1017/1560/16 1018/1561/16 1015/1558/16 1014/1557/16
f 1018/1561/19 1017/1560/19 1019/1562/19 1001/1542/19
f 1020/1563/21 1013/1556/21 1012/1555/21 1021/1564/21
f 1019/1562/21 1016/1559/21 954/1543/21 1001/1542/21
f 1009/1552/19 983/1524/19 986/1527/19 1004/1546/19
f 996/1537/19 995/1536/19 1020/1563/19 1021/1564/19
f 985/1526/11 990/1531/11 961/1513/11 986/1527/11
f 968/1507/14 967/1506/14 999/1540/14 991/1532/14
f 1018/1561/11 1022/1565/11 1023/1566/11 1015/1558/11
f 984/1525/14 983/1524/14 971/1510/14 989/1530/14
f 994/1535/15 993/1534/15 953/1550/15 1024/1567/15
f 1015/1558/15 1023/1566/15 1002/1544/15 954/1543/15
f 965/1504/14 1024/1567/14 953/1550/14 966/1505/14
f 1022/1565/19 1018/1561/19 1001/1542/19 1003/1545/19
f 1000/1541/15 987/1528/15 1007/1549/15 1006/1548/15
f 980/1520/15 992/1533/15 988/1529/15 981/1521/15
f 974/1514/19 977/1517/19 1005/1547/19 1011/1554/19
f 1008/1551/19 1010/1553/19 976/1516/19 975/1515/19
f 987/1528/16 976/1516/16 1010/1553/16 1007/1549/16
f 992/1533/16 1005/1547/16 977/1517/16 988/1529/16
f 997/1538/11 996/1537/11 1025/1568/11 1026/1569/11
f 1027/1570/14 978/1518/14 981/1521/14 974/1514/14
f 998/1539/15 1013/1556/15 973/1512/15 972/1511/15
f 1014/1557/15 1016/1559/15 1012/1555/15 997/1538/15
f 996/1537/19 1021/1564/19 1019/1562/19 1017/1560/19
f 1009/1552/19 1004/1546/19 1020/1563/19 995/1536/19
f 1013/1556/21 1020/1563/21 1004/1546/21 973/1512/21
f 1016/1559/21 1019/1562/21 1021/1564/21 1012/1555/21
f 998/1539/15 972/1511/15 1028/1571/15 1029/1572/15
f 1017/1560/14 1014/1557/14 1030/1573/14 1031/1574/14
f 989/1530/15 990/1531/15 982/1523/15 999/1540/15
f 967/1506/19 970/1509/19 985/1526/19 984/1525/19
f 990/1531/11 985/1526/11 970/1509/11 982/1523/11
f 1032/1575/19 1033/1576/19 967/1506/19 984/1525/19
f 994/1535/15 1024/1567/15 1002/1544/15 1023/1566/15
f 1022/1565/19 1003/1545/19 965/1504/19 964/1503/19
f 1024/1567/14 965/1504/14 1003/1545/14 1002/1544/14
f 1034/1577/19 1031/1574/19 1022/1565/19 964/1503/19
f 968/1507/19 1011/1554/19 1005/1547/19 969/1508/19
f 979/1519/11 1033/1576/11 1011/1554/11 980/1520/11
f 1014/1557/15 997/1538/15 1026/1569/15 1030/1573/15
f 1033/1576/16 979/1519/16 999/1540/16 967/1506/16
f 1035/1578/15 1036/1579/15 1000/1541/15 1006/1548/15
f 1034/1577/14 1035/1578/14 1006/1548/14 1008/1551/14
f 1036/1579/11 1037/1580/11 975/1515/11 1000/1541/11
f 1037/1580/19 1034/1577/19 1008/1551/19 975/1515/19
f 972/1511/11 1009/1552/11 1032/1575/11 1028/1571/11
f 996/1537/19 1017/1560/19 1031/1574/19 1025/1568/19
f 1033/1576/19 1027/1570/19 974/1514/19 1011/1554/19
f 1009/1552/19 995/1536/19 1038/1581/19 1032/1575/19
f 1025/1568/19 1037/1580/19 1027/1570/19 1038/1581/19
f 1035/1578/16 1034/1577/16 964/1503/16 994/1535/16
f 1027/1570/19 1033/1576/19 1032/1575/19 1038/1581/19
f 1034/1577/19 1037/1580/19 1025/1568/19 1031/1574/19
f 1036/1579/15 1035/1578/15 1030/1573/15 1026/1569/15
f 1028/1571/21 1032/1575/21 984/1525/21 989/1530/21
f 1026/1569/21 1025/1568/21 1038/1581/21 1029/1572/21
f 979/1519/15 978/1518/15 1029/1572/15 1028/1571/15
f 995/1536/14 998/1539/14 1029/1572/14 1038/1581/14
f 979/1519/15 1028/1571/15 989/1530/15 999/1540/15
f 1037/1580/16 1036/1579/16 978/1518/16 1027/1570/16
f 1036/1579/15 1026/1569/15 1029/1572/15 978/1518/15
f 1031/1574/21 1030/1573/21 1023/1566/21 1022/1565/21
f 1030/1573/15 1035/1578/15 994/1535/15 1023/1566/15
f 997/1582/19 1026/1583/19 1029/1584/19 998/1585/19
f 1000/1586/19 981/1587/19 978/1588/19 1036/1589/19
f 979/1590/19 980/1591/19 991/1592/19 999/1593/19
f 972/1594/19 1028/1595/19 989/1596/19 971/1597/19
f 1015/1598/19 1023/1599/19 1030/1600/19 1014/1601/19
f 1006/1602/19 1035/1603/19 994/1604/19 993/1605/19
f 1039/1606/11 1040/1607/11 1041/1608/11 1042/1609/11
f 1043/1610/27 1044/1611/27 1045/1612/27 1046/1613/27
f 1044/1611/33 1047/1614/33 1039/1606/33 1045/1612/33
f 1048/1615/28 1043/1610/28 1046/1613/28 1040/1607/28
f 1047/1616/29 1048/1617/29 1040/1618/29 1039/1619/29
f 1046/1613/14 1045/1612/14 1049/1620/14 1050/1621/14
f 1045/1612/16 1039/1606/16 1042/1609/16 1049/1620/16
f 1040/1607/21 1046/1613/21 1050/1621/21 1041/1608/21
f 1051/1622/19 1052/1623/19 1053/1624/19 1054/1625/19
f 1055/1626/19 1056/1627/19 1057/1628/19 1058/1629/19
f 1059/1630/15 1060/1631/15 1061/1632/15 1049/1633/15
f 1062/1634/19 1063/1635/19 1064/1636/19 1065/1637/19
f 1066/1638/15 1067/1639/15 1068/1640/15 1069/1641/15
f 1057/1628/11 1050/1642/11 1070/1643/11 1058/1629/11
f 1071/1644/19 1072/1645/19 1073/1646/19 1074/1647/19
f 1064/1636/16 1075/1648/16 1076/1649/16 1065/1637/16
f 1077/1650/15 1059/1630/15 1049/1633/15 1078/1651/15
f 1068/1640/15 1079/1652/15 1050/1642/15 1080/1653/15
f 1052/1623/11 1051/1622/11 1081/1654/11 1082/1655/11
f 1083/1656/16 1084/1657/16 1085/1658/16 1086/1659/16
f 1079/1652/15 1087/1660/15 1070/1643/15 1050/1642/15
f 1088/1661/15 1069/1641/15 1076/1649/15 1075/1648/15
f 1089/1662/14 1042/1663/14 1090/1664/14 1091/1665/14
f 1074/1647/21 1049/1633/21 1061/1632/21 1092/1666/21
f 1093/1667/16 1080/1653/16 1050/1642/16 1057/1628/16
f 1081/1654/15 1094/1668/15 1095/1669/15 1041/1670/15
f 1063/1635/21 1062/1634/21 1069/1641/21 1088/1661/21
f 1051/1622/21 1096/1671/21 1094/1668/21 1081/1654/21
f 1071/1644/16 1097/1672/16 1060/1631/16 1059/1630/16
f 1054/1625/16 1041/1670/16 1095/1669/16 1098/1673/16
f 1096/1671/19 1051/1622/19 1054/1625/19 1098/1673/19
f 1099/1674/21 1056/1627/21 1079/1652/21 1068/1640/21
f 1086/1659/15 1085/1658/15 1100/1675/15 1101/1676/15
f 1102/1677/15 1103/1678/15 1042/1663/15 1104/1679/15
f 1105/1680/16 1106/1681/16 1103/1678/16 1102/1677/16
f 1106/1681/19 1105/1680/19 1107/1682/19 1089/1662/19
f 1108/1683/21 1101/1676/21 1100/1675/21 1109/1684/21
f 1107/1682/21 1104/1679/21 1042/1663/21 1089/1662/21
f 1097/1672/19 1071/1644/19 1074/1647/19 1092/1666/19
f 1084/1657/19 1083/1656/19 1108/1683/19 1109/1684/19
f 1073/1646/11 1078/1651/11 1049/1633/11 1074/1647/11
f 1056/1627/14 1055/1626/14 1087/1660/14 1079/1652/14
f 1106/1681/11 1110/1685/11 1111/1686/11 1103/1678/11
f 1072/1645/14 1071/1644/14 1059/1630/14 1077/1650/14
f 1082/1655/15 1081/1654/15 1041/1670/15 1112/1687/15
f 1103/1678/15 1111/1686/15 1090/1664/15 1042/1663/15
f 1053/1624/14 1112/1687/14 1041/1670/14 1054/1625/14
f 1110/1685/19 1106/1681/19 1089/1662/19 1091/1665/19
f 1088/1661/15 1075/1648/15 1095/1669/15 1094/1668/15
f 1068/1640/15 1080/1653/15 1076/1649/15 1069/1641/15
f 1062/1634/19 1065/1637/19 1093/1667/19 1099/1674/19
f 1096/1671/19 1098/1673/19 1064/1636/19 1063/1635/19
f 1075/1648/16 1064/1636/16 1098/1673/16 1095/1669/16
f 1080/1653/16 1093/1667/16 1065/1637/16 1076/1649/16
f 1085/1658/11 1084/1657/11 1113/1688/11 1114/1689/11
f 1115/1690/14 1066/1638/14 1069/1641/14 1062/1634/14
f 1086/1659/15 1101/1676/15 1061/1632/15 1060/1631/15
f 1102/1677/15 1104/1679/15 1100/1675/15 1085/1658/15
f 1084/1657/19 1109/1684/19 1107/1682/19 1105/1680/19
f 1097/1672/19 1092/1666/19 1108/1683/19 1083/1656/19
f 1101/1676/21 1108/1683/21 1092/1666/21 1061/1632/21
f 1104/1679/21 1107/1682/21 1109/1684/21 1100/1675/21
f 1086/1659/15 1060/1631/15 1116/1691/15 1117/1692/15
f 1105/1680/14 1102/1677/14 1118/1693/14 1119/1694/14
f 1077/1650/15 1078/1651/15 1070/1643/15 1087/1660/15
f 1055/1626/19 1058/1629/19 1073/1646/19 1072/1645/19
f 1078/1651/11 1073/1646/11 1058/1629/11 1070/1643/11
f 1120/1695/19 1121/1696/19 1055/1626/19 1072/1645/19
f 1082/1655/15 1112/1687/15 1090/1664/15 1111/1686/15
f 1110/1685/19 1091/1665/19 1053/1624/19 1052/1623/19
f 1112/1687/14 1053/1624/14 1091/1665/14 1090/1664/14
f 1122/1697/19 1119/1694/19 1110/1685/19 1052/1623/19
f 1056/1627/19 1099/1674/19 1093/1667/19 1057/1628/19
f 1067/1639/11 1121/1696/11 1099/1674/11 1068/1640/11
f 1102/1677/15 1085/1658/15 1114/1689/15 1118/1693/15
f 1121/1696/16 1067/1639/16 1087/1660/16 1055/1626/16
f 1123/1698/15 1124/1699/15 1088/1661/15 1094/1668/15
f 1122/1697/14 1123/1698/14 1094/1668/14 1096/1671/14
f 1124/1699/11 1125/1700/11 1063/1635/11 1088/1661/11
f 1125/1700/19 1122/1697/19 1096/1671/19 1063/1635/19
f 1060/1631/11 1097/1672/11 1120/1695/11 1116/1691/11
f 1084/1657/19 1105/1680/19 1119/1694/19 1113/1688/19
f 1121/1696/19 1115/1690/19 1062/1634/19 1099/1674/19
f 1097/1672/19 1083/1656/19 1126/1701/19 1120/1695/19
f 1113/1688/19 1125/1700/19 1115/1690/19 1126/1701/19
f 1123/1698/16 1122/1697/16 1052/1623/16 1082/1655/16
f 1115/1690/19 1121/1696/19 1120/1695/19 1126/1701/19
f 1122/1697/19 1125/1700/19 1113/1688/19 1119/1694/19
f 1124/1699/15 1123/1698/15 1118/1693/15 1114/1689/15
f 1116/1691/21 1120/1695/21 1072/1645/21 1077/1650/21
f 1114/1689/21 1113/1688/21 1126/1701/21 1117/1692/21
f 1067/1639/15 1066/1638/15 1117/1692/15 1116/1691/15
f 1083/1656/14 1086/1659/14 1117/1692/14 1126/1701/14
f 1067/1639/15 1116/1691/15 1077/1650/15 1087/1660/15
f 1125/1700/16 1124/1699/16 1066/1638/16 1115/1690/16
f 1124/1699/15 1114/1689/15 1117/1692/15 1066/1638/15
f 1119/1694/21 1118/1693/21 1111/1686/21 1110/1685/21
f 1118/1693/15 1123/1698/15 1082/1655/15 1111/1686/15
f 1085/1702/19 1114/1703/19 1117/1704/19 1086/1705/19
f 1088/1706/19 1069/1707/19 1066/1708/19 1124/1709/19
f 1067/1710/19 1068/1711/19 1079/1712/19 1087/1713/19
f 1060/1714/19 1116/1715/19 1077/1716/19 1059/1717/19
f 1103/1718/19 1111/1719/19 1118/1720/19 1102/1721/19
f 1094/1722/19 1123/1723/19 1082/1724/19 1081/1725/19
f 872/1375/19 959/1494/19 956/1491/19 867/1370/19
f 960/1495/19 1047/1614/19 1044/1611/19 955/1490/19
f 871/1374/19 868/1371/19 1127/1726/19 1128/1727/19
f 1043/1610/19 1048/1615/19 1129/1728/19 1130/1729/19
f 1131/1730/11 1132/1731/11 1133/1732/11 1134/1733/11
f 1135/1734/48 1136/1735/48 1137/1736/48 1138/1737/48
f 1136/1735/49 1139/1738/49 1131/1730/49 1137/1736/49
f 1140/1739/50 1135/1734/50 1138/1737/50 1132/1731/50
f 1139/1740/51 1140/1741/51 1132/1742/51 1131/1743/51
f 1138/1737/14 1137/1736/14 1141/1744/14 1142/1745/14
f 1137/1736/15 1131/1730/15 1134/1733/15 1141/1744/15
f 1132/1731/19 1138/1737/19 1142/1745/19 1133/1732/19
f 1143/1746/16 1144/1747/16 1145/1748/16 1146/1749/16
f 1147/1750/16 1148/1751/16 1149/1752/16 1150/1753/16
f 1151/1754/21 1152/1755/21 1153/1756/21 1141/1757/21
f 1154/1758/16 1155/1759/16 1156/1760/16 1157/1761/16
f 1158/1762/21 1159/1763/21 1160/1764/21 1161/1765/21
f 1149/1752/11 1142/1766/11 1162/1767/11 1150/1753/11
f 1163/1768/16 1164/1769/16 1165/1770/16 1166/1771/16
f 1156/1760/15 1167/1772/15 1168/1773/15 1157/1761/15
f 1169/1774/21 1151/1754/21 1141/1757/21 1170/1775/21
f 1160/1764/21 1171/1776/21 1142/1766/21 1172/1777/21
f 1144/1747/11 1143/1746/11 1173/1778/11 1174/1779/11
f 1175/1780/15 1176/1781/15 1177/1782/15 1178/1783/15
f 1171/1776/21 1179/1784/21 1162/1767/21 1142/1766/21
f 1180/1785/21 1161/1765/21 1168/1773/21 1167/1772/21
f 1181/1786/14 1134/1787/14 1182/1788/14 1183/1789/14
f 1166/1771/19 1141/1757/19 1153/1756/19 1184/1790/19
f 1185/1791/15 1172/1777/15 1142/1766/15 1149/1752/15
f 1173/1778/21 1186/1792/21 1187/1793/21 1133/1794/21
f 1155/1759/19 1154/1758/19 1161/1765/19 1180/1785/19
f 1143/1746/19 1188/1795/19 1186/1792/19 1173/1778/19
f 1163/1768/15 1189/1796/15 1152/1755/15 1151/1754/15
f 1146/1749/15 1133/1794/15 1187/1793/15 1190/1797/15
f 1188/1795/16 1143/1746/16 1146/1749/16 1190/1797/16
f 1191/1798/19 1148/1751/19 1171/1776/19 1160/1764/19
f 1178/1783/21 1177/1782/21 1192/1799/21 1193/1800/21
f 1194/1801/21 1195/1802/21 1134/1787/21 1196/1803/21
f 1197/1804/15 1198/1805/15 1195/1802/15 1194/1801/15
f 1198/1805/16 1197/1804/16 1199/1806/16 1181/1786/16
f 1200/1807/19 1193/1800/19 1192/1799/19 1201/1808/19
f 1199/1806/19 1196/1803/19 1134/1787/19 1181/1786/19
f 1189/1796/16 1163/1768/16 1166/1771/16 1184/1790/16
f 1176/1781/16 1175/1780/16 1200/1807/16 1201/1808/16
f 1165/1770/11 1170/1775/11 1141/1757/11 1166/1771/11
f 1148/1751/14 1147/1750/14 1179/1784/14 1171/1776/14
f 1198/1805/11 1202/1809/11 1203/1810/11 1195/1802/11
f 1164/1769/14 1163/1768/14 1151/1754/14 1169/1774/14
f 1174/1779/21 1173/1778/21 1133/1794/21 1204/1811/21
f 1195/1802/21 1203/1810/21 1182/1788/21 1134/1787/21
f 1145/1748/14 1204/1811/14 1133/1794/14 1146/1749/14
f 1202/1809/16 1198/1805/16 1181/1786/16 1183/1789/16
f 1180/1785/21 1167/1772/21 1187/1793/21 1186/1792/21
f 1160/1764/21 1172/1777/21 1168/1773/21 1161/1765/21
f 1154/1758/16 1157/1761/16 1185/1791/16 1191/1798/16
f 1188/1795/16 1190/1797/16 1156/1760/16 1155/1759/16
f 1167/1772/15 1156/1760/15 1190/1797/15 1187/1793/15
f 1172/1777/15 1185/1791/15 1157/1761/15 1168/1773/15
f 1177/1782/11 1176/1781/11 1205/1812/11 1206/1813/11
f 1207/1814/14 1158/1762/14 1161/1765/14 1154/1758/14
f 1178/1783/21 1193/1800/21 1153/1756/21 1152/1755/21
f 1194/1801/21 1196/1803/21 1192/1799/21 1177/1782/21
f 1176/1781/16 1201/1808/16 1199/1806/16 1197/1804/16
f 1189/1796/16 1184/1790/16 1200/1807/16 1175/1780/16
f 1193/1800/19 1200/1807/19 1184/1790/19 1153/1756/19
f 1196/1803/19 1199/1806/19 1201/1808/19 1192/1799/19
f 1178/1783/21 1152/1755/21 1208/1815/21 1209/1816/21
f 1197/1804/14 1194/1801/14 1210/1817/14 1211/1818/14
f 1169/1774/21 1170/1775/21 1162/1767/21 1179/1784/21
f 1147/1750/16 1150/1753/16 1165/1770/16 1164/1769/16
f 1170/1775/11 1165/1770/11 1150/1753/11 1162/1767/11
f 1212/1819/16 1213/1820/16 1147/1750/16 1164/1769/16
f 1174/1779/21 1204/1811/21 1182/1788/21 1203/1810/21
f 1202/1809/16 1183/1789/16 1145/1748/16 1144/1747/16
f 1204/1811/14 1145/1748/14 1183/1789/14 1182/1788/14
f 1214/1821/16 1211/1818/16 1202/1809/16 1144/1747/16
f 1148/1751/16 1191/1798/16 1185/1791/16 1149/1752/16
f 1159/1763/11 1213/1820/11 1191/1798/11 1160/1764/11
f 1194/1801/21 1177/1782/21 1206/1813/21 1210/1817/21
f 1213/1820/15 1159/1763/15 1179/1784/15 1147/1750/15
f 1215/1822/21 1216/1823/21 1180/1785/21 1186/1792/21
f 1214/1821/14 1215/1822/14 1186/1792/14 1188/1795/14
f 1216/1823/11 1217/1824/11 1155/1759/11 1180/1785/11
f 1217/1824/16 1214/1821/16 1188/1795/16 1155/1759/16
f 1152/1755/11 1189/1796/11 1212/1819/11 1208/1815/11
f 1176/1781/16 1197/1804/16 1211/1818/16 1205/1812/16
f 1213/1820/16 1207/1814/16 1154/1758/16 1191/1798/16
f 1189/1796/16 1175/1780/16 1218/1825/16 1212/1819/16
f 1205/1812/16 1217/1824/16 1207/1814/16 1218/1825/16
f 1215/1822/15 1214/1821/15 1144/1747/15 1174/1779/15
f 1207/1814/16 1213/1820/16 1212/1819/16 1218/1825/16
f 1214/1821/16 1217/1824/16 1205/1812/16 1211/1818/16
f 1216/1823/21 1215/1822/21 1210/1817/21 1206/1813/21
f 1208/1815/19 1212/1819/19 1164/1769/19 1169/1774/19
f 1206/1813/19 1205/1812/19 1218/1825/19 1209/1816/19
f 1159/1763/21 1158/1762/21 1209/1816/21 1208/1815/21
f 1175/1780/14 1178/1783/14 1209/1816/14 1218/1825/14
f 1159/1763/21 1208/1815/21 1169/1774/21 1179/1784/21
f 1217/1824/15 1216/1823/15 1158/1762/15 1207/1814/15
f 1216/1823/21 1206/1813/21 1209/1816/21 1158/1762/21
f 1211/1818/19 1210/1817/19 1203/1810/19 1202/1809/19
f 1210/1817/21 1215/1822/21 1174/1779/21 1203/1810/21
f 1177/1826/16 1206/1827/16 1209/1828/16 1178/1829/16
f 1180/1830/16 1161/1831/16 1158/1832/16 1216/1833/16
f 1159/1834/16 1160/1835/16 1171/1836/16 1179/1837/16
f 1152/1838/16 1208/1839/16 1169/1840/16 1151/1841/16
f 1195/1842/16 1203/1843/16 1210/1844/16 1194/1845/16
f 1186/1846/16 1215/1847/16 1174/1848/16 1173/1849/16
f 1219/1850/11 1220/1851/11 1221/1852/11 1222/1853/11
f 1223/1854/48 1224/1855/48 1225/1856/48 1226/1857/48
f 1224/1855/52 1227/1858/52 1219/1850/52 1225/1856/52
f 1228/1859/50 1223/1854/50 1226/1857/50 1220/1851/50
f 1227/1860/51 1228/1861/51 1220/1862/51 1219/1863/51
f 1226/1857/14 1225/1856/14 1229/1864/14 1230/1865/14
f 1225/1856/15 1219/1850/15 1222/1853/15 1229/1864/15
f 1220/1851/19 1226/1857/19 1230/1865/19 1221/1852/19
f 1231/1866/16 1232/1867/16 1233/1868/16 1234/1869/16
f 1235/1870/16 1236/1871/16 1237/1872/16 1238/1873/16
f 1239/1874/21 1240/1875/21 1241/1876/21 1229/1877/21
f 1242/1878/16 1243/1879/16 1244/1880/16 1245/1881/16
f 1246/1882/21 1247/1883/21 1248/1884/21 1249/1885/21
f 1237/1872/11 1230/1886/11 1250/1887/11 1238/1873/11
f 1251/1888/16 1252/1889/16 1253/1890/16 1254/1891/16
f 1244/1880/15 1255/1892/15 1256/1893/15 1245/1881/15
f 1257/1894/21 1239/1874/21 1229/1877/21 1258/1895/21
f 1248/1884/21 1259/1896/21 1230/1886/21 1260/1897/21
f 1232/1867/11 1231/1866/11 1261/1898/11 1262/1899/11
f 1263/1900/15 1264/1901/15 1265/1902/15 1266/1903/15
f 1259/1896/21 1267/1904/21 1250/1887/21 1230/1886/21
f 1268/1905/21 1249/1885/21 1256/1893/21 1255/1892/21
f 1269/1906/14 1222/1907/14 1270/1908/14 1271/1909/14
f 1254/1891/19 1229/1877/19 1241/1876/19 1272/1910/19
f 1273/1911/15 1260/1897/15 1230/1886/15 1237/1872/15
f 1261/1898/21 1274/1912/21 1275/1913/21 1221/1914/21
f 1243/1879/19 1242/1878/19 1249/1885/19 1268/1905/19
f 1231/1866/19 1276/1915/19 1274/1912/19 1261/1898/19
f 1251/1888/15 1277/1916/15 1240/1875/15 1239/1874/15
f 1234/1869/15 1221/1914/15 1275/1913/15 1278/1917/15
f 1276/1915/16 1231/1866/16 1234/1869/16 1278/1917/16
f 1279/1918/19 1236/1871/19 1259/1896/19 1248/1884/19
f 1266/1903/21 1265/1902/21 1280/1919/21 1281/1920/21
f 1282/1921/21 1283/1922/21 1222/1907/21 1284/1923/21
f 1285/1924/15 1286/1925/15 1283/1922/15 1282/1921/15
f 1286/1925/16 1285/1924/16 1287/1926/16 1269/1906/16
f 1288/1927/19 1281/1920/19 1280/1919/19 1289/1928/19
f 1287/1926/19 1284/1923/19 1222/1907/19 1269/1906/19
f 1277/1916/16 1251/1888/16 1254/1891/16 1272/1910/16
f 1264/1901/16 1263/1900/16 1288/1927/16 1289/1928/16
f 1253/1890/11 1258/1895/11 1229/1877/11 1254/1891/11
f 1236/1871/14 1235/1870/14 1267/1904/14 1259/1896/14
f 1286/1925/11 1290/1929/11 1291/1930/11 1283/1922/11
f 1252/1889/14 1251/1888/14 1239/1874/14 1257/1894/14
f 1262/1899/21 1261/1898/21 1221/1914/21 1292/1931/21
f 1283/1922/21 1291/1930/21 1270/1908/21 1222/1907/21
f 1233/1868/14 1292/1931/14 1221/1914/14 1234/1869/14
f 1290/1929/16 1286/1925/16 1269/1906/16 1271/1909/16
f 1268/1905/21 1255/1892/21 1275/1913/21 1274/1912/21
f 1248/1884/21 1260/1897/21 1256/1893/21 1249/1885/21
f 1242/1878/16 1245/1881/16 1273/1911/16 1279/1918/16
f 1276/1915/16 1278/1917/16 1244/1880/16 1243/1879/16
f 1255/1892/15 1244/1880/15 1278/1917/15 1275/1913/15
f 1260/1897/15 1273/1911/15 1245/1881/15 1256/1893/15
f 1265/1902/11 1264/1901/11 1293/1932/11 1294/1933/11
f 1295/1934/14 1246/1882/14 1249/1885/14 1242/1878/14
f 1266/1903/21 1281/1920/21 1241/1876/21 1240/1875/21
f 1282/1921/21 1284/1923/21 1280/1919/21 1265/1902/21
f 1264/1901/16 1289/1928/16 1287/1926/16 1285/1924/16
f 1277/1916/16 1272/1910/16 1288/1927/16 1263/1900/16
f 1281/1920/19 1288/1927/19 1272/1910/19 1241/1876/19
f 1284/1923/19 1287/1926/19 1289/1928/19 1280/1919/19
f 1266/1903/21 1240/1875/21 1296/1935/21 1297/1936/21
f 1285/1924/14 1282/1921/14 1298/1937/14 1299/1938/14
f 1257/1894/21 1258/1895/21 1250/1887/21 1267/1904/21
f 1235/1870/16 1238/1873/16 1253/1890/16 1252/1889/16
f 1258/1895/11 1253/1890/11 1238/1873/11 1250/1887/11
f 1300/1939/16 1301/1940/16 1235/1870/16 1252/1889/16
f 1262/1899/21 1292/1931/21 1270/1908/21 1291/1930/21
f 1290/1929/16 1271/1909/16 1233/1868/16 1232/1867/16
f 1292/1931/14 1233/1868/14 1271/1909/14 1270/1908/14
f 1302/1941/16 1299/1938/16 1290/1929/16 1232/1867/16
f 1236/1871/16 1279/1918/16 1273/1911/16 1237/1872/16
f 1247/1883/11 1301/1940/11 1279/1918/11 1248/1884/11
f 1282/1921/21 1265/1902/21 1294/1933/21 1298/1937/21
f 1301/1940/15 1247/1883/15 1267/1904/15 1235/1870/15
f 1303/1942/21 1304/1943/21 1268/1905/21 1274/1912/21
f 1302/1941/14 1303/1942/14 1274/1912/14 1276/1915/14
f 1304/1943/11 1305/1944/11 1243/1879/11 1268/1905/11
f 1305/1944/16 1302/1941/16 1276/1915/16 1243/1879/16
f 1240/1875/11 1277/1916/11 1300/1939/11 1296/1935/11
f 1264/1901/16 1285/1924/16 1299/1938/16 1293/1932/16
f 1301/1940/16 1295/1934/16 1242/1878/16 1279/1918/16
f 1277/1916/16 1263/1900/16 1306/1945/16 1300/1939/16
f 1293/1932/16 1305/1944/16 1295/1934/16 1306/1945/16
f 1303/1942/15 1302/1941/15 1232/1867/15 1262/1899/15
f 1295/1934/16 1301/1940/16 1300/1939/16 1306/1945/16
f 1302/1941/16 1305/1944/16 1293/1932/16 1299/1938/16
f 1304/1943/21 1303/1942/21 1298/1937/21 1294/1933/21
f 1296/1935/19 1300/1939/19 1252/1889/19 1257/1894/19
f 1294/1933/19 1293/1932/19 1306/1945/19 1297/1936/19
f 1247/1883/21 1246/1882/21 1297/1936/21 1296/1935/21
f 1263/1900/14 1266/1903/14 1297/1936/14 1306/1945/14
f 1247/1883/21 1296/1935/21 1257/1894/21 1267/1904/21
f 1305/1944/15 1304/1943/15 1246/1882/15 1295/1934/15
f 1304/1943/21 1294/1933/21 1297/1936/21 1246/1882/21
f 1299/1938/19 1298/1937/19 1291/1930/19 1290/1929/19
f 1298/1937/21 1303/1942/21 1262/1899/21 1291/1930/21
f 1265/1946/16 1294/1947/16 1297/1948/16 1266/1949/16
f 1268/1950/16 1249/1951/16 1246/1952/16 1304/1953/16
f 1247/1954/16 1248/1955/16 1259/1956/16 1267/1957/16
f 1240/1958/16 1296/1959/16 1257/1960/16 1239/1961/16
f 1283/1962/16 1291/1963/16 1298/1964/16 1282/1965/16
f 1274/1966/16 1303/1967/16 1262/1968/16 1261/1969/16
f 1307/1970/11 1308/1971/11 1309/1972/11 1310/1973/11
f 1311/1974/48 1312/1975/48 1313/1976/48 1314/1977/48
f 1312/1975/49 1315/1978/49 1307/1970/49 1313/1976/49
f 1316/1979/50 1311/1974/50 1314/1977/50 1308/1971/50
f 1315/1980/51 1316/1981/51 1308/1982/51 1307/1983/51
f 1314/1977/14 1313/1976/14 1317/1984/14 1318/1985/14
f 1313/1976/15 1307/1970/15 1310/1973/15 1317/1984/15
f 1308/1971/19 1314/1977/19 1318/1985/19 1309/1972/19
f 1319/1986/16 1320/1987/16 1321/1988/16 1322/1989/16
f 1323/1990/16 1324/1991/16 1325/1992/16 1326/1993/16
f 1327/1994/21 1328/1995/21 1329/1996/21 1317/1997/21
f 1330/1998/16 1331/1999/16 1332/2000/16 1333/2001/16
f 1334/2002/21 1335/2003/21 1336/2004/21 1337/2005/21
f 1325/1992/11 1318/2006/11 1338/2007/11 1326/1993/11
f 1339/2008/16 1340/2009/16 1341/2010/16 1342/2011/16
f 1332/2000/15 1343/2012/15 1344/2013/15 1333/2001/15
f 1345/2014/21 1327/1994/21 1317/1997/21 1346/2015/21
f 1336/2004/21 1347/2016/21 1318/2006/21 1348/2017/21
f 1320/1987/11 1319/1986/11 1349/2018/11 1350/2019/11
f 1351/2020/15 1352/2021/15 1353/2022/15 1354/2023/15
f 1347/2016/21 1355/2024/21 1338/2007/21 1318/2006/21
f 1356/2025/21 1337/2005/21 1344/2013/21 1343/2012/21
f 1357/2026/14 1310/2027/14 1358/2028/14 1359/2029/14
f 1342/2011/19 1317/1997/19 1329/1996/19 1360/2030/19
f 1361/2031/15 1348/2017/15 1318/2006/15 1325/1992/15
f 1349/2018/21 1362/2032/21 1363/2033/21 1309/2034/21
f 1331/1999/19 1330/1998/19 1337/2005/19 1356/2025/19
f 1319/1986/19 1364/2035/19 1362/2032/19 1349/2018/19
f 1339/2008/15 1365/2036/15 1328/1995/15 1327/1994/15
f 1322/1989/15 1309/2034/15 1363/2033/15 1366/2037/15
f 1364/2035/16 1319/1986/16 1322/1989/16 1366/2037/16
f 1367/2038/19 1324/1991/19 1347/2016/19 1336/2004/19
f 1354/2023/21 1353/2022/21 1368/2039/21 1369/2040/21
f 1370/2041/21 1371/2042/21 1310/2027/21 1372/2043/21
f 1373/2044/15 1374/2045/15 1371/2042/15 1370/2041/15
f 1374/2045/16 1373/2044/16 1375/2046/16 1357/2026/16
f 1376/2047/19 1369/2040/19 1368/2039/19 1377/2048/19
f 1375/2046/19 1372/2043/19 1310/2027/19 1357/2026/19
f 1365/2036/16 1339/2008/16 1342/2011/16 1360/2030/16
f 1352/2021/16 1351/2020/16 1376/2047/16 1377/2048/16
f 1341/2010/11 1346/2015/11 1317/1997/11 1342/2011/11
f 1324/1991/14 1323/1990/14 1355/2024/14 1347/2016/14
f 1374/2045/11 1378/2049/11 1379/2050/11 1371/2042/11
f 1340/2009/14 1339/2008/14 1327/1994/14 1345/2014/14
f 1350/2019/21 1349/2018/21 1309/2034/21 1380/2051/21
f 1371/2042/21 1379/2050/21 1358/2028/21 1310/2027/21
f 1321/1988/14 1380/2051/14 1309/2034/14 1322/1989/14
f 1378/2049/16 1374/2045/16 1357/2026/16 1359/2029/16
f 1356/2025/21 1343/2012/21 1363/2033/21 1362/2032/21
f 1336/2004/21 1348/2017/21 1344/2013/21 1337/2005/21
f 1330/1998/16 1333/2001/16 1361/2031/16 1367/2038/16
f 1364/2035/16 1366/2037/16 1332/2000/16 1331/1999/16
f 1343/2012/15 1332/2000/15 1366/2037/15 1363/2033/15
f 1348/2017/15 1361/2031/15 1333/2001/15 1344/2013/15
f 1353/2022/11 1352/2021/11 1381/2052/11 1382/2053/11
f 1383/2054/14 1334/2002/14 1337/2005/14 1330/1998/14
f 1354/2023/21 1369/2040/21 1329/1996/21 1328/1995/21
f 1370/2041/21 1372/2043/21 1368/2039/21 1353/2022/21
f 1352/2021/16 1377/2048/16 1375/2046/16 1373/2044/16
f 1365/2036/16 1360/2030/16 1376/2047/16 1351/2020/16
f 1369/2040/19 1376/2047/19 1360/2030/19 1329/1996/19
f 1372/2043/19 1375/2046/19 1377/2048/19 1368/2039/19
f 1354/2023/21 1328/1995/21 1384/2055/21 1385/2056/21
f 1373/2044/14 1370/2041/14 1386/2057/14 1387/2058/14
f 1345/2014/21 1346/2015/21 1338/2007/21 1355/2024/21
f 1323/1990/16 1326/1993/16 1341/2010/16 1340/2009/16
f 1346/2015/11 1341/2010/11 1326/1993/11 1338/2007/11
f 1388/2059/16 1389/2060/16 1323/1990/16 1340/2009/16
f 1350/2019/21 1380/2051/21 1358/2028/21 1379/2050/21
f 1378/2049/16 1359/2029/16 1321/1988/16 1320/1987/16
f 1380/2051/14 1321/1988/14 1359/2029/14 1358/2028/14
f 1390/2061/16 1387/2058/16 1378/2049/16 1320/1987/16
f 1324/1991/16 1367/2038/16 1361/2031/16 1325/1992/16
f 1335/2003/11 1389/2060/11 1367/2038/11 1336/2004/11
f 1370/2041/21 1353/2022/21 1382/2053/21 1386/2057/21
f 1389/2060/15 1335/2003/15 1355/2024/15 1323/1990/15
f 1391/2062/21 1392/2063/21 1356/2025/21 1362/2032/21
f 1390/2061/14 1391/2062/14 1362/2032/14 1364/2035/14
f 1392/2063/11 1393/2064/11 1331/1999/11 1356/2025/11
f 1393/2064/16 1390/2061/16 1364/2035/16 1331/1999/16
f 1328/1995/11 1365/2036/11 1388/2059/11 1384/2055/11
f 1352/2021/16 1373/2044/16 1387/2058/16 1381/2052/16
f 1389/2060/16 1383/2054/16 1330/1998/16 1367/2038/16
f 1365/2036/16 1351/2020/16 1394/2065/16 1388/2059/16
f 1381/2052/16 1393/2064/16 1383/2054/16 1394/2065/16
f 1391/2062/15 1390/2061/15 1320/1987/15 1350/2019/15
f 1383/2054/16 1389/2060/16 1388/2059/16 1394/2065/16
f 1390/2061/16 1393/2064/16 1381/2052/16 1387/2058/16
f 1392/2063/21 1391/2062/21 1386/2057/21 1382/2053/21
f 1384/2055/19 1388/2059/19 1340/2009/19 1345/2014/19
f 1382/2053/19 1381/2052/19 1394/2065/19 1385/2056/19
f 1335/2003/21 1334/2002/21 1385/2056/21 1384/2055/21
f 1351/2020/14 1354/2023/14 1385/2056/14 1394/2065/14
f 1335/2003/21 1384/2055/21 1345/2014/21 1355/2024/21
f 1393/2064/15 1392/2063/15 1334/2002/15 1383/2054/15
f 1392/2063/21 1382/2053/21 1385/2056/21 1334/2002/21
f 1387/2058/19 1386/2057/19 1379/2050/19 1378/2049/19
f 1386/2057/21 1391/2062/21 1350/2019/21 1379/2050/21
f 1353/2066/16 1382/2067/16 1385/2068/16 1354/2069/16
f 1356/2070/16 1337/2071/16 1334/2072/16 1392/2073/16
f 1335/2074/16 1336/2075/16 1347/2076/16 1355/2077/16
f 1328/2078/16 1384/2079/16 1345/2080/16 1327/2081/16
f 1371/2082/16 1379/2083/16 1386/2084/16 1370/2085/16
f 1362/2086/16 1391/2087/16 1350/2088/16 1349/2089/16
f 1140/1739/16 1227/1858/16 1224/1855/16 1135/1734/16
f 1228/1859/16 1315/1978/16 1312/1975/16 1223/1854/16
f 1139/1738/16 1136/1735/16 1130/1729/16 1129/1728/16
f 1311/1974/16 1316/1979/16 1395/2090/16 1396/2091/16
f 1228/1861/16 1227/1860/16 1397/2092/16 1398/2093/16
f 1140/1741/16 1139/1740/16 1399/2094/16 1400/2095/16
f 1139/1740/16 1129/2096/16 1401/2097/16 1399/2094/16
f 867/1370/19 956/1491/19 1402/2098/19 1403/2099/19
f 959/1496/19 872/1377/19 1404/2100/19 1405/2101/19
f 1044/1611/19 1043/1610/19 1406/2102/19 1407/2103/19
f 1311/1974/16 1396/2091/16 1408/2104/16 1409/2105/16
f 955/1490/19 1044/1611/19 1407/2103/19 1410/2106/19
f 956/1491/19 955/1490/19 1410/2106/19 1402/2098/19
f 1395/2107/16 1316/1981/16 1411/2108/16 1412/2109/16
f 1047/1616/19 960/1497/19 1413/2110/19 1414/2111/19
f 1048/1617/19 1047/1616/19 1414/2111/19 1415/2112/19
f 868/1371/19 867/1370/19 1403/2099/19 1416/2113/19
f 960/1497/19 959/1496/19 1405/2101/19 1413/2110/19
f 1130/1729/16 1136/1735/16 1417/2114/16 1418/2115/16
f 872/1377/19 871/1376/19 1419/2116/19 1404/2100/19
f 871/1376/19 1128/2117/19 1420/2118/19 1419/2116/19
f 1127/1726/19 868/1371/19 1416/2113/19 1421/2119/19
f 1135/1734/16 1224/1855/16 1422/2120/16 1423/2121/16
f 1312/1975/16 1311/1974/16 1409/2105/16 1424/2122/16
f 1043/1610/19 1130/1729/19 1418/2115/19 1406/2102/19
f 1227/1860/16 1140/1741/16 1400/2095/16 1397/2092/16
f 1224/1855/16 1223/1854/16 1425/2123/16 1422/2120/16
f 1129/2096/19 1048/1617/19 1415/2112/19 1401/2097/19
f 1223/1854/16 1312/1975/16 1424/2122/16 1425/2123/16
f 1136/1735/16 1135/1734/16 1423/2121/16 1417/2114/16
f 1315/1980/16 1228/1861/16 1398/2093/16 1426/2124/16
f 1316/1981/16 1315/1980/16 1426/2124/16 1411/2108/16
f 1427/2125/16 1428/2126/16 1429/2127/16 1430/2128/16
f 1427/2125/11 1431/2129/11 1432/2130/11 1428/2126/11
f 1433/2131/11 1434/2132/11 1435/2133/11 1436/2134/11
f 1437/2135/27 1438/2136/27 1439/2137/27 1440/2138/27
f 1438/2136/33 1441/2139/33 1433/2131/33 1439/2137/33
f 1442/2140/28 1437/2135/28 1440/2138/28 1434/2132/28
f 1441/2141/29 1442/2142/29 1434/2143/29 1433/2144/29
f 1440/2138/14 1439/2137/14 1443/2145/14 1444/2146/14
f 1439/2137/16 1433/2131/16 1436/2134/16 1443/2145/16
f 1434/2132/21 1440/2138/21 1444/2146/21 1435/2133/21
f 1445/2147/19 1446/2148/19 1447/2149/19 1448/2150/19
f 1449/2151/19 1450/2152/19 1451/2153/19 1452/2154/19
f 1453/2155/15 1454/2156/15 1455/2157/15 1443/2158/15
f 1456/2159/19 1457/2160/19 1458/2161/19 1459/2162/19
f 1460/2163/15 1461/2164/15 1462/2165/15 1463/2166/15
f 1451/2153/11 1444/2167/11 1464/2168/11 1452/2154/11
f 1465/2169/19 1466/2170/19 1467/2171/19 1468/2172/19
f 1458/2161/16 1469/2173/16 1470/2174/16 1459/2162/16
f 1471/2175/15 1453/2155/15 1443/2158/15 1472/2176/15
f 1462/2165/15 1473/2177/15 1444/2167/15 1474/2178/15
f 1446/2148/11 1445/2147/11 1475/2179/11 1476/2180/11
f 1477/2181/16 1478/2182/16 1479/2183/16 1480/2184/16
f 1473/2177/15 1481/2185/15 1464/2168/15 1444/2167/15
f 1482/2186/15 1463/2166/15 1470/2174/15 1469/2173/15
f 1483/2187/14 1436/2188/14 1484/2189/14 1485/2190/14
f 1468/2172/21 1443/2158/21 1455/2157/21 1486/2191/21
f 1487/2192/16 1474/2178/16 1444/2167/16 1451/2153/16
f 1475/2179/15 1488/2193/15 1489/2194/15 1435/2195/15
f 1457/2160/21 1456/2159/21 1463/2166/21 1482/2186/21
f 1445/2147/21 1490/2196/21 1488/2193/21 1475/2179/21
f 1465/2169/16 1491/2197/16 1454/2156/16 1453/2155/16
f 1448/2150/16 1435/2195/16 1489/2194/16 1492/2198/16
f 1490/2196/19 1445/2147/19 1448/2150/19 1492/2198/19
f 1493/2199/21 1450/2152/21 1473/2177/21 1462/2165/21
f 1480/2184/15 1479/2183/15 1494/2200/15 1495/2201/15
f 1496/2202/15 1497/2203/15 1436/2188/15 1498/2204/15
f 1499/2205/16 1500/2206/16 1497/2203/16 1496/2202/16
f 1500/2206/19 1499/2205/19 1501/2207/19 1483/2187/19
f 1502/2208/21 1495/2201/21 1494/2200/21 1503/2209/21
f 1501/2207/21 1498/2204/21 1436/2188/21 1483/2187/21
f 1491/2197/19 1465/2169/19 1468/2172/19 1486/2191/19
f 1478/2182/19 1477/2181/19 1502/2208/19 1503/2209/19
f 1467/2171/11 1472/2176/11 1443/2158/11 1468/2172/11
f 1450/2152/14 1449/2151/14 1481/2185/14 1473/2177/14
f 1500/2206/11 1504/2210/11 1505/2211/11 1497/2203/11
f 1466/2170/14 1465/2169/14 1453/2155/14 1471/2175/14
f 1476/2180/15 1475/2179/15 1435/2195/15 1506/2212/15
f 1497/2203/15 1505/2211/15 1484/2189/15 1436/2188/15
f 1447/2149/14 1506/2212/14 1435/2195/14 1448/2150/14
f 1504/2210/19 1500/2206/19 1483/2187/19 1485/2190/19
f 1482/2186/15 1469/2173/15 1489/2194/15 1488/2193/15
f 1462/2165/15 1474/2178/15 1470/2174/15 1463/2166/15
f 1456/2159/19 1459/2162/19 1487/2192/19 1493/2199/19
f 1490/2196/19 1492/2198/19 1458/2161/19 1457/2160/19
f 1469/2173/16 1458/2161/16 1492/2198/16 1489/2194/16
f 1474/2178/16 1487/2192/16 1459/2162/16 1470/2174/16
f 1479/2183/11 1478/2182/11 1507/2213/11 1508/2214/11
f 1509/2215/14 1460/2163/14 1463/2166/14 1456/2159/14
f 1480/2184/15 1495/2201/15 1455/2157/15 1454/2156/15
f 1496/2202/15 1498/2204/15 1494/2200/15 1479/2183/15
f 1478/2182/19 1503/2209/19 1501/2207/19 1499/2205/19
f 1491/2197/19 1486/2191/19 1502/2208/19 1477/2181/19
f 1495/2201/21 1502/2208/21 1486/2191/21 1455/2157/21
f 1498/2204/21 1501/2207/21 1503/2209/21 1494/2200/21
f 1480/2184/15 1454/2156/15 1510/2216/15 1511/2217/15
f 1499/2205/14 1496/2202/14 1512/2218/14 1513/2219/14
f 1471/2175/15 1472/2176/15 1464/2168/15 1481/2185/15
f 1449/2151/19 1452/2154/19 1467/2171/19 1466/2170/19
f 1472/2176/11 1467/2171/11 1452/2154/11 1464/2168/11
f 1514/2220/19 1515/2221/19 1449/2151/19 1466/2170/19
f 1476/2180/15 1506/2212/15 1484/2189/15 1505/2211/15
f 1504/2210/19 1485/2190/19 1447/2149/19 1446/2148/19
f 1506/2212/14 1447/2149/14 1485/2190/14 1484/2189/14
f 1516/2222/19 1513/2219/19 1504/2210/19 1446/2148/19
f 1450/2152/19 1493/2199/19 1487/2192/19 1451/2153/19
f 1461/2164/11 1515/2221/11 1493/2199/11 1462/2165/11
f 1496/2202/15 1479/2183/15 1508/2214/15 1512/2218/15
f 1515/2221/16 1461/2164/16 1481/2185/16 1449/2151/16
f 1517/2223/15 1518/2224/15 1482/2186/15 1488/2193/15
f 1516/2222/14 1517/2223/14 1488/2193/14 1490/2196/14
f 1518/2224/11 1519/2225/11 1457/2160/11 1482/2186/11
f 1519/2225/19 1516/2222/19 1490/2196/19 1457/2160/19
f 1454/2156/11 1491/2197/11 1514/2220/11 1510/2216/11
f 1478/2182/19 1499/2205/19 1513/2219/19 1507/2213/19
f 1515/2221/19 1509/2215/19 1456/2159/19 1493/2199/19
f 1491/2197/19 1477/2181/19 1520/2226/19 1514/2220/19
f 1507/2213/19 1519/2225/19 1509/2215/19 1520/2226/19
f 1517/2223/16 1516/2222/16 1446/2148/16 1476/2180/16
f 1509/2215/19 1515/2221/19 1514/2220/19 1520/2226/19
f 1516/2222/19 1519/2225/19 1507/2213/19 1513/2219/19
f 1518/2224/15 1517/2223/15 1512/2218/15 1508/2214/15
f 1510/2216/21 1514/2220/21 1466/2170/21 1471/2175/21
f 1508/2214/21 1507/2213/21 1520/2226/21 1511/2217/21
f 1461/2164/15 1460/2163/15 1511/2217/15 1510/2216/15
f 1477/2181/14 1480/2184/14 1511/2217/14 1520/2226/14
f 1461/2164/15 1510/2216/15 1471/2175/15 1481/2185/15
f 1519/2225/16 1518/2224/16 1460/2163/16 1509/2215/16
f 1518/2224/15 1508/2214/15 1511/2217/15 1460/2163/15
f 1513/2219/21 1512/2218/21 1505/2211/21 1504/2210/21
f 1512/2218/15 1517/2223/15 1476/2180/15 1505/2211/15
f 1479/2227/19 1508/2228/19 1511/2229/19 1480/2230/19
f 1482/2231/19 1463/2232/19 1460/2233/19 1518/2234/19
f 1461/2235/19 1462/2236/19 1473/2237/19 1481/2238/19
f 1454/2239/19 1510/2240/19 1471/2241/19 1453/2242/19
f 1497/2243/19 1505/2244/19 1512/2245/19 1496/2246/19
f 1488/2247/19 1517/2248/19 1476/2249/19 1475/2250/19
f 1521/2251/11 1522/2252/11 1523/2253/11 1524/2254/11
f 1525/2255/27 1526/2256/27 1527/2257/27 1528/2258/27
f 1526/2256/33 1529/2259/33 1521/2251/33 1527/2257/33
f 1530/2260/28 1525/2255/28 1528/2258/28 1522/2252/28
f 1529/2261/29 1530/2262/29 1522/2263/29 1521/2264/29
f 1528/2258/14 1527/2257/14 1531/2265/14 1532/2266/14
f 1527/2257/16 1521/2251/16 1524/2254/16 1531/2265/16
f 1522/2252/21 1528/2258/21 1532/2266/21 1523/2253/21
f 1533/2267/19 1534/2268/19 1535/2269/19 1536/2270/19
f 1537/2271/19 1538/2272/19 1539/2273/19 1540/2274/19
f 1541/2275/15 1542/2276/15 1543/2277/15 1531/2278/15
f 1544/2279/19 1545/2280/19 1546/2281/19 1547/2282/19
f 1548/2283/15 1549/2284/15 1550/2285/15 1551/2286/15
f 1539/2273/11 1532/2287/11 1552/2288/11 1540/2274/11
f 1553/2289/19 1554/2290/19 1555/2291/19 1556/2292/19
f 1546/2281/16 1557/2293/16 1558/2294/16 1547/2282/16
f 1559/2295/15 1541/2275/15 1531/2278/15 1560/2296/15
f 1550/2285/15 1561/2297/15 1532/2287/15 1562/2298/15
f 1534/2268/11 1533/2267/11 1563/2299/11 1564/2300/11
f 1565/2301/16 1566/2302/16 1567/2303/16 1568/2304/16
f 1561/2297/15 1569/2305/15 1552/2288/15 1532/2287/15
f 1570/2306/15 1551/2286/15 1558/2294/15 1557/2293/15
f 1571/2307/14 1524/2308/14 1572/2309/14 1573/2310/14
f 1556/2292/21 1531/2278/21 1543/2277/21 1574/2311/21
f 1575/2312/16 1562/2298/16 1532/2287/16 1539/2273/16
f 1563/2299/15 1576/2313/15 1577/2314/15 1523/2315/15
f 1545/2280/21 1544/2279/21 1551/2286/21 1570/2306/21
f 1533/2267/21 1578/2316/21 1576/2313/21 1563/2299/21
f 1553/2289/16 1579/2317/16 1542/2276/16 1541/2275/16
f 1536/2270/16 1523/2315/16 1577/2314/16 1580/2318/16
f 1578/2316/19 1533/2267/19 1536/2270/19 1580/2318/19
f 1581/2319/21 1538/2272/21 1561/2297/21 1550/2285/21
f 1568/2304/15 1567/2303/15 1582/2320/15 1583/2321/15
f 1584/2322/15 1585/2323/15 1524/2308/15 1586/2324/15
f 1587/2325/16 1588/2326/16 1585/2323/16 1584/2322/16
f 1588/2326/19 1587/2325/19 1589/2327/19 1571/2307/19
f 1590/2328/21 1583/2321/21 1582/2320/21 1591/2329/21
f 1589/2327/21 1586/2324/21 1524/2308/21 1571/2307/21
f 1579/2317/19 1553/2289/19 1556/2292/19 1574/2311/19
f 1566/2302/19 1565/2301/19 1590/2328/19 1591/2329/19
f 1555/2291/11 1560/2296/11 1531/2278/11 1556/2292/11
f 1538/2272/14 1537/2271/14 1569/2305/14 1561/2297/14
f 1588/2326/11 1592/2330/11 1593/2331/11 1585/2323/11
f 1554/2290/14 1553/2289/14 1541/2275/14 1559/2295/14
f 1564/2300/15 1563/2299/15 1523/2315/15 1594/2332/15
f 1585/2323/15 1593/2331/15 1572/2309/15 1524/2308/15
f 1535/2269/14 1594/2332/14 1523/2315/14 1536/2270/14
f 1592/2330/19 1588/2326/19 1571/2307/19 1573/2310/19
f 1570/2306/15 1557/2293/15 1577/2314/15 1576/2313/15
f 1550/2285/15 1562/2298/15 1558/2294/15 1551/2286/15
f 1544/2279/19 1547/2282/19 1575/2312/19 1581/2319/19
f 1578/2316/19 1580/2318/19 1546/2281/19 1545/2280/19
f 1557/2293/16 1546/2281/16 1580/2318/16 1577/2314/16
f 1562/2298/16 1575/2312/16 1547/2282/16 1558/2294/16
f 1567/2303/11 1566/2302/11 1595/2333/11 1596/2334/11
f 1597/2335/14 1548/2283/14 1551/2286/14 1544/2279/14
f 1568/2304/15 1583/2321/15 1543/2277/15 1542/2276/15
f 1584/2322/15 1586/2324/15 1582/2320/15 1567/2303/15
f 1566/2302/19 1591/2329/19 1589/2327/19 1587/2325/19
f 1579/2317/19 1574/2311/19 1590/2328/19 1565/2301/19
f 1583/2321/21 1590/2328/21 1574/2311/21 1543/2277/21
f 1586/2324/21 1589/2327/21 1591/2329/21 1582/2320/21
f 1568/2304/15 1542/2276/15 1598/2336/15 1599/2337/15
f 1587/2325/14 1584/2322/14 1600/2338/14 1601/2339/14
f 1559/2295/15 1560/2296/15 1552/2288/15 1569/2305/15
f 1537/2271/19 1540/2274/19 1555/2291/19 1554/2290/19
f 1560/2296/11 1555/2291/11 1540/2274/11 1552/2288/11
f 1602/2340/19 1603/2341/19 1537/2271/19 1554/2290/19
f 1564/2300/15 1594/2332/15 1572/2309/15 1593/2331/15
f 1592/2330/19 1573/2310/19 1535/2269/19 1534/2268/19
f 1594/2332/14 1535/2269/14 1573/2310/14 1572/2309/14
f 1604/2342/19 1601/2339/19 1592/2330/19 1534/2268/19
f 1538/2272/19 1581/2319/19 1575/2312/19 1539/2273/19
f 1549/2284/11 1603/2341/11 1581/2319/11 1550/2285/11
f 1584/2322/15 1567/2303/15 1596/2334/15 1600/2338/15
f 1603/2341/16 1549/2284/16 1569/2305/16 1537/2271/16
f 1605/2343/15 1606/2344/15 1570/2306/15 1576/2313/15
f 1604/2342/14 1605/2343/14 1576/2313/14 1578/2316/14
f 1606/2344/11 1607/2345/11 1545/2280/11 1570/2306/11
f 1607/2345/19 1604/2342/19 1578/2316/19 1545/2280/19
f 1542/2276/11 1579/2317/11 1602/2340/11 1598/2336/11
f 1566/2302/19 1587/2325/19 1601/2339/19 1595/2333/19
f 1603/2341/19 1597/2335/19 1544/2279/19 1581/2319/19
f 1579/2317/19 1565/2301/19 1608/2346/19 1602/2340/19
f 1595/2333/19 1607/2345/19 1597/2335/19 1608/2346/19
f 1605/2343/16 1604/2342/16 1534/2268/16 1564/2300/16
f 1597/2335/19 1603/2341/19 1602/2340/19 1608/2346/19
f 1604/2342/19 1607/2345/19 1595/2333/19 1601/2339/19
f 1606/2344/15 1605/2343/15 1600/2338/15 1596/2334/15
f 1598/2336/21 1602/2340/21 1554/2290/21 1559/2295/21
f 1596/2334/21 1595/2333/21 1608/2346/21 1599/2337/21
f 1549/2284/15 1548/2283/15 1599/2337/15 1598/2336/15
f 1565/2301/14 1568/2304/14 1599/2337/14 1608/2346/14
f 1549/2284/15 1598/2336/15 1559/2295/15 1569/2305/15
f 1607/2345/16 1606/2344/16 1548/2283/16 1597/2335/16
f 1606/2344/15 1596/2334/15 1599/2337/15 1548/2283/15
f 1601/2339/21 1600/2338/21 1593/2331/21 1592/2330/21
f 1600/2338/15 1605/2343/15 1564/2300/15 1593/2331/15
f 1567/2347/19 1596/2348/19 1599/2349/19 1568/2350/19
f 1570/2351/19 1551/2352/19 1548/2353/19 1606/2354/19
f 1549/2355/19 1550/2356/19 1561/2357/19 1569/2358/19
f 1542/2359/19 1598/2360/19 1559/2361/19 1541/2362/19
f 1585/2363/19 1593/2364/19 1600/2365/19 1584/2366/19
f 1576/2367/19 1605/2368/19 1564/2369/19 1563/2370/19
f 1609/2371/11 1610/2372/11 1611/2373/11 1612/2374/11
f 1613/2375/27 1614/2376/27 1615/2377/27 1616/2378/27
f 1614/2376/33 1617/2379/33 1609/2371/33 1615/2377/33
f 1618/2380/28 1613/2375/28 1616/2378/28 1610/2372/28
f 1617/2381/29 1618/2382/29 1610/2383/29 1609/2384/29
f 1616/2378/14 1615/2377/14 1619/2385/14 1620/2386/14
f 1615/2377/16 1609/2371/16 1612/2374/16 1619/2385/16
f 1610/2372/21 1616/2378/21 1620/2386/21 1611/2373/21
f 1621/2387/19 1622/2388/19 1623/2389/19 1624/2390/19
f 1625/2391/19 1626/2392/19 1627/2393/19 1628/2394/19
f 1629/2395/15 1630/2396/15 1631/2397/15 1619/2398/15
f 1632/2399/19 1633/2400/19 1634/2401/19 1635/2402/19
f 1636/2403/15 1637/2404/15 1638/2405/15 1639/2406/15
f 1627/2393/11 1620/2407/11 1640/2408/11 1628/2394/11
f 1641/2409/19 1642/2410/19 1643/2411/19 1644/2412/19
f 1634/2401/16 1645/2413/16 1646/2414/16 1635/2402/16
f 1647/2415/15 1629/2395/15 1619/2398/15 1648/2416/15
f 1638/2405/15 1649/2417/15 1620/2407/15 1650/2418/15
f 1622/2388/11 1621/2387/11 1651/2419/11 1652/2420/11
f 1653/2421/16 1654/2422/16 1655/2423/16 1656/2424/16
f 1649/2417/15 1657/2425/15 1640/2408/15 1620/2407/15
f 1658/2426/15 1639/2406/15 1646/2414/15 1645/2413/15
f 1659/2427/14 1612/2428/14 1660/2429/14 1661/2430/14
f 1644/2412/21 1619/2398/21 1631/2397/21 1662/2431/21
f 1663/2432/16 1650/2418/16 1620/2407/16 1627/2393/16
f 1651/2419/15 1664/2433/15 1665/2434/15 1611/2435/15
f 1633/2400/21 1632/2399/21 1639/2406/21 1658/2426/21
f 1621/2387/21 1666/2436/21 1664/2433/21 1651/2419/21
f 1641/2409/16 1667/2437/16 1630/2396/16 1629/2395/16
f 1624/2390/16 1611/2435/16 1665/2434/16 1668/2438/16
f 1666/2436/19 1621/2387/19 1624/2390/19 1668/2438/19
f 1669/2439/21 1626/2392/21 1649/2417/21 1638/2405/21
f 1656/2424/15 1655/2423/15 1670/2440/15 1671/2441/15
f 1672/2442/15 1673/2443/15 1612/2428/15 1674/2444/15
f 1675/2445/16 1676/2446/16 1673/2443/16 1672/2442/16
f 1676/2446/19 1675/2445/19 1677/2447/19 1659/2427/19
f 1678/2448/21 1671/2441/21 1670/2440/21 1679/2449/21
f 1677/2447/21 1674/2444/21 1612/2428/21 1659/2427/21
f 1667/2437/19 1641/2409/19 1644/2412/19 1662/2431/19
f 1654/2422/19 1653/2421/19 1678/2448/19 1679/2449/19
f 1643/2411/11 1648/2416/11 1619/2398/11 1644/2412/11
f 1626/2392/14 1625/2391/14 1657/2425/14 1649/2417/14
f 1676/2446/11 1680/2450/11 1681/2451/11 1673/2443/11
f 1642/2410/14 1641/2409/14 1629/2395/14 1647/2415/14
f 1652/2420/15 1651/2419/15 1611/2435/15 1682/2452/15
f 1673/2443/15 1681/2451/15 1660/2429/15 1612/2428/15
f 1623/2389/14 1682/2452/14 1611/2435/14 1624/2390/14
f 1680/2450/19 1676/2446/19 1659/2427/19 1661/2430/19
f 1658/2426/15 1645/2413/15 1665/2434/15 1664/2433/15
f 1638/2405/15 1650/2418/15 1646/2414/15 1639/2406/15
f 1632/2399/19 1635/2402/19 1663/2432/19 1669/2439/19
f 1666/2436/19 1668/2438/19 1634/2401/19 1633/2400/19
f 1645/2413/16 1634/2401/16 1668/2438/16 1665/2434/16
f 1650/2418/16 1663/2432/16 1635/2402/16 1646/2414/16
f 1655/2423/11 1654/2422/11 1683/2453/11 1684/2454/11
f 1685/2455/14 1636/2403/14 1639/2406/14 1632/2399/14
f 1656/2424/15 1671/2441/15 1631/2397/15 1630/2396/15
f 1672/2442/15 1674/2444/15 1670/2440/15 1655/2423/15
f 1654/2422/19 1679/2449/19 1677/2447/19 1675/2445/19
f 1667/2437/19 1662/2431/19 1678/2448/19 1653/2421/19
f 1671/2441/21 1678/2448/21 1662/2431/21 1631/2397/21
f 1674/2444/21 1677/2447/21 1679/2449/21 1670/2440/21
f 1656/2424/15 1630/2396/15 1686/2456/15 1687/2457/15
f 1675/2445/14 1672/2442/14 1688/2458/14 1689/2459/14
f 1647/2415/15 1648/2416/15 1640/2408/15 1657/2425/15
f 1625/2391/19 1628/2394/19 1643/2411/19 1642/2410/19
f 1648/2416/11 1643/2411/11 1628/2394/11 1640/2408/11
f 1690/2460/19 1691/2461/19 1625/2391/19 1642/2410/19
f 1652/2420/15 1682/2452/15 1660/2429/15 1681/2451/15
f 1680/2450/19 1661/2430/19 1623/2389/19 1622/2388/19
f 1682/2452/14 1623/2389/14 1661/2430/14 1660/2429/14
f 1692/2462/19 1689/2459/19 1680/2450/19 1622/2388/19
f 1626/2392/19 1669/2439/19 1663/2432/19 1627/2393/19
f 1637/2404/11 1691/2461/11 1669/2439/11 1638/2405/11
f 1672/2442/15 1655/2423/15 1684/2454/15 1688/2458/15
f 1691/2461/16 1637/2404/16 1657/2425/16 1625/2391/16
f 1693/2463/15 1694/2464/15 1658/2426/15 1664/2433/15
f 1692/2462/14 1693/2463/14 1664/2433/14 1666/2436/14
f 1694/2464/11 1695/2465/11 1633/2400/11 1658/2426/11
f 1695/2465/19 1692/2462/19 1666/2436/19 1633/2400/19
f 1630/2396/11 1667/2437/11 1690/2460/11 1686/2456/11
f 1654/2422/19 1675/2445/19 1689/2459/19 1683/2453/19
f 1691/2461/19 1685/2455/19 1632/2399/19 1669/2439/19
f 1667/2437/19 1653/2421/19 1696/2466/19 1690/2460/19
f 1683/2453/19 1695/2465/19 1685/2455/19 1696/2466/19
f 1693/2463/16 1692/2462/16 1622/2388/16 1652/2420/16
f 1685/2455/19 1691/2461/19 1690/2460/19 1696/2466/19
f 1692/2462/19 1695/2465/19 1683/2453/19 1689/2459/19
f 1694/2464/15 1693/2463/15 1688/2458/15 1684/2454/15
f 1686/2456/21 1690/2460/21 1642/2410/21 1647/2415/21
f 1684/2454/21 1683/2453/21 1696/2466/21 1687/2457/21
f 1637/2404/15 1636/2403/15 1687/2457/15 1686/2456/15
f 1653/2421/14 1656/2424/14 1687/2457/14 1696/2466/14
f 1637/2404/15 1686/2456/15 1647/2415/15 1657/2425/15
f 1695/2465/16 1694/2464/16 1636/2403/16 1685/2455/16
f 1694/2464/15 1684/2454/15 1687/2457/15 1636/2403/15
f 1689/2459/21 1688/2458/21 1681/2451/21 1680/2450/21
f 1688/2458/15 1693/2463/15 1652/2420/15 1681/2451/15
f 1655/2467/19 1684/2468/19 1687/2469/19 1656/2470/19
f 1658/2471/19 1639/2472/19 1636/2473/19 1694/2474/19
f 1637/2475/19 1638/2476/19 1649/2477/19 1657/2478/19
f 1630/2479/19 1686/2480/19 1647/2481/19 1629/2482/19
f 1673/2483/19 1681/2484/19 1688/2485/19 1672/2486/19
f 1664/2487/19 1693/2488/19 1652/2489/19 1651/2490/19
f 1442/2140/19 1529/2259/19 1526/2256/19 1437/2135/19
f 1530/2260/19 1617/2379/19 1614/2376/19 1525/2255/19
f 1441/2139/19 1438/2136/19 1697/2491/19 1698/2492/19
f 1613/2375/19 1618/2380/19 1699/2493/19 1700/2494/19
f 1701/2495/11 1702/2496/11 1703/2497/11 1704/2498/11
f 1705/2499/48 1706/2500/48 1707/2501/48 1708/2502/48
f 1706/2500/49 1709/2503/49 1701/2495/49 1707/2501/49
f 1710/2504/50 1705/2499/50 1708/2502/50 1702/2496/50
f 1709/2505/51 1710/2506/51 1702/2507/51 1701/2508/51
f 1708/2502/14 1707/2501/14 1711/2509/14 1712/2510/14
f 1707/2501/15 1701/2495/15 1704/2498/15 1711/2509/15
f 1702/2496/19 1708/2502/19 1712/2510/19 1703/2497/19
f 1713/2511/16 1714/2512/16 1715/2513/16 1716/2514/16
f 1717/2515/16 1718/2516/16 1719/2517/16 1720/2518/16
f 1721/2519/21 1722/2520/21 1723/2521/21 1711/2522/21
f 1724/2523/16 1725/2524/16 1726/2525/16 1727/2526/16
f 1728/2527/21 1729/2528/21 1730/2529/21 1731/2530/21
f 1719/2517/11 1712/2531/11 1732/2532/11 1720/2518/11
f 1733/2533/16 1734/2534/16 1735/2535/16 1736/2536/16
f 1726/2525/15 1737/2537/15 1738/2538/15 1727/2526/15
f 1739/2539/21 1721/2519/21 1711/2522/21 1740/2540/21
f 1730/2529/21 1741/2541/21 1712/2531/21 1742/2542/21
f 1714/2512/11 1713/2511/11 1743/2543/11 1744/2544/11
f 1745/2545/15 1746/2546/15 1747/2547/15 1748/2548/15
f 1741/2541/21 1749/2549/21 1732/2532/21 1712/2531/21
f 1750/2550/21 1731/2530/21 1738/2538/21 1737/2537/21
f 1751/2551/14 1704/2552/14 1752/2553/14 1753/2554/14
f 1736/2536/19 1711/2522/19 1723/2521/19 1754/2555/19
f 1755/2556/15 1742/2542/15 1712/2531/15 1719/2517/15
f 1743/2543/21 1756/2557/21 1757/2558/21 1703/2559/21
f 1725/2524/19 1724/2523/19 1731/2530/19 1750/2550/19
f 1713/2511/19 1758/2560/19 1756/2557/19 1743/2543/19
f 1733/2533/15 1759/2561/15 1722/2520/15 1721/2519/15
f 1716/2514/15 1703/2559/15 1757/2558/15 1760/2562/15
f 1758/2560/16 1713/2511/16 1716/2514/16 1760/2562/16
f 1761/2563/19 1718/2516/19 1741/2541/19 1730/2529/19
f 1748/2548/21 1747/2547/21 1762/2564/21 1763/2565/21
f 1764/2566/21 1765/2567/21 1704/2552/21 1766/2568/21
f 1767/2569/15 1768/2570/15 1765/2567/15 1764/2566/15
f 1768/2570/16 1767/2569/16 1769/2571/16 1751/2551/16
f 1770/2572/19 1763/2565/19 1762/2564/19 1771/2573/19
f 1769/2571/19 1766/2568/19 1704/2552/19 1751/2551/19
f 1759/2561/16 1733/2533/16 1736/2536/16 1754/2555/16
f 1746/2546/16 1745/2545/16 1770/2572/16 1771/2573/16
f 1735/2535/11 1740/2540/11 1711/2522/11 1736/2536/11
f 1718/2516/14 1717/2515/14 1749/2549/14 1741/2541/14
f 1768/2570/11 1772/2574/11 1773/2575/11 1765/2567/11
f 1734/2534/14 1733/2533/14 1721/2519/14 1739/2539/14
f 1744/2544/21 1743/2543/21 1703/2559/21 1774/2576/21
f 1765/2567/21 1773/2575/21 1752/2553/21 1704/2552/21
f 1715/2513/14 1774/2576/14 1703/2559/14 1716/2514/14
f 1772/2574/16 1768/2570/16 1751/2551/16 1753/2554/16
f 1750/2550/21 1737/2537/21 1757/2558/21 1756/2557/21
f 1730/2529/21 1742/2542/21 1738/2538/21 1731/2530/21
f 1724/2523/16 1727/2526/16 1755/2556/16 1761/2563/16
f 1758/2560/16 1760/2562/16 1726/2525/16 1725/2524/16
f 1737/2537/15 1726/2525/15 1760/2562/15 1757/2558/15
f 1742/2542/15 1755/2556/15 1727/2526/15 1738/2538/15
f 1747/2547/11 1746/2546/11 1775/2577/11 1776/2578/11
f 1777/2579/14 1728/2527/14 1731/2530/14 1724/2523/14
f 1748/2548/21 1763/2565/21 1723/2521/21 1722/2520/21
f 1764/2566/21 1766/2568/21 1762/2564/21 1747/2547/21
f 1746/2546/16 1771/2573/16 1769/2571/16 1767/2569/16
f 1759/2561/16 1754/2555/16 1770/2572/16 1745/2545/16
f 1763/2565/19 1770/2572/19 1754/2555/19 1723/2521/19
f 1766/2568/19 1769/2571/19 1771/2573/19 1762/2564/19
f 1748/2548/21 1722/2520/21 1778/2580/21 1779/2581/21
f 1767/2569/14 1764/2566/14 1780/2582/14 1781/2583/14
f 1739/2539/21 1740/2540/21 1732/2532/21 1749/2549/21
f 1717/2515/16 1720/2518/16 1735/2535/16 1734/2534/16
f 1740/2540/11 1735/2535/11 1720/2518/11 1732/2532/11
f 1782/2584/16 1783/2585/16 1717/2515/16 1734/2534/16
f 1744/2544/21 1774/2576/21 1752/2553/21 1773/2575/21
f 1772/2574/16 1753/2554/16 1715/2513/16 1714/2512/16
f 1774/2576/14 1715/2513/14 1753/2554/14 1752/2553/14
f 1784/2586/16 1781/2583/16 1772/2574/16 1714/2512/16
f 1718/2516/16 1761/2563/16 1755/2556/16 1719/2517/16
f 1729/2528/11 1783/2585/11 1761/2563/11 1730/2529/11
f 1764/2566/21 1747/2547/21 1776/2578/21 1780/2582/21
f 1783/2585/15 1729/2528/15 1749/2549/15 1717/2515/15
f 1785/2587/21 1786/2588/21 1750/2550/21 1756/2557/21
f 1784/2586/14 1785/2587/14 1756/2557/14 1758/2560/14
f 1786/2588/11 1787/2589/11 1725/2524/11 1750/2550/11
f 1787/2589/16 1784/2586/16 1758/2560/16 1725/2524/16
f 1722/2520/11 1759/2561/11 1782/2584/11 1778/2580/11
f 1746/2546/16 1767/2569/16 1781/2583/16 1775/2577/16
f 1783/2585/16 1777/2579/16 1724/2523/16 1761/2563/16
f 1759/2561/16 1745/2545/16 1788/2590/16 1782/2584/16
f 1775/2577/16 1787/2589/16 1777/2579/16 1788/2590/16
f 1785/2587/15 1784/2586/15 1714/2512/15 1744/2544/15
f 1777/2579/16 1783/2585/16 1782/2584/16 1788/2590/16
f 1784/2586/16 1787/2589/16 1775/2577/16 1781/2583/16
f 1786/2588/21 1785/2587/21 1780/2582/21 1776/2578/21
f 1778/2580/19 1782/2584/19 1734/2534/19 1739/2539/19
f 1776/2578/19 1775/2577/19 1788/2590/19 1779/2581/19
f 1729/2528/21 1728/2527/21 1779/2581/21 1778/2580/21
f 1745/2545/14 1748/2548/14 1779/2581/14 1788/2590/14
f 1729/2528/21 1778/2580/21 1739/2539/21 1749/2549/21
f 1787/2589/15 1786/2588/15 1728/2527/15 1777/2579/15
f 1786/2588/21 1776/2578/21 1779/2581/21 1728/2527/21
f 1781/2583/19 1780/2582/19 1773/2575/19 1772/2574/19
f 1780/2582/21 1785/2587/21 1744/2544/21 1773/2575/21
f 1747/2591/16 1776/2592/16 1779/2593/16 1748/2594/16
f 1750/2595/16 1731/2596/16 1728/2597/16 1786/2598/16
f 1729/2599/16 1730/2600/16 1741/2601/16 1749/2602/16
f 1722/2603/16 1778/2604/16 1739/2605/16 1721/2606/16
f 1765/2607/16 1773/2608/16 1780/2609/16 1764/2610/16
f 1756/2611/16 1785/2612/16 1744/2613/16 1743/2614/16
f 1789/2615/11 1790/2616/11 1791/2617/11 1792/2618/11
f 1793/2619/48 1794/2620/48 1795/2621/48 1796/2622/48
f 1794/2620/52 1797/2623/52 1789/2615/52 1795/2621/52
f 1798/2624/50 1793/2619/50 1796/2622/50 1790/2616/50
f 1797/2625/51 1798/2626/51 1790/2627/51 1789/2628/51
f 1796/2622/14 1795/2621/14 1799/2629/14 1800/2630/14
f 1795/2621/15 1789/2615/15 1792/2618/15 1799/2629/15
f 1790/2616/19 1796/2622/19 1800/2630/19 1791/2617/19
f 1801/2631/16 1802/2632/16 1803/2633/16 1804/2634/16
f 1805/2635/16 1806/2636/16 1807/2637/16 1808/2638/16
f 1809/2639/21 1810/2640/21 1811/2641/21 1799/2642/21
f 1812/2643/16 1813/2644/16 1814/2645/16 1815/2646/16
f 1816/2647/21 1817/2648/21 1818/2649/21 1819/2650/21
f 1807/2637/11 1800/2651/11 1820/2652/11 1808/2638/11
f 1821/2653/16 1822/2654/16 1823/2655/16 1824/2656/16
f 1814/2645/15 1825/2657/15 1826/2658/15 1815/2646/15
f 1827/2659/21 1809/2639/21 1799/2642/21 1828/2660/21
f 1818/2649/21 1829/2661/21 1800/2651/21 1830/2662/21
f 1802/2632/11 1801/2631/11 1831/2663/11 1832/2664/11
f 1833/2665/15 1834/2666/15 1835/2667/15 1836/2668/15
f 1829/2661/21 1837/2669/21 1820/2652/21 1800/2651/21
f 1838/2670/21 1819/2650/21 1826/2658/21 1825/2657/21
f 1839/2671/14 1792/2672/14 1840/2673/14 1841/2674/14
f 1824/2656/19 1799/2642/19 1811/2641/19 1842/2675/19
f 1843/2676/15 1830/2662/15 1800/2651/15 1807/2637/15
f 1831/2663/21 1844/2677/21 1845/2678/21 1791/2679/21
f 1813/2644/19 1812/2643/19 1819/2650/19 1838/2670/19
f 1801/2631/19 1846/2680/19 1844/2677/19 1831/2663/19
f 1821/2653/15 1847/2681/15 1810/2640/15 1809/2639/15
f 1804/2634/15 1791/2679/15 1845/2678/15 1848/2682/15
f 1846/2680/16 1801/2631/16 1804/2634/16 1848/2682/16
f 1849/2683/19 1806/2636/19 1829/2661/19 1818/2649/19
f 1836/2668/21 1835/2667/21 1850/2684/21 1851/2685/21
f 1852/2686/21 1853/2687/21 1792/2672/21 1854/2688/21
f 1855/2689/15 1856/2690/15 1853/2687/15 1852/2686/15
f 1856/2690/16 1855/2689/16 1857/2691/16 1839/2671/16
f 1858/2692/19 1851/2685/19 1850/2684/19 1859/2693/19
f 1857/2691/19 1854/2688/19 1792/2672/19 1839/2671/19
f 1847/2681/16 1821/2653/16 1824/2656/16 1842/2675/16
f 1834/2666/16 1833/2665/16 1858/2692/16 1859/2693/16
f 1823/2655/11 1828/2660/11 1799/2642/11 1824/2656/11
f 1806/2636/14 1805/2635/14 1837/2669/14 1829/2661/14
f 1856/2690/11 1860/2694/11 1861/2695/11 1853/2687/11
f 1822/2654/14 1821/2653/14 1809/2639/14 1827/2659/14
f 1832/2664/21 1831/2663/21 1791/2679/21 1862/2696/21
f 1853/2687/21 1861/2695/21 1840/2673/21 1792/2672/21
f 1803/2633/14 1862/2696/14 1791/2679/14 1804/2634/14
f 1860/2694/16 1856/2690/16 1839/2671/16 1841/2674/16
f 1838/2670/21 1825/2657/21 1845/2678/21 1844/2677/21
f 1818/2649/21 1830/2662/21 1826/2658/21 1819/2650/21
f 1812/2643/16 1815/2646/16 1843/2676/16 1849/2683/16
f 1846/2680/16 1848/2682/16 1814/2645/16 1813/2644/16
f 1825/2657/15 1814/2645/15 1848/2682/15 1845/2678/15
f 1830/2662/15 1843/2676/15 1815/2646/15 1826/2658/15
f 1835/2667/11 1834/2666/11 1863/2697/11 1864/2698/11
f 1865/2699/14 1816/2647/14 1819/2650/14 1812/2643/14
f 1836/2668/21 1851/2685/21 1811/2641/21 1810/2640/21
f 1852/2686/21 1854/2688/21 1850/2684/21 1835/2667/21
f 1834/2666/16 1859/2693/16 1857/2691/16 1855/2689/16
f 1847/2681/16 1842/2675/16 1858/2692/16 1833/2665/16
f 1851/2685/19 1858/2692/19 1842/2675/19 1811/2641/19
f 1854/2688/19 1857/2691/19 1859/2693/19 1850/2684/19
f 1836/2668/21 1810/2640/21 1866/2700/21 1867/2701/21
f 1855/2689/14 1852/2686/14 1868/2702/14 1869/2703/14
f 1827/2659/21 1828/2660/21 1820/2652/21 1837/2669/21
f 1805/2635/16 1808/2638/16 1823/2655/16 1822/2654/16
f 1828/2660/11 1823/2655/11 1808/2638/11 1820/2652/11
f 1870/2704/16 1871/2705/16 1805/2635/16 1822/2654/16
f 1832/2664/21 1862/2696/21 1840/2673/21 1861/2695/21
f 1860/2694/16 1841/2674/16 1803/2633/16 1802/2632/16
f 1862/2696/14 1803/2633/14 1841/2674/14 1840/2673/14
f 1872/2706/16 1869/2703/16 1860/2694/16 1802/2632/16
f 1806/2636/16 1849/2683/16 1843/2676/16 1807/2637/16
f 1817/2648/11 1871/2705/11 1849/2683/11 1818/2649/11
f 1852/2686/21 1835/2667/21 1864/2698/21 1868/2702/21
f 1871/2705/15 1817/2648/15 1837/2669/15 1805/2635/15
f 1873/2707/21 1874/2708/21 1838/2670/21 1844/2677/21
f 1872/2706/14 1873/2707/14 1844/2677/14 1846/2680/14
f 1874/2708/11 1875/2709/11 1813/2644/11 1838/2670/11
f 1875/2709/16 1872/2706/16 1846/2680/16 1813/2644/16
f 1810/2640/11 1847/2681/11 1870/2704/11 1866/2700/11
f 1834/2666/16 1855/2689/16 1869/2703/16 1863/2697/16
f 1871/2705/16 1865/2699/16 1812/2643/16 1849/2683/16
f 1847/2681/16 1833/2665/16 1876/2710/16 1870/2704/16
f 1863/2697/16 1875/2709/16 1865/2699/16 1876/2710/16
f 1873/2707/15 1872/2706/15 1802/2632/15 1832/2664/15
f 1865/2699/16 1871/2705/16 1870/2704/16 1876/2710/16
f 1872/2706/16 1875/2709/16 1863/2697/16 1869/2703/16
f 1874/2708/21 1873/2707/21 1868/2702/21 1864/2698/21
f 1866/2700/19 1870/2704/19 1822/2654/19 1827/2659/19
f 1864/2698/19 1863/2697/19 1876/2710/19 1867/2701/19
f 1817/2648/21 1816/2647/21 1867/2701/21 1866/2700/21
f 1833/2665/14 1836/2668/14 1867/2701/14 1876/2710/14
f 1817/2648/21 1866/2700/21 1827/2659/21 1837/2669/21
f 1875/2709/15 1874/2708/15 1816/2647/15 1865/2699/15
f 1874/2708/21 1864/2698/21 1867/2701/21 1816/2647/21
f 1869/2703/19 1868/2702/19 1861/2695/19 1860/2694/19
f 1868/2702/21 1873/2707/21 1832/2664/21 1861/2695/21
f 1835/2711/16 1864/2712/16 1867/2713/16 1836/2714/16
f 1838/2715/16 1819/2716/16 1816/2717/16 1874/2718/16
f 1817/2719/16 1818/2720/16 1829/2721/16 1837/2722/16
f 1810/2723/16 1866/2724/16 1827/2725/16 1809/2726/16
f 1853/2727/16 1861/2728/16 1868/2729/16 1852/2730/16
f 1844/2731/16 1873/2732/16 1832/2733/16 1831/2734/16
f 1877/2735/11 1878/2736/11 1879/2737/11 1880/2738/11
f 1881/2739/48 1882/2740/48 1883/2741/48 1884/2742/48
f 1882/2740/49 1885/2743/49 1877/2735/49 1883/2741/49
f 1886/2744/53 1881/2739/53 1884/2742/53 1878/2736/53
f 1885/2745/51 1886/2746/51 1878/2747/51 1877/2748/51
f 1884/2742/14 1883/2741/14 1887/2749/14 1888/2750/14
f 1883/2741/15 1877/2735/15 1880/2738/15 1887/2749/15
f 1878/2736/19 1884/2742/19 1888/2750/19 1879/2737/19
f 1889/2751/16 1890/2752/16 1891/2753/16 1892/2754/16
f 1893/2755/16 1894/2756/16 1895/2757/16 1896/2758/16
f 1897/2759/21 1898/2760/21 1899/2761/21 1887/2762/21
f 1900/2763/16 1901/2764/16 1902/2765/16 1903/2766/16
f 1904/2767/21 1905/2768/21 1906/2769/21 1907/2770/21
f 1895/2757/11 1888/2771/11 1908/2772/11 1896/2758/11
f 1909/2773/16 1910/2774/16 1911/2775/16 1912/2776/16
f 1902/2765/15 1913/2777/15 1914/2778/15 1903/2766/15
f 1915/2779/21 1897/2759/21 1887/2762/21 1916/2780/21
f 1906/2769/21 1917/2781/21 1888/2771/21 1918/2782/21
f 1890/2752/11 1889/2751/11 1919/2783/11 1920/2784/11
f 1921/2785/15 1922/2786/15 1923/2787/15 1924/2788/15
f 1917/2781/21 1925/2789/21 1908/2772/21 1888/2771/21
f 1926/2790/21 1907/2770/21 1914/2778/21 1913/2777/21
f 1927/2791/14 1880/2792/14 1928/2793/14 1929/2794/14
f 1912/2776/19 1887/2762/19 1899/2761/19 1930/2795/19
f 1931/2796/15 1918/2782/15 1888/2771/15 1895/2757/15
f 1919/2783/21 1932/2797/21 1933/2798/21 1879/2799/21
f 1901/2764/19 1900/2763/19 1907/2770/19 1926/2790/19
f 1889/2751/19 1934/2800/19 1932/2797/19 1919/2783/19
f 1909/2773/15 1935/2801/15 1898/2760/15 1897/2759/15
f 1892/2754/15 1879/2799/15 1933/2798/15 1936/2802/15
f 1934/2800/16 1889/2751/16 1892/2754/16 1936/2802/16
f 1937/2803/19 1894/2756/19 1917/2781/19 1906/2769/19
f 1924/2788/21 1923/2787/21 1938/2804/21 1939/2805/21
f 1940/2806/21 1941/2807/21 1880/2792/21 1942/2808/21
f 1943/2809/15 1944/2810/15 1941/2807/15 1940/2806/15
f 1944/2810/16 1943/2809/16 1945/2811/16 1927/2791/16
f 1946/2812/19 1939/2805/19 1938/2804/19 1947/2813/19
f 1945/2811/19 1942/2808/19 1880/2792/19 1927/2791/19
f 1935/2801/16 1909/2773/16 1912/2776/16 1930/2795/16
f 1922/2786/16 1921/2785/16 1946/2812/16 1947/2813/16
f 1911/2775/11 1916/2780/11 1887/2762/11 1912/2776/11
f 1894/2756/14 1893/2755/14 1925/2789/14 1917/2781/14
f 1944/2810/11 1948/2814/11 1949/2815/11 1941/2807/11
f 1910/2774/14 1909/2773/14 1897/2759/14 1915/2779/14
f 1920/2784/21 1919/2783/21 1879/2799/21 1950/2816/21
f 1941/2807/21 1949/2815/21 1928/2793/21 1880/2792/21
f 1891/2753/14 1950/2816/14 1879/2799/14 1892/2754/14
f 1948/2814/16 1944/2810/16 1927/2791/16 1929/2794/16
f 1926/2790/21 1913/2777/21 1933/2798/21 1932/2797/21
f 1906/2769/21 1918/2782/21 1914/2778/21 1907/2770/21
f 1900/2763/16 1903/2766/16 1931/2796/16 1937/2803/16
f 1934/2800/16 1936/2802/16 1902/2765/16 1901/2764/16
f 1913/2777/15 1902/2765/15 1936/2802/15 1933/2798/15
f 1918/2782/15 1931/2796/15 1903/2766/15 1914/2778/15
f 1923/2787/11 1922/2786/11 1951/2817/11 1952/2818/11
f 1953/2819/14 1904/2767/14 1907/2770/14 1900/2763/14
f 1924/2788/21 1939/2805/21 1899/2761/21 1898/2760/21
f 1940/2806/21 1942/2808/21 1938/2804/21 1923/2787/21
f 1922/2786/16 1947/2813/16 1945/2811/16 1943/2809/16
f 1935/2801/16 1930/2795/16 1946/2812/16 1921/2785/16
f 1939/2805/19 1946/2812/19 1930/2795/19 1899/2761/19
f 1942/2808/19 1945/2811/19 1947/2813/19 1938/2804/19
f 1924/2788/21 1898/2760/21 1954/2820/21 1955/2821/21
f 1943/2809/14 1940/2806/14 1956/2822/14 1957/2823/14
f 1915/2779/21 1916/2780/21 1908/2772/21 1925/2789/21
f 1893/2755/16 1896/2758/16 1911/2775/16 1910/2774/16
f 1916/2780/11 1911/2775/11 1896/2758/11 1908/2772/11
f 1958/2824/16 1959/2825/16 1893/2755/16 1910/2774/16
f 1920/2784/21 1950/2816/21 1928/2793/21 1949/2815/21
f 1948/2814/16 1929/2794/16 1891/2753/16 1890/2752/16
f 1950/2816/14 1891/2753/14 1929/2794/14 1928/2793/14
f 1960/2826/16 1957/2823/16 1948/2814/16 1890/2752/16
f 1894/2756/16 1937/2803/16 1931/2796/16 1895/2757/16
f 1905/2768/11 1959/2825/11 1937/2803/11 1906/2769/11
f 1940/2806/21 1923/2787/21 1952/2818/21 1956/2822/21
f 1959/2825/15 1905/2768/15 1925/2789/15 1893/2755/15
f 1961/2827/21 1962/2828/21 1926/2790/21 1932/2797/21
f 1960/2826/14 1961/2827/14 1932/2797/14 1934/2800/14
f 1962/2828/11 1963/2829/11 1901/2764/11 1926/2790/11
f 1963/2829/16 1960/2826/16 1934/2800/16 1901/2764/16
f 1898/2760/11 1935/2801/11 1958/2824/11 1954/2820/11
f 1922/2786/16 1943/2809/16 1957/2823/16 1951/2817/16
f 1959/2825/16 1953/2819/16 1900/2763/16 1937/2803/16
f 1935/2801/16 1921/2785/16 1964/2830/16 1958/2824/16
f 1951/2817/16 1963/2829/16 1953/2819/16 1964/2830/16
f 1961/2827/15 1960/2826/15 1890/2752/15 1920/2784/15
f 1953/2819/16 1959/2825/16 1958/2824/16 1964/2830/16
f 1960/2826/16 1963/2829/16 1951/2817/16 1957/2823/16
f 1962/2828/21 1961/2827/21 1956/2822/21 1952/2818/21
f 1954/2820/19 1958/2824/19 1910/2774/19 1915/2779/19
f 1952/2818/19 1951/2817/19 1964/2830/19 1955/2821/19
f 1905/2768/21 1904/2767/21 1955/2821/21 1954/2820/21
f 1921/2785/14 1924/2788/14 1955/2821/14 1964/2830/14
f 1905/2768/21 1954/2820/21 1915/2779/21 1925/2789/21
f 1963/2829/15 1962/2828/15 1904/2767/15 1953/2819/15
f 1962/2828/21 1952/2818/21 1955/2821/21 1904/2767/21
f 1957/2823/19 1956/2822/19 1949/2815/19 1948/2814/19
f 1956/2822/21 1961/2827/21 1920/2784/21 1949/2815/21
f 1923/2831/16 1952/2832/16 1955/2833/16 1924/2834/16
f 1926/2835/16 1907/2836/16 1904/2837/16 1962/2838/16
f 1905/2839/16 1906/2840/16 1917/2841/16 1925/2842/16
f 1898/2843/16 1954/2844/16 1915/2845/16 1897/2846/16
f 1941/2847/16 1949/2848/16 1956/2849/16 1940/2850/16
f 1932/2851/16 1961/2852/16 1920/2853/16 1919/2854/16
f 1710/2504/16 1797/2623/16 1794/2620/16 1705/2499/16
f 1798/2624/16 1885/2743/16 1882/2740/16 1793/2619/16
f 1709/2503/16 1706/2500/16 1700/2494/16 1699/2493/16
f 1881/2739/16 1886/2744/16 1965/2855/16 1966/2856/16
f 1798/2626/16 1797/2625/16 1422/2857/16 1425/2858/16
f 1710/2506/16 1709/2505/16 1417/2859/16 1423/2860/16
f 1709/2505/16 1699/2861/16 1418/2862/16 1417/2859/16
f 1437/2135/19 1526/2256/19 1967/2863/19 1968/2864/19
f 1529/2261/19 1442/2142/19 1403/2865/19 1402/2866/19
f 1614/2376/19 1613/2375/19 1969/2867/19 1970/2868/19
f 1881/2739/16 1966/2856/16 1971/2869/16 1972/2870/16
f 1525/2255/19 1614/2376/19 1970/2868/19 1973/2871/19
f 1526/2256/19 1525/2255/19 1973/2871/19 1967/2863/19
f 1965/2872/16 1886/2746/16 1409/2873/16 1408/2874/16
f 1617/2381/19 1530/2262/19 1410/2875/19 1407/2876/19
f 1618/2382/19 1617/2381/19 1407/2876/19 1406/2877/19
f 1438/2136/19 1437/2135/19 1968/2864/19 1974/2878/19
f 1530/2262/19 1529/2261/19 1402/2866/19 1410/2875/19
f 1700/2494/16 1706/2500/16 1975/2879/16 1976/2880/16
f 1442/2142/19 1441/2141/19 1416/2881/19 1403/2865/19
f 1441/2141/19 1698/2882/19 1421/2883/19 1416/2881/19
f 1697/2491/19 1438/2136/19 1974/2878/19 1977/2884/19
f 1705/2499/16 1794/2620/16 1978/2885/16 1979/2886/16
f 1882/2740/16 1881/2739/16 1972/2870/16 1980/2887/16
f 1613/2375/19 1700/2494/19 1976/2880/19 1969/2867/19
f 1797/2625/16 1710/2506/16 1423/2860/16 1422/2857/16
f 1794/2620/16 1793/2619/16 1981/2888/16 1978/2885/16
f 1699/2861/19 1618/2382/19 1406/2877/19 1418/2862/19
f 1793/2619/16 1882/2740/16 1980/2887/16 1981/2888/16
f 1706/2500/16 1705/2499/16 1979/2886/16 1975/2879/16
f 1885/2745/16 1798/2626/16 1425/2858/16 1424/2889/16
f 1886/2746/16 1885/2745/16 1424/2889/16 1409/2873/16
f 1982/2890/21 1432/2130/21 1431/2129/21 1983/2891/21
f 1984/2892/21 1982/2893/21 1983/2894/21 1985/2895/21
f 1986/2896/21 1984/2892/21 1985/2895/21 1987/2897/21
f 1988/2898/11 1989/2899/11 1990/2900/11 1991/2901/11
f 1992/2902/27 1993/2903/27 1994/2904/27 1995/2905/27
f 1993/2903/33 1996/2906/33 1988/2898/33 1994/2904/33
f 1997/2907/28 1992/2902/28 1995/2905/28 1989/2899/28
f 1996/2908/29 1997/2909/29 1989/2910/29 1988/2911/29
f 1995/2905/14 1994/2904/14 1998/2912/14 1999/2913/14
f 1994/2904/16 1988/2898/16 1991/2901/16 1998/2912/16
f 1989/2899/21 1995/2905/21 1999/2913/21 1990/2900/21
f 2000/2914/19 2001/2915/19 2002/2916/19 2003/2917/19
f 2004/2918/19 2005/2919/19 2006/2920/19 2007/2921/19
f 2008/2922/15 2009/2923/15 2010/2924/15 1998/2925/15
f 2011/2926/19 2012/2927/19 2013/2928/19 2014/2929/19
f 2015/2930/15 2016/2931/15 2017/2932/15 2018/2933/15
f 2006/2920/11 1999/2934/11 2019/2935/11 2007/2921/11
f 2020/2936/19 2021/2937/19 2022/2938/19 2023/2939/19
f 2013/2928/16 2024/2940/16 2025/2941/16 2014/2929/16
f 2026/2942/15 2008/2922/15 1998/2925/15 2027/2943/15
f 2017/2932/15 2028/2944/15 1999/2934/15 2029/2945/15
f 2001/2915/11 2000/2914/11 2030/2946/11 2031/2947/11
f 2032/2948/16 2033/2949/16 2034/2950/16 2035/2951/16
f 2028/2944/15 2036/2952/15 2019/2935/15 1999/2934/15
f 2037/2953/15 2018/2933/15 2025/2941/15 2024/2940/15
f 2038/2954/14 1991/2955/14 2039/2956/14 2040/2957/14
f 2023/2939/21 1998/2925/21 2010/2924/21 2041/2958/21
f 2042/2959/16 2029/2945/16 1999/2934/16 2006/2920/16
f 2030/2946/15 2043/2960/15 2044/2961/15 1990/2962/15
f 2012/2927/21 2011/2926/21 2018/2933/21 2037/2953/21
f 2000/2914/21 2045/2963/21 2043/2960/21 2030/2946/21
f 2020/2936/16 2046/2964/16 2009/2923/16 2008/2922/16
f 2003/2917/16 1990/2962/16 2044/2961/16 2047/2965/16
f 2045/2963/19 2000/2914/19 2003/2917/19 2047/2965/19
f 2048/2966/21 2005/2919/21 2028/2944/21 2017/2932/21
f 2035/2951/15 2034/2950/15 2049/2967/15 2050/2968/15
f 2051/2969/15 2052/2970/15 1991/2955/15 2053/2971/15
f 2054/2972/16 2055/2973/16 2052/2970/16 2051/2969/16
f 2055/2973/19 2054/2972/19 2056/2974/19 2038/2954/19
f 2057/2975/21 2050/2968/21 2049/2967/21 2058/2976/21
f 2056/2974/21 2053/2971/21 1991/2955/21 2038/2954/21
f 2046/2964/19 2020/2936/19 2023/2939/19 2041/2958/19
f 2033/2949/19 2032/2948/19 2057/2975/19 2058/2976/19
f 2022/2938/11 2027/2943/11 1998/2925/11 2023/2939/11
f 2005/2919/14 2004/2918/14 2036/2952/14 2028/2944/14
f 2055/2973/11 2059/2977/11 2060/2978/11 2052/2970/11
f 2021/2937/14 2020/2936/14 2008/2922/14 2026/2942/14
f 2031/2947/15 2030/2946/15 1990/2962/15 2061/2979/15
f 2052/2970/15 2060/2978/15 2039/2956/15 1991/2955/15
f 2002/2916/14 2061/2979/14 1990/2962/14 2003/2917/14
f 2059/2977/19 2055/2973/19 2038/2954/19 2040/2957/19
f 2037/2953/15 2024/2940/15 2044/2961/15 2043/2960/15
f 2017/2932/15 2029/2945/15 2025/2941/15 2018/2933/15
f 2011/2926/19 2014/2929/19 2042/2959/19 2048/2966/19
f 2045/2963/19 2047/2965/19 2013/2928/19 2012/2927/19
f 2024/2940/16 2013/2928/16 2047/2965/16 2044/2961/16
f 2029/2945/16 2042/2959/16 2014/2929/16 2025/2941/16
f 2034/2950/11 2033/2949/11 2062/2980/11 2063/2981/11
f 2064/2982/14 2015/2930/14 2018/2933/14 2011/2926/14
f 2035/2951/15 2050/2968/15 2010/2924/15 2009/2923/15
f 2051/2969/15 2053/2971/15 2049/2967/15 2034/2950/15
f 2033/2949/19 2058/2976/19 2056/2974/19 2054/2972/19
f 2046/2964/19 2041/2958/19 2057/2975/19 2032/2948/19
f 2050/2968/21 2057/2975/21 2041/2958/21 2010/2924/21
f 2053/2971/21 2056/2974/21 2058/2976/21 2049/2967/21
f 2035/2951/15 2009/2923/15 2065/2983/15 2066/2984/15
f 2054/2972/14 2051/2969/14 2067/2985/14 2068/2986/14
f 2026/2942/15 2027/2943/15 2019/2935/15 2036/2952/15
f 2004/2918/19 2007/2921/19 2022/2938/19 2021/2937/19
f 2027/2943/11 2022/2938/11 2007/2921/11 2019/2935/11
f 2069/2987/19 2070/2988/19 2004/2918/19 2021/2937/19
f 2031/2947/15 2061/2979/15 2039/2956/15 2060/2978/15
f 2059/2977/19 2040/2957/19 2002/2916/19 2001/2915/19
f 2061/2979/14 2002/2916/14 2040/2957/14 2039/2956/14
f 2071/2989/19 2068/2986/19 2059/2977/19 2001/2915/19
f 2005/2919/19 2048/2966/19 2042/2959/19 2006/2920/19
f 2016/2931/11 2070/2988/11 2048/2966/11 2017/2932/11
f 2051/2969/15 2034/2950/15 2063/2981/15 2067/2985/15
f 2070/2988/16 2016/2931/16 2036/2952/16 2004/2918/16
f 2072/2990/15 2073/2991/15 2037/2953/15 2043/2960/15
f 2071/2989/14 2072/2990/14 2043/2960/14 2045/2963/14
f 2073/2991/11 2074/2992/11 2012/2927/11 2037/2953/11
f 2074/2992/19 2071/2989/19 2045/2963/19 2012/2927/19
f 2009/2923/11 2046/2964/11 2069/2987/11 2065/2983/11
f 2033/2949/19 2054/2972/19 2068/2986/19 2062/2980/19
f 2070/2988/19 2064/2982/19 2011/2926/19 2048/2966/19
f 2046/2964/19 2032/2948/19 2075/2993/19 2069/2987/19
f 2062/2980/19 2074/2992/19 2064/2982/19 2075/2993/19
f 2072/2990/16 2071/2989/16 2001/2915/16 2031/2947/16
f 2064/2982/19 2070/2988/19 2069/2987/19 2075/2993/19
f 2071/2989/19 2074/2992/19 2062/2980/19 2068/2986/19
f 2073/2991/15 2072/2990/15 2067/2985/15 2063/2981/15
f 2065/2983/21 2069/2987/21 2021/2937/21 2026/2942/21
f 2063/2981/21 2062/2980/21 2075/2993/21 2066/2984/21
f 2016/2931/15 2015/2930/15 2066/2984/15 2065/2983/15
f 2032/2948/14 2035/2951/14 2066/2984/14 2075/2993/14
f 2016/2931/15 2065/2983/15 2026/2942/15 2036/2952/15
f 2074/2992/16 2073/2991/16 2015/2930/16 2064/2982/16
f 2073/2991/15 2063/2981/15 2066/2984/15 2015/2930/15
f 2068/2986/21 2067/2985/21 2060/2978/21 2059/2977/21
f 2067/2985/15 2072/2990/15 2031/2947/15 2060/2978/15
f 2034/2994/19 2063/2995/19 2066/2996/19 2035/2997/19
f 2037/2998/19 2018/2999/19 2015/3000/19 2073/3001/19
f 2016/3002/19 2017/3003/19 2028/3004/19 2036/3005/19
f 2009/3006/19 2065/3007/19 2026/3008/19 2008/3009/19
f 2052/3010/19 2060/3011/19 2067/3012/19 2051/3013/19
f 2043/3014/19 2072/3015/19 2031/3016/19 2030/3017/19
f 2076/3018/11 2077/3019/11 2078/3020/11 2079/3021/11
f 2080/3022/27 2081/3023/27 2082/3024/27 2083/3025/27
f 2081/3023/42 2084/3026/42 2076/3018/42 2082/3024/42
f 2085/3027/28 2080/3022/28 2083/3025/28 2077/3019/28
f 2084/3028/29 2085/3029/29 2077/3030/29 2076/3031/29
f 2083/3025/14 2082/3024/14 2086/3032/14 2087/3033/14
f 2082/3024/16 2076/3018/16 2079/3021/16 2086/3032/16
f 2077/3019/21 2083/3025/21 2087/3033/21 2078/3020/21
f 2088/3034/19 2089/3035/19 2090/3036/19 2091/3037/19
f 2092/3038/19 2093/3039/19 2094/3040/19 2095/3041/19
f 2096/3042/15 2097/3043/15 2098/3044/15 2086/3045/15
f 2099/3046/19 2100/3047/19 2101/3048/19 2102/3049/19
f 2103/3050/15 2104/3051/15 2105/3052/15 2106/3053/15
f 2094/3040/11 2087/3054/11 2107/3055/11 2095/3041/11
f 2108/3056/19 2109/3057/19 2110/3058/19 2111/3059/19
f 2101/3048/16 2112/3060/16 2113/3061/16 2102/3049/16
f 2114/3062/15 2096/3042/15 2086/3045/15 2115/3063/15
f 2105/3052/15 2116/3064/15 2087/3054/15 2117/3065/15
f 2089/3035/11 2088/3034/11 2118/3066/11 2119/3067/11
f 2120/3068/16 2121/3069/16 2122/3070/16 2123/3071/16
f 2116/3064/15 2124/3072/15 2107/3055/15 2087/3054/15
f 2125/3073/15 2106/3053/15 2113/3061/15 2112/3060/15
f 2126/3074/14 2079/3075/14 2127/3076/14 2128/3077/14
f 2111/3059/21 2086/3045/21 2098/3044/21 2129/3078/21
f 2130/3079/16 2117/3065/16 2087/3054/16 2094/3040/16
f 2118/3066/15 2131/3080/15 2132/3081/15 2078/3082/15
f 2100/3047/21 2099/3046/21 2106/3053/21 2125/3073/21
f 2088/3034/21 2133/3083/21 2131/3080/21 2118/3066/21
f 2108/3056/16 2134/3084/16 2097/3043/16 2096/3042/16
f 2091/3037/16 2078/3082/16 2132/3081/16 2135/3085/16
f 2133/3083/19 2088/3034/19 2091/3037/19 2135/3085/19
f 2136/3086/21 2093/3039/21 2116/3064/21 2105/3052/21
f 2123/3071/15 2122/3070/15 2137/3087/15 2138/3088/15
f 2139/3089/15 2140/3090/15 2079/3075/15 2141/3091/15
f 2142/3092/16 2143/3093/16 2140/3090/16 2139/3089/16
f 2143/3093/19 2142/3092/19 2144/3094/19 2126/3074/19
f 2145/3095/21 2138/3088/21 2137/3087/21 2146/3096/21
f 2144/3094/21 2141/3091/21 2079/3075/21 2126/3074/21
f 2134/3084/19 2108/3056/19 2111/3059/19 2129/3078/19
f 2121/3069/19 2120/3068/19 2145/3095/19 2146/3096/19
f 2110/3058/11 2115/3063/11 2086/3045/11 2111/3059/11
f 2093/3039/14 2092/3038/14 2124/3072/14 2116/3064/14
f 2143/3093/11 2147/3097/11 2148/3098/11 2140/3090/11
f 2109/3057/14 2108/3056/14 2096/3042/14 2114/3062/14
f 2119/3067/15 2118/3066/15 2078/3082/15 2149/3099/15
f 2140/3090/15 2148/3098/15 2127/3076/15 2079/3075/15
f 2090/3036/14 2149/3099/14 2078/3082/14 2091/3037/14
f 2147/3097/19 2143/3093/19 2126/3074/19 2128/3077/19
f 2125/3073/15 2112/3060/15 2132/3081/15 2131/3080/15
f 2105/3052/15 2117/3065/15 2113/3061/15 2106/3053/15
f 2099/3046/19 2102/3049/19 2130/3079/19 2136/3086/19
f 2133/3083/19 2135/3085/19 2101/3048/19 2100/3047/19
f 2112/3060/16 2101/3048/16 2135/3085/16 2132/3081/16
f 2117/3065/16 2130/3079/16 2102/3049/16 2113/3061/16
f 2122/3070/11 2121/3069/11 2150/3100/11 2151/3101/11
f 2152/3102/14 2103/3050/14 2106/3053/14 2099/3046/14
f 2123/3071/15 2138/3088/15 2098/3044/15 2097/3043/15
f 2139/3089/15 2141/3091/15 2137/3087/15 2122/3070/15
f 2121/3069/19 2146/3096/19 2144/3094/19 2142/3092/19
f 2134/3084/19 2129/3078/19 2145/3095/19 2120/3068/19
f 2138/3088/21 2145/3095/21 2129/3078/21 2098/3044/21
f 2141/3091/21 2144/3094/21 2146/3096/21 2137/3087/21
f 2123/3071/15 2097/3043/15 2153/3103/15 2154/3104/15
f 2142/3092/14 2139/3089/14 2155/3105/14 2156/3106/14
f 2114/3062/15 2115/3063/15 2107/3055/15 2124/3072/15
f 2092/3038/19 2095/3041/19 2110/3058/19 2109/3057/19
f 2115/3063/11 2110/3058/11 2095/3041/11 2107/3055/11
f 2157/3107/19 2158/3108/19 2092/3038/19 2109/3057/19
f 2119/3067/15 2149/3099/15 2127/3076/15 2148/3098/15
f 2147/3097/19 2128/3077/19 2090/3036/19 2089/3035/19
f 2149/3099/14 2090/3036/14 2128/3077/14 2127/3076/14
f 2159/3109/19 2156/3106/19 2147/3097/19 2089/3035/19
f 2093/3039/19 2136/3086/19 2130/3079/19 2094/3040/19
f 2104/3051/11 2158/3108/11 2136/3086/11 2105/3052/11
f 2139/3089/15 2122/3070/15 2151/3101/15 2155/3105/15
f 2158/3108/16 2104/3051/16 2124/3072/16 2092/3038/16
f 2160/3110/15 2161/3111/15 2125/3073/15 2131/3080/15
f 2159/3109/14 2160/3110/14 2131/3080/14 2133/3083/14
f 2161/3111/11 2162/3112/11 2100/3047/11 2125/3073/11
f 2162/3112/19 2159/3109/19 2133/3083/19 2100/3047/19
f 2097/3043/11 2134/3084/11 2157/3107/11 2153/3103/11
f 2121/3069/19 2142/3092/19 2156/3106/19 2150/3100/19
f 2158/3108/19 2152/3102/19 2099/3046/19 2136/3086/19
f 2134/3084/19 2120/3068/19 2163/3113/19 2157/3107/19
f 2150/3100/19 2162/3112/19 2152/3102/19 2163/3113/19
f 2160/3110/16 2159/3109/16 2089/3035/16 2119/3067/16
f 2152/3102/19 2158/3108/19 2157/3107/19 2163/3113/19
f 2159/3109/19 2162/3112/19 2150/3100/19 2156/3106/19
f 2161/3111/15 2160/3110/15 2155/3105/15 2151/3101/15
f 2153/3103/21 2157/3107/21 2109/3057/21 2114/3062/21
f 2151/3101/21 2150/3100/21 2163/3113/21 2154/3104/21
f 2104/3051/15 2103/3050/15 2154/3104/15 2153/3103/15
f 2120/3068/14 2123/3071/14 2154/3104/14 2163/3113/14
f 2104/3051/15 2153/3103/15 2114/3062/15 2124/3072/15
f 2162/3112/16 2161/3111/16 2103/3050/16 2152/3102/16
f 2161/3111/15 2151/3101/15 2154/3104/15 2103/3050/15
f 2156/3106/21 2155/3105/21 2148/3098/21 2147/3097/21
f 2155/3105/15 2160/3110/15 2119/3067/15 2148/3098/15
f 2122/3114/19 2151/3115/19 2154/3116/19 2123/3117/19
f 2125/3118/19 2106/3119/19 2103/3120/19 2161/3121/19
f 2104/3122/19 2105/3123/19 2116/3124/19 2124/3125/19
f 2097/3126/19 2153/3127/19 2114/3128/19 2096/3129/19
f 2140/3130/19 2148/3131/19 2155/3132/19 2139/3133/19
f 2131/3134/19 2160/3135/19 2119/3136/19 2118/3137/19
f 2164/3138/11 2165/3139/11 2166/3140/11 2167/3141/11
f 2168/3142/27 2169/3143/27 2170/3144/27 2171/3145/27
f 2169/3143/33 2172/3146/33 2164/3138/33 2170/3144/33
f 2173/3147/28 2168/3142/28 2171/3145/28 2165/3139/28
f 2172/3148/29 2173/3149/29 2165/3150/29 2164/3151/29
f 2171/3145/14 2170/3144/14 2174/3152/14 2175/3153/14
f 2170/3144/16 2164/3138/16 2167/3141/16 2174/3152/16
f 2165/3139/21 2171/3145/21 2175/3153/21 2166/3140/21
f 2176/3154/19 2177/3155/19 2178/3156/19 2179/3157/19
f 2180/3158/19 2181/3159/19 2182/3160/19 2183/3161/19
f 2184/3162/15 2185/3163/15 2186/3164/15 2174/3165/15
f 2187/3166/19 2188/3167/19 2189/3168/19 2190/3169/19
f 2191/3170/15 2192/3171/15 2193/3172/15 2194/3173/15
f 2182/3160/11 2175/3174/11 2195/3175/11 2183/3161/11
f 2196/3176/19 2197/3177/19 2198/3178/19 2199/3179/19
f 2189/3168/16 2200/3180/16 2201/3181/16 2190/3169/16
f 2202/3182/15 2184/3162/15 2174/3165/15 2203/3183/15
f 2193/3172/15 2204/3184/15 2175/3174/15 2205/3185/15
f 2177/3155/11 2176/3154/11 2206/3186/11 2207/3187/11
f 2208/3188/16 2209/3189/16 2210/3190/16 2211/3191/16
f 2204/3184/15 2212/3192/15 2195/3175/15 2175/3174/15
f 2213/3193/15 2194/3173/15 2201/3181/15 2200/3180/15
f 2214/3194/14 2167/3195/14 2215/3196/14 2216/3197/14
f 2199/3179/21 2174/3165/21 2186/3164/21 2217/3198/21
f 2218/3199/16 2205/3185/16 2175/3174/16 2182/3160/16
f 2206/3186/15 2219/3200/15 2220/3201/15 2166/3202/15
f 2188/3167/21 2187/3166/21 2194/3173/21 2213/3193/21
f 2176/3154/21 2221/3203/21 2219/3200/21 2206/3186/21
f 2196/3176/16 2222/3204/16 2185/3163/16 2184/3162/16
f 2179/3157/16 2166/3202/16 2220/3201/16 2223/3205/16
f 2221/3203/19 2176/3154/19 2179/3157/19 2223/3205/19
f 2224/3206/21 2181/3159/21 2204/3184/21 2193/3172/21
f 2211/3191/15 2210/3190/15 2225/3207/15 2226/3208/15
f 2227/3209/15 2228/3210/15 2167/3195/15 2229/3211/15
f 2230/3212/16 2231/3213/16 2228/3210/16 2227/3209/16
f 2231/3213/19 2230/3212/19 2232/3214/19 2214/3194/19
f 2233/3215/21 2226/3208/21 2225/3207/21 2234/3216/21
f 2232/3214/21 2229/3211/21 2167/3195/21 2214/3194/21
f 2222/3204/19 2196/3176/19 2199/3179/19 2217/3198/19
f 2209/3189/19 2208/3188/19 2233/3215/19 2234/3216/19
f 2198/3178/11 2203/3183/11 2174/3165/11 2199/3179/11
f 2181/3159/14 2180/3158/14 2212/3192/14 2204/3184/14
f 2231/3213/11 2235/3217/11 2236/3218/11 2228/3210/11
f 2197/3177/14 2196/3176/14 2184/3162/14 2202/3182/14
f 2207/3187/15 2206/3186/15 2166/3202/15 2237/3219/15
f 2228/3210/15 2236/3218/15 2215/3196/15 2167/3195/15
f 2178/3156/14 2237/3219/14 2166/3202/14 2179/3157/14
f 2235/3217/19 2231/3213/19 2214/3194/19 2216/3197/19
f 2213/3193/15 2200/3180/15 2220/3201/15 2219/3200/15
f 2193/3172/15 2205/3185/15 2201/3181/15 2194/3173/15
f 2187/3166/19 2190/3169/19 2218/3199/19 2224/3206/19
f 2221/3203/19 2223/3205/19 2189/3168/19 2188/3167/19
f 2200/3180/16 2189/3168/16 2223/3205/16 2220/3201/16
f 2205/3185/16 2218/3199/16 2190/3169/16 2201/3181/16
f 2210/3190/11 2209/3189/11 2238/3220/11 2239/3221/11
f 2240/3222/14 2191/3170/14 2194/3173/14 2187/3166/14
f 2211/3191/15 2226/3208/15 2186/3164/15 2185/3163/15
f 2227/3209/15 2229/3211/15 2225/3207/15 2210/3190/15
f 2209/3189/19 2234/3216/19 2232/3214/19 2230/3212/19
f 2222/3204/19 2217/3198/19 2233/3215/19 2208/3188/19
f 2226/3208/21 2233/3215/21 2217/3198/21 2186/3164/21
f 2229/3211/21 2232/3214/21 2234/3216/21 2225/3207/21
f 2211/3191/15 2185/3163/15 2241/3223/15 2242/3224/15
f 2230/3212/14 2227/3209/14 2243/3225/14 2244/3226/14
f 2202/3182/15 2203/3183/15 2195/3175/15 2212/3192/15
f 2180/3158/19 2183/3161/19 2198/3178/19 2197/3177/19
f 2203/3183/11 2198/3178/11 2183/3161/11 2195/3175/11
f 2245/3227/19 2246/3228/19 2180/3158/19 2197/3177/19
f 2207/3187/15 2237/3219/15 2215/3196/15 2236/3218/15
f 2235/3217/19 2216/3197/19 2178/3156/19 2177/3155/19
f 2237/3219/14 2178/3156/14 2216/3197/14 2215/3196/14
f 2247/3229/19 2244/3226/19 2235/3217/19 2177/3155/19
f 2181/3159/19 2224/3206/19 2218/3199/19 2182/3160/19
f 2192/3171/11 2246/3228/11 2224/3206/11 2193/3172/11
f 2227/3209/15 2210/3190/15 2239/3221/15 2243/3225/15
f 2246/3228/16 2192/3171/16 2212/3192/16 2180/3158/16
f 2248/3230/15 2249/3231/15 2213/3193/15 2219/3200/15
f 2247/3229/14 2248/3230/14 2219/3200/14 2221/3203/14
f 2249/3231/11 2250/3232/11 2188/3167/11 2213/3193/11
f 2250/3232/19 2247/3229/19 2221/3203/19 2188/3167/19
f 2185/3163/11 2222/3204/11 2245/3227/11 2241/3223/11
f 2209/3189/19 2230/3212/19 2244/3226/19 2238/3220/19
f 2246/3228/19 2240/3222/19 2187/3166/19 2224/3206/19
f 2222/3204/19 2208/3188/19 2251/3233/19 2245/3227/19
f 2238/3220/19 2250/3232/19 2240/3222/19 2251/3233/19
f 2248/3230/16 2247/3229/16 2177/3155/16 2207/3187/16
f 2240/3222/19 2246/3228/19 2245/3227/19 2251/3233/19
f 2247/3229/19 2250/3232/19 2238/3220/19 2244/3226/19
f 2249/3231/15 2248/3230/15 2243/3225/15 2239/3221/15
f 2241/3223/21 2245/3227/21 2197/3177/21 2202/3182/21
f 2239/3221/21 2238/3220/21 2251/3233/21 2242/3224/21
f 2192/3171/15 2191/3170/15 2242/3224/15 2241/3223/15
f 2208/3188/14 2211/3191/14 2242/3224/14 2251/3233/14
f 2192/3171/15 2241/3223/15 2202/3182/15 2212/3192/15
f 2250/3232/16 2249/3231/16 2191/3170/16 2240/3222/16
f 2249/3231/15 2239/3221/15 2242/3224/15 2191/3170/15
f 2244/3226/21 2243/3225/21 2236/3218/21 2235/3217/21
f 2243/3225/15 2248/3230/15 2207/3187/15 2236/3218/15
f 2210/3234/19 2239/3235/19 2242/3236/19 2211/3237/19
f 2213/3238/19 2194/3239/19 2191/3240/19 2249/3241/19
f 2192/3242/19 2193/3243/19 2204/3244/19 2212/3245/19
f 2185/3246/19 2241/3247/19 2202/3248/19 2184/3249/19
f 2228/3250/19 2236/3251/19 2243/3252/19 2227/3253/19
f 2219/3254/19 2248/3255/19 2207/3256/19 2206/3257/19
f 1997/2907/19 2084/3026/19 2081/3023/19 1992/2902/19
f 2085/3027/19 2172/3146/19 2169/3143/19 2080/3022/19
f 1996/2906/19 1993/2903/19 2252/3258/19 2253/3259/19
f 2168/3142/19 2173/3147/19 2254/3260/19 2255/3261/19
f 2256/3262/11 2257/3263/11 2258/3264/11 2259/3265/11
f 2260/3266/48 2261/3267/48 2262/3268/48 2263/3269/48
f 2261/3267/49 2264/3270/49 2256/3262/49 2262/3268/49
f 2265/3271/50 2260/3266/50 2263/3269/50 2257/3263/50
f 2264/3272/51 2265/3273/51 2257/3274/51 2256/3275/51
f 2263/3269/14 2262/3268/14 2266/3276/14 2267/3277/14
f 2262/3268/15 2256/3262/15 2259/3265/15 2266/3276/15
f 2257/3263/19 2263/3269/19 2267/3277/19 2258/3264/19
f 2268/3278/16 2269/3279/16 2270/3280/16 2271/3281/16
f 2272/3282/16 2273/3283/16 2274/3284/16 2275/3285/16
f 2276/3286/21 2277/3287/21 2278/3288/21 2266/3289/21
f 2279/3290/16 2280/3291/16 2281/3292/16 2282/3293/16
f 2283/3294/21 2284/3295/21 2285/3296/21 2286/3297/21
f 2274/3284/11 2267/3298/11 2287/3299/11 2275/3285/11
f 2288/3300/16 2289/3301/16 2290/3302/16 2291/3303/16
f 2281/3292/15 2292/3304/15 2293/3305/15 2282/3293/15
f 2294/3306/21 2276/3286/21 2266/3289/21 2295/3307/21
f 2285/3296/21 2296/3308/21 2267/3298/21 2297/3309/21
f 2269/3279/11 2268/3278/11 2298/3310/11 2299/3311/11
f 2300/3312/15 2301/3313/15 2302/3314/15 2303/3315/15
f 2296/3308/21 2304/3316/21 2287/3299/21 2267/3298/21
f 2305/3317/21 2286/3297/21 2293/3305/21 2292/3304/21
f 2306/3318/14 2259/3319/14 2307/3320/14 2308/3321/14
f 2291/3303/19 2266/3289/19 2278/3288/19 2309/3322/19
f 2310/3323/15 2297/3309/15 2267/3298/15 2274/3284/15
f 2298/3310/21 2311/3324/21 2312/3325/21 2258/3326/21
f 2280/3291/19 2279/3290/19 2286/3297/19 2305/3317/19
f 2268/3278/19 2313/3327/19 2311/3324/19 2298/3310/19
f 2288/3300/15 2314/3328/15 2277/3287/15 2276/3286/15
f 2271/3281/15 2258/3326/15 2312/3325/15 2315/3329/15
f 2313/3327/16 2268/3278/16 2271/3281/16 2315/3329/16
f 2316/3330/19 2273/3283/19 2296/3308/19 2285/3296/19
f 2303/3315/21 2302/3314/21 2317/3331/21 2318/3332/21
f 2319/3333/21 2320/3334/21 2259/3319/21 2321/3335/21
f 2322/3336/15 2323/3337/15 2320/3334/15 2319/3333/15
f 2323/3337/16 2322/3336/16 2324/3338/16 2306/3318/16
f 2325/3339/19 2318/3332/19 2317/3331/19 2326/3340/19
f 2324/3338/19 2321/3335/19 2259/3319/19 2306/3318/19
f 2314/3328/16 2288/3300/16 2291/3303/16 2309/3322/16
f 2301/3313/16 2300/3312/16 2325/3339/16 2326/3340/16
f 2290/3302/11 2295/3307/11 2266/3289/11 2291/3303/11
f 2273/3283/14 2272/3282/14 2304/3316/14 2296/3308/14
f 2323/3337/11 2327/3341/11 2328/3342/11 2320/3334/11
f 2289/3301/14 2288/3300/14 2276/3286/14 2294/3306/14
f 2299/3311/21 2298/3310/21 2258/3326/21 2329/3343/21
f 2320/3334/21 2328/3342/21 2307/3320/21 2259/3319/21
f 2270/3280/14 2329/3343/14 2258/3326/14 2271/3281/14
f 2327/3341/16 2323/3337/16 2306/3318/16 2308/3321/16
f 2305/3317/21 2292/3304/21 2312/3325/21 2311/3324/21
f 2285/3296/21 2297/3309/21 2293/3305/21 2286/3297/21
f 2279/3290/16 2282/3293/16 2310/3323/16 2316/3330/16
f 2313/3327/16 2315/3329/16 2281/3292/16 2280/3291/16
f 2292/3304/15 2281/3292/15 2315/3329/15 2312/3325/15
f 2297/3309/15 2310/3323/15 2282/3293/15 2293/3305/15
f 2302/3314/11 2301/3313/11 2330/3344/11 2331/3345/11
f 2332/3346/14 2283/3294/14 2286/3297/14 2279/3290/14
f 2303/3315/21 2318/3332/21 2278/3288/21 2277/3287/21
f 2319/3333/21 2321/3335/21 2317/3331/21 2302/3314/21
f 2301/3313/16 2326/3340/16 2324/3338/16 2322/3336/16
f 2314/3328/16 2309/3322/16 2325/3339/16 2300/3312/16
f 2318/3332/19 2325/3339/19 2309/3322/19 2278/3288/19
f 2321/3335/19 2324/3338/19 2326/3340/19 2317/3331/19
f 2303/3315/21 2277/3287/21 2333/3347/21 2334/3348/21
f 2322/3336/14 2319/3333/14 2335/3349/14 2336/3350/14
f 2294/3306/21 2295/3307/21 2287/3299/21 2304/3316/21
f 2272/3282/16 2275/3285/16 2290/3302/16 2289/3301/16
f 2295/3307/11 2290/3302/11 2275/3285/11 2287/3299/11
f 2337/3351/16 2338/3352/16 2272/3282/16 2289/3301/16
f 2299/3311/21 2329/3343/21 2307/3320/21 2328/3342/21
f 2327/3341/16 2308/3321/16 2270/3280/16 2269/3279/16
f 2329/3343/14 2270/3280/14 2308/3321/14 2307/3320/14
f 2339/3353/16 2336/3350/16 2327/3341/16 2269/3279/16
f 2273/3283/16 2316/3330/16 2310/3323/16 2274/3284/16
f 2284/3295/11 2338/3352/11 2316/3330/11 2285/3296/11
f 2319/3333/21 2302/3314/21 2331/3345/21 2335/3349/21
f 2338/3352/15 2284/3295/15 2304/3316/15 2272/3282/15
f 2340/3354/21 2341/3355/21 2305/3317/21 2311/3324/21
f 2339/3353/14 2340/3354/14 2311/3324/14 2313/3327/14
f 2341/3355/11 2342/3356/11 2280/3291/11 2305/3317/11
f 2342/3356/16 2339/3353/16 2313/3327/16 2280/3291/16
f 2277/3287/11 2314/3328/11 2337/3351/11 2333/3347/11
f 2301/3313/16 2322/3336/16 2336/3350/16 2330/3344/16
f 2338/3352/16 2332/3346/16 2279/3290/16 2316/3330/16
f 2314/3328/16 2300/3312/16 2343/3357/16 2337/3351/16
f 2330/3344/16 2342/3356/16 2332/3346/16 2343/3357/16
f 2340/3354/15 2339/3353/15 2269/3279/15 2299/3311/15
f 2332/3346/16 2338/3352/16 2337/3351/16 2343/3357/16
f 2339/3353/16 2342/3356/16 2330/3344/16 2336/3350/16
f 2341/3355/21 2340/3354/21 2335/3349/21 2331/3345/21
f 2333/3347/19 2337/3351/19 2289/3301/19 2294/3306/19
f 2331/3345/19 2330/3344/19 2343/3357/19 2334/3348/19
f 2284/3295/21 2283/3294/21 2334/3348/21 2333/3347/21
f 2300/3312/14 2303/3315/14 2334/3348/14 2343/3357/14
f 2284/3295/21 2333/3347/21 2294/3306/21 2304/3316/21
f 2342/3356/15 2341/3355/15 2283/3294/15 2332/3346/15
f 2341/3355/21 2331/3345/21 2334/3348/21 2283/3294/21
f 2336/3350/19 2335/3349/19 2328/3342/19 2327/3341/19
f 2335/3349/21 2340/3354/21 2299/3311/21 2328/3342/21
f 2302/3358/16 2331/3359/16 2334/3360/16 2303/3361/16
f 2305/3362/16 2286/3363/16 2283/3364/16 2341/3365/16
f 2284/3366/16 2285/3367/16 2296/3368/16 2304/3369/16
f 2277/3370/16 2333/3371/16 2294/3372/16 2276/3373/16
f 2320/3374/16 2328/3375/16 2335/3376/16 2319/3377/16
f 2311/3378/16 2340/3379/16 2299/3380/16 2298/3381/16
f 2344/3382/11 2345/3383/11 2346/3384/11 2347/3385/11
f 2348/3386/48 2349/3387/48 2350/3388/48 2351/3389/48
f 2349/3387/52 2352/3390/52 2344/3382/52 2350/3388/52
f 2353/3391/50 2348/3386/50 2351/3389/50 2345/3383/50
f 2352/3392/51 2353/3393/51 2345/3394/51 2344/3395/51
f 2351/3389/14 2350/3388/14 2354/3396/14 2355/3397/14
f 2350/3388/15 2344/3382/15 2347/3385/15 2354/3396/15
f 2345/3383/19 2351/3389/19 2355/3397/19 2346/3384/19
f 2356/3398/16 2357/3399/16 2358/3400/16 2359/3401/16
f 2360/3402/16 2361/3403/16 2362/3404/16 2363/3405/16
f 2364/3406/21 2365/3407/21 2366/3408/21 2354/3409/21
f 2367/3410/16 2368/3411/16 2369/3412/16 2370/3413/16
f 2371/3414/21 2372/3415/21 2373/3416/21 2374/3417/21
f 2362/3404/11 2355/3418/11 2375/3419/11 2363/3405/11
f 2376/3420/16 2377/3421/16 2378/3422/16 2379/3423/16
f 2369/3412/15 2380/3424/15 2381/3425/15 2370/3413/15
f 2382/3426/21 2364/3406/21 2354/3409/21 2383/3427/21
f 2373/3416/21 2384/3428/21 2355/3418/21 2385/3429/21
f 2357/3399/11 2356/3398/11 2386/3430/11 2387/3431/11
f 2388/3432/15 2389/3433/15 2390/3434/15 2391/3435/15
f 2384/3428/21 2392/3436/21 2375/3419/21 2355/3418/21
f 2393/3437/21 2374/3417/21 2381/3425/21 2380/3424/21
f 2394/3438/14 2347/3439/14 2395/3440/14 2396/3441/14
f 2379/3423/19 2354/3409/19 2366/3408/19 2397/3442/19
f 2398/3443/15 2385/3429/15 2355/3418/15 2362/3404/15
f 2386/3430/21 2399/3444/21 2400/3445/21 2346/3446/21
f 2368/3411/19 2367/3410/19 2374/3417/19 2393/3437/19
f 2356/3398/19 2401/3447/19 2399/3444/19 2386/3430/19
f 2376/3420/15 2402/3448/15 2365/3407/15 2364/3406/15
f 2359/3401/15 2346/3446/15 2400/3445/15 2403/3449/15
f 2401/3447/16 2356/3398/16 2359/3401/16 2403/3449/16
f 2404/3450/19 2361/3403/19 2384/3428/19 2373/3416/19
f 2391/3435/21 2390/3434/21 2405/3451/21 2406/3452/21
f 2407/3453/21 2408/3454/21 2347/3439/21 2409/3455/21
f 2410/3456/15 2411/3457/15 2408/3454/15 2407/3453/15
f 2411/3457/16 2410/3456/16 2412/3458/16 2394/3438/16
f 2413/3459/19 2406/3452/19 2405/3451/19 2414/3460/19
f 2412/3458/19 2409/3455/19 2347/3439/19 2394/3438/19
f 2402/3448/16 2376/3420/16 2379/3423/16 2397/3442/16
f 2389/3433/16 2388/3432/16 2413/3459/16 2414/3460/16
f 2378/3422/11 2383/3427/11 2354/3409/11 2379/3423/11
f 2361/3403/14 2360/3402/14 2392/3436/14 2384/3428/14
f 2411/3457/11 2415/3461/11 2416/3462/11 2408/3454/11
f 2377/3421/14 2376/3420/14 2364/3406/14 2382/3426/14
f 2387/3431/21 2386/3430/21 2346/3446/21 2417/3463/21
f 2408/3454/21 2416/3462/21 2395/3440/21 2347/3439/21
f 2358/3400/14 2417/3463/14 2346/3446/14 2359/3401/14
f 2415/3461/16 2411/3457/16 2394/3438/16 2396/3441/16
f 2393/3437/21 2380/3424/21 2400/3445/21 2399/3444/21
f 2373/3416/21 2385/3429/21 2381/3425/21 2374/3417/21
f 2367/3410/16 2370/3413/16 2398/3443/16 2404/3450/16
f 2401/3447/16 2403/3449/16 2369/3412/16 2368/3411/16
f 2380/3424/15 2369/3412/15 2403/3449/15 2400/3445/15
f 2385/3429/15 2398/3443/15 2370/3413/15 2381/3425/15
f 2390/3434/11 2389/3433/11 2418/3464/11 2419/3465/11
f 2420/3466/14 2371/3414/14 2374/3417/14 2367/3410/14
f 2391/3435/21 2406/3452/21 2366/3408/21 2365/3407/21
f 2407/3453/21 2409/3455/21 2405/3451/21 2390/3434/21
f 2389/3433/16 2414/3460/16 2412/3458/16 2410/3456/16
f 2402/3448/16 2397/3442/16 2413/3459/16 2388/3432/16
f 2406/3452/19 2413/3459/19 2397/3442/19 2366/3408/19
f 2409/3455/19 2412/3458/19 2414/3460/19 2405/3451/19
f 2391/3435/21 2365/3407/21 2421/3467/21 2422/3468/21
f 2410/3456/14 2407/3453/14 2423/3469/14 2424/3470/14
f 2382/3426/21 2383/3427/21 2375/3419/21 2392/3436/21
f 2360/3402/16 2363/3405/16 2378/3422/16 2377/3421/16
f 2383/3427/11 2378/3422/11 2363/3405/11 2375/3419/11
f 2425/3471/16 2426/3472/16 2360/3402/16 2377/3421/16
f 2387/3431/21 2417/3463/21 2395/3440/21 2416/3462/21
f 2415/3461/16 2396/3441/16 2358/3400/16 2357/3399/16
f 2417/3463/14 2358/3400/14 2396/3441/14 2395/3440/14
f 2427/3473/16 2424/3470/16 2415/3461/16 2357/3399/16
f 2361/3403/16 2404/3450/16 2398/3443/16 2362/3404/16
f 2372/3415/11 2426/3472/11 2404/3450/11 2373/3416/11
f 2407/3453/21 2390/3434/21 2419/3465/21 2423/3469/21
f 2426/3472/15 2372/3415/15 2392/3436/15 2360/3402/15
f 2428/3474/21 2429/3475/21 2393/3437/21 2399/3444/21
f 2427/3473/14 2428/3474/14 2399/3444/14 2401/3447/14
f 2429/3475/11 2430/3476/11 2368/3411/11 2393/3437/11
f 2430/3476/16 2427/3473/16 2401/3447/16 2368/3411/16
f 2365/3407/11 2402/3448/11 2425/3471/11 2421/3467/11
f 2389/3433/16 2410/3456/16 2424/3470/16 2418/3464/16
f 2426/3472/16 2420/3466/16 2367/3410/16 2404/3450/16
f 2402/3448/16 2388/3432/16 2431/3477/16 2425/3471/16
f 2418/3464/16 2430/3476/16 2420/3466/16 2431/3477/16
f 2428/3474/15 2427/3473/15 2357/3399/15 2387/3431/15
f 2420/3466/16 2426/3472/16 2425/3471/16 2431/3477/16
f 2427/3473/16 2430/3476/16 2418/3464/16 2424/3470/16
f 2429/3475/21 2428/3474/21 2423/3469/21 2419/3465/21
f 2421/3467/19 2425/3471/19 2377/3421/19 2382/3426/19
f 2419/3465/19 2418/3464/19 2431/3477/19 2422/3468/19
f 2372/3415/21 2371/3414/21 2422/3468/21 2421/3467/21
f 2388/3432/14 2391/3435/14 2422/3468/14 2431/3477/14
f 2372/3415/21 2421/3467/21 2382/3426/21 2392/3436/21
f 2430/3476/15 2429/3475/15 2371/3414/15 2420/3466/15
f 2429/3475/21 2419/3465/21 2422/3468/21 2371/3414/21
f 2424/3470/19 2423/3469/19 2416/3462/19 2415/3461/19
f 2423/3469/21 2428/3474/21 2387/3431/21 2416/3462/21
f 2390/3478/16 2419/3479/16 2422/3480/16 2391/3481/16
f 2393/3482/16 2374/3483/16 2371/3484/16 2429/3485/16
f 2372/3486/16 2373/3487/16 2384/3488/16 2392/3489/16
f 2365/3490/16 2421/3491/16 2382/3492/16 2364/3493/16
f 2408/3494/16 2416/3495/16 2423/3496/16 2407/3497/16
f 2399/3498/16 2428/3499/16 2387/3500/16 2386/3501/16
f 2432/3502/11 2433/3503/11 2434/3504/11 2435/3505/11
f 2436/3506/48 2437/3507/48 2438/3508/48 2439/3509/48
f 2437/3507/49 2440/3510/49 2432/3502/49 2438/3508/49
f 2441/3511/50 2436/3506/50 2439/3509/50 2433/3503/50
f 2440/3512/51 2441/3513/51 2433/3514/51 2432/3515/51
f 2439/3509/14 2438/3508/14 2442/3516/14 2443/3517/14
f 2438/3508/15 2432/3502/15 2435/3505/15 2442/3516/15
f 2433/3503/19 2439/3509/19 2443/3517/19 2434/3504/19
f 2444/3518/16 2445/3519/16 2446/3520/16 2447/3521/16
f 2448/3522/16 2449/3523/16 2450/3524/16 2451/3525/16
f 2452/3526/21 2453/3527/21 2454/3528/21 2442/3529/21
f 2455/3530/16 2456/3531/16 2457/3532/16 2458/3533/16
f 2459/3534/21 2460/3535/21 2461/3536/21 2462/3537/21
f 2450/3524/11 2443/3538/11 2463/3539/11 2451/3525/11
f 2464/3540/16 2465/3541/16 2466/3542/16 2467/3543/16
f 2457/3532/15 2468/3544/15 2469/3545/15 2458/3533/15
f 2470/3546/21 2452/3526/21 2442/3529/21 2471/3547/21
f 2461/3536/21 2472/3548/21 2443/3538/21 2473/3549/21
f 2445/3519/11 2444/3518/11 2474/3550/11 2475/3551/11
f 2476/3552/15 2477/3553/15 2478/3554/15 2479/3555/15
f 2472/3548/21 2480/3556/21 2463/3539/21 2443/3538/21
f 2481/3557/21 2462/3537/21 2469/3545/21 2468/3544/21
f 2482/3558/14 2435/3559/14 2483/3560/14 2484/3561/14
f 2467/3543/19 2442/3529/19 2454/3528/19 2485/3562/19
f 2486/3563/15 2473/3549/15 2443/3538/15 2450/3524/15
f 2474/3550/21 2487/3564/21 2488/3565/21 2434/3566/21
f 2456/3531/19 2455/3530/19 2462/3537/19 2481/3557/19
f 2444/3518/19 2489/3567/19 2487/3564/19 2474/3550/19
f 2464/3540/15 2490/3568/15 2453/3527/15 2452/3526/15
f 2447/3521/15 2434/3566/15 2488/3565/15 2491/3569/15
f 2489/3567/16 2444/3518/16 2447/3521/16 2491/3569/16
f 2492/3570/19 2449/3523/19 2472/3548/19 2461/3536/19
f 2479/3555/21 2478/3554/21 2493/3571/21 2494/3572/21
f 2495/3573/21 2496/3574/21 2435/3559/21 2497/3575/21
f 2498/3576/15 2499/3577/15 2496/3574/15 2495/3573/15
f 2499/3577/16 2498/3576/16 2500/3578/16 2482/3558/16
f 2501/3579/19 2494/3572/19 2493/3571/19 2502/3580/19
f 2500/3578/19 2497/3575/19 2435/3559/19 2482/3558/19
f 2490/3568/16 2464/3540/16 2467/3543/16 2485/3562/16
f 2477/3553/16 2476/3552/16 2501/3579/16 2502/3580/16
f 2466/3542/11 2471/3547/11 2442/3529/11 2467/3543/11
f 2449/3523/14 2448/3522/14 2480/3556/14 2472/3548/14
f 2499/3577/11 2503/3581/11 2504/3582/11 2496/3574/11
f 2465/3541/14 2464/3540/14 2452/3526/14 2470/3546/14
f 2475/3551/21 2474/3550/21 2434/3566/21 2505/3583/21
f 2496/3574/21 2504/3582/21 2483/3560/21 2435/3559/21
f 2446/3520/14 2505/3583/14 2434/3566/14 2447/3521/14
f 2503/3581/16 2499/3577/16 2482/3558/16 2484/3561/16
f 2481/3557/21 2468/3544/21 2488/3565/21 2487/3564/21
f 2461/3536/21 2473/3549/21 2469/3545/21 2462/3537/21
f 2455/3530/16 2458/3533/16 2486/3563/16 2492/3570/16
f 2489/3567/16 2491/3569/16 2457/3532/16 2456/3531/16
f 2468/3544/15 2457/3532/15 2491/3569/15 2488/3565/15
f 2473/3549/15 2486/3563/15 2458/3533/15 2469/3545/15
f 2478/3554/11 2477/3553/11 2506/3584/11 2507/3585/11
f 2508/3586/14 2459/3534/14 2462/3537/14 2455/3530/14
f 2479/3555/21 2494/3572/21 2454/3528/21 2453/3527/21
f 2495/3573/21 2497/3575/21 2493/3571/21 2478/3554/21
f 2477/3553/16 2502/3580/16 2500/3578/16 2498/3576/16
f 2490/3568/16 2485/3562/16 2501/3579/16 2476/3552/16
f 2494/3572/19 2501/3579/19 2485/3562/19 2454/3528/19
f 2497/3575/19 2500/3578/19 2502/3580/19 2493/3571/19
f 2479/3555/21 2453/3527/21 2509/3587/21 2510/3588/21
f 2498/3576/14 2495/3573/14 2511/3589/14 2512/3590/14
f 2470/3546/21 2471/3547/21 2463/3539/21 2480/3556/21
f 2448/3522/16 2451/3525/16 2466/3542/16 2465/3541/16
f 2471/3547/11 2466/3542/11 2451/3525/11 2463/3539/11
f 2513/3591/16 2514/3592/16 2448/3522/16 2465/3541/16
f 2475/3551/21 2505/3583/21 2483/3560/21 2504/3582/21
f 2503/3581/16 2484/3561/16 2446/3520/16 2445/3519/16
f 2505/3583/14 2446/3520/14 2484/3561/14 2483/3560/14
f 2515/3593/16 2512/3590/16 2503/3581/16 2445/3519/16
f 2449/3523/16 2492/3570/16 2486/3563/16 2450/3524/16
f 2460/3535/11 2514/3592/11 2492/3570/11 2461/3536/11
f 2495/3573/21 2478/3554/21 2507/3585/21 2511/3589/21
f 2514/3592/15 2460/3535/15 2480/3556/15 2448/3522/15
f 2516/3594/21 2517/3595/21 2481/3557/21 2487/3564/21
f 2515/3593/14 2516/3594/14 2487/3564/14 2489/3567/14
f 2517/3595/11 2518/3596/11 2456/3531/11 2481/3557/11
f 2518/3596/16 2515/3593/16 2489/3567/16 2456/3531/16
f 2453/3527/11 2490/3568/11 2513/3591/11 2509/3587/11
f 2477/3553/16 2498/3576/16 2512/3590/16 2506/3584/16
f 2514/3592/16 2508/3586/16 2455/3530/16 2492/3570/16
f 2490/3568/16 2476/3552/16 2519/3597/16 2513/3591/16
f 2506/3584/16 2518/3596/16 2508/3586/16 2519/3597/16
f 2516/3594/15 2515/3593/15 2445/3519/15 2475/3551/15
f 2508/3586/16 2514/3592/16 2513/3591/16 2519/3597/16
f 2515/3593/16 2518/3596/16 2506/3584/16 2512/3590/16
f 2517/3595/21 2516/3594/21 2511/3589/21 2507/3585/21
f 2509/3587/19 2513/3591/19 2465/3541/19 2470/3546/19
f 2507/3585/19 2506/3584/19 2519/3597/19 2510/3588/19
f 2460/3535/21 2459/3534/21 2510/3588/21 2509/3587/21
f 2476/3552/14 2479/3555/14 2510/3588/14 2519/3597/14
f 2460/3535/21 2509/3587/21 2470/3546/21 2480/3556/21
f 2518/3596/15 2517/3595/15 2459/3534/15 2508/3586/15
f 2517/3595/21 2507/3585/21 2510/3588/21 2459/3534/21
f 2512/3590/19 2511/3589/19 2504/3582/19 2503/3581/19
f 2511/3589/21 2516/3594/21 2475/3551/21 2504/3582/21
f 2478/3598/16 2507/3599/16 2510/3600/16 2479/3601/16
f 2481/3602/16 2462/3603/16 2459/3604/16 2517/3605/16
f 2460/3606/16 2461/3607/16 2472/3608/16 2480/3609/16
f 2453/3610/16 2509/3611/16 2470/3612/16 2452/3613/16
f 2496/3614/16 2504/3615/16 2511/3616/16 2495/3617/16
f 2487/3618/16 2516/3619/16 2475/3620/16 2474/3621/16
f 2265/3271/16 2352/3390/16 2349/3387/16 2260/3266/16
f 2353/3391/16 2440/3510/16 2437/3507/16 2348/3386/16
f 2264/3270/16 2261/3267/16 2255/3261/16 2254/3260/16
f 2436/3506/16 2441/3511/16 2520/3622/16 2521/3623/16
f 2353/3393/16 2352/3392/16 1978/3624/16 1981/3625/16
f 2265/3273/16 2264/3272/16 1975/3626/16 1979/3627/16
f 2264/3272/16 2254/3628/16 1976/3629/16 1975/3626/16
f 1992/2902/19 2081/3023/19 2522/3630/19 2523/3631/19
f 2084/3028/19 1997/2909/19 1968/3632/19 1967/3633/19
f 2169/3143/19 2168/3142/19 2524/3634/19 2525/3635/19
f 2436/3506/16 2521/3623/16 2526/3636/16 2527/3637/16
f 2080/3022/19 2169/3143/19 2525/3635/19 2528/3638/19
f 2081/3023/19 2080/3022/19 2528/3638/19 2522/3630/19
f 2520/3639/16 2441/3513/16 1972/3640/16 1971/3641/16
f 2172/3148/19 2085/3029/19 1973/3642/19 1970/3643/19
f 2173/3149/19 2172/3148/19 1970/3643/19 1969/3644/19
f 1993/2903/19 1992/2902/19 2523/3631/19 2529/3645/19
f 2085/3029/19 2084/3028/19 1967/3633/19 1973/3642/19
f 2255/3261/16 2261/3267/16 2530/3646/16 2531/3647/16
f 1997/2909/19 1996/2908/19 1974/3648/19 1968/3632/19
f 1996/2908/19 2253/3649/19 1977/3650/19 1974/3648/19
f 2252/3258/19 1993/2903/19 2529/3645/19 2532/3651/19
f 2260/3266/16 2349/3387/16 2533/3652/16 2534/3653/16
f 2437/3507/16 2436/3506/16 2527/3637/16 2535/3654/16
f 2168/3142/19 2255/3261/19 2531/3647/19 2524/3634/19
f 2352/3392/16 2265/3273/16 1979/3627/16 1978/3624/16
f 2349/3387/16 2348/3386/16 2536/3655/16 2533/3652/16
f 2254/3628/19 2173/3149/19 1969/3644/19 1976/3629/19
f 2348/3386/16 2437/3507/16 2535/3654/16 2536/3655/16
f 2261/3267/16 2260/3266/16 2534/3653/16 2530/3646/16
f 2440/3512/16 2353/3393/16 1981/3625/16 1980/3656/16
f 2441/3513/16 2440/3512/16 1980/3656/16 1972/3640/16
f 2537/3657/21 1986/3658/21 1987/3659/21 2538/3660/21
f 2539/3661/21 2537/3662/21 2538/3663/21 2540/3664/21
f 2541/3665/21 2539/3661/21 2540/3664/21 2542/3666/21
f 2543/3667/11 2544/3668/11 2545/3669/11 2546/3670/11
f 2547/3671/27 2548/3672/27 2549/3673/27 2550/3674/27
f 2548/3672/33 2551/3675/33 2543/3667/33 2549/3673/33
f 2552/3676/28 2547/3671/28 2550/3674/28 2544/3668/28
f 2551/3677/29 2552/3678/29 2544/3679/29 2543/3680/29
f 2550/3674/14 2549/3673/14 2553/3681/14 2554/3682/14
f 2549/3673/16 2543/3667/16 2546/3670/16 2553/3681/16
f 2544/3668/21 2550/3674/21 2554/3682/21 2545/3669/21
f 2555/3683/19 2556/3684/19 2557/3685/19 2558/3686/19
f 2559/3687/19 2560/3688/19 2561/3689/19 2562/3690/19
f 2563/3691/15 2564/3692/15 2565/3693/15 2553/3694/15
f 2566/3695/19 2567/3696/19 2568/3697/19 2569/3698/19
f 2570/3699/15 2571/3700/15 2572/3701/15 2573/3702/15
f 2561/3689/11 2554/3703/11 2574/3704/11 2562/3690/11
f 2575/3705/19 2576/3706/19 2577/3707/19 2578/3708/19
f 2568/3697/16 2579/3709/16 2580/3710/16 2569/3698/16
f 2581/3711/15 2563/3691/15 2553/3694/15 2582/3712/15
f 2572/3701/15 2583/3713/15 2554/3703/15 2584/3714/15
f 2556/3684/11 2555/3683/11 2585/3715/11 2586/3716/11
f 2587/3717/16 2588/3718/16 2589/3719/16 2590/3720/16
f 2583/3713/15 2591/3721/15 2574/3704/15 2554/3703/15
f 2592/3722/15 2573/3702/15 2580/3710/15 2579/3709/15
f 2593/3723/14 2546/3724/14 2594/3725/14 2595/3726/14
f 2578/3708/21 2553/3694/21 2565/3693/21 2596/3727/21
f 2597/3728/16 2584/3714/16 2554/3703/16 2561/3689/16
f 2585/3715/15 2598/3729/15 2599/3730/15 2545/3731/15
f 2567/3696/21 2566/3695/21 2573/3702/21 2592/3722/21
f 2555/3683/21 2600/3732/21 2598/3729/21 2585/3715/21
f 2575/3705/16 2601/3733/16 2564/3692/16 2563/3691/16
f 2558/3686/16 2545/3731/16 2599/3730/16 2602/3734/16
f 2600/3732/19 2555/3683/19 2558/3686/19 2602/3734/19
f 2603/3735/21 2560/3688/21 2583/3713/21 2572/3701/21
f 2590/3720/15 2589/3719/15 2604/3736/15 2605/3737/15
f 2606/3738/15 2607/3739/15 2546/3724/15 2608/3740/15
f 2609/3741/16 2610/3742/16 2607/3739/16 2606/3738/16
f 2610/3742/19 2609/3741/19 2611/3743/19 2593/3723/19
f 2612/3744/21 2605/3737/21 2604/3736/21 2613/3745/21
f 2611/3743/21 2608/3740/21 2546/3724/21 2593/3723/21
f 2601/3733/19 2575/3705/19 2578/3708/19 2596/3727/19
f 2588/3718/19 2587/3717/19 2612/3744/19 2613/3745/19
f 2577/3707/11 2582/3712/11 2553/3694/11 2578/3708/11
f 2560/3688/14 2559/3687/14 2591/3721/14 2583/3713/14
f 2610/3742/11 2614/3746/11 2615/3747/11 2607/3739/11
f 2576/3706/14 2575/3705/14 2563/3691/14 2581/3711/14
f 2586/3716/15 2585/3715/15 2545/3731/15 2616/3748/15
f 2607/3739/15 2615/3747/15 2594/3725/15 2546/3724/15
f 2557/3685/14 2616/3748/14 2545/3731/14 2558/3686/14
f 2614/3746/19 2610/3742/19 2593/3723/19 2595/3726/19
f 2592/3722/15 2579/3709/15 2599/3730/15 2598/3729/15
f 2572/3701/15 2584/3714/15 2580/3710/15 2573/3702/15
f 2566/3695/19 2569/3698/19 2597/3728/19 2603/3735/19
f 2600/3732/19 2602/3734/19 2568/3697/19 2567/3696/19
f 2579/3709/16 2568/3697/16 2602/3734/16 2599/3730/16
f 2584/3714/16 2597/3728/16 2569/3698/16 2580/3710/16
f 2589/3719/11 2588/3718/11 2617/3749/11 2618/3750/11
f 2619/3751/14 2570/3699/14 2573/3702/14 2566/3695/14
f 2590/3720/15 2605/3737/15 2565/3693/15 2564/3692/15
f 2606/3738/15 2608/3740/15 2604/3736/15 2589/3719/15
f 2588/3718/19 2613/3745/19 2611/3743/19 2609/3741/19
f 2601/3733/19 2596/3727/19 2612/3744/19 2587/3717/19
f 2605/3737/21 2612/3744/21 2596/3727/21 2565/3693/21
f 2608/3740/21 2611/3743/21 2613/3745/21 2604/3736/21
f 2590/3720/15 2564/3692/15 2620/3752/15 2621/3753/15
f 2609/3741/14 2606/3738/14 2622/3754/14 2623/3755/14
f 2581/3711/15 2582/3712/15 2574/3704/15 2591/3721/15
f 2559/3687/19 2562/3690/19 2577/3707/19 2576/3706/19
f 2582/3712/11 2577/3707/11 2562/3690/11 2574/3704/11
f 2624/3756/19 2625/3757/19 2559/3687/19 2576/3706/19
f 2586/3716/15 2616/3748/15 2594/3725/15 2615/3747/15
f 2614/3746/19 2595/3726/19 2557/3685/19 2556/3684/19
f 2616/3748/14 2557/3685/14 2595/3726/14 2594/3725/14
f 2626/3758/19 2623/3755/19 2614/3746/19 2556/3684/19
f 2560/3688/19 2603/3735/19 2597/3728/19 2561/3689/19
f 2571/3700/11 2625/3757/11 2603/3735/11 2572/3701/11
f 2606/3738/15 2589/3719/15 2618/3750/15 2622/3754/15
f 2625/3757/16 2571/3700/16 2591/3721/16 2559/3687/16
f 2627/3759/15 2628/3760/15 2592/3722/15 2598/3729/15
f 2626/3758/14 2627/3759/14 2598/3729/14 2600/3732/14
f 2628/3760/11 2629/3761/11 2567/3696/11 2592/3722/11
f 2629/3761/19 2626/3758/19 2600/3732/19 2567/3696/19
f 2564/3692/11 2601/3733/11 2624/3756/11 2620/3752/11
f 2588/3718/19 2609/3741/19 2623/3755/19 2617/3749/19
f 2625/3757/19 2619/3751/19 2566/3695/19 2603/3735/19
f 2601/3733/19 2587/3717/19 2630/3762/19 2624/3756/19
f 2617/3749/19 2629/3761/19 2619/3751/19 2630/3762/19
f 2627/3759/16 2626/3758/16 2556/3684/16 2586/3716/16
f 2619/3751/19 2625/3757/19 2624/3756/19 2630/3762/19
f 2626/3758/19 2629/3761/19 2617/3749/19 2623/3755/19
f 2628/3760/15 2627/3759/15 2622/3754/15 2618/3750/15
f 2620/3752/21 2624/3756/21 2576/3706/21 2581/3711/21
f 2618/3750/21 2617/3749/21 2630/3762/21 2621/3753/21
f 2571/3700/15 2570/3699/15 2621/3753/15 2620/3752/15
f 2587/3717/14 2590/3720/14 2621/3753/14 2630/3762/14
f 2571/3700/15 2620/3752/15 2581/3711/15 2591/3721/15
f 2629/3761/16 2628/3760/16 2570/3699/16 2619/3751/16
f 2628/3760/15 2618/3750/15 2621/3753/15 2570/3699/15
f 2623/3755/21 2622/3754/21 2615/3747/21 2614/3746/21
f 2622/3754/15 2627/3759/15 2586/3716/15 2615/3747/15
f 2589/3763/19 2618/3764/19 2621/3765/19 2590/3766/19
f 2592/3767/19 2573/3768/19 2570/3769/19 2628/3770/19
f 2571/3771/19 2572/3772/19 2583/3773/19 2591/3774/19
f 2564/3775/19 2620/3776/19 2581/3777/19 2563/3778/19
f 2607/3779/19 2615/3780/19 2622/3781/19 2606/3782/19
f 2598/3783/19 2627/3784/19 2586/3785/19 2585/3786/19
f 2631/3787/11 2632/3788/11 2633/3789/11 2634/3790/11
f 2635/3791/27 2636/3792/27 2637/3793/27 2638/3794/27
f 2636/3792/33 2639/3795/33 2631/3787/33 2637/3793/33
f 2640/3796/28 2635/3791/28 2638/3794/28 2632/3788/28
f 2639/3797/29 2640/3798/29 2632/3799/29 2631/3800/29
f 2638/3794/14 2637/3793/14 2641/3801/14 2642/3802/14
f 2637/3793/16 2631/3787/16 2634/3790/16 2641/3801/16
f 2632/3788/21 2638/3794/21 2642/3802/21 2633/3789/21
f 2643/3803/19 2644/3804/19 2645/3805/19 2646/3806/19
f 2647/3807/19 2648/3808/19 2649/3809/19 2650/3810/19
f 2651/3811/15 2652/3812/15 2653/3813/15 2641/3814/15
f 2654/3815/19 2655/3816/19 2656/3817/19 2657/3818/19
f 2658/3819/15 2659/3820/15 2660/3821/15 2661/3822/15
f 2649/3809/11 2642/3823/11 2662/3824/11 2650/3810/11
f 2663/3825/19 2664/3826/19 2665/3827/19 2666/3828/19
f 2656/3817/16 2667/3829/16 2668/3830/16 2657/3818/16
f 2669/3831/15 2651/3811/15 2641/3814/15 2670/3832/15
f 2660/3821/15 2671/3833/15 2642/3823/15 2672/3834/15
f 2644/3804/11 2643/3803/11 2673/3835/11 2674/3836/11
f 2675/3837/16 2676/3838/16 2677/3839/16 2678/3840/16
f 2671/3833/15 2679/3841/15 2662/3824/15 2642/3823/15
f 2680/3842/15 2661/3822/15 2668/3830/15 2667/3829/15
f 2681/3843/14 2634/3844/14 2682/3845/14 2683/3846/14
f 2666/3828/21 2641/3814/21 2653/3813/21 2684/3847/21
f 2685/3848/16 2672/3834/16 2642/3823/16 2649/3809/16
f 2673/3835/15 2686/3849/15 2687/3850/15 2633/3851/15
f 2655/3816/21 2654/3815/21 2661/3822/21 2680/3842/21
f 2643/3803/21 2688/3852/21 2686/3849/21 2673/3835/21
f 2663/3825/16 2689/3853/16 2652/3812/16 2651/3811/16
f 2646/3806/16 2633/3851/16 2687/3850/16 2690/3854/16
f 2688/3852/19 2643/3803/19 2646/3806/19 2690/3854/19
f 2691/3855/21 2648/3808/21 2671/3833/21 2660/3821/21
f 2678/3840/15 2677/3839/15 2692/3856/15 2693/3857/15
f 2694/3858/15 2695/3859/15 2634/3844/15 2696/3860/15
f 2697/3861/16 2698/3862/16 2695/3859/16 2694/3858/16
f 2698/3862/19 2697/3861/19 2699/3863/19 2681/3843/19
f 2700/3864/21 2693/3857/21 2692/3856/21 2701/3865/21
f 2699/3863/21 2696/3860/21 2634/3844/21 2681/3843/21
f 2689/3853/19 2663/3825/19 2666/3828/19 2684/3847/19
f 2676/3838/19 2675/3837/19 2700/3864/19 2701/3865/19
f 2665/3827/11 2670/3832/11 2641/3814/11 2666/3828/11
f 2648/3808/14 2647/3807/14 2679/3841/14 2671/3833/14
f 2698/3862/11 2702/3866/11 2703/3867/11 2695/3859/11
f 2664/3826/14 2663/3825/14 2651/3811/14 2669/3831/14
f 2674/3836/15 2673/3835/15 2633/3851/15 2704/3868/15
f 2695/3859/15 2703/3867/15 2682/3845/15 2634/3844/15
f 2645/3805/14 2704/3868/14 2633/3851/14 2646/3806/14
f 2702/3866/19 2698/3862/19 2681/3843/19 2683/3846/19
f 2680/3842/15 2667/3829/15 2687/3850/15 2686/3849/15
f 2660/3821/15 2672/3834/15 2668/3830/15 2661/3822/15
f 2654/3815/19 2657/3818/19 2685/3848/19 2691/3855/19
f 2688/3852/19 2690/3854/19 2656/3817/19 2655/3816/19
f 2667/3829/16 2656/3817/16 2690/3854/16 2687/3850/16
f 2672/3834/16 2685/3848/16 2657/3818/16 2668/3830/16
f 2677/3839/11 2676/3838/11 2705/3869/11 2706/3870/11
f 2707/3871/14 2658/3819/14 2661/3822/14 2654/3815/14
f 2678/3840/15 2693/3857/15 2653/3813/15 2652/3812/15
f 2694/3858/15 2696/3860/15 2692/3856/15 2677/3839/15
f 2676/3838/19 2701/3865/19 2699/3863/19 2697/3861/19
f 2689/3853/19 2684/3847/19 2700/3864/19 2675/3837/19
f 2693/3857/21 2700/3864/21 2684/3847/21 2653/3813/21
f 2696/3860/21 2699/3863/21 2701/3865/21 2692/3856/21
f 2678/3840/15 2652/3812/15 2708/3872/15 2709/3873/15
f 2697/3861/14 2694/3858/14 2710/3874/14 2711/3875/14
f 2669/3831/15 2670/3832/15 2662/3824/15 2679/3841/15
f 2647/3807/19 2650/3810/19 2665/3827/19 2664/3826/19
f 2670/3832/11 2665/3827/11 2650/3810/11 2662/3824/11
f 2712/3876/19 2713/3877/19 2647/3807/19 2664/3826/19
f 2674/3836/15 2704/3868/15 2682/3845/15 2703/3867/15
f 2702/3866/19 2683/3846/19 2645/3805/19 2644/3804/19
f 2704/3868/14 2645/3805/14 2683/3846/14 2682/3845/14
f 2714/3878/19 2711/3875/19 2702/3866/19 2644/3804/19
f 2648/3808/19 2691/3855/19 2685/3848/19 2649/3809/19
f 2659/3820/11 2713/3877/11 2691/3855/11 2660/3821/11
f 2694/3858/15 2677/3839/15 2706/3870/15 2710/3874/15
f 2713/3877/16 2659/3820/16 2679/3841/16 2647/3807/16
f 2715/3879/15 2716/3880/15 2680/3842/15 2686/3849/15
f 2714/3878/14 2715/3879/14 2686/3849/14 2688/3852/14
f 2716/3880/11 2717/3881/11 2655/3816/11 2680/3842/11
f 2717/3881/19 2714/3878/19 2688/3852/19 2655/3816/19
f 2652/3812/11 2689/3853/11 2712/3876/11 2708/3872/11
f 2676/3838/19 2697/3861/19 2711/3875/19 2705/3869/19
f 2713/3877/19 2707/3871/19 2654/3815/19 2691/3855/19
f 2689/3853/19 2675/3837/19 2718/3882/19 2712/3876/19
f 2705/3869/19 2717/3881/19 2707/3871/19 2718/3882/19
f 2715/3879/16 2714/3878/16 2644/3804/16 2674/3836/16
f 2707/3871/19 2713/3877/19 2712/3876/19 2718/3882/19
f 2714/3878/19 2717/3881/19 2705/3869/19 2711/3875/19
f 2716/3880/15 2715/3879/15 2710/3874/15 2706/3870/15
f 2708/3872/21 2712/3876/21 2664/3826/21 2669/3831/21
f 2706/3870/21 2705/3869/21 2718/3882/21 2709/3873/21
f 2659/3820/15 2658/3819/15 2709/3873/15 2708/3872/15
f 2675/3837/14 2678/3840/14 2709/3873/14 2718/3882/14
f 2659/3820/15 2708/3872/15 2669/3831/15 2679/3841/15
f 2717/3881/16 2716/3880/16 2658/3819/16 2707/3871/16
f 2716/3880/15 2706/3870/15 2709/3873/15 2658/3819/15
f 2711/3875/21 2710/3874/21 2703/3867/21 2702/3866/21
f 2710/3874/15 2715/3879/15 2674/3836/15 2703/3867/15
f 2677/3883/19 2706/3884/19 2709/3885/19 2678/3886/19
f 2680/3887/19 2661/3888/19 2658/3889/19 2716/3890/19
f 2659/3891/19 2660/3892/19 2671/3893/19 2679/3894/19
f 2652/3895/19 2708/3896/19 2669/3897/19 2651/3898/19
f 2695/3899/19 2703/3900/19 2710/3901/19 2694/3902/19
f 2686/3903/19 2715/3904/19 2674/3905/19 2673/3906/19
f 2719/3907/11 2720/3908/11 2721/3909/11 2722/3910/11
f 2723/3911/27 2724/3912/27 2725/3913/27 2726/3914/27
f 2724/3912/33 2727/3915/33 2719/3907/33 2725/3913/33
f 2728/3916/28 2723/3911/28 2726/3914/28 2720/3908/28
f 2727/3917/29 2728/3918/29 2720/3919/29 2719/3920/29
f 2726/3914/14 2725/3913/14 2729/3921/14 2730/3922/14
f 2725/3913/16 2719/3907/16 2722/3910/16 2729/3921/16
f 2720/3908/21 2726/3914/21 2730/3922/21 2721/3909/21
f 2731/3923/19 2732/3924/19 2733/3925/19 2734/3926/19
f 2735/3927/19 2736/3928/19 2737/3929/19 2738/3930/19
f 2739/3931/15 2740/3932/15 2741/3933/15 2729/3934/15
f 2742/3935/19 2743/3936/19 2744/3937/19 2745/3938/19
f 2746/3939/15 2747/3940/15 2748/3941/15 2749/3942/15
f 2737/3929/11 2730/3943/11 2750/3944/11 2738/3930/11
f 2751/3945/19 2752/3946/19 2753/3947/19 2754/3948/19
f 2744/3937/16 2755/3949/16 2756/3950/16 2745/3938/16
f 2757/3951/15 2739/3931/15 2729/3934/15 2758/3952/15
f 2748/3941/15 2759/3953/15 2730/3943/15 2760/3954/15
f 2732/3924/11 2731/3923/11 2761/3955/11 2762/3956/11
f 2763/3957/16 2764/3958/16 2765/3959/16 2766/3960/16
f 2759/3953/15 2767/3961/15 2750/3944/15 2730/3943/15
f 2768/3962/15 2749/3942/15 2756/3950/15 2755/3949/15
f 2769/3963/14 2722/3964/14 2770/3965/14 2771/3966/14
f 2754/3948/21 2729/3934/21 2741/3933/21 2772/3967/21
f 2773/3968/16 2760/3954/16 2730/3943/16 2737/3929/16
f 2761/3955/15 2774/3969/15 2775/3970/15 2721/3971/15
f 2743/3936/21 2742/3935/21 2749/3942/21 2768/3962/21
f 2731/3923/21 2776/3972/21 2774/3969/21 2761/3955/21
f 2751/3945/16 2777/3973/16 2740/3932/16 2739/3931/16
f 2734/3926/16 2721/3971/16 2775/3970/16 2778/3974/16
f 2776/3972/19 2731/3923/19 2734/3926/19 2778/3974/19
f 2779/3975/21 2736/3928/21 2759/3953/21 2748/3941/21
f 2766/3960/15 2765/3959/15 2780/3976/15 2781/3977/15
f 2782/3978/15 2783/3979/15 2722/3964/15 2784/3980/15
f 2785/3981/16 2786/3982/16 2783/3979/16 2782/3978/16
f 2786/3982/19 2785/3981/19 2787/3983/19 2769/3963/19
f 2788/3984/21 2781/3977/21 2780/3976/21 2789/3985/21
f 2787/3983/21 2784/3980/21 2722/3964/21 2769/3963/21
f 2777/3973/19 2751/3945/19 2754/3948/19 2772/3967/19
f 2764/3958/19 2763/3957/19 2788/3984/19 2789/3985/19
f 2753/3947/11 2758/3952/11 2729/3934/11 2754/3948/11
f 2736/3928/14 2735/3927/14 2767/3961/14 2759/3953/14
f 2786/3982/11 2790/3986/11 2791/3987/11 2783/3979/11
f 2752/3946/14 2751/3945/14 2739/3931/14 2757/3951/14
f 2762/3956/15 2761/3955/15 2721/3971/15 2792/3988/15
f 2783/3979/15 2791/3987/15 2770/3965/15 2722/3964/15
f 2733/3925/14 2792/3988/14 2721/3971/14 2734/3926/14
f 2790/3986/19 2786/3982/19 2769/3963/19 2771/3966/19
f 2768/3962/15 2755/3949/15 2775/3970/15 2774/3969/15
f 2748/3941/15 2760/3954/15 2756/3950/15 2749/3942/15
f 2742/3935/19 2745/3938/19 2773/3968/19 2779/3975/19
f 2776/3972/19 2778/3974/19 2744/3937/19 2743/3936/19
f 2755/3949/16 2744/3937/16 2778/3974/16 2775/3970/16
f 2760/3954/16 2773/3968/16 2745/3938/16 2756/3950/16
f 2765/3959/11 2764/3958/11 2793/3989/11 2794/3990/11
f 2795/3991/14 2746/3939/14 2749/3942/14 2742/3935/14
f 2766/3960/15 2781/3977/15 2741/3933/15 2740/3932/15
f 2782/3978/15 2784/3980/15 2780/3976/15 2765/3959/15
f 2764/3958/19 2789/3985/19 2787/3983/19 2785/3981/19
f 2777/3973/19 2772/3967/19 2788/3984/19 2763/3957/19
f 2781/3977/21 2788/3984/21 2772/3967/21 2741/3933/21
f 2784/3980/21 2787/3983/21 2789/3985/21 2780/3976/21
f 2766/3960/15 2740/3932/15 2796/3992/15 2797/3993/15
f 2785/3981/14 2782/3978/14 2798/3994/14 2799/3995/14
f 2757/3951/15 2758/3952/15 2750/3944/15 2767/3961/15
f 2735/3927/19 2738/3930/19 2753/3947/19 2752/3946/19
f 2758/3952/11 2753/3947/11 2738/3930/11 2750/3944/11
f 2800/3996/19 2801/3997/19 2735/3927/19 2752/3946/19
f 2762/3956/15 2792/3988/15 2770/3965/15 2791/3987/15
f 2790/3986/19 2771/3966/19 2733/3925/19 2732/3924/19
f 2792/3988/14 2733/3925/14 2771/3966/14 2770/3965/14
f 2802/3998/19 2799/3995/19 2790/3986/19 2732/3924/19
f 2736/3928/19 2779/3975/19 2773/3968/19 2737/3929/19
f 2747/3940/11 2801/3997/11 2779/3975/11 2748/3941/11
f 2782/3978/15 2765/3959/15 2794/3990/15 2798/3994/15
f 2801/3997/16 2747/3940/16 2767/3961/16 2735/3927/16
f 2803/3999/15 2804/4000/15 2768/3962/15 2774/3969/15
f 2802/3998/14 2803/3999/14 2774/3969/14 2776/3972/14
f 2804/4000/11 2805/4001/11 2743/3936/11 2768/3962/11
f 2805/4001/19 2802/3998/19 2776/3972/19 2743/3936/19
f 2740/3932/11 2777/3973/11 2800/3996/11 2796/3992/11
f 2764/3958/19 2785/3981/19 2799/3995/19 2793/3989/19
f 2801/3997/19 2795/3991/19 2742/3935/19 2779/3975/19
f 2777/3973/19 2763/3957/19 2806/4002/19 2800/3996/19
f 2793/3989/19 2805/4001/19 2795/3991/19 2806/4002/19
f 2803/3999/16 2802/3998/16 2732/3924/16 2762/3956/16
f 2795/3991/19 2801/3997/19 2800/3996/19 2806/4002/19
f 2802/3998/19 2805/4001/19 2793/3989/19 2799/3995/19
f 2804/4000/15 2803/3999/15 2798/3994/15 2794/3990/15
f 2796/3992/21 2800/3996/21 2752/3946/21 2757/3951/21
f 2794/3990/21 2793/3989/21 2806/4002/21 2797/3993/21
f 2747/3940/15 2746/3939/15 2797/3993/15 2796/3992/15
f 2763/3957/14 2766/3960/14 2797/3993/14 2806/4002/14
f 2747/3940/15 2796/3992/15 2757/3951/15 2767/3961/15
f 2805/4001/16 2804/4000/16 2746/3939/16 2795/3991/16
f 2804/4000/15 2794/3990/15 2797/3993/15 2746/3939/15
f 2799/3995/21 2798/3994/21 2791/3987/21 2790/3986/21
f 2798/3994/15 2803/3999/15 2762/3956/15 2791/3987/15
f 2765/4003/19 2794/4004/19 2797/4005/19 2766/4006/19
f 2768/4007/19 2749/4008/19 2746/4009/19 2804/4010/19
f 2747/4011/19 2748/4012/19 2759/4013/19 2767/4014/19
f 2740/4015/19 2796/4016/19 2757/4017/19 2739/4018/19
f 2783/4019/19 2791/4020/19 2798/4021/19 2782/4022/19
f 2774/4023/19 2803/4024/19 2762/4025/19 2761/4026/19
f 2552/3676/19 2639/3795/19 2636/3792/19 2547/3671/19
f 2640/3796/19 2727/3915/19 2724/3912/19 2635/3791/19
f 2551/3675/19 2548/3672/19 2807/4027/19 2808/4028/19
f 2723/3911/19 2728/3916/19 2809/4029/19 2810/4030/19
f 2811/4031/11 2812/4032/11 2813/4033/11 2814/4034/11
f 2815/4035/48 2816/4036/48 2817/4037/48 2818/4038/48
f 2816/4036/49 2819/4039/49 2811/4031/49 2817/4037/49
f 2820/4040/50 2815/4035/50 2818/4038/50 2812/4032/50
f 2819/4041/51 2820/4042/51 2812/4043/51 2811/4044/51
f 2818/4038/14 2817/4037/14 2821/4045/14 2822/4046/14
f 2817/4037/15 2811/4031/15 2814/4034/15 2821/4045/15
f 2812/4032/19 2818/4038/19 2822/4046/19 2813/4033/19
f 2823/4047/16 2824/4048/16 2825/4049/16 2826/4050/16
f 2827/4051/16 2828/4052/16 2829/4053/16 2830/4054/16
f 2831/4055/21 2832/4056/21 2833/4057/21 2821/4058/21
f 2834/4059/16 2835/4060/16 2836/4061/16 2837/4062/16
f 2838/4063/21 2839/4064/21 2840/4065/21 2841/4066/21
f 2829/4053/11 2822/4067/11 2842/4068/11 2830/4054/11
f 2843/4069/16 2844/4070/16 2845/4071/16 2846/4072/16
f 2836/4061/15 2847/4073/15 2848/4074/15 2837/4062/15
f 2849/4075/21 2831/4055/21 2821/4058/21 2850/4076/21
f 2840/4065/21 2851/4077/21 2822/4067/21 2852/4078/21
f 2824/4048/11 2823/4047/11 2853/4079/11 2854/4080/11
f 2855/4081/15 2856/4082/15 2857/4083/15 2858/4084/15
f 2851/4077/21 2859/4085/21 2842/4068/21 2822/4067/21
f 2860/4086/21 2841/4066/21 2848/4074/21 2847/4073/21
f 2861/4087/14 2814/4088/14 2862/4089/14 2863/4090/14
f 2846/4072/19 2821/4058/19 2833/4057/19 2864/4091/19
f 2865/4092/15 2852/4078/15 2822/4067/15 2829/4053/15
f 2853/4079/21 2866/4093/21 2867/4094/21 2813/4095/21
f 2835/4060/19 2834/4059/19 2841/4066/19 2860/4086/19
f 2823/4047/19 2868/4096/19 2866/4093/19 2853/4079/19
f 2843/4069/15 2869/4097/15 2832/4056/15 2831/4055/15
f 2826/4050/15 2813/4095/15 2867/4094/15 2870/4098/15
f 2868/4096/16 2823/4047/16 2826/4050/16 2870/4098/16
f 2871/4099/19 2828/4052/19 2851/4077/19 2840/4065/19
f 2858/4084/21 2857/4083/21 2872/4100/21 2873/4101/21
f 2874/4102/21 2875/4103/21 2814/4088/21 2876/4104/21
f 2877/4105/15 2878/4106/15 2875/4103/15 2874/4102/15
f 2878/4106/16 2877/4105/16 2879/4107/16 2861/4087/16
f 2880/4108/19 2873/4101/19 2872/4100/19 2881/4109/19
f 2879/4107/19 2876/4104/19 2814/4088/19 2861/4087/19
f 2869/4097/16 2843/4069/16 2846/4072/16 2864/4091/16
f 2856/4082/16 2855/4081/16 2880/4108/16 2881/4109/16
f 2845/4071/11 2850/4076/11 2821/4058/11 2846/4072/11
f 2828/4052/14 2827/4051/14 2859/4085/14 2851/4077/14
f 2878/4106/11 2882/4110/11 2883/4111/11 2875/4103/11
f 2844/4070/14 2843/4069/14 2831/4055/14 2849/4075/14
f 2854/4080/21 2853/4079/21 2813/4095/21 2884/4112/21
f 2875/4103/21 2883/4111/21 2862/4089/21 2814/4088/21
f 2825/4049/14 2884/4112/14 2813/4095/14 2826/4050/14
f 2882/4110/16 2878/4106/16 2861/4087/16 2863/4090/16
f 2860/4086/21 2847/4073/21 2867/4094/21 2866/4093/21
f 2840/4065/21 2852/4078/21 2848/4074/21 2841/4066/21
f 2834/4059/16 2837/4062/16 2865/4092/16 2871/4099/16
f 2868/4096/16 2870/4098/16 2836/4061/16 2835/4060/16
f 2847/4073/15 2836/4061/15 2870/4098/15 2867/4094/15
f 2852/4078/15 2865/4092/15 2837/4062/15 2848/4074/15
f 2857/4083/11 2856/4082/11 2885/4113/11 2886/4114/11
f 2887/4115/14 2838/4063/14 2841/4066/14 2834/4059/14
f 2858/4084/21 2873/4101/21 2833/4057/21 2832/4056/21
f 2874/4102/21 2876/4104/21 2872/4100/21 2857/4083/21
f 2856/4082/16 2881/4109/16 2879/4107/16 2877/4105/16
f 2869/4097/16 2864/4091/16 2880/4108/16 2855/4081/16
f 2873/4101/19 2880/4108/19 2864/4091/19 2833/4057/19
f 2876/4104/19 2879/4107/19 2881/4109/19 2872/4100/19
f 2858/4084/21 2832/4056/21 2888/4116/21 2889/4117/21
f 2877/4105/14 2874/4102/14 2890/4118/14 2891/4119/14
f 2849/4075/21 2850/4076/21 2842/4068/21 2859/4085/21
f 2827/4051/16 2830/4054/16 2845/4071/16 2844/4070/16
f 2850/4076/11 2845/4071/11 2830/4054/11 2842/4068/11
f 2892/4120/16 2893/4121/16 2827/4051/16 2844/4070/16
f 2854/4080/21 2884/4112/21 2862/4089/21 2883/4111/21
f 2882/4110/16 2863/4090/16 2825/4049/16 2824/4048/16
f 2884/4112/14 2825/4049/14 2863/4090/14 2862/4089/14
f 2894/4122/16 2891/4119/16 2882/4110/16 2824/4048/16
f 2828/4052/16 2871/4099/16 2865/4092/16 2829/4053/16
f 2839/4064/11 2893/4121/11 2871/4099/11 2840/4065/11
f 2874/4102/21 2857/4083/21 2886/4114/21 2890/4118/21
f 2893/4121/15 2839/4064/15 2859/4085/15 2827/4051/15
f 2895/4123/21 2896/4124/21 2860/4086/21 2866/4093/21
f 2894/4122/14 2895/4123/14 2866/4093/14 2868/4096/14
f 2896/4124/11 2897/4125/11 2835/4060/11 2860/4086/11
f 2897/4125/16 2894/4122/16 2868/4096/16 2835/4060/16
f 2832/4056/11 2869/4097/11 2892/4120/11 2888/4116/11
f 2856/4082/16 2877/4105/16 2891/4119/16 2885/4113/16
f 2893/4121/16 2887/4115/16 2834/4059/16 2871/4099/16
f 2869/4097/16 2855/4081/16 2898/4126/16 2892/4120/16
f 2885/4113/16 2897/4125/16 2887/4115/16 2898/4126/16
f 2895/4123/15 2894/4122/15 2824/4048/15 2854/4080/15
f 2887/4115/16 2893/4121/16 2892/4120/16 2898/4126/16
f 2894/4122/16 2897/4125/16 2885/4113/16 2891/4119/16
f 2896/4124/21 2895/4123/21 2890/4118/21 2886/4114/21
f 2888/4116/19 2892/4120/19 2844/4070/19 2849/4075/19
f 2886/4114/19 2885/4113/19 2898/4126/19 2889/4117/19
f 2839/4064/21 2838/4063/21 2889/4117/21 2888/4116/21
f 2855/4081/14 2858/4084/14 2889/4117/14 2898/4126/14
f 2839/4064/21 2888/4116/21 2849/4075/21 2859/4085/21
f 2897/4125/15 2896/4124/15 2838/4063/15 2887/4115/15
f 2896/4124/21 2886/4114/21 2889/4117/21 2838/4063/21
f 2891/4119/19 2890/4118/19 2883/4111/19 2882/4110/19
f 2890/4118/21 2895/4123/21 2854/4080/21 2883/4111/21
f 2857/4127/16 2886/4128/16 2889/4129/16 2858/4130/16
f 2860/4131/16 2841/4132/16 2838/4133/16 2896/4134/16
f 2839/4135/16 2840/4136/16 2851/4137/16 2859/4138/16
f 2832/4139/16 2888/4140/16 2849/4141/16 2831/4142/16
f 2875/4143/16 2883/4144/16 2890/4145/16 2874/4146/16
f 2866/4147/16 2895/4148/16 2854/4149/16 2853/4150/16
f 2899/4151/11 2900/4152/11 2901/4153/11 2902/4154/11
f 2903/4155/48 2904/4156/48 2905/4157/48 2906/4158/48
f 2904/4156/52 2907/4159/52 2899/4151/52 2905/4157/52
f 2908/4160/50 2903/4155/50 2906/4158/50 2900/4152/50
f 2907/4161/51 2908/4162/51 2900/4163/51 2899/4164/51
f 2906/4158/14 2905/4157/14 2909/4165/14 2910/4166/14
f 2905/4157/15 2899/4151/15 2902/4154/15 2909/4165/15
f 2900/4152/19 2906/4158/19 2910/4166/19 2901/4153/19
f 2911/4167/16 2912/4168/16 2913/4169/16 2914/4170/16
f 2915/4171/16 2916/4172/16 2917/4173/16 2918/4174/16
f 2919/4175/21 2920/4176/21 2921/4177/21 2909/4178/21
f 2922/4179/16 2923/4180/16 2924/4181/16 2925/4182/16
f 2926/4183/21 2927/4184/21 2928/4185/21 2929/4186/21
f 2917/4173/11 2910/4187/11 2930/4188/11 2918/4174/11
f 2931/4189/16 2932/4190/16 2933/4191/16 2934/4192/16
f 2924/4181/15 2935/4193/15 2936/4194/15 2925/4182/15
f 2937/4195/21 2919/4175/21 2909/4178/21 2938/4196/21
f 2928/4185/21 2939/4197/21 2910/4187/21 2940/4198/21
f 2912/4168/11 2911/4167/11 2941/4199/11 2942/4200/11
f 2943/4201/15 2944/4202/15 2945/4203/15 2946/4204/15
f 2939/4197/21 2947/4205/21 2930/4188/21 2910/4187/21
f 2948/4206/21 2929/4186/21 2936/4194/21 2935/4193/21
f 2949/4207/14 2902/4208/14 2950/4209/14 2951/4210/14
f 2934/4192/19 2909/4178/19 2921/4177/19 2952/4211/19
f 2953/4212/15 2940/4198/15 2910/4187/15 2917/4173/15
f 2941/4199/21 2954/4213/21 2955/4214/21 2901/4215/21
f 2923/4180/19 2922/4179/19 2929/4186/19 2948/4206/19
f 2911/4167/19 2956/4216/19 2954/4213/19 2941/4199/19
f 2931/4189/15 2957/4217/15 2920/4176/15 2919/4175/15
f 2914/4170/15 2901/4215/15 2955/4214/15 2958/4218/15
f 2956/4216/16 2911/4167/16 2914/4170/16 2958/4218/16
f 2959/4219/19 2916/4172/19 2939/4197/19 2928/4185/19
f 2946/4204/21 2945/4203/21 2960/4220/21 2961/4221/21
f 2962/4222/21 2963/4223/21 2902/4208/21 2964/4224/21
f 2965/4225/15 2966/4226/15 2963/4223/15 2962/4222/15
f 2966/4226/16 2965/4225/16 2967/4227/16 2949/4207/16
f 2968/4228/19 2961/4221/19 2960/4220/19 2969/4229/19
f 2967/4227/19 2964/4224/19 2902/4208/19 2949/4207/19
f 2957/4217/16 2931/4189/16 2934/4192/16 2952/4211/16
f 2944/4202/16 2943/4201/16 2968/4228/16 2969/4229/16
f 2933/4191/11 2938/4196/11 2909/4178/11 2934/4192/11
f 2916/4172/14 2915/4171/14 2947/4205/14 2939/4197/14
f 2966/4226/11 2970/4230/11 2971/4231/11 2963/4223/11
f 2932/4190/14 2931/4189/14 2919/4175/14 2937/4195/14
f 2942/4200/21 2941/4199/21 2901/4215/21 2972/4232/21
f 2963/4223/21 2971/4231/21 2950/4209/21 2902/4208/21
f 2913/4169/14 2972/4232/14 2901/4215/14 2914/4170/14
f 2970/4230/16 2966/4226/16 2949/4207/16 2951/4210/16
f 2948/4206/21 2935/4193/21 2955/4214/21 2954/4213/21
f 2928/4185/21 2940/4198/21 2936/4194/21 2929/4186/21
f 2922/4179/16 2925/4182/16 2953/4212/16 2959/4219/16
f 2956/4216/16 2958/4218/16 2924/4181/16 2923/4180/16
f 2935/4193/15 2924/4181/15 2958/4218/15 2955/4214/15
f 2940/4198/15 2953/4212/15 2925/4182/15 2936/4194/15
f 2945/4203/11 2944/4202/11 2973/4233/11 2974/4234/11
f 2975/4235/14 2926/4183/14 2929/4186/14 2922/4179/14
f 2946/4204/21 2961/4221/21 2921/4177/21 2920/4176/21
f 2962/4222/21 2964/4224/21 2960/4220/21 2945/4203/21
f 2944/4202/16 2969/4229/16 2967/4227/16 2965/4225/16
f 2957/4217/16 2952/4211/16 2968/4228/16 2943/4201/16
f 2961/4221/19 2968/4228/19 2952/4211/19 2921/4177/19
f 2964/4224/19 2967/4227/19 2969/4229/19 2960/4220/19
f 2946/4204/21 2920/4176/21 2976/4236/21 2977/4237/21
f 2965/4225/14 2962/4222/14 2978/4238/14 2979/4239/14
f 2937/4195/21 2938/4196/21 2930/4188/21 2947/4205/21
f 2915/4171/16 2918/4174/16 2933/4191/16 2932/4190/16
f 2938/4196/11 2933/4191/11 2918/4174/11 2930/4188/11
f 2980/4240/16 2981/4241/16 2915/4171/16 2932/4190/16
f 2942/4200/21 2972/4232/21 2950/4209/21 2971/4231/21
f 2970/4230/16 2951/4210/16 2913/4169/16 2912/4168/16
f 2972/4232/14 2913/4169/14 2951/4210/14 2950/4209/14
f 2982/4242/16 2979/4239/16 2970/4230/16 2912/4168/16
f 2916/4172/16 2959/4219/16 2953/4212/16 2917/4173/16
f 2927/4184/11 2981/4241/11 2959/4219/11 2928/4185/11
f 2962/4222/21 2945/4203/21 2974/4234/21 2978/4238/21
f 2981/4241/15 2927/4184/15 2947/4205/15 2915/4171/15
f 2983/4243/21 2984/4244/21 2948/4206/21 2954/4213/21
f 2982/4242/14 2983/4243/14 2954/4213/14 2956/4216/14
f 2984/4244/11 2985/4245/11 2923/4180/11 2948/4206/11
f 2985/4245/16 2982/4242/16 2956/4216/16 2923/4180/16
f 2920/4176/11 2957/4217/11 2980/4240/11 2976/4236/11
f 2944/4202/16 2965/4225/16 2979/4239/16 2973/4233/16
f 2981/4241/16 2975/4235/16 2922/4179/16 2959/4219/16
f 2957/4217/16 2943/4201/16 2986/4246/16 2980/4240/16
f 2973/4233/16 2985/4245/16 2975/4235/16 2986/4246/16
f 2983/4243/15 2982/4242/15 2912/4168/15 2942/4200/15
f 2975/4235/16 2981/4241/16 2980/4240/16 2986/4246/16
f 2982/4242/16 2985/4245/16 2973/4233/16 2979/4239/16
f 2984/4244/21 2983/4243/21 2978/4238/21 2974/4234/21
f 2976/4236/19 2980/4240/19 2932/4190/19 2937/4195/19
f 2974/4234/19 2973/4233/19 2986/4246/19 2977/4237/19
f 2927/4184/21 2926/4183/21 2977/4237/21 2976/4236/21
f 2943/4201/14 2946/4204/14 2977/4237/14 2986/4246/14
f 2927/4184/21 2976/4236/21 2937/4195/21 2947/4205/21
f 2985/4245/15 2984/4244/15 2926/4183/15 2975/4235/15
f 2984/4244/21 2974/4234/21 2977/4237/21 2926/4183/21
f 2979/4239/19 2978/4238/19 2971/4231/19 2970/4230/19
f 2978/4238/21 2983/4243/21 2942/4200/21 2971/4231/21
f 2945/4247/16 2974/4248/16 2977/4249/16 2946/4250/16
f 2948/4251/16 2929/4252/16 2926/4253/16 2984/4254/16
f 2927/4255/16 2928/4256/16 2939/4257/16 2947/4258/16
f 2920/4259/16 2976/4260/16 2937/4261/16 2919/4262/16
f 2963/4263/16 2971/4264/16 2978/4265/16 2962/4266/16
f 2954/4267/16 2983/4268/16 2942/4269/16 2941/4270/16
f 2987/4271/11 2988/4272/11 2989/4273/11 2990/4274/11
f 2991/4275/48 2992/4276/48 2993/4277/48 2994/4278/48
f 2992/4276/49 2995/4279/49 2987/4271/49 2993/4277/49
f 2996/4280/50 2991/4275/50 2994/4278/50 2988/4272/50
f 2995/4281/51 2996/4282/51 2988/4283/51 2987/4284/51
f 2994/4278/14 2993/4277/14 2997/4285/14 2998/4286/14
f 2993/4277/15 2987/4271/15 2990/4274/15 2997/4285/15
f 2988/4272/19 2994/4278/19 2998/4286/19 2989/4273/19
f 2999/4287/16 3000/4288/16 3001/4289/16 3002/4290/16
f 3003/4291/16 3004/4292/16 3005/4293/16 3006/4294/16
f 3007/4295/21 3008/4296/21 3009/4297/21 2997/4298/21
f 3010/4299/16 3011/4300/16 3012/4301/16 3013/4302/16
f 3014/4303/21 3015/4304/21 3016/4305/21 3017/4306/21
f 3005/4293/11 2998/4307/11 3018/4308/11 3006/4294/11
f 3019/4309/16 3020/4310/16 3021/4311/16 3022/4312/16
f 3012/4301/15 3023/4313/15 3024/4314/15 3013/4302/15
f 3025/4315/21 3007/4295/21 2997/4298/21 3026/4316/21
f 3016/4305/21 3027/4317/21 2998/4307/21 3028/4318/21
f 3000/4288/11 2999/4287/11 3029/4319/11 3030/4320/11
f 3031/4321/15 3032/4322/15 3033/4323/15 3034/4324/15
f 3027/4317/21 3035/4325/21 3018/4308/21 2998/4307/21
f 3036/4326/21 3017/4306/21 3024/4314/21 3023/4313/21
f 3037/4327/14 2990/4328/14 3038/4329/14 3039/4330/14
f 3022/4312/19 2997/4298/19 3009/4297/19 3040/4331/19
f 3041/4332/15 3028/4318/15 2998/4307/15 3005/4293/15
f 3029/4319/21 3042/4333/21 3043/4334/21 2989/4335/21
f 3011/4300/19 3010/4299/19 3017/4306/19 3036/4326/19
f 2999/4287/19 3044/4336/19 3042/4333/19 3029/4319/19
f 3019/4309/15 3045/4337/15 3008/4296/15 3007/4295/15
f 3002/4290/15 2989/4335/15 3043/4334/15 3046/4338/15
f 3044/4336/16 2999/4287/16 3002/4290/16 3046/4338/16
f 3047/4339/19 3004/4292/19 3027/4317/19 3016/4305/19
f 3034/4324/21 3033/4323/21 3048/4340/21 3049/4341/21
f 3050/4342/21 3051/4343/21 2990/4328/21 3052/4344/21
f 3053/4345/15 3054/4346/15 3051/4343/15 3050/4342/15
f 3054/4346/16 3053/4345/16 3055/4347/16 3037/4327/16
f 3056/4348/19 3049/4341/19 3048/4340/19 3057/4349/19
f 3055/4347/19 3052/4344/19 2990/4328/19 3037/4327/19
f 3045/4337/16 3019/4309/16 3022/4312/16 3040/4331/16
f 3032/4322/16 3031/4321/16 3056/4348/16 3057/4349/16
f 3021/4311/11 3026/4316/11 2997/4298/11 3022/4312/11
f 3004/4292/14 3003/4291/14 3035/4325/14 3027/4317/14
f 3054/4346/11 3058/4350/11 3059/4351/11 3051/4343/11
f 3020/4310/14 3019/4309/14 3007/4295/14 3025/4315/14
f 3030/4320/21 3029/4319/21 2989/4335/21 3060/4352/21
f 3051/4343/21 3059/4351/21 3038/4329/21 2990/4328/21
f 3001/4289/14 3060/4352/14 2989/4335/14 3002/4290/14
f 3058/4350/16 3054/4346/16 3037/4327/16 3039/4330/16
f 3036/4326/21 3023/4313/21 3043/4334/21 3042/4333/21
f 3016/4305/21 3028/4318/21 3024/4314/21 3017/4306/21
f 3010/4299/16 3013/4302/16 3041/4332/16 3047/4339/16
f 3044/4336/16 3046/4338/16 3012/4301/16 3011/4300/16
f 3023/4313/15 3012/4301/15 3046/4338/15 3043/4334/15
f 3028/4318/15 3041/4332/15 3013/4302/15 3024/4314/15
f 3033/4323/11 3032/4322/11 3061/4353/11 3062/4354/11
f 3063/4355/14 3014/4303/14 3017/4306/14 3010/4299/14
f 3034/4324/21 3049/4341/21 3009/4297/21 3008/4296/21
f 3050/4342/21 3052/4344/21 3048/4340/21 3033/4323/21
f 3032/4322/16 3057/4349/16 3055/4347/16 3053/4345/16
f 3045/4337/16 3040/4331/16 3056/4348/16 3031/4321/16
f 3049/4341/19 3056/4348/19 3040/4331/19 3009/4297/19
f 3052/4344/19 3055/4347/19 3057/4349/19 3048/4340/19
f 3034/4324/21 3008/4296/21 3064/4356/21 3065/4357/21
f 3053/4345/14 3050/4342/14 3066/4358/14 3067/4359/14
f 3025/4315/21 3026/4316/21 3018/4308/21 3035/4325/21
f 3003/4291/16 3006/4294/16 3021/4311/16 3020/4310/16
f 3026/4316/11 3021/4311/11 3006/4294/11 3018/4308/11
f 3068/4360/16 3069/4361/16 3003/4291/16 3020/4310/16
f 3030/4320/21 3060/4352/21 3038/4329/21 3059/4351/21
f 3058/4350/16 3039/4330/16 3001/4289/16 3000/4288/16
f 3060/4352/14 3001/4289/14 3039/4330/14 3038/4329/14
f 3070/4362/16 3067/4359/16 3058/4350/16 3000/4288/16
f 3004/4292/16 3047/4339/16 3041/4332/16 3005/4293/16
f 3015/4304/11 3069/4361/11 3047/4339/11 3016/4305/11
f 3050/4342/21 3033/4323/21 3062/4354/21 3066/4358/21
f 3069/4361/15 3015/4304/15 3035/4325/15 3003/4291/15
f 3071/4363/21 3072/4364/21 3036/4326/21 3042/4333/21
f 3070/4362/14 3071/4363/14 3042/4333/14 3044/4336/14
f 3072/4364/11 3073/4365/11 3011/4300/11 3036/4326/11
f 3073/4365/16 3070/4362/16 3044/4336/16 3011/4300/16
f 3008/4296/11 3045/4337/11 3068/4360/11 3064/4356/11
f 3032/4322/16 3053/4345/16 3067/4359/16 3061/4353/16
f 3069/4361/16 3063/4355/16 3010/4299/16 3047/4339/16
f 3045/4337/16 3031/4321/16 3074/4366/16 3068/4360/16
f 3061/4353/16 3073/4365/16 3063/4355/16 3074/4366/16
f 3071/4363/15 3070/4362/15 3000/4288/15 3030/4320/15
f 3063/4355/16 3069/4361/16 3068/4360/16 3074/4366/16
f 3070/4362/16 3073/4365/16 3061/4353/16 3067/4359/16
f 3072/4364/21 3071/4363/21 3066/4358/21 3062/4354/21
f 3064/4356/19 3068/4360/19 3020/4310/19 3025/4315/19
f 3062/4354/19 3061/4353/19 3074/4366/19 3065/4357/19
f 3015/4304/21 3014/4303/21 3065/4357/21 3064/4356/21
f 3031/4321/14 3034/4324/14 3065/4357/14 3074/4366/14
f 3015/4304/21 3064/4356/21 3025/4315/21 3035/4325/21
f 3073/4365/15 3072/4364/15 3014/4303/15 3063/4355/15
f 3072/4364/21 3062/4354/21 3065/4357/21 3014/4303/21
f 3067/4359/19 3066/4358/19 3059/4351/19 3058/4350/19
f 3066/4358/21 3071/4363/21 3030/4320/21 3059/4351/21
f 3033/4367/16 3062/4368/16 3065/4369/16 3034/4370/16
f 3036/4371/16 3017/4372/16 3014/4373/16 3072/4374/16
f 3015/4375/16 3016/4376/16 3027/4377/16 3035/4378/16
f 3008/4379/16 3064/4380/16 3025/4381/16 3007/4382/16
f 3051/4383/16 3059/4384/16 3066/4385/16 3050/4386/16
f 3042/4387/16 3071/4388/16 3030/4389/16 3029/4390/16
f 2820/4040/16 2907/4159/16 2904/4156/16 2815/4035/16
f 2908/4160/16 2995/4279/16 2992/4276/16 2903/4155/16
f 2819/4039/16 2816/4036/16 2810/4030/16 2809/4029/16
f 2991/4275/16 2996/4280/16 3075/4391/16 3076/4392/16
f 2908/4162/16 2907/4161/16 2533/4393/16 2536/4394/16
f 2820/4042/16 2819/4041/16 2530/4395/16 2534/4396/16
f 2819/4041/16 2809/4397/16 2531/4398/16 2530/4395/16
f 2547/3671/19 2636/3792/19 3077/4399/19 3078/4400/19
f 2639/3797/19 2552/3678/19 2523/4401/19 2522/4402/19
f 2724/3912/19 2723/3911/19 3079/4403/19 3080/4404/19
f 2991/4275/16 3076/4392/16 3081/4405/16 3082/4406/16
f 2635/3791/19 2724/3912/19 3080/4404/19 3083/4407/19
f 2636/3792/19 2635/3791/19 3083/4407/19 3077/4399/19
f 3075/4408/16 2996/4282/16 2527/4409/16 2526/4410/16
f 2727/3917/19 2640/3798/19 2528/4411/19 2525/4412/19
f 2728/3918/19 2727/3917/19 2525/4412/19 2524/4413/19
f 2548/3672/19 2547/3671/19 3078/4400/19 3084/4414/19
f 2640/3798/19 2639/3797/19 2522/4402/19 2528/4411/19
f 2810/4030/16 2816/4036/16 3085/4415/16 3086/4416/16
f 2552/3678/19 2551/3677/19 2529/4417/19 2523/4401/19
f 2551/3677/19 2808/4418/19 2532/4419/19 2529/4417/19
f 2807/4027/19 2548/3672/19 3084/4414/19 3087/4420/19
f 2815/4035/16 2904/4156/16 3088/4421/16 3089/4422/16
f 2992/4276/16 2991/4275/16 3082/4406/16 3090/4423/16
f 2723/3911/19 2810/4030/19 3086/4416/19 3079/4403/19
f 2907/4161/16 2820/4042/16 2534/4396/16 2533/4393/16
f 2904/4156/16 2903/4155/16 3091/4424/16 3088/4421/16
f 2809/4397/19 2728/3918/19 2524/4413/19 2531/4398/19
f 2903/4155/16 2992/4276/16 3090/4423/16 3091/4424/16
f 2816/4036/16 2815/4035/16 3089/4422/16 3085/4415/16
f 2995/4281/16 2908/4162/16 2536/4394/16 2535/4425/16
f 2996/4282/16 2995/4281/16 2535/4425/16 2527/4409/16
f 3092/4426/21 2541/4427/21 2542/4428/21 3093/4429/21
f 3094/4430/21 3092/4431/21 3093/4432/21 3095/4433/21
f 3096/4434/21 3094/4430/21 3095/4433/21 3097/4435/21
f 1413/2110/14 1405/2101/14 3098/4436/14 3099/4437/14
f 1411/2108/14 1426/2124/14 3100/4438/14 3101/4439/14
f 1415/2112/14 1414/2111/14 3102/4440/14 3103/4441/14
f 1397/2092/14 1400/2095/14 3104/4442/14 3105/4443/14
f 1405/2101/14 1404/2100/14 3106/4444/14 3098/4436/14
f 1426/2124/14 1398/2093/14 3107/4445/14 3100/4438/14
f 1414/2111/14 1413/2110/14 3099/4437/14 3102/4440/14
f 1399/2094/14 1401/2097/14 3108/4446/14 3109/4447/14
f 1419/4448/14 1420/4449/14 3110/4450/14 3111/4451/14
f 1412/2109/14 1411/2108/14 3101/4439/14 3112/4452/14
f 1401/2097/14 1415/2112/14 3103/4441/14 3108/4446/14
f 3113/4453/14 1412/2109/14 3112/4452/14 3114/4454/14
f 1400/2095/14 1399/2094/14 3109/4447/14 3104/4442/14
f 1404/4455/14 1419/4448/14 3111/4451/14 3106/4456/14
f 1398/2093/14 1397/2092/14 3105/4443/14 3107/4445/14
f 3090/4457/16 3082/4458/16 3115/4459/16 3116/4460/16
f 3078/4461/19 3077/4462/19 3117/4463/19 3118/4464/19
f 3083/4465/19 3080/4466/19 3119/4467/19 3120/4468/19
f 3089/4469/16 3088/4470/16 3121/4471/16 3122/4472/16
f 3123/4473/21 3096/4474/21 3097/4475/21 3124/4476/21
f 3084/4477/19 3078/4461/19 3118/4464/19 3125/4478/19
f 3091/4479/16 3090/4457/16 3116/4460/16 3126/4480/16
f 3087/4481/19 3084/4477/19 3125/4478/19 3127/4482/19
f 3082/4458/16 3081/4483/16 3128/4484/16 3115/4459/16
f 3079/4485/19 3086/4486/19 3129/4487/19 3130/4488/19
f 3086/4486/16 3085/4489/16 3131/4490/16 3129/4487/16
f 3077/4462/19 3083/4465/19 3120/4468/19 3117/4463/19
f 3085/4489/16 3089/4469/16 3122/4472/16 3131/4490/16
f 3080/4466/19 3079/4485/19 3130/4488/19 3119/4467/19
f 3088/4470/16 3091/4479/16 3126/4480/16 3121/4471/16
f 3122/4472/11 3121/4471/11 3132/4491/11 3133/4492/11
f 3118/4464/11 3117/4463/11 3134/4493/11 3135/4494/11
f 3126/4480/11 3116/4460/11 3136/4495/11 3137/4496/11
f 3120/4468/11 3119/4467/11 3138/4497/11 3139/4498/11
f 3115/4459/11 3128/4484/11 3140/4499/11 3141/4500/11
f 3127/4482/11 3125/4478/11 3142/4501/11 3143/4502/11
f 3129/4487/11 3131/4490/11 3144/4503/11 3145/4504/11
f 3130/4488/11 3129/4487/11 3145/4504/11 3146/4505/11
f 3147/4506/21 3123/4507/21 3124/4508/21 3148/4509/21
f 3131/4490/11 3122/4472/11 3133/4492/11 3144/4503/11
f 3117/4463/11 3120/4468/11 3139/4498/11 3134/4493/11
f 3121/4471/11 3126/4480/11 3137/4496/11 3132/4491/11
f 3125/4478/11 3118/4464/11 3135/4494/11 3142/4501/11
f 3116/4460/11 3115/4459/11 3141/4500/11 3136/4495/11
f 3119/4467/11 3130/4488/11 3146/4505/11 3138/4497/11
f 3142/4501/15 3135/4494/15 3149/4510/15 3150/4511/15
f 3136/4495/21 3141/4500/21 3151/4512/21 3152/4513/21
f 3138/4497/15 3146/4505/15 3153/4514/15 3154/4515/15
f 3133/4492/21 3132/4491/21 3155/4516/21 3156/4517/21
f 3135/4494/15 3134/4493/15 3157/4518/15 3149/4510/15
f 3137/4496/21 3136/4495/21 3152/4513/21 3158/4519/21
f 3139/4498/15 3138/4497/15 3154/4515/15 3159/4520/15
f 3141/4500/21 3140/4499/21 3160/4521/21 3151/4512/21
f 3143/4502/15 3142/4501/15 3150/4511/15 3161/4522/15
f 3145/4504/21 3144/4503/21 3162/4523/21 3163/4524/21
f 3146/4505/15 3145/4504/15 3163/4524/15 3153/4514/15
f 3164/4525/21 3147/4506/21 3148/4509/21 3165/4526/21
f 3144/4503/21 3133/4492/21 3156/4517/21 3162/4523/21
f 3134/4493/15 3139/4498/15 3159/4520/15 3157/4518/15
f 3132/4491/21 3137/4496/21 3158/4519/21 3155/4516/21
f 3157/4527/11 3159/4528/11 3154/4529/11 3153/4530/11 3163/4531/11 3162/4532/11 3156/4533/11 3155/4534/11 3158/4535/11 3152/4536/11 3151/4537/11 3160/4538/11 1430/4539/11 1429/4540/11 3166/4541/11 3161/4542/11 3150/4543/11 3149/4544/11
f 3140/4499/19 1427/2125/19 1430/2128/19 3160/4521/19
f 3128/4484/11 1431/2129/11 1427/2125/11 3140/4499/11
f 3081/4483/15 1983/2891/15 1431/2129/15 3128/4484/15
f 3167/4545/21 3164/4546/21 3165/4547/21 3113/4453/21
f 3076/4392/15 3075/4391/15 1987/2897/15 1985/2895/15
f 3081/4405/15 3076/4392/15 1985/2895/15 1983/2894/15
f 3075/4408/15 2526/4410/15 2538/3660/15 1987/3659/15
f 2521/3623/15 2520/3622/15 2542/3666/15 2540/3664/15
f 2526/3636/15 2521/3623/15 2540/3664/15 2538/3663/15
f 2520/3639/15 1971/3641/15 3093/4429/15 2542/4428/15
f 1966/2856/15 1965/2855/15 3097/4435/15 3095/4433/15
f 1971/2869/15 1966/2856/15 3095/4433/15 3093/4432/15
f 1965/2872/15 1408/2874/15 3124/4476/15 3097/4475/15
f 1396/2091/15 1395/2090/15 3165/4526/15 3148/4509/15
f 1408/2104/15 1396/2091/15 3148/4509/15 3124/4508/15
f 1395/2107/15 1412/2109/15 3113/4453/15 3165/4547/15
f 3164/4546/15 3167/4545/15 3168/4548/15 3169/4549/15
f 3123/4507/15 3147/4506/15 3170/4550/15 3171/4551/15
f 3147/4506/15 3164/4525/15 3169/4552/15 3170/4550/15
f 3096/4474/15 3123/4473/15 3171/4553/15 3172/4554/15
f 3092/4431/15 3094/4430/15 3173/4555/15 3174/4556/15
f 3094/4430/15 3096/4434/15 3172/4557/15 3173/4555/15
f 2541/4427/15 3092/4426/15 3174/4558/15 3175/4559/15
f 2537/3662/15 2539/3661/15 3176/4560/15 3177/4561/15
f 2539/3661/15 2541/3665/15 3175/4562/15 3176/4560/15
f 1986/3658/15 2537/3657/15 3177/4563/15 3178/4564/15
f 1982/2893/15 1984/2892/15 3179/4565/15 3180/4566/15
f 1984/2892/15 1986/2896/15 3178/4567/15 3179/4565/15
f 1982/2890/15 3180/4568/15 3181/4569/15 1432/2130/15
f 1432/2130/11 3181/4569/11 3182/4570/11 1428/2126/11
f 1428/2126/19 3182/4570/19 3166/4571/19 1429/2127/19
f 3168/4548/14 3167/4545/14 3183/4572/14 3184/4573/14
f 3167/4545/14 3113/4453/14 3114/4454/14 3183/4572/14
f 3185/4574/11 3186/4575/11 3187/4576/11 3188/4577/11
f 3189/4578/27 3190/4579/27 3191/4580/27 3192/4581/27
f 3192/4581/28 3191/4580/28 3185/4574/28 3193/4582/28
f 3194/4583/33 3188/4577/33 3190/4579/33 3189/4578/33
f 3193/4584/29 3185/4585/29 3188/4586/29 3194/4587/29
f 3190/4579/14 3195/4588/14 3196/4589/14 3191/4580/14
f 3191/4580/21 3196/4589/21 3186/4575/21 3185/4574/21
f 3188/4577/16 3187/4576/16 3195/4588/16 3190/4579/16
f 3197/4590/19 3198/4591/19 3199/4592/19 3200/4593/19
f 3201/4594/19 3202/4595/19 3203/4596/19 3204/4597/19
f 3205/4598/15 3196/4599/15 3206/4600/15 3207/4601/15
f 3208/4602/19 3209/4603/19 3210/4604/19 3211/4605/19
f 3212/4606/15 3213/4607/15 3214/4608/15 3215/4609/15
f 3203/4596/11 3202/4595/11 3216/4610/11 3195/4611/11
f 3217/4612/19 3218/4613/19 3219/4614/19 3220/4615/19
f 3210/4604/21 3209/4603/21 3221/4616/21 3222/4617/21
f 3223/4618/15 3224/4619/15 3196/4599/15 3205/4598/15
f 3214/4608/15 3225/4620/15 3195/4611/15 3226/4621/15
f 3200/4593/11 3227/4622/11 3228/4623/11 3197/4590/11
f 3229/4624/21 3230/4625/21 3231/4626/21 3232/4627/21
f 3226/4621/15 3195/4611/15 3216/4610/15 3233/4628/15
f 3234/4629/15 3222/4617/15 3221/4616/15 3213/4607/15
f 3235/4630/14 3236/4631/14 3237/4632/14 3186/4633/14
f 3218/4613/16 3238/4634/16 3206/4600/16 3196/4599/16
f 3239/4635/21 3203/4596/21 3195/4611/21 3225/4620/21
f 3228/4623/15 3187/4636/15 3240/4637/15 3241/4638/15
f 3211/4605/16 3234/4629/16 3213/4607/16 3208/4602/16
f 3197/4590/16 3228/4623/16 3241/4638/16 3242/4639/16
f 3217/4612/21 3205/4598/21 3207/4601/21 3243/4640/21
f 3198/4591/21 3244/4641/21 3240/4637/21 3187/4636/21
f 3242/4639/19 3244/4641/19 3198/4591/19 3197/4590/19
f 3245/4642/16 3214/4608/16 3226/4621/16 3204/4597/16
f 3230/4625/15 3246/4643/15 3247/4644/15 3231/4626/15
f 3248/4645/15 3249/4646/15 3186/4633/15 3250/4647/15
f 3251/4648/21 3248/4645/21 3250/4647/21 3252/4649/21
f 3252/4649/19 3235/4630/19 3253/4650/19 3251/4648/19
f 3254/4651/16 3255/4652/16 3247/4644/16 3246/4643/16
f 3253/4650/16 3235/4630/16 3186/4633/16 3249/4646/16
f 3243/4640/19 3238/4634/19 3218/4613/19 3217/4612/19
f 3232/4627/19 3255/4652/19 3254/4651/19 3229/4624/19
f 3219/4614/11 3218/4613/11 3196/4599/11 3224/4619/11
f 3204/4597/14 3226/4621/14 3233/4628/14 3201/4594/14
f 3252/4649/11 3250/4647/11 3256/4653/11 3257/4654/11
f 3220/4615/14 3223/4618/14 3205/4598/14 3217/4612/14
f 3227/4622/15 3258/4655/15 3187/4636/15 3228/4623/15
f 3250/4647/15 3186/4633/15 3237/4632/15 3256/4653/15
f 3199/4592/14 3198/4591/14 3187/4636/14 3258/4655/14
f 3257/4654/19 3236/4631/19 3235/4630/19 3252/4649/19
f 3234/4629/15 3241/4638/15 3240/4637/15 3222/4617/15
f 3214/4608/15 3213/4607/15 3221/4616/15 3225/4620/15
f 3208/4602/19 3245/4642/19 3239/4635/19 3209/4603/19
f 3242/4639/19 3211/4605/19 3210/4604/19 3244/4641/19
f 3222/4617/21 3240/4637/21 3244/4641/21 3210/4604/21
f 3225/4620/21 3221/4616/21 3209/4603/21 3239/4635/21
f 3231/4626/11 3259/4656/11 3260/4657/11 3232/4627/11
f 3261/4658/14 3208/4602/14 3213/4607/14 3212/4606/14
f 3230/4625/15 3207/4601/15 3206/4600/15 3246/4643/15
f 3248/4645/15 3231/4626/15 3247/4644/15 3249/4646/15
f 3232/4627/19 3251/4648/19 3253/4650/19 3255/4652/19
f 3243/4640/19 3229/4624/19 3254/4651/19 3238/4634/19
f 3246/4643/16 3206/4600/16 3238/4634/16 3254/4651/16
f 3249/4646/16 3247/4644/16 3255/4652/16 3253/4650/16
f 3230/4625/15 3262/4659/15 3263/4660/15 3207/4601/15
f 3251/4648/14 3264/4661/14 3265/4662/14 3248/4645/14
f 3223/4618/15 3233/4628/15 3216/4610/15 3224/4619/15
f 3201/4594/19 3220/4615/19 3219/4614/19 3202/4595/19
f 3224/4619/11 3216/4610/11 3202/4595/11 3219/4614/11
f 3266/4663/19 3220/4615/19 3201/4594/19 3267/4664/19
f 3227/4622/15 3256/4653/15 3237/4632/15 3258/4655/15
f 3257/4654/19 3200/4593/19 3199/4592/19 3236/4631/19
f 3258/4655/14 3237/4632/14 3236/4631/14 3199/4592/14
f 3268/4665/19 3200/4593/19 3257/4654/19 3264/4661/19
f 3204/4597/19 3203/4596/19 3239/4635/19 3245/4642/19
f 3215/4609/11 3214/4608/11 3245/4642/11 3267/4664/11
f 3248/4645/15 3265/4662/15 3259/4656/15 3231/4626/15
f 3267/4664/21 3201/4594/21 3233/4628/21 3215/4609/21
f 3269/4666/15 3241/4638/15 3234/4629/15 3270/4667/15
f 3268/4665/14 3242/4639/14 3241/4638/14 3269/4666/14
f 3270/4667/11 3234/4629/11 3211/4605/11 3271/4668/11
f 3271/4668/19 3211/4605/19 3242/4639/19 3268/4665/19
f 3207/4601/11 3263/4660/11 3266/4663/11 3243/4640/11
f 3232/4627/19 3260/4657/19 3264/4661/19 3251/4648/19
f 3267/4664/19 3245/4642/19 3208/4602/19 3261/4658/19
f 3243/4640/19 3266/4663/19 3272/4669/19 3229/4624/19
f 3260/4657/19 3272/4669/19 3261/4658/19 3271/4668/19
f 3269/4666/21 3227/4622/21 3200/4593/21 3268/4665/21
f 3261/4658/19 3272/4669/19 3266/4663/19 3267/4664/19
f 3268/4665/19 3264/4661/19 3260/4657/19 3271/4668/19
f 3270/4667/15 3259/4656/15 3265/4662/15 3269/4666/15
f 3263/4660/16 3223/4618/16 3220/4615/16 3266/4663/16
f 3259/4656/16 3262/4659/16 3272/4669/16 3260/4657/16
f 3215/4609/15 3263/4660/15 3262/4659/15 3212/4606/15
f 3229/4624/14 3272/4669/14 3262/4659/14 3230/4625/14
f 3215/4609/15 3233/4628/15 3223/4618/15 3263/4660/15
f 3271/4668/21 3261/4658/21 3212/4606/21 3270/4667/21
f 3270/4667/15 3212/4606/15 3262/4659/15 3259/4656/15
f 3264/4661/16 3257/4654/16 3256/4653/16 3265/4662/16
f 3265/4662/15 3256/4653/15 3227/4622/15 3269/4666/15
f 3231/4670/19 3230/4671/19 3262/4672/19 3259/4673/19
f 3234/4674/19 3270/4675/19 3212/4676/19 3213/4677/19
f 3215/4678/19 3233/4679/19 3226/4680/19 3214/4681/19
f 3207/4682/19 3205/4683/19 3223/4684/19 3263/4685/19
f 3250/4686/19 3248/4687/19 3265/4688/19 3256/4689/19
f 3241/4690/19 3228/4691/19 3227/4692/19 3269/4693/19
f 3273/4694/11 3274/4695/11 3275/4696/11 3276/4697/11
f 3277/4698/27 3278/4699/27 3279/4700/27 3280/4701/27
f 3280/4701/28 3279/4700/28 3273/4694/28 3281/4702/28
f 3282/4703/42 3276/4697/42 3278/4699/42 3277/4698/42
f 3281/4704/29 3273/4705/29 3276/4706/29 3282/4707/29
f 3278/4699/14 3283/4708/14 3284/4709/14 3279/4700/14
f 3279/4700/21 3284/4709/21 3274/4695/21 3273/4694/21
f 3276/4697/16 3275/4696/16 3283/4708/16 3278/4699/16
f 3285/4710/19 3286/4711/19 3287/4712/19 3288/4713/19
f 3289/4714/19 3290/4715/19 3291/4716/19 3292/4717/19
f 3293/4718/15 3284/4719/15 3294/4720/15 3295/4721/15
f 3296/4722/19 3297/4723/19 3298/4724/19 3299/4725/19
f 3300/4726/15 3301/4727/15 3302/4728/15 3303/4729/15
f 3291/4716/11 3290/4715/11 3304/4730/11 3283/4731/11
f 3305/4732/19 3306/4733/19 3307/4734/19 3308/4735/19
f 3298/4724/21 3297/4723/21 3309/4736/21 3310/4737/21
f 3311/4738/15 3312/4739/15 3284/4719/15 3293/4718/15
f 3302/4728/15 3313/4740/15 3283/4731/15 3314/4741/15
f 3288/4713/11 3315/4742/11 3316/4743/11 3285/4710/11
f 3317/4744/21 3318/4745/21 3319/4746/21 3320/4747/21
f 3314/4741/15 3283/4731/15 3304/4730/15 3321/4748/15
f 3322/4749/15 3310/4737/15 3309/4736/15 3301/4727/15
f 3323/4750/14 3324/4751/14 3325/4752/14 3274/4753/14
f 3306/4733/16 3326/4754/16 3294/4720/16 3284/4719/16
f 3327/4755/21 3291/4716/21 3283/4731/21 3313/4740/21
f 3316/4743/15 3275/4756/15 3328/4757/15 3329/4758/15
f 3299/4725/16 3322/4749/16 3301/4727/16 3296/4722/16
f 3285/4710/16 3316/4743/16 3329/4758/16 3330/4759/16
f 3305/4732/21 3293/4718/21 3295/4721/21 3331/4760/21
f 3286/4711/21 3332/4761/21 3328/4757/21 3275/4756/21
f 3330/4759/19 3332/4761/19 3286/4711/19 3285/4710/19
f 3333/4762/16 3302/4728/16 3314/4741/16 3292/4717/16
f 3318/4745/15 3334/4763/15 3335/4764/15 3319/4746/15
f 3336/4765/15 3337/4766/15 3274/4753/15 3338/4767/15
f 3339/4768/21 3336/4765/21 3338/4767/21 3340/4769/21
f 3340/4769/19 3323/4750/19 3341/4770/19 3339/4768/19
f 3342/4771/16 3343/4772/16 3335/4764/16 3334/4763/16
f 3341/4770/16 3323/4750/16 3274/4753/16 3337/4766/16
f 3331/4760/19 3326/4754/19 3306/4733/19 3305/4732/19
f 3320/4747/19 3343/4772/19 3342/4771/19 3317/4744/19
f 3307/4734/11 3306/4733/11 3284/4719/11 3312/4739/11
f 3292/4717/14 3314/4741/14 3321/4748/14 3289/4714/14
f 3340/4769/11 3338/4767/11 3344/4773/11 3345/4774/11
f 3308/4735/14 3311/4738/14 3293/4718/14 3305/4732/14
f 3315/4742/15 3346/4775/15 3275/4756/15 3316/4743/15
f 3338/4767/15 3274/4753/15 3325/4752/15 3344/4773/15
f 3287/4712/14 3286/4711/14 3275/4756/14 3346/4775/14
f 3345/4774/19 3324/4751/19 3323/4750/19 3340/4769/19
f 3322/4749/15 3329/4758/15 3328/4757/15 3310/4737/15
f 3302/4728/15 3301/4727/15 3309/4736/15 3313/4740/15
f 3296/4722/19 3333/4762/19 3327/4755/19 3297/4723/19
f 3330/4759/19 3299/4725/19 3298/4724/19 3332/4761/19
f 3310/4737/21 3328/4757/21 3332/4761/21 3298/4724/21
f 3313/4740/21 3309/4736/21 3297/4723/21 3327/4755/21
f 3319/4746/11 3347/4776/11 3348/4777/11 3320/4747/11
f 3349/4778/14 3296/4722/14 3301/4727/14 3300/4726/14
f 3318/4745/15 3295/4721/15 3294/4720/15 3334/4763/15
f 3336/4765/15 3319/4746/15 3335/4764/15 3337/4766/15
f 3320/4747/19 3339/4768/19 3341/4770/19 3343/4772/19
f 3331/4760/19 3317/4744/19 3342/4771/19 3326/4754/19
f 3334/4763/16 3294/4720/16 3326/4754/16 3342/4771/16
f 3337/4766/16 3335/4764/16 3343/4772/16 3341/4770/16
f 3318/4745/15 3350/4779/15 3351/4780/15 3295/4721/15
f 3339/4768/14 3352/4781/14 3353/4782/14 3336/4765/14
f 3311/4738/15 3321/4748/15 3304/4730/15 3312/4739/15
f 3289/4714/19 3308/4735/19 3307/4734/19 3290/4715/19
f 3312/4739/11 3304/4730/11 3290/4715/11 3307/4734/11
f 3354/4783/19 3308/4735/19 3289/4714/19 3355/4784/19
f 3315/4742/15 3344/4773/15 3325/4752/15 3346/4775/15
f 3345/4774/19 3288/4713/19 3287/4712/19 3324/4751/19
f 3346/4775/14 3325/4752/14 3324/4751/14 3287/4712/14
f 3356/4785/19 3288/4713/19 3345/4774/19 3352/4781/19
f 3292/4717/19 3291/4716/19 3327/4755/19 3333/4762/19
f 3303/4729/11 3302/4728/11 3333/4762/11 3355/4784/11
f 3336/4765/15 3353/4782/15 3347/4776/15 3319/4746/15
f 3355/4784/21 3289/4714/21 3321/4748/21 3303/4729/21
f 3357/4786/15 3329/4758/15 3322/4749/15 3358/4787/15
f 3356/4785/14 3330/4759/14 3329/4758/14 3357/4786/14
f 3358/4787/11 3322/4749/11 3299/4725/11 3359/4788/11
f 3359/4788/19 3299/4725/19 3330/4759/19 3356/4785/19
f 3295/4721/11 3351/4780/11 3354/4783/11 3331/4760/11
f 3320/4747/19 3348/4777/19 3352/4781/19 3339/4768/19
f 3355/4784/19 3333/4762/19 3296/4722/19 3349/4778/19
f 3331/4760/19 3354/4783/19 3360/4789/19 3317/4744/19
f 3348/4777/19 3360/4789/19 3349/4778/19 3359/4788/19
f 3357/4786/21 3315/4742/21 3288/4713/21 3356/4785/21
f 3349/4778/19 3360/4789/19 3354/4783/19 3355/4784/19
f 3356/4785/19 3352/4781/19 3348/4777/19 3359/4788/19
f 3358/4787/15 3347/4776/15 3353/4782/15 3357/4786/15
f 3351/4780/16 3311/4738/16 3308/4735/16 3354/4783/16
f 3347/4776/16 3350/4779/16 3360/4789/16 3348/4777/16
f 3303/4729/15 3351/4780/15 3350/4779/15 3300/4726/15
f 3317/4744/14 3360/4789/14 3350/4779/14 3318/4745/14
f 3303/4729/15 3321/4748/15 3311/4738/15 3351/4780/15
f 3359/4788/21 3349/4778/21 3300/4726/21 3358/4787/21
f 3358/4787/15 3300/4726/15 3350/4779/15 3347/4776/15
f 3352/4781/16 3345/4774/16 3344/4773/16 3353/4782/16
f 3353/4782/15 3344/4773/15 3315/4742/15 3357/4786/15
f 3319/4790/19 3318/4791/19 3350/4792/19 3347/4793/19
f 3322/4794/19 3358/4795/19 3300/4796/19 3301/4797/19
f 3303/4798/19 3321/4799/19 3314/4800/19 3302/4801/19
f 3295/4802/19 3293/4803/19 3311/4804/19 3351/4805/19
f 3338/4806/19 3336/4807/19 3353/4808/19 3344/4809/19
f 3329/4810/19 3316/4811/19 3315/4812/19 3357/4813/19
f 3361/4814/11 3362/4815/11 3363/4816/11 3364/4817/11
f 3365/4818/27 3366/4819/27 3367/4820/27 3368/4821/27
f 3368/4821/47 3367/4820/47 3361/4814/47 3369/4822/47
f 3370/4823/33 3364/4817/33 3366/4819/33 3365/4818/33
f 3369/4824/29 3361/4825/29 3364/4826/29 3370/4827/29
f 3366/4819/14 3371/4828/14 3372/4829/14 3367/4820/14
f 3367/4820/21 3372/4829/21 3362/4815/21 3361/4814/21
f 3364/4817/16 3363/4816/16 3371/4828/16 3366/4819/16
f 3373/4830/19 3374/4831/19 3375/4832/19 3376/4833/19
f 3377/4834/19 3378/4835/19 3379/4836/19 3380/4837/19
f 3381/4838/15 3372/4839/15 3382/4840/15 3383/4841/15
f 3384/4842/19 3385/4843/19 3386/4844/19 3387/4845/19
f 3388/4846/15 3389/4847/15 3390/4848/15 3391/4849/15
f 3379/4836/11 3378/4835/11 3392/4850/11 3371/4851/11
f 3393/4852/19 3394/4853/19 3395/4854/19 3396/4855/19
f 3386/4844/21 3385/4843/21 3397/4856/21 3398/4857/21
f 3399/4858/15 3400/4859/15 3372/4839/15 3381/4838/15
f 3390/4848/15 3401/4860/15 3371/4851/15 3402/4861/15
f 3376/4833/11 3403/4862/11 3404/4863/11 3373/4830/11
f 3405/4864/21 3406/4865/21 3407/4866/21 3408/4867/21
f 3402/4861/15 3371/4851/15 3392/4850/15 3409/4868/15
f 3410/4869/15 3398/4857/15 3397/4856/15 3389/4847/15
f 3411/4870/14 3412/4871/14 3413/4872/14 3362/4873/14
f 3394/4853/16 3414/4874/16 3382/4840/16 3372/4839/16
f 3415/4875/21 3379/4836/21 3371/4851/21 3401/4860/21
f 3404/4863/15 3363/4876/15 3416/4877/15 3417/4878/15
f 3387/4845/16 3410/4869/16 3389/4847/16 3384/4842/16
f 3373/4830/16 3404/4863/16 3417/4878/16 3418/4879/16
f 3393/4852/21 3381/4838/21 3383/4841/21 3419/4880/21
f 3374/4831/21 3420/4881/21 3416/4877/21 3363/4876/21
f 3418/4879/19 3420/4881/19 3374/4831/19 3373/4830/19
f 3421/4882/16 3390/4848/16 3402/4861/16 3380/4837/16
f 3406/4865/15 3422/4883/15 3423/4884/15 3407/4866/15
f 3424/4885/15 3425/4886/15 3362/4873/15 3426/4887/15
f 3427/4888/21 3424/4885/21 3426/4887/21 3428/4889/21
f 3428/4889/19 3411/4870/19 3429/4890/19 3427/4888/19
f 3430/4891/16 3431/4892/16 3423/4884/16 3422/4883/16
f 3429/4890/16 3411/4870/16 3362/4873/16 3425/4886/16
f 3419/4880/19 3414/4874/19 3394/4853/19 3393/4852/19
f 3408/4867/19 3431/4892/19 3430/4891/19 3405/4864/19
f 3395/4854/11 3394/4853/11 3372/4839/11 3400/4859/11
f 3380/4837/14 3402/4861/14 3409/4868/14 3377/4834/14
f 3428/4889/11 3426/4887/11 3432/4893/11 3433/4894/11
f 3396/4855/14 3399/4858/14 3381/4838/14 3393/4852/14
f 3403/4862/15 3434/4895/15 3363/4876/15 3404/4863/15
f 3426/4887/15 3362/4873/15 3413/4872/15 3432/4893/15
f 3375/4832/14 3374/4831/14 3363/4876/14 3434/4895/14
f 3433/4894/19 3412/4871/19 3411/4870/19 3428/4889/19
f 3410/4869/15 3417/4878/15 3416/4877/15 3398/4857/15
f 3390/4848/15 3389/4847/15 3397/4856/15 3401/4860/15
f 3384/4842/19 3421/4882/19 3415/4875/19 3385/4843/19
f 3418/4879/19 3387/4845/19 3386/4844/19 3420/4881/19
f 3398/4857/21 3416/4877/21 3420/4881/21 3386/4844/21
f 3401/4860/21 3397/4856/21 3385/4843/21 3415/4875/21
f 3407/4866/11 3435/4896/11 3436/4897/11 3408/4867/11
f 3437/4898/14 3384/4842/14 3389/4847/14 3388/4846/14
f 3406/4865/15 3383/4841/15 3382/4840/15 3422/4883/15
f 3424/4885/15 3407/4866/15 3423/4884/15 3425/4886/15
f 3408/4867/19 3427/4888/19 3429/4890/19 3431/4892/19
f 3419/4880/19 3405/4864/19 3430/4891/19 3414/4874/19
f 3422/4883/16 3382/4840/16 3414/4874/16 3430/4891/16
f 3425/4886/16 3423/4884/16 3431/4892/16 3429/4890/16
f 3406/4865/15 3438/4899/15 3439/4900/15 3383/4841/15
f 3427/4888/14 3440/4901/14 3441/4902/14 3424/4885/14
f 3399/4858/15 3409/4868/15 3392/4850/15 3400/4859/15
f 3377/4834/19 3396/4855/19 3395/4854/19 3378/4835/19
f 3400/4859/11 3392/4850/11 3378/4835/11 3395/4854/11
f 3442/4903/19 3396/4855/19 3377/4834/19 3443/4904/19
f 3403/4862/15 3432/4893/15 3413/4872/15 3434/4895/15
f 3433/4894/19 3376/4833/19 3375/4832/19 3412/4871/19
f 3434/4895/14 3413/4872/14 3412/4871/14 3375/4832/14
f 3444/4905/19 3376/4833/19 3433/4894/19 3440/4901/19
f 3380/4837/19 3379/4836/19 3415/4875/19 3421/4882/19
f 3391/4849/11 3390/4848/11 3421/4882/11 3443/4904/11
f 3424/4885/15 3441/4902/15 3435/4896/15 3407/4866/15
f 3443/4904/21 3377/4834/21 3409/4868/21 3391/4849/21
f 3445/4906/15 3417/4878/15 3410/4869/15 3446/4907/15
f 3444/4905/14 3418/4879/14 3417/4878/14 3445/4906/14
f 3446/4907/11 3410/4869/11 3387/4845/11 3447/4908/11
f 3447/4908/19 3387/4845/19 3418/4879/19 3444/4905/19
f 3383/4841/11 3439/4900/11 3442/4903/11 3419/4880/11
f 3408/4867/19 3436/4897/19 3440/4901/19 3427/4888/19
f 3443/4904/19 3421/4882/19 3384/4842/19 3437/4898/19
f 3419/4880/19 3442/4903/19 3448/4909/19 3405/4864/19
f 3436/4897/19 3448/4909/19 3437/4898/19 3447/4908/19
f 3445/4906/21 3403/4862/21 3376/4833/21 3444/4905/21
f 3437/4898/19 3448/4909/19 3442/4903/19 3443/4904/19
f 3444/4905/19 3440/4901/19 3436/4897/19 3447/4908/19
f 3446/4907/15 3435/4896/15 3441/4902/15 3445/4906/15
f 3439/4900/16 3399/4858/16 3396/4855/16 3442/4903/16
f 3435/4896/16 3438/4899/16 3448/4909/16 3436/4897/16
f 3391/4849/15 3439/4900/15 3438/4899/15 3388/4846/15
f 3405/4864/14 3448/4909/14 3438/4899/14 3406/4865/14
f 3391/4849/15 3409/4868/15 3399/4858/15 3439/4900/15
f 3447/4908/21 3437/4898/21 3388/4846/21 3446/4907/21
f 3446/4907/15 3388/4846/15 3438/4899/15 3435/4896/15
f 3440/4901/16 3433/4894/16 3432/4893/16 3441/4902/16
f 3441/4902/15 3432/4893/15 3403/4862/15 3445/4906/15
f 3407/4910/19 3406/4911/19 3438/4912/19 3435/4913/19
f 3410/4914/19 3446/4915/19 3388/4916/19 3389/4917/19
f 3391/4918/19 3409/4919/19 3402/4920/19 3390/4921/19
f 3383/4922/19 3381/4923/19 3399/4924/19 3439/4925/19
f 3426/4926/19 3424/4927/19 3441/4928/19 3432/4929/19
f 3417/4930/19 3404/4931/19 3403/4932/19 3445/4933/19
f 3194/4583/19 3189/4578/19 3280/4701/19 3281/4702/19
f 3282/4703/19 3277/4698/19 3368/4821/19 3369/4822/19
f 3193/4582/19 1128/1727/19 1127/1726/19 3192/4581/19
f 3365/4818/19 3449/4934/19 3450/4935/19 3370/4823/19
f 3451/4936/11 3452/4937/11 3453/4938/11 3454/4939/11
f 3455/4940/54 3456/4941/54 3457/4942/54 3458/4943/54
f 3458/4943/55 3457/4942/55 3451/4936/55 3459/4944/55
f 3460/4945/56 3454/4939/56 3456/4941/56 3455/4940/56
f 3459/4946/57 3451/4947/57 3454/4948/57 3460/4949/57
f 3456/4941/14 3461/4950/14 3462/4951/14 3457/4942/14
f 3457/4942/15 3462/4951/15 3452/4937/15 3451/4936/15
f 3454/4939/19 3453/4938/19 3461/4950/19 3456/4941/19
f 3463/4952/21 3464/4953/21 3465/4954/21 3466/4955/21
f 3467/4956/21 3468/4957/21 3469/4958/21 3470/4959/21
f 3471/4960/16 3462/4961/16 3472/4962/16 3473/4963/16
f 3474/4964/21 3475/4965/21 3476/4966/21 3477/4967/21
f 3478/4968/16 3479/4969/16 3480/4970/16 3481/4971/16
f 3469/4958/11 3468/4957/11 3482/4972/11 3461/4973/11
f 3483/4974/21 3484/4975/21 3485/4976/21 3486/4977/21
f 3476/4966/15 3475/4965/15 3487/4978/15 3488/4979/15
f 3489/4980/16 3490/4981/16 3462/4961/16 3471/4960/16
f 3480/4970/16 3491/4982/16 3461/4973/16 3492/4983/16
f 3466/4955/11 3493/4984/11 3494/4985/11 3463/4952/11
f 3495/4986/15 3496/4987/15 3497/4988/15 3498/4989/15
f 3492/4983/16 3461/4973/16 3482/4972/16 3499/4990/16
f 3500/4991/16 3488/4979/16 3487/4978/16 3479/4969/16
f 3501/4992/14 3502/4993/14 3503/4994/14 3452/4995/14
f 3484/4975/19 3504/4996/19 3472/4962/19 3462/4961/19
f 3505/4997/15 3469/4958/15 3461/4973/15 3491/4982/15
f 3494/4985/16 3453/4998/16 3506/4999/16 3507/5000/16
f 3477/4967/19 3500/4991/19 3479/4969/19 3474/4964/19
f 3463/4952/19 3494/4985/19 3507/5000/19 3508/5001/19
f 3483/4974/15 3471/4960/15 3473/4963/15 3509/5002/15
f 3464/4953/15 3510/5003/15 3506/4999/15 3453/4998/15
f 3508/5001/21 3510/5003/21 3464/4953/21 3463/4952/21
f 3511/5004/19 3480/4970/19 3492/4983/19 3470/4959/19
f 3496/4987/16 3512/5005/16 3513/5006/16 3497/4988/16
f 3514/5007/16 3515/5008/16 3452/4995/16 3516/5009/16
f 3517/5010/15 3514/5007/15 3516/5009/15 3518/5011/15
f 3518/5011/21 3501/4992/21 3519/5012/21 3517/5010/21
f 3520/5013/19 3521/5014/19 3513/5006/19 3512/5005/19
f 3519/5012/19 3501/4992/19 3452/4995/19 3515/5008/19
f 3509/5002/21 3504/4996/21 3484/4975/21 3483/4974/21
f 3498/4989/21 3521/5014/21 3520/5013/21 3495/4986/21
f 3485/4976/11 3484/4975/11 3462/4961/11 3490/4981/11
f 3470/4959/14 3492/4983/14 3499/4990/14 3467/4956/14
f 3518/5011/11 3516/5009/11 3522/5015/11 3523/5016/11
f 3486/4977/14 3489/4980/14 3471/4960/14 3483/4974/14
f 3493/4984/16 3524/5017/16 3453/4998/16 3494/4985/16
f 3516/5009/16 3452/4995/16 3503/4994/16 3522/5015/16
f 3465/4954/14 3464/4953/14 3453/4998/14 3524/5017/14
f 3523/5016/21 3502/4993/21 3501/4992/21 3518/5011/21
f 3500/4991/16 3507/5000/16 3506/4999/16 3488/4979/16
f 3480/4970/16 3479/4969/16 3487/4978/16 3491/4982/16
f 3474/4964/21 3511/5004/21 3505/4997/21 3475/4965/21
f 3508/5001/21 3477/4967/21 3476/4966/21 3510/5003/21
f 3488/4979/15 3506/4999/15 3510/5003/15 3476/4966/15
f 3491/4982/15 3487/4978/15 3475/4965/15 3505/4997/15
f 3497/4988/11 3525/5018/11 3526/5019/11 3498/4989/11
f 3527/5020/14 3474/4964/14 3479/4969/14 3478/4968/14
f 3496/4987/16 3473/4963/16 3472/4962/16 3512/5005/16
f 3514/5007/16 3497/4988/16 3513/5006/16 3515/5008/16
f 3498/4989/21 3517/5010/21 3519/5012/21 3521/5014/21
f 3509/5002/21 3495/4986/21 3520/5013/21 3504/4996/21
f 3512/5005/19 3472/4962/19 3504/4996/19 3520/5013/19
f 3515/5008/19 3513/5006/19 3521/5014/19 3519/5012/19
f 3496/4987/16 3528/5021/16 3529/5022/16 3473/4963/16
f 3517/5010/14 3530/5023/14 3531/5024/14 3514/5007/14
f 3489/4980/16 3499/4990/16 3482/4972/16 3490/4981/16
f 3467/4956/21 3486/4977/21 3485/4976/21 3468/4957/21
f 3490/4981/11 3482/4972/11 3468/4957/11 3485/4976/11
f 3532/5025/21 3486/4977/21 3467/4956/21 3533/5026/21
f 3493/4984/16 3522/5015/16 3503/4994/16 3524/5017/16
f 3523/5016/21 3466/4955/21 3465/4954/21 3502/4993/21
f 3524/5017/14 3503/4994/14 3502/4993/14 3465/4954/14
f 3534/5027/21 3466/4955/21 3523/5016/21 3530/5023/21
f 3470/4959/21 3469/4958/21 3505/4997/21 3511/5004/21
f 3481/4971/11 3480/4970/11 3511/5004/11 3533/5026/11
f 3514/5007/16 3531/5024/16 3525/5018/16 3497/4988/16
f 3533/5026/15 3467/4956/15 3499/4990/15 3481/4971/15
f 3535/5028/16 3507/5000/16 3500/4991/16 3536/5029/16
f 3534/5027/14 3508/5001/14 3507/5000/14 3535/5028/14
f 3536/5029/11 3500/4991/11 3477/4967/11 3537/5030/11
f 3537/5030/21 3477/4967/21 3508/5001/21 3534/5027/21
f 3473/4963/11 3529/5022/11 3532/5025/11 3509/5002/11
f 3498/4989/21 3526/5019/21 3530/5023/21 3517/5010/21
f 3533/5026/21 3511/5004/21 3474/4964/21 3527/5020/21
f 3509/5002/21 3532/5025/21 3538/5031/21 3495/4986/21
f 3526/5019/21 3538/5031/21 3527/5020/21 3537/5030/21
f 3535/5028/15 3493/4984/15 3466/4955/15 3534/5027/15
f 3527/5020/21 3538/5031/21 3532/5025/21 3533/5026/21
f 3534/5027/21 3530/5023/21 3526/5019/21 3537/5030/21
f 3536/5029/16 3525/5018/16 3531/5024/16 3535/5028/16
f 3529/5022/19 3489/4980/19 3486/4977/19 3532/5025/19
f 3525/5018/19 3528/5021/19 3538/5031/19 3526/5019/19
f 3481/4971/16 3529/5022/16 3528/5021/16 3478/4968/16
f 3495/4986/14 3538/5031/14 3528/5021/14 3496/4987/14
f 3481/4971/16 3499/4990/16 3489/4980/16 3529/5022/16
f 3537/5030/15 3527/5020/15 3478/4968/15 3536/5029/15
f 3536/5029/16 3478/4968/16 3528/5021/16 3525/5018/16
f 3530/5023/19 3523/5016/19 3522/5015/19 3531/5024/19
f 3531/5024/16 3522/5015/16 3493/4984/16 3535/5028/16
f 3497/5032/21 3496/5033/21 3528/5034/21 3525/5035/21
f 3500/5036/21 3536/5037/21 3478/5038/21 3479/5039/21
f 3481/5040/21 3499/5041/21 3492/5042/21 3480/5043/21
f 3473/5044/21 3471/5045/21 3489/5046/21 3529/5047/21
f 3516/5048/21 3514/5049/21 3531/5050/21 3522/5051/21
f 3507/5052/21 3494/5053/21 3493/5054/21 3535/5055/21
f 3539/5056/11 3540/5057/11 3541/5058/11 3542/5059/11
f 3543/5060/54 3544/5061/54 3545/5062/54 3546/5063/54
f 3546/5063/55 3545/5062/55 3539/5056/55 3547/5064/55
f 3548/5065/56 3542/5059/56 3544/5061/56 3543/5060/56
f 3547/5066/57 3539/5067/57 3542/5068/57 3548/5069/57
f 3544/5061/14 3549/5070/14 3550/5071/14 3545/5062/14
f 3545/5062/15 3550/5071/15 3540/5057/15 3539/5056/15
f 3542/5059/19 3541/5058/19 3549/5070/19 3544/5061/19
f 3551/5072/21 3552/5073/21 3553/5074/21 3554/5075/21
f 3555/5076/21 3556/5077/21 3557/5078/21 3558/5079/21
f 3559/5080/16 3550/5081/16 3560/5082/16 3561/5083/16
f 3562/5084/21 3563/5085/21 3564/5086/21 3565/5087/21
f 3566/5088/16 3567/5089/16 3568/5090/16 3569/5091/16
f 3557/5078/11 3556/5077/11 3570/5092/11 3549/5093/11
f 3571/5094/21 3572/5095/21 3573/5096/21 3574/5097/21
f 3564/5086/15 3563/5085/15 3575/5098/15 3576/5099/15
f 3577/5100/16 3578/5101/16 3550/5081/16 3559/5080/16
f 3568/5090/16 3579/5102/16 3549/5093/16 3580/5103/16
f 3554/5075/11 3581/5104/11 3582/5105/11 3551/5072/11
f 3583/5106/15 3584/5107/15 3585/5108/15 3586/5109/15
f 3580/5103/16 3549/5093/16 3570/5092/16 3587/5110/16
f 3588/5111/16 3576/5099/16 3575/5098/16 3567/5089/16
f 3589/5112/14 3590/5113/14 3591/5114/14 3540/5115/14
f 3572/5095/19 3592/5116/19 3560/5082/19 3550/5081/19
f 3593/5117/15 3557/5078/15 3549/5093/15 3579/5102/15
f 3582/5105/16 3541/5118/16 3594/5119/16 3595/5120/16
f 3565/5087/19 3588/5111/19 3567/5089/19 3562/5084/19
f 3551/5072/19 3582/5105/19 3595/5120/19 3596/5121/19
f 3571/5094/15 3559/5080/15 3561/5083/15 3597/5122/15
f 3552/5073/15 3598/5123/15 3594/5119/15 3541/5118/15
f 3596/5121/21 3598/5123/21 3552/5073/21 3551/5072/21
f 3599/5124/19 3568/5090/19 3580/5103/19 3558/5079/19
f 3584/5107/16 3600/5125/16 3601/5126/16 3585/5108/16
f 3602/5127/16 3603/5128/16 3540/5115/16 3604/5129/16
f 3605/5130/15 3602/5127/15 3604/5129/15 3606/5131/15
f 3606/5131/21 3589/5112/21 3607/5132/21 3605/5130/21
f 3608/5133/19 3609/5134/19 3601/5126/19 3600/5125/19
f 3607/5132/19 3589/5112/19 3540/5115/19 3603/5128/19
f 3597/5122/21 3592/5116/21 3572/5095/21 3571/5094/21
f 3586/5109/21 3609/5134/21 3608/5133/21 3583/5106/21
f 3573/5096/11 3572/5095/11 3550/5081/11 3578/5101/11
f 3558/5079/14 3580/5103/14 3587/5110/14 3555/5076/14
f 3606/5131/11 3604/5129/11 3610/5135/11 3611/5136/11
f 3574/5097/14 3577/5100/14 3559/5080/14 3571/5094/14
f 3581/5104/16 3612/5137/16 3541/5118/16 3582/5105/16
f 3604/5129/16 3540/5115/16 3591/5114/16 3610/5135/16
f 3553/5074/14 3552/5073/14 3541/5118/14 3612/5137/14
f 3611/5136/21 3590/5113/21 3589/5112/21 3606/5131/21
f 3588/5111/16 3595/5120/16 3594/5119/16 3576/5099/16
f 3568/5090/16 3567/5089/16 3575/5098/16 3579/5102/16
f 3562/5084/21 3599/5124/21 3593/5117/21 3563/5085/21
f 3596/5121/21 3565/5087/21 3564/5086/21 3598/5123/21
f 3576/5099/15 3594/5119/15 3598/5123/15 3564/5086/15
f 3579/5102/15 3575/5098/15 3563/5085/15 3593/5117/15
f 3585/5108/11 3613/5138/11 3614/5139/11 3586/5109/11
f 3615/5140/14 3562/5084/14 3567/5089/14 3566/5088/14
f 3584/5107/16 3561/5083/16 3560/5082/16 3600/5125/16
f 3602/5127/16 3585/5108/16 3601/5126/16 3603/5128/16
f 3586/5109/21 3605/5130/21 3607/5132/21 3609/5134/21
f 3597/5122/21 3583/5106/21 3608/5133/21 3592/5116/21
f 3600/5125/19 3560/5082/19 3592/5116/19 3608/5133/19
f 3603/5128/19 3601/5126/19 3609/5134/19 3607/5132/19
f 3584/5107/16 3616/5141/16 3617/5142/16 3561/5083/16
f 3605/5130/14 3618/5143/14 3619/5144/14 3602/5127/14
f 3577/5100/16 3587/5110/16 3570/5092/16 3578/5101/16
f 3555/5076/21 3574/5097/21 3573/5096/21 3556/5077/21
f 3578/5101/11 3570/5092/11 3556/5077/11 3573/5096/11
f 3620/5145/21 3574/5097/21 3555/5076/21 3621/5146/21
f 3581/5104/16 3610/5135/16 3591/5114/16 3612/5137/16
f 3611/5136/21 3554/5075/21 3553/5074/21 3590/5113/21
f 3612/5137/14 3591/5114/14 3590/5113/14 3553/5074/14
f 3622/5147/21 3554/5075/21 3611/5136/21 3618/5143/21
f 3558/5079/21 3557/5078/21 3593/5117/21 3599/5124/21
f 3569/5091/11 3568/5090/11 3599/5124/11 3621/5146/11
f 3602/5127/16 3619/5144/16 3613/5138/16 3585/5108/16
f 3621/5146/15 3555/5076/15 3587/5110/15 3569/5091/15
f 3623/5148/16 3595/5120/16 3588/5111/16 3624/5149/16
f 3622/5147/14 3596/5121/14 3595/5120/14 3623/5148/14
f 3624/5149/11 3588/5111/11 3565/5087/11 3625/5150/11
f 3625/5150/21 3565/5087/21 3596/5121/21 3622/5147/21
f 3561/5083/11 3617/5142/11 3620/5145/11 3597/5122/11
f 3586/5109/21 3614/5139/21 3618/5143/21 3605/5130/21
f 3621/5146/21 3599/5124/21 3562/5084/21 3615/5140/21
f 3597/5122/21 3620/5145/21 3626/5151/21 3583/5106/21
f 3614/5139/21 3626/5151/21 3615/5140/21 3625/5150/21
f 3623/5148/15 3581/5104/15 3554/5075/15 3622/5147/15
f 3615/5140/21 3626/5151/21 3620/5145/21 3621/5146/21
f 3622/5147/21 3618/5143/21 3614/5139/21 3625/5150/21
f 3624/5149/16 3613/5138/16 3619/5144/16 3623/5148/16
f 3617/5142/19 3577/5100/19 3574/5097/19 3620/5145/19
f 3613/5138/19 3616/5141/19 3626/5151/19 3614/5139/19
f 3569/5091/16 3617/5142/16 3616/5141/16 3566/5088/16
f 3583/5106/14 3626/5151/14 3616/5141/14 3584/5107/14
f 3569/5091/16 3587/5110/16 3577/5100/16 3617/5142/16
f 3625/5150/15 3615/5140/15 3566/5088/15 3624/5149/15
f 3624/5149/16 3566/5088/16 3616/5141/16 3613/5138/16
f 3618/5143/19 3611/5136/19 3610/5135/19 3619/5144/19
f 3619/5144/16 3610/5135/16 3581/5104/16 3623/5148/16
f 3585/5152/21 3584/5153/21 3616/5154/21 3613/5155/21
f 3588/5156/21 3624/5157/21 3566/5158/21 3567/5159/21
f 3569/5160/21 3587/5161/21 3580/5162/21 3568/5163/21
f 3561/5164/21 3559/5165/21 3577/5166/21 3617/5167/21
f 3604/5168/21 3602/5169/21 3619/5170/21 3610/5171/21
f 3595/5172/21 3582/5173/21 3581/5174/21 3623/5175/21
f 3627/5176/11 3628/5177/11 3629/5178/11 3630/5179/11
f 3631/5180/54 3632/5181/54 3633/5182/54 3634/5183/54
f 3634/5183/55 3633/5182/55 3627/5176/55 3635/5184/55
f 3636/5185/56 3630/5179/56 3632/5181/56 3631/5180/56
f 3635/5186/57 3627/5187/57 3630/5188/57 3636/5189/57
f 3632/5181/14 3637/5190/14 3638/5191/14 3633/5182/14
f 3633/5182/15 3638/5191/15 3628/5177/15 3627/5176/15
f 3630/5179/19 3629/5178/19 3637/5190/19 3632/5181/19
f 3639/5192/21 3640/5193/21 3641/5194/21 3642/5195/21
f 3643/5196/21 3644/5197/21 3645/5198/21 3646/5199/21
f 3647/5200/16 3638/5201/16 3648/5202/16 3649/5203/16
f 3650/5204/21 3651/5205/21 3652/5206/21 3653/5207/21
f 3654/5208/16 3655/5209/16 3656/5210/16 3657/5211/16
f 3645/5198/11 3644/5197/11 3658/5212/11 3637/5213/11
f 3659/5214/21 3660/5215/21 3661/5216/21 3662/5217/21
f 3652/5206/15 3651/5205/15 3663/5218/15 3664/5219/15
f 3665/5220/16 3666/5221/16 3638/5201/16 3647/5200/16
f 3656/5210/16 3667/5222/16 3637/5213/16 3668/5223/16
f 3642/5195/11 3669/5224/11 3670/5225/11 3639/5192/11
f 3671/5226/15 3672/5227/15 3673/5228/15 3674/5229/15
f 3668/5223/16 3637/5213/16 3658/5212/16 3675/5230/16
f 3676/5231/16 3664/5219/16 3663/5218/16 3655/5209/16
f 3677/5232/14 3678/5233/14 3679/5234/14 3628/5235/14
f 3660/5215/19 3680/5236/19 3648/5202/19 3638/5201/19
f 3681/5237/15 3645/5198/15 3637/5213/15 3667/5222/15
f 3670/5225/16 3629/5238/16 3682/5239/16 3683/5240/16
f 3653/5207/19 3676/5231/19 3655/5209/19 3650/5204/19
f 3639/5192/19 3670/5225/19 3683/5240/19 3684/5241/19
f 3659/5214/15 3647/5200/15 3649/5203/15 3685/5242/15
f 3640/5193/15 3686/5243/15 3682/5239/15 3629/5238/15
f 3684/5241/21 3686/5243/21 3640/5193/21 3639/5192/21
f 3687/5244/19 3656/5210/19 3668/5223/19 3646/5199/19
f 3672/5227/16 3688/5245/16 3689/5246/16 3673/5228/16
f 3690/5247/16 3691/5248/16 3628/5235/16 3692/5249/16
f 3693/5250/15 3690/5247/15 3692/5249/15 3694/5251/15
f 3694/5251/21 3677/5232/21 3695/5252/21 3693/5250/21
f 3696/5253/19 3697/5254/19 3689/5246/19 3688/5245/19
f 3695/5252/19 3677/5232/19 3628/5235/19 3691/5248/19
f 3685/5242/21 3680/5236/21 3660/5215/21 3659/5214/21
f 3674/5229/21 3697/5254/21 3696/5253/21 3671/5226/21
f 3661/5216/11 3660/5215/11 3638/5201/11 3666/5221/11
f 3646/5199/14 3668/5223/14 3675/5230/14 3643/5196/14
f 3694/5251/11 3692/5249/11 3698/5255/11 3699/5256/11
f 3662/5217/14 3665/5220/14 3647/5200/14 3659/5214/14
f 3669/5224/16 3700/5257/16 3629/5238/16 3670/5225/16
f 3692/5249/16 3628/5235/16 3679/5234/16 3698/5255/16
f 3641/5194/14 3640/5193/14 3629/5238/14 3700/5257/14
f 3699/5256/21 3678/5233/21 3677/5232/21 3694/5251/21
f 3676/5231/16 3683/5240/16 3682/5239/16 3664/5219/16
f 3656/5210/16 3655/5209/16 3663/5218/16 3667/5222/16
f 3650/5204/21 3687/5244/21 3681/5237/21 3651/5205/21
f 3684/5241/21 3653/5207/21 3652/5206/21 3686/5243/21
f 3664/5219/15 3682/5239/15 3686/5243/15 3652/5206/15
f 3667/5222/15 3663/5218/15 3651/5205/15 3681/5237/15
f 3673/5228/11 3701/5258/11 3702/5259/11 3674/5229/11
f 3703/5260/14 3650/5204/14 3655/5209/14 3654/5208/14
f 3672/5227/16 3649/5203/16 3648/5202/16 3688/5245/16
f 3690/5247/16 3673/5228/16 3689/5246/16 3691/5248/16
f 3674/5229/21 3693/5250/21 3695/5252/21 3697/5254/21
f 3685/5242/21 3671/5226/21 3696/5253/21 3680/5236/21
f 3688/5245/19 3648/5202/19 3680/5236/19 3696/5253/19
f 3691/5248/19 3689/5246/19 3697/5254/19 3695/5252/19
f 3672/5227/16 3704/5261/16 3705/5262/16 3649/5203/16
f 3693/5250/14 3706/5263/14 3707/5264/14 3690/5247/14
f 3665/5220/16 3675/5230/16 3658/5212/16 3666/5221/16
f 3643/5196/21 3662/5217/21 3661/5216/21 3644/5197/21
f 3666/5221/11 3658/5212/11 3644/5197/11 3661/5216/11
f 3708/5265/21 3662/5217/21 3643/5196/21 3709/5266/21
f 3669/5224/16 3698/5255/16 3679/5234/16 3700/5257/16
f 3699/5256/21 3642/5195/21 3641/5194/21 3678/5233/21
f 3700/5257/14 3679/5234/14 3678/5233/14 3641/5194/14
f 3710/5267/21 3642/5195/21 3699/5256/21 3706/5263/21
f 3646/5199/21 3645/5198/21 3681/5237/21 3687/5244/21
f 3657/5211/11 3656/5210/11 3687/5244/11 3709/5266/11
f 3690/5247/16 3707/5264/16 3701/5258/16 3673/5228/16
f 3709/5266/15 3643/5196/15 3675/5230/15 3657/5211/15
f 3711/5268/16 3683/5240/16 3676/5231/16 3712/5269/16
f 3710/5267/14 3684/5241/14 3683/5240/14 3711/5268/14
f 3712/5269/11 3676/5231/11 3653/5207/11 3713/5270/11
f 3713/5270/21 3653/5207/21 3684/5241/21 3710/5267/21
f 3649/5203/11 3705/5262/11 3708/5265/11 3685/5242/11
f 3674/5229/21 3702/5259/21 3706/5263/21 3693/5250/21
f 3709/5266/21 3687/5244/21 3650/5204/21 3703/5260/21
f 3685/5242/21 3708/5265/21 3714/5271/21 3671/5226/21
f 3702/5259/21 3714/5271/21 3703/5260/21 3713/5270/21
f 3711/5268/15 3669/5224/15 3642/5195/15 3710/5267/15
f 3703/5260/21 3714/5271/21 3708/5265/21 3709/5266/21
f 3710/5267/21 3706/5263/21 3702/5259/21 3713/5270/21
f 3712/5269/16 3701/5258/16 3707/5264/16 3711/5268/16
f 3705/5262/19 3665/5220/19 3662/5217/19 3708/5265/19
f 3701/5258/19 3704/5261/19 3714/5271/19 3702/5259/19
f 3657/5211/16 3705/5262/16 3704/5261/16 3654/5208/16
f 3671/5226/14 3714/5271/14 3704/5261/14 3672/5227/14
f 3657/5211/16 3675/5230/16 3665/5220/16 3705/5262/16
f 3713/5270/15 3703/5260/15 3654/5208/15 3712/5269/15
f 3712/5269/16 3654/5208/16 3704/5261/16 3701/5258/16
f 3706/5263/19 3699/5256/19 3698/5255/19 3707/5264/19
f 3707/5264/16 3698/5255/16 3669/5224/16 3711/5268/16
f 3673/5272/21 3672/5273/21 3704/5274/21 3701/5275/21
f 3676/5276/21 3712/5277/21 3654/5278/21 3655/5279/21
f 3657/5280/21 3675/5281/21 3668/5282/21 3656/5283/21
f 3649/5284/21 3647/5285/21 3665/5286/21 3705/5287/21
f 3692/5288/21 3690/5289/21 3707/5290/21 3698/5291/21
f 3683/5292/21 3670/5293/21 3669/5294/21 3711/5295/21
f 3460/4945/21 3455/4940/21 3546/5063/21 3547/5064/21
f 3548/5065/21 3543/5060/21 3634/5183/21 3635/5184/21
f 3459/4944/21 3450/4935/21 3449/4934/21 3458/4943/21
f 3631/5180/21 3715/5296/21 3716/5297/21 3636/5185/21
f 3548/5069/21 3717/5298/21 3718/5299/21 3547/5066/21
f 3460/4949/21 3719/5300/21 3720/5301/21 3459/4946/21
f 3459/4946/21 3720/5301/21 3721/5302/21 3450/5303/21
f 3189/4578/19 3722/5304/19 3723/5305/19 3280/4701/19
f 3281/4704/19 3724/5306/19 3725/5307/19 3194/4587/19
f 3368/4821/19 3726/5308/19 3727/5309/19 3365/4818/19
f 3631/5180/21 3728/5310/21 3729/5311/21 3715/5296/21
f 3277/4698/19 3730/5312/19 3726/5308/19 3368/4821/19
f 3280/4701/19 3723/5305/19 3730/5312/19 3277/4698/19
f 3716/5313/21 3731/5314/21 3732/5315/21 3636/5189/21
f 3369/4824/19 3733/5316/19 3734/5317/19 3282/4707/19
f 3370/4827/19 3735/5318/19 3733/5316/19 3369/4824/19
f 3192/4581/19 3736/5319/19 3722/5304/19 3189/4578/19
f 3282/4707/19 3734/5317/19 3724/5306/19 3281/4704/19
f 3449/4934/21 3737/5320/21 3738/5321/21 3458/4943/21
f 3194/4587/19 3725/5307/19 3739/5322/19 3193/4584/19
f 3193/4584/19 3739/5322/19 1420/2118/19 1128/2117/19
f 1127/1726/19 1421/2119/19 3736/5319/19 3192/4581/19
f 3455/4940/21 3740/5323/21 3741/5324/21 3546/5063/21
f 3634/5183/21 3742/5325/21 3728/5310/21 3631/5180/21
f 3365/4818/19 3727/5309/19 3737/5320/19 3449/4934/19
f 3547/5066/21 3718/5299/21 3719/5300/21 3460/4949/21
f 3546/5063/21 3741/5324/21 3743/5326/21 3543/5060/21
f 3450/5303/19 3721/5302/19 3735/5318/19 3370/4827/19
f 3543/5060/21 3743/5326/21 3742/5325/21 3634/5183/21
f 3458/4943/21 3738/5321/21 3740/5323/21 3455/4940/21
f 3635/5186/21 3744/5327/21 3717/5298/21 3548/5069/21
f 3636/5189/21 3732/5315/21 3744/5327/21 3635/5186/21
f 3745/5328/21 3746/5329/21 3747/5330/21 3748/5331/21
f 3745/5328/11 3748/5331/11 3749/5332/11 3750/5333/11
f 3751/5334/11 3752/5335/11 3753/5336/11 3754/5337/11
f 3755/5338/27 3756/5339/27 3757/5340/27 3758/5341/27
f 3758/5341/28 3757/5340/28 3751/5334/28 3759/5342/28
f 3760/5343/33 3754/5337/33 3756/5339/33 3755/5338/33
f 3759/5344/29 3751/5345/29 3754/5346/29 3760/5347/29
f 3756/5339/14 3761/5348/14 3762/5349/14 3757/5340/14
f 3757/5340/21 3762/5349/21 3752/5335/21 3751/5334/21
f 3754/5337/16 3753/5336/16 3761/5348/16 3756/5339/16
f 3763/5350/19 3764/5351/19 3765/5352/19 3766/5353/19
f 3767/5354/19 3768/5355/19 3769/5356/19 3770/5357/19
f 3771/5358/15 3762/5359/15 3772/5360/15 3773/5361/15
f 3774/5362/19 3775/5363/19 3776/5364/19 3777/5365/19
f 3778/5366/15 3779/5367/15 3780/5368/15 3781/5369/15
f 3769/5356/11 3768/5355/11 3782/5370/11 3761/5371/11
f 3783/5372/19 3784/5373/19 3785/5374/19 3786/5375/19
f 3776/5364/21 3775/5363/21 3787/5376/21 3788/5377/21
f 3789/5378/15 3790/5379/15 3762/5359/15 3771/5358/15
f 3780/5368/15 3791/5380/15 3761/5371/15 3792/5381/15
f 3766/5353/11 3793/5382/11 3794/5383/11 3763/5350/11
f 3795/5384/21 3796/5385/21 3797/5386/21 3798/5387/21
f 3792/5381/15 3761/5371/15 3782/5370/15 3799/5388/15
f 3800/5389/15 3788/5377/15 3787/5376/15 3779/5367/15
f 3801/5390/14 3802/5391/14 3803/5392/14 3752/5393/14
f 3784/5373/16 3804/5394/16 3772/5360/16 3762/5359/16
f 3805/5395/21 3769/5356/21 3761/5371/21 3791/5380/21
f 3794/5383/15 3753/5396/15 3806/5397/15 3807/5398/15
f 3777/5365/16 3800/5389/16 3779/5367/16 3774/5362/16
f 3763/5350/16 3794/5383/16 3807/5398/16 3808/5399/16
f 3783/5372/21 3771/5358/21 3773/5361/21 3809/5400/21
f 3764/5351/21 3810/5401/21 3806/5397/21 3753/5396/21
f 3808/5399/19 3810/5401/19 3764/5351/19 3763/5350/19
f 3811/5402/16 3780/5368/16 3792/5381/16 3770/5357/16
f 3796/5385/15 3812/5403/15 3813/5404/15 3797/5386/15
f 3814/5405/15 3815/5406/15 3752/5393/15 3816/5407/15
f 3817/5408/21 3814/5405/21 3816/5407/21 3818/5409/21
f 3818/5409/19 3801/5390/19 3819/5410/19 3817/5408/19
f 3820/5411/16 3821/5412/16 3813/5404/16 3812/5403/16
f 3819/5410/16 3801/5390/16 3752/5393/16 3815/5406/16
f 3809/5400/19 3804/5394/19 3784/5373/19 3783/5372/19
f 3798/5387/19 3821/5412/19 3820/5411/19 3795/5384/19
f 3785/5374/11 3784/5373/11 3762/5359/11 3790/5379/11
f 3770/5357/14 3792/5381/14 3799/5388/14 3767/5354/14
f 3818/5409/11 3816/5407/11 3822/5413/11 3823/5414/11
f 3786/5375/14 3789/5378/14 3771/5358/14 3783/5372/14
f 3793/5382/15 3824/5415/15 3753/5396/15 3794/5383/15
f 3816/5407/15 3752/5393/15 3803/5392/15 3822/5413/15
f 3765/5352/14 3764/5351/14 3753/5396/14 3824/5415/14
f 3823/5414/19 3802/5391/19 3801/5390/19 3818/5409/19
f 3800/5389/15 3807/5398/15 3806/5397/15 3788/5377/15
f 3780/5368/15 3779/5367/15 3787/5376/15 3791/5380/15
f 3774/5362/19 3811/5402/19 3805/5395/19 3775/5363/19
f 3808/5399/19 3777/5365/19 3776/5364/19 3810/5401/19
f 3788/5377/21 3806/5397/21 3810/5401/21 3776/5364/21
f 3791/5380/21 3787/5376/21 3775/5363/21 3805/5395/21
f 3797/5386/11 3825/5416/11 3826/5417/11 3798/5387/11
f 3827/5418/14 3774/5362/14 3779/5367/14 3778/5366/14
f 3796/5385/15 3773/5361/15 3772/5360/15 3812/5403/15
f 3814/5405/15 3797/5386/15 3813/5404/15 3815/5406/15
f 3798/5387/19 3817/5408/19 3819/5410/19 3821/5412/19
f 3809/5400/19 3795/5384/19 3820/5411/19 3804/5394/19
f 3812/5403/16 3772/5360/16 3804/5394/16 3820/5411/16
f 3815/5406/16 3813/5404/16 3821/5412/16 3819/5410/16
f 3796/5385/15 3828/5419/15 3829/5420/15 3773/5361/15
f 3817/5408/14 3830/5421/14 3831/5422/14 3814/5405/14
f 3789/5378/15 3799/5388/15 3782/5370/15 3790/5379/15
f 3767/5354/19 3786/5375/19 3785/5374/19 3768/5355/19
f 3790/5379/11 3782/5370/11 3768/5355/11 3785/5374/11
f 3832/5423/19 3786/5375/19 3767/5354/19 3833/5424/19
f 3793/5382/15 3822/5413/15 3803/5392/15 3824/5415/15
f 3823/5414/19 3766/5353/19 3765/5352/19 3802/5391/19
f 3824/5415/14 3803/5392/14 3802/5391/14 3765/5352/14
f 3834/5425/19 3766/5353/19 3823/5414/19 3830/5421/19
f 3770/5357/19 3769/5356/19 3805/5395/19 3811/5402/19
f 3781/5369/11 3780/5368/11 3811/5402/11 3833/5424/11
f 3814/5405/15 3831/5422/15 3825/5416/15 3797/5386/15
f 3833/5424/21 3767/5354/21 3799/5388/21 3781/5369/21
f 3835/5426/15 3807/5398/15 3800/5389/15 3836/5427/15
f 3834/5425/14 3808/5399/14 3807/5398/14 3835/5426/14
f 3836/5427/11 3800/5389/11 3777/5365/11 3837/5428/11
f 3837/5428/19 3777/5365/19 3808/5399/19 3834/5425/19
f 3773/5361/11 3829/5420/11 3832/5423/11 3809/5400/11
f 3798/5387/19 3826/5417/19 3830/5421/19 3817/5408/19
f 3833/5424/19 3811/5402/19 3774/5362/19 3827/5418/19
f 3809/5400/19 3832/5423/19 3838/5429/19 3795/5384/19
f 3826/5417/19 3838/5429/19 3827/5418/19 3837/5428/19
f 3835/5426/21 3793/5382/21 3766/5353/21 3834/5425/21
f 3827/5418/19 3838/5429/19 3832/5423/19 3833/5424/19
f 3834/5425/19 3830/5421/19 3826/5417/19 3837/5428/19
f 3836/5427/15 3825/5416/15 3831/5422/15 3835/5426/15
f 3829/5420/16 3789/5378/16 3786/5375/16 3832/5423/16
f 3825/5416/16 3828/5419/16 3838/5429/16 3826/5417/16
f 3781/5369/15 3829/5420/15 3828/5419/15 3778/5366/15
f 3795/5384/14 3838/5429/14 3828/5419/14 3796/5385/14
f 3781/5369/15 3799/5388/15 3789/5378/15 3829/5420/15
f 3837/5428/21 3827/5418/21 3778/5366/21 3836/5427/21
f 3836/5427/15 3778/5366/15 3828/5419/15 3825/5416/15
f 3830/5421/16 3823/5414/16 3822/5413/16 3831/5422/16
f 3831/5422/15 3822/5413/15 3793/5382/15 3835/5426/15
f 3797/5430/19 3796/5431/19 3828/5432/19 3825/5433/19
f 3800/5434/19 3836/5435/19 3778/5436/19 3779/5437/19
f 3781/5438/19 3799/5439/19 3792/5440/19 3780/5441/19
f 3773/5442/19 3771/5443/19 3789/5444/19 3829/5445/19
f 3816/5446/19 3814/5447/19 3831/5448/19 3822/5449/19
f 3807/5450/19 3794/5451/19 3793/5452/19 3835/5453/19
f 3839/5454/11 3840/5455/11 3841/5456/11 3842/5457/11
f 3843/5458/27 3844/5459/27 3845/5460/27 3846/5461/27
f 3846/5461/28 3845/5460/28 3839/5454/28 3847/5462/28
f 3848/5463/42 3842/5457/42 3844/5459/42 3843/5458/42
f 3847/5464/29 3839/5465/29 3842/5466/29 3848/5467/29
f 3844/5459/14 3849/5468/14 3850/5469/14 3845/5460/14
f 3845/5460/21 3850/5469/21 3840/5455/21 3839/5454/21
f 3842/5457/16 3841/5456/16 3849/5468/16 3844/5459/16
f 3851/5470/19 3852/5471/19 3853/5472/19 3854/5473/19
f 3855/5474/19 3856/5475/19 3857/5476/19 3858/5477/19
f 3859/5478/15 3850/5479/15 3860/5480/15 3861/5481/15
f 3862/5482/19 3863/5483/19 3864/5484/19 3865/5485/19
f 3866/5486/15 3867/5487/15 3868/5488/15 3869/5489/15
f 3857/5476/11 3856/5475/11 3870/5490/11 3849/5491/11
f 3871/5492/19 3872/5493/19 3873/5494/19 3874/5495/19
f 3864/5484/21 3863/5483/21 3875/5496/21 3876/5497/21
f 3877/5498/15 3878/5499/15 3850/5479/15 3859/5478/15
f 3868/5488/15 3879/5500/15 3849/5491/15 3880/5501/15
f 3854/5473/11 3881/5502/11 3882/5503/11 3851/5470/11
f 3883/5504/21 3884/5505/21 3885/5506/21 3886/5507/21
f 3880/5501/15 3849/5491/15 3870/5490/15 3887/5508/15
f 3888/5509/15 3876/5497/15 3875/5496/15 3867/5487/15
f 3889/5510/14 3890/5511/14 3891/5512/14 3840/5513/14
f 3872/5493/16 3892/5514/16 3860/5480/16 3850/5479/16
f 3893/5515/21 3857/5476/21 3849/5491/21 3879/5500/21
f 3882/5503/15 3841/5516/15 3894/5517/15 3895/5518/15
f 3865/5485/16 3888/5509/16 3867/5487/16 3862/5482/16
f 3851/5470/16 3882/5503/16 3895/5518/16 3896/5519/16
f 3871/5492/21 3859/5478/21 3861/5481/21 3897/5520/21
f 3852/5471/21 3898/5521/21 3894/5517/21 3841/5516/21
f 3896/5519/19 3898/5521/19 3852/5471/19 3851/5470/19
f 3899/5522/16 3868/5488/16 3880/5501/16 3858/5477/16
f 3884/5505/15 3900/5523/15 3901/5524/15 3885/5506/15
f 3902/5525/15 3903/5526/15 3840/5513/15 3904/5527/15
f 3905/5528/21 3902/5525/21 3904/5527/21 3906/5529/21
f 3906/5529/19 3889/5510/19 3907/5530/19 3905/5528/19
f 3908/5531/16 3909/5532/16 3901/5524/16 3900/5523/16
f 3907/5530/16 3889/5510/16 3840/5513/16 3903/5526/16
f 3897/5520/19 3892/5514/19 3872/5493/19 3871/5492/19
f 3886/5507/19 3909/5532/19 3908/5531/19 3883/5504/19
f 3873/5494/11 3872/5493/11 3850/5479/11 3878/5499/11
f 3858/5477/14 3880/5501/14 3887/5508/14 3855/5474/14
f 3906/5529/11 3904/5527/11 3910/5533/11 3911/5534/11
f 3874/5495/14 3877/5498/14 3859/5478/14 3871/5492/14
f 3881/5502/15 3912/5535/15 3841/5516/15 3882/5503/15
f 3904/5527/15 3840/5513/15 3891/5512/15 3910/5533/15
f 3853/5472/14 3852/5471/14 3841/5516/14 3912/5535/14
f 3911/5534/19 3890/5511/19 3889/5510/19 3906/5529/19
f 3888/5509/15 3895/5518/15 3894/5517/15 3876/5497/15
f 3868/5488/15 3867/5487/15 3875/5496/15 3879/5500/15
f 3862/5482/19 3899/5522/19 3893/5515/19 3863/5483/19
f 3896/5519/19 3865/5485/19 3864/5484/19 3898/5521/19
f 3876/5497/21 3894/5517/21 3898/5521/21 3864/5484/21
f 3879/5500/21 3875/5496/21 3863/5483/21 3893/5515/21
f 3885/5506/11 3913/5536/11 3914/5537/11 3886/5507/11
f 3915/5538/14 3862/5482/14 3867/5487/14 3866/5486/14
f 3884/5505/15 3861/5481/15 3860/5480/15 3900/5523/15
f 3902/5525/15 3885/5506/15 3901/5524/15 3903/5526/15
f 3886/5507/19 3905/5528/19 3907/5530/19 3909/5532/19
f 3897/5520/19 3883/5504/19 3908/5531/19 3892/5514/19
f 3900/5523/16 3860/5480/16 3892/5514/16 3908/5531/16
f 3903/5526/16 3901/5524/16 3909/5532/16 3907/5530/16
f 3884/5505/15 3916/5539/15 3917/5540/15 3861/5481/15
f 3905/5528/14 3918/5541/14 3919/5542/14 3902/5525/14
f 3877/5498/15 3887/5508/15 3870/5490/15 3878/5499/15
f 3855/5474/19 3874/5495/19 3873/5494/19 3856/5475/19
f 3878/5499/11 3870/5490/11 3856/5475/11 3873/5494/11
f 3920/5543/19 3874/5495/19 3855/5474/19 3921/5544/19
f 3881/5502/15 3910/5533/15 3891/5512/15 3912/5535/15
f 3911/5534/19 3854/5473/19 3853/5472/19 3890/5511/19
f 3912/5535/14 3891/5512/14 3890/5511/14 3853/5472/14
f 3922/5545/19 3854/5473/19 3911/5534/19 3918/5541/19
f 3858/5477/19 3857/5476/19 3893/5515/19 3899/5522/19
f 3869/5489/11 3868/5488/11 3899/5522/11 3921/5544/11
f 3902/5525/15 3919/5542/15 3913/5536/15 3885/5506/15
f 3921/5544/21 3855/5474/21 3887/5508/21 3869/5489/21
f 3923/5546/15 3895/5518/15 3888/5509/15 3924/5547/15
f 3922/5545/14 3896/5519/14 3895/5518/14 3923/5546/14
f 3924/5547/11 3888/5509/11 3865/5485/11 3925/5548/11
f 3925/5548/19 3865/5485/19 3896/5519/19 3922/5545/19
f 3861/5481/11 3917/5540/11 3920/5543/11 3897/5520/11
f 3886/5507/19 3914/5537/19 3918/5541/19 3905/5528/19
f 3921/5544/19 3899/5522/19 3862/5482/19 3915/5538/19
f 3897/5520/19 3920/5543/19 3926/5549/19 3883/5504/19
f 3914/5537/19 3926/5549/19 3915/5538/19 3925/5548/19
f 3923/5546/21 3881/5502/21 3854/5473/21 3922/5545/21
f 3915/5538/19 3926/5549/19 3920/5543/19 3921/5544/19
f 3922/5545/19 3918/5541/19 3914/5537/19 3925/5548/19
f 3924/5547/15 3913/5536/15 3919/5542/15 3923/5546/15
f 3917/5540/16 3877/5498/16 3874/5495/16 3920/5543/16
f 3913/5536/16 3916/5539/16 3926/5549/16 3914/5537/16
f 3869/5489/15 3917/5540/15 3916/5539/15 3866/5486/15
f 3883/5504/14 3926/5549/14 3916/5539/14 3884/5505/14
f 3869/5489/15 3887/5508/15 3877/5498/15 3917/5540/15
f 3925/5548/21 3915/5538/21 3866/5486/21 3924/5547/21
f 3924/5547/15 3866/5486/15 3916/5539/15 3913/5536/15
f 3918/5541/16 3911/5534/16 3910/5533/16 3919/5542/16
f 3919/5542/15 3910/5533/15 3881/5502/15 3923/5546/15
f 3885/5550/19 3884/5551/19 3916/5552/19 3913/5553/19
f 3888/5554/19 3924/5555/19 3866/5556/19 3867/5557/19
f 3869/5558/19 3887/5559/19 3880/5560/19 3868/5561/19
f 3861/5562/19 3859/5563/19 3877/5564/19 3917/5565/19
f 3904/5566/19 3902/5567/19 3919/5568/19 3910/5569/19
f 3895/5570/19 3882/5571/19 3881/5572/19 3923/5573/19
f 3927/5574/11 3928/5575/11 3929/5576/11 3930/5577/11
f 3931/5578/27 3932/5579/27 3933/5580/27 3934/5581/27
f 3934/5581/28 3933/5580/28 3927/5574/28 3935/5582/28
f 3936/5583/33 3930/5577/33 3932/5579/33 3931/5578/33
f 3935/5584/29 3927/5585/29 3930/5586/29 3936/5587/29
f 3932/5579/14 3937/5588/14 3938/5589/14 3933/5580/14
f 3933/5580/21 3938/5589/21 3928/5575/21 3927/5574/21
f 3930/5577/16 3929/5576/16 3937/5588/16 3932/5579/16
f 3939/5590/19 3940/5591/19 3941/5592/19 3942/5593/19
f 3943/5594/19 3944/5595/19 3945/5596/19 3946/5597/19
f 3947/5598/15 3938/5599/15 3948/5600/15 3949/5601/15
f 3950/5602/19 3951/5603/19 3952/5604/19 3953/5605/19
f 3954/5606/15 3955/5607/15 3956/5608/15 3957/5609/15
f 3945/5596/11 3944/5595/11 3958/5610/11 3937/5611/11
f 3959/5612/19 3960/5613/19 3961/5614/19 3962/5615/19
f 3952/5604/21 3951/5603/21 3963/5616/21 3964/5617/21
f 3965/5618/15 3966/5619/15 3938/5599/15 3947/5598/15
f 3956/5608/15 3967/5620/15 3937/5611/15 3968/5621/15
f 3942/5593/11 3969/5622/11 3970/5623/11 3939/5590/11
f 3971/5624/21 3972/5625/21 3973/5626/21 3974/5627/21
f 3968/5621/15 3937/5611/15 3958/5610/15 3975/5628/15
f 3976/5629/15 3964/5617/15 3963/5616/15 3955/5607/15
f 3977/5630/14 3978/5631/14 3979/5632/14 3928/5633/14
f 3960/5613/16 3980/5634/16 3948/5600/16 3938/5599/16
f 3981/5635/21 3945/5596/21 3937/5611/21 3967/5620/21
f 3970/5623/15 3929/5636/15 3982/5637/15 3983/5638/15
f 3953/5605/16 3976/5629/16 3955/5607/16 3950/5602/16
f 3939/5590/16 3970/5623/16 3983/5638/16 3984/5639/16
f 3959/5612/21 3947/5598/21 3949/5601/21 3985/5640/21
f 3940/5591/21 3986/5641/21 3982/5637/21 3929/5636/21
f 3984/5639/19 3986/5641/19 3940/5591/19 3939/5590/19
f 3987/5642/16 3956/5608/16 3968/5621/16 3946/5597/16
f 3972/5625/15 3988/5643/15 3989/5644/15 3973/5626/15
f 3990/5645/15 3991/5646/15 3928/5633/15 3992/5647/15
f 3993/5648/21 3990/5645/21 3992/5647/21 3994/5649/21
f 3994/5649/19 3977/5630/19 3995/5650/19 3993/5648/19
f 3996/5651/16 3997/5652/16 3989/5644/16 3988/5643/16
f 3995/5650/16 3977/5630/16 3928/5633/16 3991/5646/16
f 3985/5640/19 3980/5634/19 3960/5613/19 3959/5612/19
f 3974/5627/19 3997/5652/19 3996/5651/19 3971/5624/19
f 3961/5614/11 3960/5613/11 3938/5599/11 3966/5619/11
f 3946/5597/14 3968/5621/14 3975/5628/14 3943/5594/14
f 3994/5649/11 3992/5647/11 3998/5653/11 3999/5654/11
f 3962/5615/14 3965/5618/14 3947/5598/14 3959/5612/14
f 3969/5622/15 4000/5655/15 3929/5636/15 3970/5623/15
f 3992/5647/15 3928/5633/15 3979/5632/15 3998/5653/15
f 3941/5592/14 3940/5591/14 3929/5636/14 4000/5655/14
f 3999/5654/19 3978/5631/19 3977/5630/19 3994/5649/19
f 3976/5629/15 3983/5638/15 3982/5637/15 3964/5617/15
f 3956/5608/15 3955/5607/15 3963/5616/15 3967/5620/15
f 3950/5602/19 3987/5642/19 3981/5635/19 3951/5603/19
f 3984/5639/19 3953/5605/19 3952/5604/19 3986/5641/19
f 3964/5617/21 3982/5637/21 3986/5641/21 3952/5604/21
f 3967/5620/21 3963/5616/21 3951/5603/21 3981/5635/21
f 3973/5626/11 4001/5656/11 4002/5657/11 3974/5627/11
f 4003/5658/14 3950/5602/14 3955/5607/14 3954/5606/14
f 3972/5625/15 3949/5601/15 3948/5600/15 3988/5643/15
f 3990/5645/15 3973/5626/15 3989/5644/15 3991/5646/15
f 3974/5627/19 3993/5648/19 3995/5650/19 3997/5652/19
f 3985/5640/19 3971/5624/19 3996/5651/19 3980/5634/19
f 3988/5643/16 3948/5600/16 3980/5634/16 3996/5651/16
f 3991/5646/16 3989/5644/16 3997/5652/16 3995/5650/16
f 3972/5625/15 4004/5659/15 4005/5660/15 3949/5601/15
f 3993/5648/14 4006/5661/14 4007/5662/14 3990/5645/14
f 3965/5618/15 3975/5628/15 3958/5610/15 3966/5619/15
f 3943/5594/19 3962/5615/19 3961/5614/19 3944/5595/19
f 3966/5619/11 3958/5610/11 3944/5595/11 3961/5614/11
f 4008/5663/19 3962/5615/19 3943/5594/19 4009/5664/19
f 3969/5622/15 3998/5653/15 3979/5632/15 4000/5655/15
f 3999/5654/19 3942/5593/19 3941/5592/19 3978/5631/19
f 4000/5655/14 3979/5632/14 3978/5631/14 3941/5592/14
f 4010/5665/19 3942/5593/19 3999/5654/19 4006/5661/19
f 3946/5597/19 3945/5596/19 3981/5635/19 3987/5642/19
f 3957/5609/11 3956/5608/11 3987/5642/11 4009/5664/11
f 3990/5645/15 4007/5662/15 4001/5656/15 3973/5626/15
f 4009/5664/21 3943/5594/21 3975/5628/21 3957/5609/21
f 4011/5666/15 3983/5638/15 3976/5629/15 4012/5667/15
f 4010/5665/14 3984/5639/14 3983/5638/14 4011/5666/14
f 4012/5667/11 3976/5629/11 3953/5605/11 4013/5668/11
f 4013/5668/19 3953/5605/19 3984/5639/19 4010/5665/19
f 3949/5601/11 4005/5660/11 4008/5663/11 3985/5640/11
f 3974/5627/19 4002/5657/19 4006/5661/19 3993/5648/19
f 4009/5664/19 3987/5642/19 3950/5602/19 4003/5658/19
f 3985/5640/19 4008/5663/19 4014/5669/19 3971/5624/19
f 4002/5657/19 4014/5669/19 4003/5658/19 4013/5668/19
f 4011/5666/21 3969/5622/21 3942/5593/21 4010/5665/21
f 4003/5658/19 4014/5669/19 4008/5663/19 4009/5664/19
f 4010/5665/19 4006/5661/19 4002/5657/19 4013/5668/19
f 4012/5667/15 4001/5656/15 4007/5662/15 4011/5666/15
f 4005/5660/16 3965/5618/16 3962/5615/16 4008/5663/16
f 4001/5656/16 4004/5659/16 4014/5669/16 4002/5657/16
f 3957/5609/15 4005/5660/15 4004/5659/15 3954/5606/15
f 3971/5624/14 4014/5669/14 4004/5659/14 3972/5625/14
f 3957/5609/15 3975/5628/15 3965/5618/15 4005/5660/15
f 4013/5668/21 4003/5658/21 3954/5606/21 4012/5667/21
f 4012/5667/15 3954/5606/15 4004/5659/15 4001/5656/15
f 4006/5661/16 3999/5654/16 3998/5653/16 4007/5662/16
f 4007/5662/15 3998/5653/15 3969/5622/15 4011/5666/15
f 3973/5670/19 3972/5671/19 4004/5672/19 4001/5673/19
f 3976/5674/19 4012/5675/19 3954/5676/19 3955/5677/19
f 3957/5678/19 3975/5679/19 3968/5680/19 3956/5681/19
f 3949/5682/19 3947/5683/19 3965/5684/19 4005/5685/19
f 3992/5686/19 3990/5687/19 4007/5688/19 3998/5689/19
f 3983/5690/19 3970/5691/19 3969/5692/19 4011/5693/19
f 3760/5343/19 3755/5338/19 3846/5461/19 3847/5462/19
f 3848/5463/19 3843/5458/19 3934/5581/19 3935/5582/19
f 3759/5342/19 1698/2492/19 1697/2491/19 3758/5341/19
f 3931/5578/19 4015/5694/19 4016/5695/19 3936/5583/19
f 4017/5696/11 4018/5697/11 4019/5698/11 4020/5699/11
f 4021/5700/54 4022/5701/54 4023/5702/54 4024/5703/54
f 4024/5703/55 4023/5702/55 4017/5696/55 4025/5704/55
f 4026/5705/56 4020/5699/56 4022/5701/56 4021/5700/56
f 4025/5706/57 4017/5707/57 4020/5708/57 4026/5709/57
f 4022/5701/14 4027/5710/14 4028/5711/14 4023/5702/14
f 4023/5702/15 4028/5711/15 4018/5697/15 4017/5696/15
f 4020/5699/19 4019/5698/19 4027/5710/19 4022/5701/19
f 4029/5712/21 4030/5713/21 4031/5714/21 4032/5715/21
f 4033/5716/21 4034/5717/21 4035/5718/21 4036/5719/21
f 4037/5720/16 4028/5721/16 4038/5722/16 4039/5723/16
f 4040/5724/21 4041/5725/21 4042/5726/21 4043/5727/21
f 4044/5728/16 4045/5729/16 4046/5730/16 4047/5731/16
f 4035/5718/11 4034/5717/11 4048/5732/11 4027/5733/11
f 4049/5734/21 4050/5735/21 4051/5736/21 4052/5737/21
f 4042/5726/15 4041/5725/15 4053/5738/15 4054/5739/15
f 4055/5740/16 4056/5741/16 4028/5721/16 4037/5720/16
f 4046/5730/16 4057/5742/16 4027/5733/16 4058/5743/16
f 4032/5715/11 4059/5744/11 4060/5745/11 4029/5712/11
f 4061/5746/15 4062/5747/15 4063/5748/15 4064/5749/15
f 4058/5743/16 4027/5733/16 4048/5732/16 4065/5750/16
f 4066/5751/16 4054/5739/16 4053/5738/16 4045/5729/16
f 4067/5752/14 4068/5753/14 4069/5754/14 4018/5755/14
f 4050/5735/19 4070/5756/19 4038/5722/19 4028/5721/19
f 4071/5757/15 4035/5718/15 4027/5733/15 4057/5742/15
f 4060/5745/16 4019/5758/16 4072/5759/16 4073/5760/16
f 4043/5727/19 4066/5751/19 4045/5729/19 4040/5724/19
f 4029/5712/19 4060/5745/19 4073/5760/19 4074/5761/19
f 4049/5734/15 4037/5720/15 4039/5723/15 4075/5762/15
f 4030/5713/15 4076/5763/15 4072/5759/15 4019/5758/15
f 4074/5761/21 4076/5763/21 4030/5713/21 4029/5712/21
f 4077/5764/19 4046/5730/19 4058/5743/19 4036/5719/19
f 4062/5747/16 4078/5765/16 4079/5766/16 4063/5748/16
f 4080/5767/16 4081/5768/16 4018/5755/16 4082/5769/16
f 4083/5770/15 4080/5767/15 4082/5769/15 4084/5771/15
f 4084/5771/21 4067/5752/21 4085/5772/21 4083/5770/21
f 4086/5773/19 4087/5774/19 4079/5766/19 4078/5765/19
f 4085/5772/19 4067/5752/19 4018/5755/19 4081/5768/19
f 4075/5762/21 4070/5756/21 4050/5735/21 4049/5734/21
f 4064/5749/21 4087/5774/21 4086/5773/21 4061/5746/21
f 4051/5736/11 4050/5735/11 4028/5721/11 4056/5741/11
f 4036/5719/14 4058/5743/14 4065/5750/14 4033/5716/14
f 4084/5771/11 4082/5769/11 4088/5775/11 4089/5776/11
f 4052/5737/14 4055/5740/14 4037/5720/14 4049/5734/14
f 4059/5744/16 4090/5777/16 4019/5758/16 4060/5745/16
f 4082/5769/16 4018/5755/16 4069/5754/16 4088/5775/16
f 4031/5714/14 4030/5713/14 4019/5758/14 4090/5777/14
f 4089/5776/21 4068/5753/21 4067/5752/21 4084/5771/21
f 4066/5751/16 4073/5760/16 4072/5759/16 4054/5739/16
f 4046/5730/16 4045/5729/16 4053/5738/16 4057/5742/16
f 4040/5724/21 4077/5764/21 4071/5757/21 4041/5725/21
f 4074/5761/21 4043/5727/21 4042/5726/21 4076/5763/21
f 4054/5739/15 4072/5759/15 4076/5763/15 4042/5726/15
f 4057/5742/15 4053/5738/15 4041/5725/15 4071/5757/15
f 4063/5748/11 4091/5778/11 4092/5779/11 4064/5749/11
f 4093/5780/14 4040/5724/14 4045/5729/14 4044/5728/14
f 4062/5747/16 4039/5723/16 4038/5722/16 4078/5765/16
f 4080/5767/16 4063/5748/16 4079/5766/16 4081/5768/16
f 4064/5749/21 4083/5770/21 4085/5772/21 4087/5774/21
f 4075/5762/21 4061/5746/21 4086/5773/21 4070/5756/21
f 4078/5765/19 4038/5722/19 4070/5756/19 4086/5773/19
f 4081/5768/19 4079/5766/19 4087/5774/19 4085/5772/19
f 4062/5747/16 4094/5781/16 4095/5782/16 4039/5723/16
f 4083/5770/14 4096/5783/14 4097/5784/14 4080/5767/14
f 4055/5740/16 4065/5750/16 4048/5732/16 4056/5741/16
f 4033/5716/21 4052/5737/21 4051/5736/21 4034/5717/21
f 4056/5741/11 4048/5732/11 4034/5717/11 4051/5736/11
f 4098/5785/21 4052/5737/21 4033/5716/21 4099/5786/21
f 4059/5744/16 4088/5775/16 4069/5754/16 4090/5777/16
f 4089/5776/21 4032/5715/21 4031/5714/21 4068/5753/21
f 4090/5777/14 4069/5754/14 4068/5753/14 4031/5714/14
f 4100/5787/21 4032/5715/21 4089/5776/21 4096/5783/21
f 4036/5719/21 4035/5718/21 4071/5757/21 4077/5764/21
f 4047/5731/11 4046/5730/11 4077/5764/11 4099/5786/11
f 4080/5767/16 4097/5784/16 4091/5778/16 4063/5748/16
f 4099/5786/15 4033/5716/15 4065/5750/15 4047/5731/15
f 4101/5788/16 4073/5760/16 4066/5751/16 4102/5789/16
f 4100/5787/14 4074/5761/14 4073/5760/14 4101/5788/14
f 4102/5789/11 4066/5751/11 4043/5727/11 4103/5790/11
f 4103/5790/21 4043/5727/21 4074/5761/21 4100/5787/21
f 4039/5723/11 4095/5782/11 4098/5785/11 4075/5762/11
f 4064/5749/21 4092/5779/21 4096/5783/21 4083/5770/21
f 4099/5786/21 4077/5764/21 4040/5724/21 4093/5780/21
f 4075/5762/21 4098/5785/21 4104/5791/21 4061/5746/21
f 4092/5779/21 4104/5791/21 4093/5780/21 4103/5790/21
f 4101/5788/15 4059/5744/15 4032/5715/15 4100/5787/15
f 4093/5780/21 4104/5791/21 4098/5785/21 4099/5786/21
f 4100/5787/21 4096/5783/21 4092/5779/21 4103/5790/21
f 4102/5789/16 4091/5778/16 4097/5784/16 4101/5788/16
f 4095/5782/19 4055/5740/19 4052/5737/19 4098/5785/19
f 4091/5778/19 4094/5781/19 4104/5791/19 4092/5779/19
f 4047/5731/16 4095/5782/16 4094/5781/16 4044/5728/16
f 4061/5746/14 4104/5791/14 4094/5781/14 4062/5747/14
f 4047/5731/16 4065/5750/16 4055/5740/16 4095/5782/16
f 4103/5790/15 4093/5780/15 4044/5728/15 4102/5789/15
f 4102/5789/16 4044/5728/16 4094/5781/16 4091/5778/16
f 4096/5783/19 4089/5776/19 4088/5775/19 4097/5784/19
f 4097/5784/16 4088/5775/16 4059/5744/16 4101/5788/16
f 4063/5792/21 4062/5793/21 4094/5794/21 4091/5795/21
f 4066/5796/21 4102/5797/21 4044/5798/21 4045/5799/21
f 4047/5800/21 4065/5801/21 4058/5802/21 4046/5803/21
f 4039/5804/21 4037/5805/21 4055/5806/21 4095/5807/21
f 4082/5808/21 4080/5809/21 4097/5810/21 4088/5811/21
f 4073/5812/21 4060/5813/21 4059/5814/21 4101/5815/21
f 4105/5816/11 4106/5817/11 4107/5818/11 4108/5819/11
f 4109/5820/54 4110/5821/54 4111/5822/54 4112/5823/54
f 4112/5823/58 4111/5822/58 4105/5816/58 4113/5824/58
f 4114/5825/56 4108/5819/56 4110/5821/56 4109/5820/56
f 4113/5826/57 4105/5827/57 4108/5828/57 4114/5829/57
f 4110/5821/14 4115/5830/14 4116/5831/14 4111/5822/14
f 4111/5822/15 4116/5831/15 4106/5817/15 4105/5816/15
f 4108/5819/19 4107/5818/19 4115/5830/19 4110/5821/19
f 4117/5832/21 4118/5833/21 4119/5834/21 4120/5835/21
f 4121/5836/21 4122/5837/21 4123/5838/21 4124/5839/21
f 4125/5840/16 4116/5841/16 4126/5842/16 4127/5843/16
f 4128/5844/21 4129/5845/21 4130/5846/21 4131/5847/21
f 4132/5848/16 4133/5849/16 4134/5850/16 4135/5851/16
f 4123/5838/11 4122/5837/11 4136/5852/11 4115/5853/11
f 4137/5854/21 4138/5855/21 4139/5856/21 4140/5857/21
f 4130/5846/15 4129/5845/15 4141/5858/15 4142/5859/15
f 4143/5860/16 4144/5861/16 4116/5841/16 4125/5840/16
f 4134/5850/16 4145/5862/16 4115/5853/16 4146/5863/16
f 4120/5835/11 4147/5864/11 4148/5865/11 4117/5832/11
f 4149/5866/15 4150/5867/15 4151/5868/15 4152/5869/15
f 4146/5863/16 4115/5853/16 4136/5852/16 4153/5870/16
f 4154/5871/16 4142/5859/16 4141/5858/16 4133/5849/16
f 4155/5872/14 4156/5873/14 4157/5874/14 4106/5875/14
f 4138/5855/19 4158/5876/19 4126/5842/19 4116/5841/19
f 4159/5877/15 4123/5838/15 4115/5853/15 4145/5862/15
f 4148/5865/16 4107/5878/16 4160/5879/16 4161/5880/16
f 4131/5847/19 4154/5871/19 4133/5849/19 4128/5844/19
f 4117/5832/19 4148/5865/19 4161/5880/19 4162/5881/19
f 4137/5854/15 4125/5840/15 4127/5843/15 4163/5882/15
f 4118/5833/15 4164/5883/15 4160/5879/15 4107/5878/15
f 4162/5881/21 4164/5883/21 4118/5833/21 4117/5832/21
f 4165/5884/19 4134/5850/19 4146/5863/19 4124/5839/19
f 4150/5867/16 4166/5885/16 4167/5886/16 4151/5868/16
f 4168/5887/16 4169/5888/16 4106/5875/16 4170/5889/16
f 4171/5890/15 4168/5887/15 4170/5889/15 4172/5891/15
f 4172/5891/21 4155/5872/21 4173/5892/21 4171/5890/21
f 4174/5893/19 4175/5894/19 4167/5886/19 4166/5885/19
f 4173/5892/19 4155/5872/19 4106/5875/19 4169/5888/19
f 4163/5882/21 4158/5876/21 4138/5855/21 4137/5854/21
f 4152/5869/21 4175/5894/21 4174/5893/21 4149/5866/21
f 4139/5856/11 4138/5855/11 4116/5841/11 4144/5861/11
f 4124/5839/14 4146/5863/14 4153/5870/14 4121/5836/14
f 4172/5891/11 4170/5889/11 4176/5895/11 4177/5896/11
f 4140/5857/14 4143/5860/14 4125/5840/14 4137/5854/14
f 4147/5864/16 4178/5897/16 4107/5878/16 4148/5865/16
f 4170/5889/16 4106/5875/16 4157/5874/16 4176/5895/16
f 4119/5834/14 4118/5833/14 4107/5878/14 4178/5897/14
f 4177/5896/21 4156/5873/21 4155/5872/21 4172/5891/21
f 4154/5871/16 4161/5880/16 4160/5879/16 4142/5859/16
f 4134/5850/16 4133/5849/16 4141/5858/16 4145/5862/16
f 4128/5844/21 4165/5884/21 4159/5877/21 4129/5845/21
f 4162/5881/21 4131/5847/21 4130/5846/21 4164/5883/21
f 4142/5859/15 4160/5879/15 4164/5883/15 4130/5846/15
f 4145/5862/15 4141/5858/15 4129/5845/15 4159/5877/15
f 4151/5868/11 4179/5898/11 4180/5899/11 4152/5869/11
f 4181/5900/14 4128/5844/14 4133/5849/14 4132/5848/14
f 4150/5867/16 4127/5843/16 4126/5842/16 4166/5885/16
f 4168/5887/16 4151/5868/16 4167/5886/16 4169/5888/16
f 4152/5869/21 4171/5890/21 4173/5892/21 4175/5894/21
f 4163/5882/21 4149/5866/21 4174/5893/21 4158/5876/21
f 4166/5885/19 4126/5842/19 4158/5876/19 4174/5893/19
f 4169/5888/19 4167/5886/19 4175/5894/19 4173/5892/19
f 4150/5867/16 4182/5901/16 4183/5902/16 4127/5843/16
f 4171/5890/14 4184/5903/14 4185/5904/14 4168/5887/14
f 4143/5860/16 4153/5870/16 4136/5852/16 4144/5861/16
f 4121/5836/21 4140/5857/21 4139/5856/21 4122/5837/21
f 4144/5861/11 4136/5852/11 4122/5837/11 4139/5856/11
f 4186/5905/21 4140/5857/21 4121/5836/21 4187/5906/21
f 4147/5864/16 4176/5895/16 4157/5874/16 4178/5897/16
f 4177/5896/21 4120/5835/21 4119/5834/21 4156/5873/21
f 4178/5897/14 4157/5874/14 4156/5873/14 4119/5834/14
f 4188/5907/21 4120/5835/21 4177/5896/21 4184/5903/21
f 4124/5839/21 4123/5838/21 4159/5877/21 4165/5884/21
f 4135/5851/11 4134/5850/11 4165/5884/11 4187/5906/11
f 4168/5887/16 4185/5904/16 4179/5898/16 4151/5868/16
f 4187/5906/15 4121/5836/15 4153/5870/15 4135/5851/15
f 4189/5908/16 4161/5880/16 4154/5871/16 4190/5909/16
f 4188/5907/14 4162/5881/14 4161/5880/14 4189/5908/14
f 4190/5909/11 4154/5871/11 4131/5847/11 4191/5910/11
f 4191/5910/21 4131/5847/21 4162/5881/21 4188/5907/21
f 4127/5843/11 4183/5902/11 4186/5905/11 4163/5882/11
f 4152/5869/21 4180/5899/21 4184/5903/21 4171/5890/21
f 4187/5906/21 4165/5884/21 4128/5844/21 4181/5900/21
f 4163/5882/21 4186/5905/21 4192/5911/21 4149/5866/21
f 4180/5899/21 4192/5911/21 4181/5900/21 4191/5910/21
f 4189/5908/15 4147/5864/15 4120/5835/15 4188/5907/15
f 4181/5900/21 4192/5911/21 4186/5905/21 4187/5906/21
f 4188/5907/21 4184/5903/21 4180/5899/21 4191/5910/21
f 4190/5909/16 4179/5898/16 4185/5904/16 4189/5908/16
f 4183/5902/19 4143/5860/19 4140/5857/19 4186/5905/19
f 4179/5898/19 4182/5901/19 4192/5911/19 4180/5899/19
f 4135/5851/16 4183/5902/16 4182/5901/16 4132/5848/16
f 4149/5866/14 4192/5911/14 4182/5901/14 4150/5867/14
f 4135/5851/16 4153/5870/16 4143/5860/16 4183/5902/16
f 4191/5910/15 4181/5900/15 4132/5848/15 4190/5909/15
f 4190/5909/16 4132/5848/16 4182/5901/16 4179/5898/16
f 4184/5903/19 4177/5896/19 4176/5895/19 4185/5904/19
f 4185/5904/16 4176/5895/16 4147/5864/16 4189/5908/16
f 4151/5912/21 4150/5913/21 4182/5914/21 4179/5915/21
f 4154/5916/21 4190/5917/21 4132/5918/21 4133/5919/21
f 4135/5920/21 4153/5921/21 4146/5922/21 4134/5923/21
f 4127/5924/21 4125/5925/21 4143/5926/21 4183/5927/21
f 4170/5928/21 4168/5929/21 4185/5930/21 4176/5931/21
f 4161/5932/21 4148/5933/21 4147/5934/21 4189/5935/21
f 4193/5936/11 4194/5937/11 4195/5938/11 4196/5939/11
f 4197/5940/54 4198/5941/54 4199/5942/54 4200/5943/54
f 4200/5943/55 4199/5942/55 4193/5936/55 4201/5944/55
f 4202/5945/59 4196/5939/59 4198/5941/59 4197/5940/59
f 4201/5946/57 4193/5947/57 4196/5948/57 4202/5949/57
f 4198/5941/14 4203/5950/14 4204/5951/14 4199/5942/14
f 4199/5942/15 4204/5951/15 4194/5937/15 4193/5936/15
f 4196/5939/19 4195/5938/19 4203/5950/19 4198/5941/19
f 4205/5952/21 4206/5953/21 4207/5954/21 4208/5955/21
f 4209/5956/21 4210/5957/21 4211/5958/21 4212/5959/21
f 4213/5960/16 4204/5961/16 4214/5962/16 4215/5963/16
f 4216/5964/21 4217/5965/21 4218/5966/21 4219/5967/21
f 4220/5968/16 4221/5969/16 4222/5970/16 4223/5971/16
f 4211/5958/11 4210/5957/11 4224/5972/11 4203/5973/11
f 4225/5974/21 4226/5975/21 4227/5976/21 4228/5977/21
f 4218/5966/15 4217/5965/15 4229/5978/15 4230/5979/15
f 4231/5980/16 4232/5981/16 4204/5961/16 4213/5960/16
f 4222/5970/16 4233/5982/16 4203/5973/16 4234/5983/16
f 4208/5955/11 4235/5984/11 4236/5985/11 4205/5952/11
f 4237/5986/15 4238/5987/15 4239/5988/15 4240/5989/15
f 4234/5983/16 4203/5973/16 4224/5972/16 4241/5990/16
f 4242/5991/16 4230/5979/16 4229/5978/16 4221/5969/16
f 4243/5992/14 4244/5993/14 4245/5994/14 4194/5995/14
f 4226/5975/19 4246/5996/19 4214/5962/19 4204/5961/19
f 4247/5997/15 4211/5958/15 4203/5973/15 4233/5982/15
f 4236/5985/16 4195/5998/16 4248/5999/16 4249/6000/16
f 4219/5967/19 4242/5991/19 4221/5969/19 4216/5964/19
f 4205/5952/19 4236/5985/19 4249/6000/19 4250/6001/19
f 4225/5974/15 4213/5960/15 4215/5963/15 4251/6002/15
f 4206/5953/15 4252/6003/15 4248/5999/15 4195/5998/15
f 4250/6001/21 4252/6003/21 4206/5953/21 4205/5952/21
f 4253/6004/19 4222/5970/19 4234/5983/19 4212/5959/19
f 4238/5987/16 4254/6005/16 4255/6006/16 4239/5988/16
f 4256/6007/16 4257/6008/16 4194/5995/16 4258/6009/16
f 4259/6010/15 4256/6007/15 4258/6009/15 4260/6011/15
f 4260/6011/21 4243/5992/21 4261/6012/21 4259/6010/21
f 4262/6013/19 4263/6014/19 4255/6006/19 4254/6005/19
f 4261/6012/19 4243/5992/19 4194/5995/19 4257/6008/19
f 4251/6002/21 4246/5996/21 4226/5975/21 4225/5974/21
f 4240/5989/21 4263/6014/21 4262/6013/21 4237/5986/21
f 4227/5976/11 4226/5975/11 4204/5961/11 4232/5981/11
f 4212/5959/14 4234/5983/14 4241/5990/14 4209/5956/14
f 4260/6011/11 4258/6009/11 4264/6015/11 4265/6016/11
f 4228/5977/14 4231/5980/14 4213/5960/14 4225/5974/14
f 4235/5984/16 4266/6017/16 4195/5998/16 4236/5985/16
f 4258/6009/16 4194/5995/16 4245/5994/16 4264/6015/16
f 4207/5954/14 4206/5953/14 4195/5998/14 4266/6017/14
f 4265/6016/21 4244/5993/21 4243/5992/21 4260/6011/21
f 4242/5991/16 4249/6000/16 4248/5999/16 4230/5979/16
f 4222/5970/16 4221/5969/16 4229/5978/16 4233/5982/16
f 4216/5964/21 4253/6004/21 4247/5997/21 4217/5965/21
f 4250/6001/21 4219/5967/21 4218/5966/21 4252/6003/21
f 4230/5979/15 4248/5999/15 4252/6003/15 4218/5966/15
f 4233/5982/15 4229/5978/15 4217/5965/15 4247/5997/15
f 4239/5988/11 4267/6018/11 4268/6019/11 4240/5989/11
f 4269/6020/14 4216/5964/14 4221/5969/14 4220/5968/14
f 4238/5987/16 4215/5963/16 4214/5962/16 4254/6005/16
f 4256/6007/16 4239/5988/16 4255/6006/16 4257/6008/16
f 4240/5989/21 4259/6010/21 4261/6012/21 4263/6014/21
f 4251/6002/21 4237/5986/21 4262/6013/21 4246/5996/21
f 4254/6005/19 4214/5962/19 4246/5996/19 4262/6013/19
f 4257/6008/19 4255/6006/19 4263/6014/19 4261/6012/19
f 4238/5987/16 4270/6021/16 4271/6022/16 4215/5963/16
f 4259/6010/14 4272/6023/14 4273/6024/14 4256/6007/14
f 4231/5980/16 4241/5990/16 4224/5972/16 4232/5981/16
f 4209/5956/21 4228/5977/21 4227/5976/21 4210/5957/21
f 4232/5981/11 4224/5972/11 4210/5957/11 4227/5976/11
f 4274/6025/21 4228/5977/21 4209/5956/21 4275/6026/21
f 4235/5984/16 4264/6015/16 4245/5994/16 4266/6017/16
f 4265/6016/21 4208/5955/21 4207/5954/21 4244/5993/21
f 4266/6017/14 4245/5994/14 4244/5993/14 4207/5954/14
f 4276/6027/21 4208/5955/21 4265/6016/21 4272/6023/21
f 4212/5959/21 4211/5958/21 4247/5997/21 4253/6004/21
f 4223/5971/11 4222/5970/11 4253/6004/11 4275/6026/11
f 4256/6007/16 4273/6024/16 4267/6018/16 4239/5988/16
f 4275/6026/15 4209/5956/15 4241/5990/15 4223/5971/15
f 4277/6028/16 4249/6000/16 4242/5991/16 4278/6029/16
f 4276/6027/14 4250/6001/14 4249/6000/14 4277/6028/14
f 4278/6029/11 4242/5991/11 4219/5967/11 4279/6030/11
f 4279/6030/21 4219/5967/21 4250/6001/21 4276/6027/21
f 4215/5963/11 4271/6022/11 4274/6025/11 4251/6002/11
f 4240/5989/21 4268/6019/21 4272/6023/21 4259/6010/21
f 4275/6026/21 4253/6004/21 4216/5964/21 4269/6020/21
f 4251/6002/21 4274/6025/21 4280/6031/21 4237/5986/21
f 4268/6019/21 4280/6031/21 4269/6020/21 4279/6030/21
f 4277/6028/15 4235/5984/15 4208/5955/15 4276/6027/15
f 4269/6020/21 4280/6031/21 4274/6025/21 4275/6026/21
f 4276/6027/21 4272/6023/21 4268/6019/21 4279/6030/21
f 4278/6029/16 4267/6018/16 4273/6024/16 4277/6028/16
f 4271/6022/19 4231/5980/19 4228/5977/19 4274/6025/19
f 4267/6018/19 4270/6021/19 4280/6031/19 4268/6019/19
f 4223/5971/16 4271/6022/16 4270/6021/16 4220/5968/16
f 4237/5986/14 4280/6031/14 4270/6021/14 4238/5987/14
f 4223/5971/16 4241/5990/16 4231/5980/16 4271/6022/16
f 4279/6030/15 4269/6020/15 4220/5968/15 4278/6029/15
f 4278/6029/16 4220/5968/16 4270/6021/16 4267/6018/16
f 4272/6023/19 4265/6016/19 4264/6015/19 4273/6024/19
f 4273/6024/16 4264/6015/16 4235/5984/16 4277/6028/16
f 4239/6032/21 4238/6033/21 4270/6034/21 4267/6035/21
f 4242/6036/21 4278/6037/21 4220/6038/21 4221/6039/21
f 4223/6040/21 4241/6041/21 4234/6042/21 4222/6043/21
f 4215/6044/21 4213/6045/21 4231/6046/21 4271/6047/21
f 4258/6048/21 4256/6049/21 4273/6050/21 4264/6051/21
f 4249/6052/21 4236/6053/21 4235/6054/21 4277/6055/21
f 4026/5705/21 4021/5700/21 4112/5823/21 4113/5824/21
f 4114/5825/21 4109/5820/21 4200/5943/21 4201/5944/21
f 4025/5704/21 4016/5695/21 4015/5694/21 4024/5703/21
f 4197/5940/21 4281/6056/21 4282/6057/21 4202/5945/21
f 4114/5829/21 3743/6058/21 3741/6059/21 4113/5826/21
f 4026/5709/21 3740/6060/21 3738/6061/21 4025/5706/21
f 4025/5706/21 3738/6061/21 3737/6062/21 4016/6063/21
f 3755/5338/19 4283/6064/19 4284/6065/19 3846/5461/19
f 3847/5464/19 3723/6066/19 3722/6067/19 3760/5347/19
f 3934/5581/19 4285/6068/19 4286/6069/19 3931/5578/19
f 4197/5940/21 4287/6070/21 4288/6071/21 4281/6056/21
f 3843/5458/19 4289/6072/19 4285/6068/19 3934/5581/19
f 3846/5461/19 4284/6065/19 4289/6072/19 3843/5458/19
f 4282/6073/21 3729/6074/21 3728/6075/21 4202/5949/21
f 3935/5584/19 3726/6076/19 3730/6077/19 3848/5467/19
f 3936/5587/19 3727/6078/19 3726/6076/19 3935/5584/19
f 3758/5341/19 4290/6079/19 4283/6064/19 3755/5338/19
f 3848/5467/19 3730/6077/19 3723/6066/19 3847/5464/19
f 4015/5694/21 4291/6080/21 4292/6081/21 4024/5703/21
f 3760/5347/19 3722/6067/19 3736/6082/19 3759/5344/19
f 3759/5344/19 3736/6082/19 1421/2883/19 1698/2882/19
f 1697/2491/19 1977/2884/19 4290/6079/19 3758/5341/19
f 4021/5700/21 4293/6083/21 4294/6084/21 4112/5823/21
f 4200/5943/21 4295/6085/21 4287/6070/21 4197/5940/21
f 3931/5578/19 4286/6069/19 4291/6080/19 4015/5694/19
f 4113/5826/21 3741/6059/21 3740/6060/21 4026/5709/21
f 4112/5823/21 4294/6084/21 4296/6086/21 4109/5820/21
f 4016/6063/19 3737/6062/19 3727/6078/19 3936/5587/19
f 4109/5820/21 4296/6086/21 4295/6085/21 4200/5943/21
f 4024/5703/21 4292/6081/21 4293/6083/21 4021/5700/21
f 4201/5946/21 3742/6087/21 3743/6058/21 4114/5829/21
f 4202/5949/21 3728/6075/21 3742/6087/21 4201/5946/21
f 4297/6088/16 4298/6089/16 3750/5333/16 3749/5332/16
f 4299/6090/16 4300/6091/16 4298/6092/16 4297/6093/16
f 4301/6094/16 4302/6095/16 4300/6091/16 4299/6090/16
f 4303/6096/11 4304/6097/11 4305/6098/11 4306/6099/11
f 4307/6100/27 4308/6101/27 4309/6102/27 4310/6103/27
f 4310/6103/28 4309/6102/28 4303/6096/28 4311/6104/28
f 4312/6105/33 4306/6099/33 4308/6101/33 4307/6100/33
f 4311/6106/29 4303/6107/29 4306/6108/29 4312/6109/29
f 4308/6101/14 4313/6110/14 4314/6111/14 4309/6102/14
f 4309/6102/21 4314/6111/21 4304/6097/21 4303/6096/21
f 4306/6099/16 4305/6098/16 4313/6110/16 4308/6101/16
f 4315/6112/19 4316/6113/19 4317/6114/19 4318/6115/19
f 4319/6116/19 4320/6117/19 4321/6118/19 4322/6119/19
f 4323/6120/15 4314/6121/15 4324/6122/15 4325/6123/15
f 4326/6124/19 4327/6125/19 4328/6126/19 4329/6127/19
f 4330/6128/15 4331/6129/15 4332/6130/15 4333/6131/15
f 4321/6118/11 4320/6117/11 4334/6132/11 4313/6133/11
f 4335/6134/19 4336/6135/19 4337/6136/19 4338/6137/19
f 4328/6126/21 4327/6125/21 4339/6138/21 4340/6139/21
f 4341/6140/15 4342/6141/15 4314/6121/15 4323/6120/15
f 4332/6130/15 4343/6142/15 4313/6133/15 4344/6143/15
f 4318/6115/11 4345/6144/11 4346/6145/11 4315/6112/11
f 4347/6146/21 4348/6147/21 4349/6148/21 4350/6149/21
f 4344/6143/15 4313/6133/15 4334/6132/15 4351/6150/15
f 4352/6151/15 4340/6139/15 4339/6138/15 4331/6129/15
f 4353/6152/14 4354/6153/14 4355/6154/14 4304/6155/14
f 4336/6135/16 4356/6156/16 4324/6122/16 4314/6121/16
f 4357/6157/21 4321/6118/21 4313/6133/21 4343/6142/21
f 4346/6145/15 4305/6158/15 4358/6159/15 4359/6160/15
f 4329/6127/16 4352/6151/16 4331/6129/16 4326/6124/16
f 4315/6112/16 4346/6145/16 4359/6160/16 4360/6161/16
f 4335/6134/21 4323/6120/21 4325/6123/21 4361/6162/21
f 4316/6113/21 4362/6163/21 4358/6159/21 4305/6158/21
f 4360/6161/19 4362/6163/19 4316/6113/19 4315/6112/19
f 4363/6164/16 4332/6130/16 4344/6143/16 4322/6119/16
f 4348/6147/15 4364/6165/15 4365/6166/15 4349/6148/15
f 4366/6167/15 4367/6168/15 4304/6155/15 4368/6169/15
f 4369/6170/21 4366/6167/21 4368/6169/21 4370/6171/21
f 4370/6171/19 4353/6152/19 4371/6172/19 4369/6170/19
f 4372/6173/16 4373/6174/16 4365/6166/16 4364/6165/16
f 4371/6172/16 4353/6152/16 4304/6155/16 4367/6168/16
f 4361/6162/19 4356/6156/19 4336/6135/19 4335/6134/19
f 4350/6149/19 4373/6174/19 4372/6173/19 4347/6146/19
f 4337/6136/11 4336/6135/11 4314/6121/11 4342/6141/11
f 4322/6119/14 4344/6143/14 4351/6150/14 4319/6116/14
f 4370/6171/11 4368/6169/11 4374/6175/11 4375/6176/11
f 4338/6137/14 4341/6140/14 4323/6120/14 4335/6134/14
f 4345/6144/15 4376/6177/15 4305/6158/15 4346/6145/15
f 4368/6169/15 4304/6155/15 4355/6154/15 4374/6175/15
f 4317/6114/14 4316/6113/14 4305/6158/14 4376/6177/14
f 4375/6176/19 4354/6153/19 4353/6152/19 4370/6171/19
f 4352/6151/15 4359/6160/15 4358/6159/15 4340/6139/15
f 4332/6130/15 4331/6129/15 4339/6138/15 4343/6142/15
f 4326/6124/19 4363/6164/19 4357/6157/19 4327/6125/19
f 4360/6161/19 4329/6127/19 4328/6126/19 4362/6163/19
f 4340/6139/21 4358/6159/21 4362/6163/21 4328/6126/21
f 4343/6142/21 4339/6138/21 4327/6125/21 4357/6157/21
f 4349/6148/11 4377/6178/11 4378/6179/11 4350/6149/11
f 4379/6180/14 4326/6124/14 4331/6129/14 4330/6128/14
f 4348/6147/15 4325/6123/15 4324/6122/15 4364/6165/15
f 4366/6167/15 4349/6148/15 4365/6166/15 4367/6168/15
f 4350/6149/19 4369/6170/19 4371/6172/19 4373/6174/19
f 4361/6162/19 4347/6146/19 4372/6173/19 4356/6156/19
f 4364/6165/16 4324/6122/16 4356/6156/16 4372/6173/16
f 4367/6168/16 4365/6166/16 4373/6174/16 4371/6172/16
f 4348/6147/15 4380/6181/15 4381/6182/15 4325/6123/15
f 4369/6170/14 4382/6183/14 4383/6184/14 4366/6167/14
f 4341/6140/15 4351/6150/15 4334/6132/15 4342/6141/15
f 4319/6116/19 4338/6137/19 4337/6136/19 4320/6117/19
f 4342/6141/11 4334/6132/11 4320/6117/11 4337/6136/11
f 4384/6185/19 4338/6137/19 4319/6116/19 4385/6186/19
f 4345/6144/15 4374/6175/15 4355/6154/15 4376/6177/15
f 4375/6176/19 4318/6115/19 4317/6114/19 4354/6153/19
f 4376/6177/14 4355/6154/14 4354/6153/14 4317/6114/14
f 4386/6187/19 4318/6115/19 4375/6176/19 4382/6183/19
f 4322/6119/19 4321/6118/19 4357/6157/19 4363/6164/19
f 4333/6131/11 4332/6130/11 4363/6164/11 4385/6186/11
f 4366/6167/15 4383/6184/15 4377/6178/15 4349/6148/15
f 4385/6186/21 4319/6116/21 4351/6150/21 4333/6131/21
f 4387/6188/15 4359/6160/15 4352/6151/15 4388/6189/15
f 4386/6187/14 4360/6161/14 4359/6160/14 4387/6188/14
f 4388/6189/11 4352/6151/11 4329/6127/11 4389/6190/11
f 4389/6190/19 4329/6127/19 4360/6161/19 4386/6187/19
f 4325/6123/11 4381/6182/11 4384/6185/11 4361/6162/11
f 4350/6149/19 4378/6179/19 4382/6183/19 4369/6170/19
f 4385/6186/19 4363/6164/19 4326/6124/19 4379/6180/19
f 4361/6162/19 4384/6185/19 4390/6191/19 4347/6146/19
f 4378/6179/19 4390/6191/19 4379/6180/19 4389/6190/19
f 4387/6188/21 4345/6144/21 4318/6115/21 4386/6187/21
f 4379/6180/19 4390/6191/19 4384/6185/19 4385/6186/19
f 4386/6187/19 4382/6183/19 4378/6179/19 4389/6190/19
f 4388/6189/15 4377/6178/15 4383/6184/15 4387/6188/15
f 4381/6182/16 4341/6140/16 4338/6137/16 4384/6185/16
f 4377/6178/16 4380/6181/16 4390/6191/16 4378/6179/16
f 4333/6131/15 4381/6182/15 4380/6181/15 4330/6128/15
f 4347/6146/14 4390/6191/14 4380/6181/14 4348/6147/14
f 4333/6131/15 4351/6150/15 4341/6140/15 4381/6182/15
f 4389/6190/21 4379/6180/21 4330/6128/21 4388/6189/21
f 4388/6189/15 4330/6128/15 4380/6181/15 4377/6178/15
f 4382/6183/16 4375/6176/16 4374/6175/16 4383/6184/16
f 4383/6184/15 4374/6175/15 4345/6144/15 4387/6188/15
f 4349/6192/19 4348/6193/19 4380/6194/19 4377/6195/19
f 4352/6196/19 4388/6197/19 4330/6198/19 4331/6199/19
f 4333/6200/19 4351/6201/19 4344/6202/19 4332/6203/19
f 4325/6204/19 4323/6205/19 4341/6206/19 4381/6207/19
f 4368/6208/19 4366/6209/19 4383/6210/19 4374/6211/19
f 4359/6212/19 4346/6213/19 4345/6214/19 4387/6215/19
f 4391/6216/11 4392/6217/11 4393/6218/11 4394/6219/11
f 4395/6220/27 4396/6221/27 4397/6222/27 4398/6223/27
f 4398/6223/28 4397/6222/28 4391/6216/28 4399/6224/28
f 4400/6225/33 4394/6219/33 4396/6221/33 4395/6220/33
f 4399/6226/29 4391/6227/29 4394/6228/29 4400/6229/29
f 4396/6221/14 4401/6230/14 4402/6231/14 4397/6222/14
f 4397/6222/21 4402/6231/21 4392/6217/21 4391/6216/21
f 4394/6219/16 4393/6218/16 4401/6230/16 4396/6221/16
f 4403/6232/19 4404/6233/19 4405/6234/19 4406/6235/19
f 4407/6236/19 4408/6237/19 4409/6238/19 4410/6239/19
f 4411/6240/15 4402/6241/15 4412/6242/15 4413/6243/15
f 4414/6244/19 4415/6245/19 4416/6246/19 4417/6247/19
f 4418/6248/15 4419/6249/15 4420/6250/15 4421/6251/15
f 4409/6238/11 4408/6237/11 4422/6252/11 4401/6253/11
f 4423/6254/19 4424/6255/19 4425/6256/19 4426/6257/19
f 4416/6246/21 4415/6245/21 4427/6258/21 4428/6259/21
f 4429/6260/15 4430/6261/15 4402/6241/15 4411/6240/15
f 4420/6250/15 4431/6262/15 4401/6253/15 4432/6263/15
f 4406/6235/11 4433/6264/11 4434/6265/11 4403/6232/11
f 4435/6266/21 4436/6267/21 4437/6268/21 4438/6269/21
f 4432/6263/15 4401/6253/15 4422/6252/15 4439/6270/15
f 4440/6271/15 4428/6259/15 4427/6258/15 4419/6249/15
f 4441/6272/14 4442/6273/14 4443/6274/14 4392/6275/14
f 4424/6255/16 4444/6276/16 4412/6242/16 4402/6241/16
f 4445/6277/21 4409/6238/21 4401/6253/21 4431/6262/21
f 4434/6265/15 4393/6278/15 4446/6279/15 4447/6280/15
f 4417/6247/16 4440/6271/16 4419/6249/16 4414/6244/16
f 4403/6232/16 4434/6265/16 4447/6280/16 4448/6281/16
f 4423/6254/21 4411/6240/21 4413/6243/21 4449/6282/21
f 4404/6233/21 4450/6283/21 4446/6279/21 4393/6278/21
f 4448/6281/19 4450/6283/19 4404/6233/19 4403/6232/19
f 4451/6284/16 4420/6250/16 4432/6263/16 4410/6239/16
f 4436/6267/15 4452/6285/15 4453/6286/15 4437/6268/15
f 4454/6287/15 4455/6288/15 4392/6275/15 4456/6289/15
f 4457/6290/21 4454/6287/21 4456/6289/21 4458/6291/21
f 4458/6291/19 4441/6272/19 4459/6292/19 4457/6290/19
f 4460/6293/16 4461/6294/16 4453/6286/16 4452/6285/16
f 4459/6292/16 4441/6272/16 4392/6275/16 4455/6288/16
f 4449/6282/19 4444/6276/19 4424/6255/19 4423/6254/19
f 4438/6269/19 4461/6294/19 4460/6293/19 4435/6266/19
f 4425/6256/11 4424/6255/11 4402/6241/11 4430/6261/11
f 4410/6239/14 4432/6263/14 4439/6270/14 4407/6236/14
f 4458/6291/11 4456/6289/11 4462/6295/11 4463/6296/11
f 4426/6257/14 4429/6260/14 4411/6240/14 4423/6254/14
f 4433/6264/15 4464/6297/15 4393/6278/15 4434/6265/15
f 4456/6289/15 4392/6275/15 4443/6274/15 4462/6295/15
f 4405/6234/14 4404/6233/14 4393/6278/14 4464/6297/14
f 4463/6296/19 4442/6273/19 4441/6272/19 4458/6291/19
f 4440/6271/15 4447/6280/15 4446/6279/15 4428/6259/15
f 4420/6250/15 4419/6249/15 4427/6258/15 4431/6262/15
f 4414/6244/19 4451/6284/19 4445/6277/19 4415/6245/19
f 4448/6281/19 4417/6247/19 4416/6246/19 4450/6283/19
f 4428/6259/21 4446/6279/21 4450/6283/21 4416/6246/21
f 4431/6262/21 4427/6258/21 4415/6245/21 4445/6277/21
f 4437/6268/11 4465/6298/11 4466/6299/11 4438/6269/11
f 4467/6300/14 4414/6244/14 4419/6249/14 4418/6248/14
f 4436/6267/15 4413/6243/15 4412/6242/15 4452/6285/15
f 4454/6287/15 4437/6268/15 4453/6286/15 4455/6288/15
f 4438/6269/19 4457/6290/19 4459/6292/19 4461/6294/19
f 4449/6282/19 4435/6266/19 4460/6293/19 4444/6276/19
f 4452/6285/16 4412/6242/16 4444/6276/16 4460/6293/16
f 4455/6288/16 4453/6286/16 4461/6294/16 4459/6292/16
f 4436/6267/15 4468/6301/15 4469/6302/15 4413/6243/15
f 4457/6290/14 4470/6303/14 4471/6304/14 4454/6287/14
f 4429/6260/15 4439/6270/15 4422/6252/15 4430/6261/15
f 4407/6236/19 4426/6257/19 4425/6256/19 4408/6237/19
f 4430/6261/11 4422/6252/11 4408/6237/11 4425/6256/11
f 4472/6305/19 4426/6257/19 4407/6236/19 4473/6306/19
f 4433/6264/15 4462/6295/15 4443/6274/15 4464/6297/15
f 4463/6296/19 4406/6235/19 4405/6234/19 4442/6273/19
f 4464/6297/14 4443/6274/14 4442/6273/14 4405/6234/14
f 4474/6307/19 4406/6235/19 4463/6296/19 4470/6303/19
f 4410/6239/19 4409/6238/19 4445/6277/19 4451/6284/19
f 4421/6251/11 4420/6250/11 4451/6284/11 4473/6306/11
f 4454/6287/15 4471/6304/15 4465/6298/15 4437/6268/15
f 4473/6306/21 4407/6236/21 4439/6270/21 4421/6251/21
f 4475/6308/15 4447/6280/15 4440/6271/15 4476/6309/15
f 4474/6307/14 4448/6281/14 4447/6280/14 4475/6308/14
f 4476/6309/11 4440/6271/11 4417/6247/11 4477/6310/11
f 4477/6310/19 4417/6247/19 4448/6281/19 4474/6307/19
f 4413/6243/11 4469/6302/11 4472/6305/11 4449/6282/11
f 4438/6269/19 4466/6299/19 4470/6303/19 4457/6290/19
f 4473/6306/19 4451/6284/19 4414/6244/19 4467/6300/19
f 4449/6282/19 4472/6305/19 4478/6311/19 4435/6266/19
f 4466/6299/19 4478/6311/19 4467/6300/19 4477/6310/19
f 4475/6308/21 4433/6264/21 4406/6235/21 4474/6307/21
f 4467/6300/19 4478/6311/19 4472/6305/19 4473/6306/19
f 4474/6307/19 4470/6303/19 4466/6299/19 4477/6310/19
f 4476/6309/15 4465/6298/15 4471/6304/15 4475/6308/15
f 4469/6302/16 4429/6260/16 4426/6257/16 4472/6305/16
f 4465/6298/16 4468/6301/16 4478/6311/16 4466/6299/16
f 4421/6251/15 4469/6302/15 4468/6301/15 4418/6248/15
f 4435/6266/14 4478/6311/14 4468/6301/14 4436/6267/14
f 4421/6251/15 4439/6270/15 4429/6260/15 4469/6302/15
f 4477/6310/21 4467/6300/21 4418/6248/21 4476/6309/21
f 4476/6309/15 4418/6248/15 4468/6301/15 4465/6298/15
f 4470/6303/16 4463/6296/16 4462/6295/16 4471/6304/16
f 4471/6304/15 4462/6295/15 4433/6264/15 4475/6308/15
f 4437/6312/19 4436/6313/19 4468/6314/19 4465/6315/19
f 4440/6316/19 4476/6317/19 4418/6318/19 4419/6319/19
f 4421/6320/19 4439/6321/19 4432/6322/19 4420/6323/19
f 4413/6324/19 4411/6325/19 4429/6326/19 4469/6327/19
f 4456/6328/19 4454/6329/19 4471/6330/19 4462/6331/19
f 4447/6332/19 4434/6333/19 4433/6334/19 4475/6335/19
f 4479/6336/11 4480/6337/11 4481/6338/11 4482/6339/11
f 4483/6340/27 4484/6341/27 4485/6342/27 4486/6343/27
f 4486/6343/28 4485/6342/28 4479/6336/28 4487/6344/28
f 4488/6345/33 4482/6339/33 4484/6341/33 4483/6340/33
f 4487/6346/29 4479/6347/29 4482/6348/29 4488/6349/29
f 4484/6341/14 4489/6350/14 4490/6351/14 4485/6342/14
f 4485/6342/21 4490/6351/21 4480/6337/21 4479/6336/21
f 4482/6339/16 4481/6338/16 4489/6350/16 4484/6341/16
f 4491/6352/19 4492/6353/19 4493/6354/19 4494/6355/19
f 4495/6356/19 4496/6357/19 4497/6358/19 4498/6359/19
f 4499/6360/15 4490/6361/15 4500/6362/15 4501/6363/15
f 4502/6364/19 4503/6365/19 4504/6366/19 4505/6367/19
f 4506/6368/15 4507/6369/15 4508/6370/15 4509/6371/15
f 4497/6358/11 4496/6357/11 4510/6372/11 4489/6373/11
f 4511/6374/19 4512/6375/19 4513/6376/19 4514/6377/19
f 4504/6366/21 4503/6365/21 4515/6378/21 4516/6379/21
f 4517/6380/15 4518/6381/15 4490/6361/15 4499/6360/15
f 4508/6370/15 4519/6382/15 4489/6373/15 4520/6383/15
f 4494/6355/11 4521/6384/11 4522/6385/11 4491/6352/11
f 4523/6386/21 4524/6387/21 4525/6388/21 4526/6389/21
f 4520/6383/15 4489/6373/15 4510/6372/15 4527/6390/15
f 4528/6391/15 4516/6379/15 4515/6378/15 4507/6369/15
f 4529/6392/14 4530/6393/14 4531/6394/14 4480/6395/14
f 4512/6375/16 4532/6396/16 4500/6362/16 4490/6361/16
f 4533/6397/21 4497/6358/21 4489/6373/21 4519/6382/21
f 4522/6385/15 4481/6398/15 4534/6399/15 4535/6400/15
f 4505/6367/16 4528/6391/16 4507/6369/16 4502/6364/16
f 4491/6352/16 4522/6385/16 4535/6400/16 4536/6401/16
f 4511/6374/21 4499/6360/21 4501/6363/21 4537/6402/21
f 4492/6353/21 4538/6403/21 4534/6399/21 4481/6398/21
f 4536/6401/19 4538/6403/19 4492/6353/19 4491/6352/19
f 4539/6404/16 4508/6370/16 4520/6383/16 4498/6359/16
f 4524/6387/15 4540/6405/15 4541/6406/15 4525/6388/15
f 4542/6407/15 4543/6408/15 4480/6395/15 4544/6409/15
f 4545/6410/21 4542/6407/21 4544/6409/21 4546/6411/21
f 4546/6411/19 4529/6392/19 4547/6412/19 4545/6410/19
f 4548/6413/16 4549/6414/16 4541/6406/16 4540/6405/16
f 4547/6412/16 4529/6392/16 4480/6395/16 4543/6408/16
f 4537/6402/19 4532/6396/19 4512/6375/19 4511/6374/19
f 4526/6389/19 4549/6414/19 4548/6413/19 4523/6386/19
f 4513/6376/11 4512/6375/11 4490/6361/11 4518/6381/11
f 4498/6359/14 4520/6383/14 4527/6390/14 4495/6356/14
f 4546/6411/11 4544/6409/11 4550/6415/11 4551/6416/11
f 4514/6377/14 4517/6380/14 4499/6360/14 4511/6374/14
f 4521/6384/15 4552/6417/15 4481/6398/15 4522/6385/15
f 4544/6409/15 4480/6395/15 4531/6394/15 4550/6415/15
f 4493/6354/14 4492/6353/14 4481/6398/14 4552/6417/14
f 4551/6416/19 4530/6393/19 4529/6392/19 4546/6411/19
f 4528/6391/15 4535/6400/15 4534/6399/15 4516/6379/15
f 4508/6370/15 4507/6369/15 4515/6378/15 4519/6382/15
f 4502/6364/19 4539/6404/19 4533/6397/19 4503/6365/19
f 4536/6401/19 4505/6367/19 4504/6366/19 4538/6403/19
f 4516/6379/21 4534/6399/21 4538/6403/21 4504/6366/21
f 4519/6382/21 4515/6378/21 4503/6365/21 4533/6397/21
f 4525/6388/11 4553/6418/11 4554/6419/11 4526/6389/11
f 4555/6420/14 4502/6364/14 4507/6369/14 4506/6368/14
f 4524/6387/15 4501/6363/15 4500/6362/15 4540/6405/15
f 4542/6407/15 4525/6388/15 4541/6406/15 4543/6408/15
f 4526/6389/19 4545/6410/19 4547/6412/19 4549/6414/19
f 4537/6402/19 4523/6386/19 4548/6413/19 4532/6396/19
f 4540/6405/16 4500/6362/16 4532/6396/16 4548/6413/16
f 4543/6408/16 4541/6406/16 4549/6414/16 4547/6412/16
f 4524/6387/15 4556/6421/15 4557/6422/15 4501/6363/15
f 4545/6410/14 4558/6423/14 4559/6424/14 4542/6407/14
f 4517/6380/15 4527/6390/15 4510/6372/15 4518/6381/15
f 4495/6356/19 4514/6377/19 4513/6376/19 4496/6357/19
f 4518/6381/11 4510/6372/11 4496/6357/11 4513/6376/11
f 4560/6425/19 4514/6377/19 4495/6356/19 4561/6426/19
f 4521/6384/15 4550/6415/15 4531/6394/15 4552/6417/15
f 4551/6416/19 4494/6355/19 4493/6354/19 4530/6393/19
f 4552/6417/14 4531/6394/14 4530/6393/14 4493/6354/14
f 4562/6427/19 4494/6355/19 4551/6416/19 4558/6423/19
f 4498/6359/19 4497/6358/19 4533/6397/19 4539/6404/19
f 4509/6371/11 4508/6370/11 4539/6404/11 4561/6426/11
f 4542/6407/15 4559/6424/15 4553/6418/15 4525/6388/15
f 4561/6426/21 4495/6356/21 4527/6390/21 4509/6371/21
f 4563/6428/15 4535/6400/15 4528/6391/15 4564/6429/15
f 4562/6427/14 4536/6401/14 4535/6400/14 4563/6428/14
f 4564/6429/11 4528/6391/11 4505/6367/11 4565/6430/11
f 4565/6430/19 4505/6367/19 4536/6401/19 4562/6427/19
f 4501/6363/11 4557/6422/11 4560/6425/11 4537/6402/11
f 4526/6389/19 4554/6419/19 4558/6423/19 4545/6410/19
f 4561/6426/19 4539/6404/19 4502/6364/19 4555/6420/19
f 4537/6402/19 4560/6425/19 4566/6431/19 4523/6386/19
f 4554/6419/19 4566/6431/19 4555/6420/19 4565/6430/19
f 4563/6428/21 4521/6384/21 4494/6355/21 4562/6427/21
f 4555/6420/19 4566/6431/19 4560/6425/19 4561/6426/19
f 4562/6427/19 4558/6423/19 4554/6419/19 4565/6430/19
f 4564/6429/15 4553/6418/15 4559/6424/15 4563/6428/15
f 4557/6422/16 4517/6380/16 4514/6377/16 4560/6425/16
f 4553/6418/16 4556/6421/16 4566/6431/16 4554/6419/16
f 4509/6371/15 4557/6422/15 4556/6421/15 4506/6368/15
f 4523/6386/14 4566/6431/14 4556/6421/14 4524/6387/14
f 4509/6371/15 4527/6390/15 4517/6380/15 4557/6422/15
f 4565/6430/21 4555/6420/21 4506/6368/21 4564/6429/21
f 4564/6429/15 4506/6368/15 4556/6421/15 4553/6418/15
f 4558/6423/16 4551/6416/16 4550/6415/16 4559/6424/16
f 4559/6424/15 4550/6415/15 4521/6384/15 4563/6428/15
f 4525/6432/19 4524/6433/19 4556/6434/19 4553/6435/19
f 4528/6436/19 4564/6437/19 4506/6438/19 4507/6439/19
f 4509/6440/19 4527/6441/19 4520/6442/19 4508/6443/19
f 4501/6444/19 4499/6445/19 4517/6446/19 4557/6447/19
f 4544/6448/19 4542/6449/19 4559/6450/19 4550/6451/19
f 4535/6452/19 4522/6453/19 4521/6454/19 4563/6455/19
f 4312/6105/19 4307/6100/19 4398/6223/19 4399/6224/19
f 4400/6225/19 4395/6220/19 4486/6343/19 4487/6344/19
f 4311/6104/19 2253/3259/19 2252/3258/19 4310/6103/19
f 4483/6340/19 4567/6456/19 4568/6457/19 4488/6345/19
f 4569/6458/11 4570/6459/11 4571/6460/11 4572/6461/11
f 4573/6462/54 4574/6463/54 4575/6464/54 4576/6465/54
f 4576/6465/55 4575/6464/55 4569/6458/55 4577/6466/55
f 4578/6467/56 4572/6461/56 4574/6463/56 4573/6462/56
f 4577/6468/57 4569/6469/57 4572/6470/57 4578/6471/57
f 4574/6463/14 4579/6472/14 4580/6473/14 4575/6464/14
f 4575/6464/15 4580/6473/15 4570/6459/15 4569/6458/15
f 4572/6461/19 4571/6460/19 4579/6472/19 4574/6463/19
f 4581/6474/21 4582/6475/21 4583/6476/21 4584/6477/21
f 4585/6478/21 4586/6479/21 4587/6480/21 4588/6481/21
f 4589/6482/16 4580/6483/16 4590/6484/16 4591/6485/16
f 4592/6486/21 4593/6487/21 4594/6488/21 4595/6489/21
f 4596/6490/16 4597/6491/16 4598/6492/16 4599/6493/16
f 4587/6480/11 4586/6479/11 4600/6494/11 4579/6495/11
f 4601/6496/21 4602/6497/21 4603/6498/21 4604/6499/21
f 4594/6488/15 4593/6487/15 4605/6500/15 4606/6501/15
f 4607/6502/16 4608/6503/16 4580/6483/16 4589/6482/16
f 4598/6492/16 4609/6504/16 4579/6495/16 4610/6505/16
f 4584/6477/11 4611/6506/11 4612/6507/11 4581/6474/11
f 4613/6508/15 4614/6509/15 4615/6510/15 4616/6511/15
f 4610/6505/16 4579/6495/16 4600/6494/16 4617/6512/16
f 4618/6513/16 4606/6501/16 4605/6500/16 4597/6491/16
f 4619/6514/14 4620/6515/14 4621/6516/14 4570/6517/14
f 4602/6497/19 4622/6518/19 4590/6484/19 4580/6483/19
f 4623/6519/15 4587/6480/15 4579/6495/15 4609/6504/15
f 4612/6507/16 4571/6520/16 4624/6521/16 4625/6522/16
f 4595/6489/19 4618/6513/19 4597/6491/19 4592/6486/19
f 4581/6474/19 4612/6507/19 4625/6522/19 4626/6523/19
f 4601/6496/15 4589/6482/15 4591/6485/15 4627/6524/15
f 4582/6475/15 4628/6525/15 4624/6521/15 4571/6520/15
f 4626/6523/21 4628/6525/21 4582/6475/21 4581/6474/21
f 4629/6526/19 4598/6492/19 4610/6505/19 4588/6481/19
f 4614/6509/16 4630/6527/16 4631/6528/16 4615/6510/16
f 4632/6529/16 4633/6530/16 4570/6517/16 4634/6531/16
f 4635/6532/15 4632/6529/15 4634/6531/15 4636/6533/15
f 4636/6533/21 4619/6514/21 4637/6534/21 4635/6532/21
f 4638/6535/19 4639/6536/19 4631/6528/19 4630/6527/19
f 4637/6534/19 4619/6514/19 4570/6517/19 4633/6530/19
f 4627/6524/21 4622/6518/21 4602/6497/21 4601/6496/21
f 4616/6511/21 4639/6536/21 4638/6535/21 4613/6508/21
f 4603/6498/11 4602/6497/11 4580/6483/11 4608/6503/11
f 4588/6481/14 4610/6505/14 4617/6512/14 4585/6478/14
f 4636/6533/11 4634/6531/11 4640/6537/11 4641/6538/11
f 4604/6499/14 4607/6502/14 4589/6482/14 4601/6496/14
f 4611/6506/16 4642/6539/16 4571/6520/16 4612/6507/16
f 4634/6531/16 4570/6517/16 4621/6516/16 4640/6537/16
f 4583/6476/14 4582/6475/14 4571/6520/14 4642/6539/14
f 4641/6538/21 4620/6515/21 4619/6514/21 4636/6533/21
f 4618/6513/16 4625/6522/16 4624/6521/16 4606/6501/16
f 4598/6492/16 4597/6491/16 4605/6500/16 4609/6504/16
f 4592/6486/21 4629/6526/21 4623/6519/21 4593/6487/21
f 4626/6523/21 4595/6489/21 4594/6488/21 4628/6525/21
f 4606/6501/15 4624/6521/15 4628/6525/15 4594/6488/15
f 4609/6504/15 4605/6500/15 4593/6487/15 4623/6519/15
f 4615/6510/11 4643/6540/11 4644/6541/11 4616/6511/11
f 4645/6542/14 4592/6486/14 4597/6491/14 4596/6490/14
f 4614/6509/16 4591/6485/16 4590/6484/16 4630/6527/16
f 4632/6529/16 4615/6510/16 4631/6528/16 4633/6530/16
f 4616/6511/21 4635/6532/21 4637/6534/21 4639/6536/21
f 4627/6524/21 4613/6508/21 4638/6535/21 4622/6518/21
f 4630/6527/19 4590/6484/19 4622/6518/19 4638/6535/19
f 4633/6530/19 4631/6528/19 4639/6536/19 4637/6534/19
f 4614/6509/16 4646/6543/16 4647/6544/16 4591/6485/16
f 4635/6532/14 4648/6545/14 4649/6546/14 4632/6529/14
f 4607/6502/16 4617/6512/16 4600/6494/16 4608/6503/16
f 4585/6478/21 4604/6499/21 4603/6498/21 4586/6479/21
f 4608/6503/11 4600/6494/11 4586/6479/11 4603/6498/11
f 4650/6547/21 4604/6499/21 4585/6478/21 4651/6548/21
f 4611/6506/16 4640/6537/16 4621/6516/16 4642/6539/16
f 4641/6538/21 4584/6477/21 4583/6476/21 4620/6515/21
f 4642/6539/14 4621/6516/14 4620/6515/14 4583/6476/14
f 4652/6549/21 4584/6477/21 4641/6538/21 4648/6545/21
f 4588/6481/21 4587/6480/21 4623/6519/21 4629/6526/21
f 4599/6493/11 4598/6492/11 4629/6526/11 4651/6548/11
f 4632/6529/16 4649/6546/16 4643/6540/16 4615/6510/16
f 4651/6548/15 4585/6478/15 4617/6512/15 4599/6493/15
f 4653/6550/16 4625/6522/16 4618/6513/16 4654/6551/16
f 4652/6549/14 4626/6523/14 4625/6522/14 4653/6550/14
f 4654/6551/11 4618/6513/11 4595/6489/11 4655/6552/11
f 4655/6552/21 4595/6489/21 4626/6523/21 4652/6549/21
f 4591/6485/11 4647/6544/11 4650/6547/11 4627/6524/11
f 4616/6511/21 4644/6541/21 4648/6545/21 4635/6532/21
f 4651/6548/21 4629/6526/21 4592/6486/21 4645/6542/21
f 4627/6524/21 4650/6547/21 4656/6553/21 4613/6508/21
f 4644/6541/21 4656/6553/21 4645/6542/21 4655/6552/21
f 4653/6550/15 4611/6506/15 4584/6477/15 4652/6549/15
f 4645/6542/21 4656/6553/21 4650/6547/21 4651/6548/21
f 4652/6549/21 4648/6545/21 4644/6541/21 4655/6552/21
f 4654/6551/16 4643/6540/16 4649/6546/16 4653/6550/16
f 4647/6544/19 4607/6502/19 4604/6499/19 4650/6547/19
f 4643/6540/19 4646/6543/19 4656/6553/19 4644/6541/19
f 4599/6493/16 4647/6544/16 4646/6543/16 4596/6490/16
f 4613/6508/14 4656/6553/14 4646/6543/14 4614/6509/14
f 4599/6493/16 4617/6512/16 4607/6502/16 4647/6544/16
f 4655/6552/15 4645/6542/15 4596/6490/15 4654/6551/15
f 4654/6551/16 4596/6490/16 4646/6543/16 4643/6540/16
f 4648/6545/19 4641/6538/19 4640/6537/19 4649/6546/19
f 4649/6546/16 4640/6537/16 4611/6506/16 4653/6550/16
f 4615/6554/21 4614/6555/21 4646/6556/21 4643/6557/21
f 4618/6558/21 4654/6559/21 4596/6560/21 4597/6561/21
f 4599/6562/21 4617/6563/21 4610/6564/21 4598/6565/21
f 4591/6566/21 4589/6567/21 4607/6568/21 4647/6569/21
f 4634/6570/21 4632/6571/21 4649/6572/21 4640/6573/21
f 4625/6574/21 4612/6575/21 4611/6576/21 4653/6577/21
f 4657/6578/11 4658/6579/11 4659/6580/11 4660/6581/11
f 4661/6582/54 4662/6583/54 4663/6584/54 4664/6585/54
f 4664/6585/55 4663/6584/55 4657/6578/55 4665/6586/55
f 4666/6587/56 4660/6581/56 4662/6583/56 4661/6582/56
f 4665/6588/57 4657/6589/57 4660/6590/57 4666/6591/57
f 4662/6583/14 4667/6592/14 4668/6593/14 4663/6584/14
f 4663/6584/15 4668/6593/15 4658/6579/15 4657/6578/15
f 4660/6581/19 4659/6580/19 4667/6592/19 4662/6583/19
f 4669/6594/21 4670/6595/21 4671/6596/21 4672/6597/21
f 4673/6598/21 4674/6599/21 4675/6600/21 4676/6601/21
f 4677/6602/16 4668/6603/16 4678/6604/16 4679/6605/16
f 4680/6606/21 4681/6607/21 4682/6608/21 4683/6609/21
f 4684/6610/16 4685/6611/16 4686/6612/16 4687/6613/16
f 4675/6600/11 4674/6599/11 4688/6614/11 4667/6615/11
f 4689/6616/21 4690/6617/21 4691/6618/21 4692/6619/21
f 4682/6608/15 4681/6607/15 4693/6620/15 4694/6621/15
f 4695/6622/16 4696/6623/16 4668/6603/16 4677/6602/16
f 4686/6612/16 4697/6624/16 4667/6615/16 4698/6625/16
f 4672/6597/11 4699/6626/11 4700/6627/11 4669/6594/11
f 4701/6628/15 4702/6629/15 4703/6630/15 4704/6631/15
f 4698/6625/16 4667/6615/16 4688/6614/16 4705/6632/16
f 4706/6633/16 4694/6621/16 4693/6620/16 4685/6611/16
f 4707/6634/14 4708/6635/14 4709/6636/14 4658/6637/14
f 4690/6617/19 4710/6638/19 4678/6604/19 4668/6603/19
f 4711/6639/15 4675/6600/15 4667/6615/15 4697/6624/15
f 4700/6627/16 4659/6640/16 4712/6641/16 4713/6642/16
f 4683/6609/19 4706/6633/19 4685/6611/19 4680/6606/19
f 4669/6594/19 4700/6627/19 4713/6642/19 4714/6643/19
f 4689/6616/15 4677/6602/15 4679/6605/15 4715/6644/15
f 4670/6595/15 4716/6645/15 4712/6641/15 4659/6640/15
f 4714/6643/21 4716/6645/21 4670/6595/21 4669/6594/21
f 4717/6646/19 4686/6612/19 4698/6625/19 4676/6601/19
f 4702/6629/16 4718/6647/16 4719/6648/16 4703/6630/16
f 4720/6649/16 4721/6650/16 4658/6637/16 4722/6651/16
f 4723/6652/15 4720/6649/15 4722/6651/15 4724/6653/15
f 4724/6653/21 4707/6634/21 4725/6654/21 4723/6652/21
f 4726/6655/19 4727/6656/19 4719/6648/19 4718/6647/19
f 4725/6654/19 4707/6634/19 4658/6637/19 4721/6650/19
f 4715/6644/21 4710/6638/21 4690/6617/21 4689/6616/21
f 4704/6631/21 4727/6656/21 4726/6655/21 4701/6628/21
f 4691/6618/11 4690/6617/11 4668/6603/11 4696/6623/11
f 4676/6601/14 4698/6625/14 4705/6632/14 4673/6598/14
f 4724/6653/11 4722/6651/11 4728/6657/11 4729/6658/11
f 4692/6619/14 4695/6622/14 4677/6602/14 4689/6616/14
f 4699/6626/16 4730/6659/16 4659/6640/16 4700/6627/16
f 4722/6651/16 4658/6637/16 4709/6636/16 4728/6657/16
f 4671/6596/14 4670/6595/14 4659/6640/14 4730/6659/14
f 4729/6658/21 4708/6635/21 4707/6634/21 4724/6653/21
f 4706/6633/16 4713/6642/16 4712/6641/16 4694/6621/16
f 4686/6612/16 4685/6611/16 4693/6620/16 4697/6624/16
f 4680/6606/21 4717/6646/21 4711/6639/21 4681/6607/21
f 4714/6643/21 4683/6609/21 4682/6608/21 4716/6645/21
f 4694/6621/15 4712/6641/15 4716/6645/15 4682/6608/15
f 4697/6624/15 4693/6620/15 4681/6607/15 4711/6639/15
f 4703/6630/11 4731/6660/11 4732/6661/11 4704/6631/11
f 4733/6662/14 4680/6606/14 4685/6611/14 4684/6610/14
f 4702/6629/16 4679/6605/16 4678/6604/16 4718/6647/16
f 4720/6649/16 4703/6630/16 4719/6648/16 4721/6650/16
f 4704/6631/21 4723/6652/21 4725/6654/21 4727/6656/21
f 4715/6644/21 4701/6628/21 4726/6655/21 4710/6638/21
f 4718/6647/19 4678/6604/19 4710/6638/19 4726/6655/19
f 4721/6650/19 4719/6648/19 4727/6656/19 4725/6654/19
f 4702/6629/16 4734/6663/16 4735/6664/16 4679/6605/16
f 4723/6652/14 4736/6665/14 4737/6666/14 4720/6649/14
f 4695/6622/16 4705/6632/16 4688/6614/16 4696/6623/16
f 4673/6598/21 4692/6619/21 4691/6618/21 4674/6599/21
f 4696/6623/11 4688/6614/11 4674/6599/11 4691/6618/11
f 4738/6667/21 4692/6619/21 4673/6598/21 4739/6668/21
f 4699/6626/16 4728/6657/16 4709/6636/16 4730/6659/16
f 4729/6658/21 4672/6597/21 4671/6596/21 4708/6635/21
f 4730/6659/14 4709/6636/14 4708/6635/14 4671/6596/14
f 4740/6669/21 4672/6597/21 4729/6658/21 4736/6665/21
f 4676/6601/21 4675/6600/21 4711/6639/21 4717/6646/21
f 4687/6613/11 4686/6612/11 4717/6646/11 4739/6668/11
f 4720/6649/16 4737/6666/16 4731/6660/16 4703/6630/16
f 4739/6668/15 4673/6598/15 4705/6632/15 4687/6613/15
f 4741/6670/16 4713/6642/16 4706/6633/16 4742/6671/16
f 4740/6669/14 4714/6643/14 4713/6642/14 4741/6670/14
f 4742/6671/11 4706/6633/11 4683/6609/11 4743/6672/11
f 4743/6672/21 4683/6609/21 4714/6643/21 4740/6669/21
f 4679/6605/11 4735/6664/11 4738/6667/11 4715/6644/11
f 4704/6631/21 4732/6661/21 4736/6665/21 4723/6652/21
f 4739/6668/21 4717/6646/21 4680/6606/21 4733/6662/21
f 4715/6644/21 4738/6667/21 4744/6673/21 4701/6628/21
f 4732/6661/21 4744/6673/21 4733/6662/21 4743/6672/21
f 4741/6670/15 4699/6626/15 4672/6597/15 4740/6669/15
f 4733/6662/21 4744/6673/21 4738/6667/21 4739/6668/21
f 4740/6669/21 4736/6665/21 4732/6661/21 4743/6672/21
f 4742/6671/16 4731/6660/16 4737/6666/16 4741/6670/16
f 4735/6664/19 4695/6622/19 4692/6619/19 4738/6667/19
f 4731/6660/19 4734/6663/19 4744/6673/19 4732/6661/19
f 4687/6613/16 4735/6664/16 4734/6663/16 4684/6610/16
f 4701/6628/14 4744/6673/14 4734/6663/14 4702/6629/14
f 4687/6613/16 4705/6632/16 4695/6622/16 4735/6664/16
f 4743/6672/15 4733/6662/15 4684/6610/15 4742/6671/15
f 4742/6671/16 4684/6610/16 4734/6663/16 4731/6660/16
f 4736/6665/19 4729/6658/19 4728/6657/19 4737/6666/19
f 4737/6666/16 4728/6657/16 4699/6626/16 4741/6670/16
f 4703/6674/21 4702/6675/21 4734/6676/21 4731/6677/21
f 4706/6678/21 4742/6679/21 4684/6680/21 4685/6681/21
f 4687/6682/21 4705/6683/21 4698/6684/21 4686/6685/21
f 4679/6686/21 4677/6687/21 4695/6688/21 4735/6689/21
f 4722/6690/21 4720/6691/21 4737/6692/21 4728/6693/21
f 4713/6694/21 4700/6695/21 4699/6696/21 4741/6697/21
f 4745/6698/11 4746/6699/11 4747/6700/11 4748/6701/11
f 4749/6702/54 4750/6703/54 4751/6704/54 4752/6705/54
f 4752/6705/55 4751/6704/55 4745/6698/55 4753/6706/55
f 4754/6707/56 4748/6701/56 4750/6703/56 4749/6702/56
f 4753/6708/57 4745/6709/57 4748/6710/57 4754/6711/57
f 4750/6703/14 4755/6712/14 4756/6713/14 4751/6704/14
f 4751/6704/15 4756/6713/15 4746/6699/15 4745/6698/15
f 4748/6701/19 4747/6700/19 4755/6712/19 4750/6703/19
f 4757/6714/21 4758/6715/21 4759/6716/21 4760/6717/21
f 4761/6718/21 4762/6719/21 4763/6720/21 4764/6721/21
f 4765/6722/16 4756/6723/16 4766/6724/16 4767/6725/16
f 4768/6726/21 4769/6727/21 4770/6728/21 4771/6729/21
f 4772/6730/16 4773/6731/16 4774/6732/16 4775/6733/16
f 4763/6720/11 4762/6719/11 4776/6734/11 4755/6735/11
f 4777/6736/21 4778/6737/21 4779/6738/21 4780/6739/21
f 4770/6728/15 4769/6727/15 4781/6740/15 4782/6741/15
f 4783/6742/16 4784/6743/16 4756/6723/16 4765/6722/16
f 4774/6732/16 4785/6744/16 4755/6735/16 4786/6745/16
f 4760/6717/11 4787/6746/11 4788/6747/11 4757/6714/11
f 4789/6748/15 4790/6749/15 4791/6750/15 4792/6751/15
f 4786/6745/16 4755/6735/16 4776/6734/16 4793/6752/16
f 4794/6753/16 4782/6741/16 4781/6740/16 4773/6731/16
f 4795/6754/14 4796/6755/14 4797/6756/14 4746/6757/14
f 4778/6737/19 4798/6758/19 4766/6724/19 4756/6723/19
f 4799/6759/15 4763/6720/15 4755/6735/15 4785/6744/15
f 4788/6747/16 4747/6760/16 4800/6761/16 4801/6762/16
f 4771/6729/19 4794/6753/19 4773/6731/19 4768/6726/19
f 4757/6714/19 4788/6747/19 4801/6762/19 4802/6763/19
f 4777/6736/15 4765/6722/15 4767/6725/15 4803/6764/15
f 4758/6715/15 4804/6765/15 4800/6761/15 4747/6760/15
f 4802/6763/21 4804/6765/21 4758/6715/21 4757/6714/21
f 4805/6766/19 4774/6732/19 4786/6745/19 4764/6721/19
f 4790/6749/16 4806/6767/16 4807/6768/16 4791/6750/16
f 4808/6769/16 4809/6770/16 4746/6757/16 4810/6771/16
f 4811/6772/15 4808/6769/15 4810/6771/15 4812/6773/15
f 4812/6773/21 4795/6754/21 4813/6774/21 4811/6772/21
f 4814/6775/19 4815/6776/19 4807/6768/19 4806/6767/19
f 4813/6774/19 4795/6754/19 4746/6757/19 4809/6770/19
f 4803/6764/21 4798/6758/21 4778/6737/21 4777/6736/21
f 4792/6751/21 4815/6776/21 4814/6775/21 4789/6748/21
f 4779/6738/11 4778/6737/11 4756/6723/11 4784/6743/11
f 4764/6721/14 4786/6745/14 4793/6752/14 4761/6718/14
f 4812/6773/11 4810/6771/11 4816/6777/11 4817/6778/11
f 4780/6739/14 4783/6742/14 4765/6722/14 4777/6736/14
f 4787/6746/16 4818/6779/16 4747/6760/16 4788/6747/16
f 4810/6771/16 4746/6757/16 4797/6756/16 4816/6777/16
f 4759/6716/14 4758/6715/14 4747/6760/14 4818/6779/14
f 4817/6778/21 4796/6755/21 4795/6754/21 4812/6773/21
f 4794/6753/16 4801/6762/16 4800/6761/16 4782/6741/16
f 4774/6732/16 4773/6731/16 4781/6740/16 4785/6744/16
f 4768/6726/21 4805/6766/21 4799/6759/21 4769/6727/21
f 4802/6763/21 4771/6729/21 4770/6728/21 4804/6765/21
f 4782/6741/15 4800/6761/15 4804/6765/15 4770/6728/15
f 4785/6744/15 4781/6740/15 4769/6727/15 4799/6759/15
f 4791/6750/11 4819/6780/11 4820/6781/11 4792/6751/11
f 4821/6782/14 4768/6726/14 4773/6731/14 4772/6730/14
f 4790/6749/16 4767/6725/16 4766/6724/16 4806/6767/16
f 4808/6769/16 4791/6750/16 4807/6768/16 4809/6770/16
f 4792/6751/21 4811/6772/21 4813/6774/21 4815/6776/21
f 4803/6764/21 4789/6748/21 4814/6775/21 4798/6758/21
f 4806/6767/19 4766/6724/19 4798/6758/19 4814/6775/19
f 4809/6770/19 4807/6768/19 4815/6776/19 4813/6774/19
f 4790/6749/16 4822/6783/16 4823/6784/16 4767/6725/16
f 4811/6772/14 4824/6785/14 4825/6786/14 4808/6769/14
f 4783/6742/16 4793/6752/16 4776/6734/16 4784/6743/16
f 4761/6718/21 4780/6739/21 4779/6738/21 4762/6719/21
f 4784/6743/11 4776/6734/11 4762/6719/11 4779/6738/11
f 4826/6787/21 4780/6739/21 4761/6718/21 4827/6788/21
f 4787/6746/16 4816/6777/16 4797/6756/16 4818/6779/16
f 4817/6778/21 4760/6717/21 4759/6716/21 4796/6755/21
f 4818/6779/14 4797/6756/14 4796/6755/14 4759/6716/14
f 4828/6789/21 4760/6717/21 4817/6778/21 4824/6785/21
f 4764/6721/21 4763/6720/21 4799/6759/21 4805/6766/21
f 4775/6733/11 4774/6732/11 4805/6766/11 4827/6788/11
f 4808/6769/16 4825/6786/16 4819/6780/16 4791/6750/16
f 4827/6788/15 4761/6718/15 4793/6752/15 4775/6733/15
f 4829/6790/16 4801/6762/16 4794/6753/16 4830/6791/16
f 4828/6789/14 4802/6763/14 4801/6762/14 4829/6790/14
f 4830/6791/11 4794/6753/11 4771/6729/11 4831/6792/11
f 4831/6792/21 4771/6729/21 4802/6763/21 4828/6789/21
f 4767/6725/11 4823/6784/11 4826/6787/11 4803/6764/11
f 4792/6751/21 4820/6781/21 4824/6785/21 4811/6772/21
f 4827/6788/21 4805/6766/21 4768/6726/21 4821/6782/21
f 4803/6764/21 4826/6787/21 4832/6793/21 4789/6748/21
f 4820/6781/21 4832/6793/21 4821/6782/21 4831/6792/21
f 4829/6790/15 4787/6746/15 4760/6717/15 4828/6789/15
f 4821/6782/21 4832/6793/21 4826/6787/21 4827/6788/21
f 4828/6789/21 4824/6785/21 4820/6781/21 4831/6792/21
f 4830/6791/16 4819/6780/16 4825/6786/16 4829/6790/16
f 4823/6784/19 4783/6742/19 4780/6739/19 4826/6787/19
f 4819/6780/19 4822/6783/19 4832/6793/19 4820/6781/19
f 4775/6733/16 4823/6784/16 4822/6783/16 4772/6730/16
f 4789/6748/14 4832/6793/14 4822/6783/14 4790/6749/14
f 4775/6733/16 4793/6752/16 4783/6742/16 4823/6784/16
f 4831/6792/15 4821/6782/15 4772/6730/15 4830/6791/15
f 4830/6791/16 4772/6730/16 4822/6783/16 4819/6780/16
f 4824/6785/19 4817/6778/19 4816/6777/19 4825/6786/19
f 4825/6786/16 4816/6777/16 4787/6746/16 4829/6790/16
f 4791/6794/21 4790/6795/21 4822/6796/21 4819/6797/21
f 4794/6798/21 4830/6799/21 4772/6800/21 4773/6801/21
f 4775/6802/21 4793/6803/21 4786/6804/21 4774/6805/21
f 4767/6806/21 4765/6807/21 4783/6808/21 4823/6809/21
f 4810/6810/21 4808/6811/21 4825/6812/21 4816/6813/21
f 4801/6814/21 4788/6815/21 4787/6816/21 4829/6817/21
f 4578/6467/21 4573/6462/21 4664/6585/21 4665/6586/21
f 4666/6587/21 4661/6582/21 4752/6705/21 4753/6706/21
f 4577/6466/21 4568/6457/21 4567/6456/21 4576/6465/21
f 4749/6702/21 4833/6818/21 4834/6819/21 4754/6707/21
f 4666/6591/21 4296/6820/21 4294/6821/21 4665/6588/21
f 4578/6471/21 4293/6822/21 4292/6823/21 4577/6468/21
f 4577/6468/21 4292/6823/21 4291/6824/21 4568/6825/21
f 4307/6100/19 4835/6826/19 4836/6827/19 4398/6223/19
f 4399/6226/19 4284/6828/19 4283/6829/19 4312/6109/19
f 4486/6343/19 4837/6830/19 4838/6831/19 4483/6340/19
f 4749/6702/21 4839/6832/21 4840/6833/21 4833/6818/21
f 4395/6220/19 4841/6834/19 4837/6830/19 4486/6343/19
f 4398/6223/19 4836/6827/19 4841/6834/19 4395/6220/19
f 4834/6835/21 4288/6836/21 4287/6837/21 4754/6711/21
f 4487/6346/19 4285/6838/19 4289/6839/19 4400/6229/19
f 4488/6349/19 4286/6840/19 4285/6838/19 4487/6346/19
f 4310/6103/19 4842/6841/19 4835/6826/19 4307/6100/19
f 4400/6229/19 4289/6839/19 4284/6828/19 4399/6226/19
f 4567/6456/21 4843/6842/21 4844/6843/21 4576/6465/21
f 4312/6109/19 4283/6829/19 4290/6844/19 4311/6106/19
f 4311/6106/19 4290/6844/19 1977/3650/19 2253/3649/19
f 2252/3258/19 2532/3651/19 4842/6841/19 4310/6103/19
f 4573/6462/21 4845/6845/21 4846/6846/21 4664/6585/21
f 4752/6705/21 4847/6847/21 4839/6832/21 4749/6702/21
f 4483/6340/19 4838/6831/19 4843/6842/19 4567/6456/19
f 4665/6588/21 4294/6821/21 4293/6822/21 4578/6471/21
f 4664/6585/21 4846/6846/21 4848/6848/21 4661/6582/21
f 4568/6825/19 4291/6824/19 4286/6840/19 4488/6349/19
f 4661/6582/21 4848/6848/21 4847/6847/21 4752/6705/21
f 4576/6465/21 4844/6843/21 4845/6845/21 4573/6462/21
f 4753/6708/21 4295/6849/21 4296/6820/21 4666/6591/21
f 4754/6711/21 4287/6837/21 4295/6849/21 4753/6708/21
f 4849/6850/16 4850/6851/16 4302/6852/16 4301/6853/16
f 4851/6854/16 4852/6855/16 4850/6856/16 4849/6857/16
f 4853/6858/16 4854/6859/16 4852/6855/16 4851/6854/16
f 4855/6860/11 4856/6861/11 4857/6862/11 4858/6863/11
f 4859/6864/27 4860/6865/27 4861/6866/27 4862/6867/27
f 4862/6867/28 4861/6866/28 4855/6860/28 4863/6868/28
f 4864/6869/33 4858/6863/33 4860/6865/33 4859/6864/33
f 4863/6870/29 4855/6871/29 4858/6872/29 4864/6873/29
f 4860/6865/14 4865/6874/14 4866/6875/14 4861/6866/14
f 4861/6866/21 4866/6875/21 4856/6861/21 4855/6860/21
f 4858/6863/16 4857/6862/16 4865/6874/16 4860/6865/16
f 4867/6876/19 4868/6877/19 4869/6878/19 4870/6879/19
f 4871/6880/19 4872/6881/19 4873/6882/19 4874/6883/19
f 4875/6884/15 4866/6885/15 4876/6886/15 4877/6887/15
f 4878/6888/19 4879/6889/19 4880/6890/19 4881/6891/19
f 4882/6892/15 4883/6893/15 4884/6894/15 4885/6895/15
f 4873/6882/11 4872/6881/11 4886/6896/11 4865/6897/11
f 4887/6898/19 4888/6899/19 4889/6900/19 4890/6901/19
f 4880/6890/21 4879/6889/21 4891/6902/21 4892/6903/21
f 4893/6904/15 4894/6905/15 4866/6885/15 4875/6884/15
f 4884/6894/15 4895/6906/15 4865/6897/15 4896/6907/15
f 4870/6879/11 4897/6908/11 4898/6909/11 4867/6876/11
f 4899/6910/21 4900/6911/21 4901/6912/21 4902/6913/21
f 4896/6907/15 4865/6897/15 4886/6896/15 4903/6914/15
f 4904/6915/15 4892/6903/15 4891/6902/15 4883/6893/15
f 4905/6916/14 4906/6917/14 4907/6918/14 4856/6919/14
f 4888/6899/16 4908/6920/16 4876/6886/16 4866/6885/16
f 4909/6921/21 4873/6882/21 4865/6897/21 4895/6906/21
f 4898/6909/15 4857/6922/15 4910/6923/15 4911/6924/15
f 4881/6891/16 4904/6915/16 4883/6893/16 4878/6888/16
f 4867/6876/16 4898/6909/16 4911/6924/16 4912/6925/16
f 4887/6898/21 4875/6884/21 4877/6887/21 4913/6926/21
f 4868/6877/21 4914/6927/21 4910/6923/21 4857/6922/21
f 4912/6925/19 4914/6927/19 4868/6877/19 4867/6876/19
f 4915/6928/16 4884/6894/16 4896/6907/16 4874/6883/16
f 4900/6911/15 4916/6929/15 4917/6930/15 4901/6912/15
f 4918/6931/15 4919/6932/15 4856/6919/15 4920/6933/15
f 4921/6934/21 4918/6931/21 4920/6933/21 4922/6935/21
f 4922/6935/19 4905/6916/19 4923/6936/19 4921/6934/19
f 4924/6937/16 4925/6938/16 4917/6930/16 4916/6929/16
f 4923/6936/16 4905/6916/16 4856/6919/16 4919/6932/16
f 4913/6926/19 4908/6920/19 4888/6899/19 4887/6898/19
f 4902/6913/19 4925/6938/19 4924/6937/19 4899/6910/19
f 4889/6900/11 4888/6899/11 4866/6885/11 4894/6905/11
f 4874/6883/14 4896/6907/14 4903/6914/14 4871/6880/14
f 4922/6935/11 4920/6933/11 4926/6939/11 4927/6940/11
f 4890/6901/14 4893/6904/14 4875/6884/14 4887/6898/14
f 4897/6908/15 4928/6941/15 4857/6922/15 4898/6909/15
f 4920/6933/15 4856/6919/15 4907/6918/15 4926/6939/15
f 4869/6878/14 4868/6877/14 4857/6922/14 4928/6941/14
f 4927/6940/19 4906/6917/19 4905/6916/19 4922/6935/19
f 4904/6915/15 4911/6924/15 4910/6923/15 4892/6903/15
f 4884/6894/15 4883/6893/15 4891/6902/15 4895/6906/15
f 4878/6888/19 4915/6928/19 4909/6921/19 4879/6889/19
f 4912/6925/19 4881/6891/19 4880/6890/19 4914/6927/19
f 4892/6903/21 4910/6923/21 4914/6927/21 4880/6890/21
f 4895/6906/21 4891/6902/21 4879/6889/21 4909/6921/21
f 4901/6912/11 4929/6942/11 4930/6943/11 4902/6913/11
f 4931/6944/14 4878/6888/14 4883/6893/14 4882/6892/14
f 4900/6911/15 4877/6887/15 4876/6886/15 4916/6929/15
f 4918/6931/15 4901/6912/15 4917/6930/15 4919/6932/15
f 4902/6913/19 4921/6934/19 4923/6936/19 4925/6938/19
f 4913/6926/19 4899/6910/19 4924/6937/19 4908/6920/19
f 4916/6929/16 4876/6886/16 4908/6920/16 4924/6937/16
f 4919/6932/16 4917/6930/16 4925/6938/16 4923/6936/16
f 4900/6911/15 4932/6945/15 4933/6946/15 4877/6887/15
f 4921/6934/14 4934/6947/14 4935/6948/14 4918/6931/14
f 4893/6904/15 4903/6914/15 4886/6896/15 4894/6905/15
f 4871/6880/19 4890/6901/19 4889/6900/19 4872/6881/19
f 4894/6905/11 4886/6896/11 4872/6881/11 4889/6900/11
f 4936/6949/19 4890/6901/19 4871/6880/19 4937/6950/19
f 4897/6908/15 4926/6939/15 4907/6918/15 4928/6941/15
f 4927/6940/19 4870/6879/19 4869/6878/19 4906/6917/19
f 4928/6941/14 4907/6918/14 4906/6917/14 4869/6878/14
f 4938/6951/19 4870/6879/19 4927/6940/19 4934/6947/19
f 4874/6883/19 4873/6882/19 4909/6921/19 4915/6928/19
f 4885/6895/11 4884/6894/11 4915/6928/11 4937/6950/11
f 4918/6931/15 4935/6948/15 4929/6942/15 4901/6912/15
f 4937/6950/21 4871/6880/21 4903/6914/21 4885/6895/21
f 4939/6952/15 4911/6924/15 4904/6915/15 4940/6953/15
f 4938/6951/14 4912/6925/14 4911/6924/14 4939/6952/14
f 4940/6953/11 4904/6915/11 4881/6891/11 4941/6954/11
f 4941/6954/19 4881/6891/19 4912/6925/19 4938/6951/19
f 4877/6887/11 4933/6946/11 4936/6949/11 4913/6926/11
f 4902/6913/19 4930/6943/19 4934/6947/19 4921/6934/19
f 4937/6950/19 4915/6928/19 4878/6888/19 4931/6944/19
f 4913/6926/19 4936/6949/19 4942/6955/19 4899/6910/19
f 4930/6943/19 4942/6955/19 4931/6944/19 4941/6954/19
f 4939/6952/21 4897/6908/21 4870/6879/21 4938/6951/21
f 4931/6944/19 4942/6955/19 4936/6949/19 4937/6950/19
f 4938/6951/19 4934/6947/19 4930/6943/19 4941/6954/19
f 4940/6953/15 4929/6942/15 4935/6948/15 4939/6952/15
f 4933/6946/16 4893/6904/16 4890/6901/16 4936/6949/16
f 4929/6942/16 4932/6945/16 4942/6955/16 4930/6943/16
f 4885/6895/15 4933/6946/15 4932/6945/15 4882/6892/15
f 4899/6910/14 4942/6955/14 4932/6945/14 4900/6911/14
f 4885/6895/15 4903/6914/15 4893/6904/15 4933/6946/15
f 4941/6954/21 4931/6944/21 4882/6892/21 4940/6953/21
f 4940/6953/15 4882/6892/15 4932/6945/15 4929/6942/15
f 4934/6947/16 4927/6940/16 4926/6939/16 4935/6948/16
f 4935/6948/15 4926/6939/15 4897/6908/15 4939/6952/15
f 4901/6956/19 4900/6957/19 4932/6958/19 4929/6959/19
f 4904/6960/19 4940/6961/19 4882/6962/19 4883/6963/19
f 4885/6964/19 4903/6965/19 4896/6966/19 4884/6967/19
f 4877/6968/19 4875/6969/19 4893/6970/19 4933/6971/19
f 4920/6972/19 4918/6973/19 4935/6974/19 4926/6975/19
f 4911/6976/19 4898/6977/19 4897/6978/19 4939/6979/19
f 4943/6980/11 4944/6981/11 4945/6982/11 4946/6983/11
f 4947/6984/27 4948/6985/27 4949/6986/27 4950/6987/27
f 4950/6987/28 4949/6986/28 4943/6980/28 4951/6988/28
f 4952/6989/42 4946/6983/42 4948/6985/42 4947/6984/42
f 4951/6990/29 4943/6991/29 4946/6992/29 4952/6993/29
f 4948/6985/14 4953/6994/14 4954/6995/14 4949/6986/14
f 4949/6986/21 4954/6995/21 4944/6981/21 4943/6980/21
f 4946/6983/16 4945/6982/16 4953/6994/16 4948/6985/16
f 4955/6996/19 4956/6997/19 4957/6998/19 4958/6999/19
f 4959/7000/19 4960/7001/19 4961/7002/19 4962/7003/19
f 4963/7004/15 4954/7005/15 4964/7006/15 4965/7007/15
f 4966/7008/19 4967/7009/19 4968/7010/19 4969/7011/19
f 4970/7012/15 4971/7013/15 4972/7014/15 4973/7015/15
f 4961/7002/11 4960/7001/11 4974/7016/11 4953/7017/11
f 4975/7018/19 4976/7019/19 4977/7020/19 4978/7021/19
f 4968/7010/21 4967/7009/21 4979/7022/21 4980/7023/21
f 4981/7024/15 4982/7025/15 4954/7005/15 4963/7004/15
f 4972/7014/15 4983/7026/15 4953/7017/15 4984/7027/15
f 4958/6999/11 4985/7028/11 4986/7029/11 4955/6996/11
f 4987/7030/21 4988/7031/21 4989/7032/21 4990/7033/21
f 4984/7027/15 4953/7017/15 4974/7016/15 4991/7034/15
f 4992/7035/15 4980/7023/15 4979/7022/15 4971/7013/15
f 4993/7036/14 4994/7037/14 4995/7038/14 4944/7039/14
f 4976/7019/16 4996/7040/16 4964/7006/16 4954/7005/16
f 4997/7041/21 4961/7002/21 4953/7017/21 4983/7026/21
f 4986/7029/15 4945/7042/15 4998/7043/15 4999/7044/15
f 4969/7011/16 4992/7035/16 4971/7013/16 4966/7008/16
f 4955/6996/16 4986/7029/16 4999/7044/16 5000/7045/16
f 4975/7018/21 4963/7004/21 4965/7007/21 5001/7046/21
f 4956/6997/21 5002/7047/21 4998/7043/21 4945/7042/21
f 5000/7045/19 5002/7047/19 4956/6997/19 4955/6996/19
f 5003/7048/16 4972/7014/16 4984/7027/16 4962/7003/16
f 4988/7031/15 5004/7049/15 5005/7050/15 4989/7032/15
f 5006/7051/15 5007/7052/15 4944/7039/15 5008/7053/15
f 5009/7054/21 5006/7051/21 5008/7053/21 5010/7055/21
f 5010/7055/19 4993/7036/19 5011/7056/19 5009/7054/19
f 5012/7057/16 5013/7058/16 5005/7050/16 5004/7049/16
f 5011/7056/16 4993/7036/16 4944/7039/16 5007/7052/16
f 5001/7046/19 4996/7040/19 4976/7019/19 4975/7018/19
f 4990/7033/19 5013/7058/19 5012/7057/19 4987/7030/19
f 4977/7020/11 4976/7019/11 4954/7005/11 4982/7025/11
f 4962/7003/14 4984/7027/14 4991/7034/14 4959/7000/14
f 5010/7055/11 5008/7053/11 5014/7059/11 5015/7060/11
f 4978/7021/14 4981/7024/14 4963/7004/14 4975/7018/14
f 4985/7028/15 5016/7061/15 4945/7042/15 4986/7029/15
f 5008/7053/15 4944/7039/15 4995/7038/15 5014/7059/15
f 4957/6998/14 4956/6997/14 4945/7042/14 5016/7061/14
f 5015/7060/19 4994/7037/19 4993/7036/19 5010/7055/19
f 4992/7035/15 4999/7044/15 4998/7043/15 4980/7023/15
f 4972/7014/15 4971/7013/15 4979/7022/15 4983/7026/15
f 4966/7008/19 5003/7048/19 4997/7041/19 4967/7009/19
f 5000/7045/19 4969/7011/19 4968/7010/19 5002/7047/19
f 4980/7023/21 4998/7043/21 5002/7047/21 4968/7010/21
f 4983/7026/21 4979/7022/21 4967/7009/21 4997/7041/21
f 4989/7032/11 5017/7062/11 5018/7063/11 4990/7033/11
f 5019/7064/14 4966/7008/14 4971/7013/14 4970/7012/14
f 4988/7031/15 4965/7007/15 4964/7006/15 5004/7049/15
f 5006/7051/15 4989/7032/15 5005/7050/15 5007/7052/15
f 4990/7033/19 5009/7054/19 5011/7056/19 5013/7058/19
f 5001/7046/19 4987/7030/19 5012/7057/19 4996/7040/19
f 5004/7049/16 4964/7006/16 4996/7040/16 5012/7057/16
f 5007/7052/16 5005/7050/16 5013/7058/16 5011/7056/16
f 4988/7031/15 5020/7065/15 5021/7066/15 4965/7007/15
f 5009/7054/14 5022/7067/14 5023/7068/14 5006/7051/14
f 4981/7024/15 4991/7034/15 4974/7016/15 4982/7025/15
f 4959/7000/19 4978/7021/19 4977/7020/19 4960/7001/19
f 4982/7025/11 4974/7016/11 4960/7001/11 4977/7020/11
f 5024/7069/19 4978/7021/19 4959/7000/19 5025/7070/19
f 4985/7028/15 5014/7059/15 4995/7038/15 5016/7061/15
f 5015/7060/19 4958/6999/19 4957/6998/19 4994/7037/19
f 5016/7061/14 4995/7038/14 4994/7037/14 4957/6998/14
f 5026/7071/19 4958/6999/19 5015/7060/19 5022/7067/19
f 4962/7003/19 4961/7002/19 4997/7041/19 5003/7048/19
f 4973/7015/11 4972/7014/11 5003/7048/11 5025/7070/11
f 5006/7051/15 5023/7068/15 5017/7062/15 4989/7032/15
f 5025/7070/21 4959/7000/21 4991/7034/21 4973/7015/21
f 5027/7072/15 4999/7044/15 4992/7035/15 5028/7073/15
f 5026/7071/14 5000/7045/14 4999/7044/14 5027/7072/14
f 5028/7073/11 4992/7035/11 4969/7011/11 5029/7074/11
f 5029/7074/19 4969/7011/19 5000/7045/19 5026/7071/19
f 4965/7007/11 5021/7066/11 5024/7069/11 5001/7046/11
f 4990/7033/19 5018/7063/19 5022/7067/19 5009/7054/19
f 5025/7070/19 5003/7048/19 4966/7008/19 5019/7064/19
f 5001/7046/19 5024/7069/19 5030/7075/19 4987/7030/19
f 5018/7063/19 5030/7075/19 5019/7064/19 5029/7074/19
f 5027/7072/21 4985/7028/21 4958/6999/21 5026/7071/21
f 5019/7064/19 5030/7075/19 5024/7069/19 5025/7070/19
f 5026/7071/19 5022/7067/19 5018/7063/19 5029/7074/19
f 5028/7073/15 5017/7062/15 5023/7068/15 5027/7072/15
f 5021/7066/16 4981/7024/16 4978/7021/16 5024/7069/16
f 5017/7062/16 5020/7065/16 5030/7075/16 5018/7063/16
f 4973/7015/15 5021/7066/15 5020/7065/15 4970/7012/15
f 4987/7030/14 5030/7075/14 5020/7065/14 4988/7031/14
f 4973/7015/15 4991/7034/15 4981/7024/15 5021/7066/15
f 5029/7074/21 5019/7064/21 4970/7012/21 5028/7073/21
f 5028/7073/15 4970/7012/15 5020/7065/15 5017/7062/15
f 5022/7067/16 5015/7060/16 5014/7059/16 5023/7068/16
f 5023/7068/15 5014/7059/15 4985/7028/15 5027/7072/15
f 4989/7076/19 4988/7077/19 5020/7078/19 5017/7079/19
f 4992/7080/19 5028/7081/19 4970/7082/19 4971/7083/19
f 4973/7084/19 4991/7085/19 4984/7086/19 4972/7087/19
f 4965/7088/19 4963/7089/19 4981/7090/19 5021/7091/19
f 5008/7092/19 5006/7093/19 5023/7094/19 5014/7095/19
f 4999/7096/19 4986/7097/19 4985/7098/19 5027/7099/19
f 5031/7100/11 5032/7101/11 5033/7102/11 5034/7103/11
f 5035/7104/27 5036/7105/27 5037/7106/27 5038/7107/27
f 5038/7107/47 5037/7106/47 5031/7100/47 5039/7108/47
f 5040/7109/33 5034/7103/33 5036/7105/33 5035/7104/33
f 5039/7110/29 5031/7111/29 5034/7112/29 5040/7113/29
f 5036/7105/14 5041/7114/14 5042/7115/14 5037/7106/14
f 5037/7106/21 5042/7115/21 5032/7101/21 5031/7100/21
f 5034/7103/16 5033/7102/16 5041/7114/16 5036/7105/16
f 5043/7116/19 5044/7117/19 5045/7118/19 5046/7119/19
f 5047/7120/19 5048/7121/19 5049/7122/19 5050/7123/19
f 5051/7124/15 5042/7125/15 5052/7126/15 5053/7127/15
f 5054/7128/19 5055/7129/19 5056/7130/19 5057/7131/19
f 5058/7132/15 5059/7133/15 5060/7134/15 5061/7135/15
f 5049/7122/11 5048/7121/11 5062/7136/11 5041/7137/11
f 5063/7138/19 5064/7139/19 5065/7140/19 5066/7141/19
f 5056/7130/21 5055/7129/21 5067/7142/21 5068/7143/21
f 5069/7144/15 5070/7145/15 5042/7125/15 5051/7124/15
f 5060/7134/15 5071/7146/15 5041/7137/15 5072/7147/15
f 5046/7119/11 5073/7148/11 5074/7149/11 5043/7116/11
f 5075/7150/21 5076/7151/21 5077/7152/21 5078/7153/21
f 5072/7147/15 5041/7137/15 5062/7136/15 5079/7154/15
f 5080/7155/15 5068/7143/15 5067/7142/15 5059/7133/15
f 5081/7156/14 5082/7157/14 5083/7158/14 5032/7159/14
f 5064/7139/16 5084/7160/16 5052/7126/16 5042/7125/16
f 5085/7161/21 5049/7122/21 5041/7137/21 5071/7146/21
f 5074/7149/15 5033/7162/15 5086/7163/15 5087/7164/15
f 5057/7131/16 5080/7155/16 5059/7133/16 5054/7128/16
f 5043/7116/16 5074/7149/16 5087/7164/16 5088/7165/16
f 5063/7138/21 5051/7124/21 5053/7127/21 5089/7166/21
f 5044/7117/21 5090/7167/21 5086/7163/21 5033/7162/21
f 5088/7165/19 5090/7167/19 5044/7117/19 5043/7116/19
f 5091/7168/16 5060/7134/16 5072/7147/16 5050/7123/16
f 5076/7151/15 5092/7169/15 5093/7170/15 5077/7152/15
f 5094/7171/15 5095/7172/15 5032/7159/15 5096/7173/15
f 5097/7174/21 5094/7171/21 5096/7173/21 5098/7175/21
f 5098/7175/19 5081/7156/19 5099/7176/19 5097/7174/19
f 5100/7177/16 5101/7178/16 5093/7170/16 5092/7169/16
f 5099/7176/16 5081/7156/16 5032/7159/16 5095/7172/16
f 5089/7166/19 5084/7160/19 5064/7139/19 5063/7138/19
f 5078/7153/19 5101/7178/19 5100/7177/19 5075/7150/19
f 5065/7140/11 5064/7139/11 5042/7125/11 5070/7145/11
f 5050/7123/14 5072/7147/14 5079/7154/14 5047/7120/14
f 5098/7175/11 5096/7173/11 5102/7179/11 5103/7180/11
f 5066/7141/14 5069/7144/14 5051/7124/14 5063/7138/14
f 5073/7148/15 5104/7181/15 5033/7162/15 5074/7149/15
f 5096/7173/15 5032/7159/15 5083/7158/15 5102/7179/15
f 5045/7118/14 5044/7117/14 5033/7162/14 5104/7181/14
f 5103/7180/19 5082/7157/19 5081/7156/19 5098/7175/19
f 5080/7155/15 5087/7164/15 5086/7163/15 5068/7143/15
f 5060/7134/15 5059/7133/15 5067/7142/15 5071/7146/15
f 5054/7128/19 5091/7168/19 5085/7161/19 5055/7129/19
f 5088/7165/19 5057/7131/19 5056/7130/19 5090/7167/19
f 5068/7143/21 5086/7163/21 5090/7167/21 5056/7130/21
f 5071/7146/21 5067/7142/21 5055/7129/21 5085/7161/21
f 5077/7152/11 5105/7182/11 5106/7183/11 5078/7153/11
f 5107/7184/14 5054/7128/14 5059/7133/14 5058/7132/14
f 5076/7151/15 5053/7127/15 5052/7126/15 5092/7169/15
f 5094/7171/15 5077/7152/15 5093/7170/15 5095/7172/15
f 5078/7153/19 5097/7174/19 5099/7176/19 5101/7178/19
f 5089/7166/19 5075/7150/19 5100/7177/19 5084/7160/19
f 5092/7169/16 5052/7126/16 5084/7160/16 5100/7177/16
f 5095/7172/16 5093/7170/16 5101/7178/16 5099/7176/16
f 5076/7151/15 5108/7185/15 5109/7186/15 5053/7127/15
f 5097/7174/14 5110/7187/14 5111/7188/14 5094/7171/14
f 5069/7144/15 5079/7154/15 5062/7136/15 5070/7145/15
f 5047/7120/19 5066/7141/19 5065/7140/19 5048/7121/19
f 5070/7145/11 5062/7136/11 5048/7121/11 5065/7140/11
f 5112/7189/19 5066/7141/19 5047/7120/19 5113/7190/19
f 5073/7148/15 5102/7179/15 5083/7158/15 5104/7181/15
f 5103/7180/19 5046/7119/19 5045/7118/19 5082/7157/19
f 5104/7181/14 5083/7158/14 5082/7157/14 5045/7118/14
f 5114/7191/19 5046/7119/19 5103/7180/19 5110/7187/19
f 5050/7123/19 5049/7122/19 5085/7161/19 5091/7168/19
f 5061/7135/11 5060/7134/11 5091/7168/11 5113/7190/11
f 5094/7171/15 5111/7188/15 5105/7182/15 5077/7152/15
f 5113/7190/21 5047/7120/21 5079/7154/21 5061/7135/21
f 5115/7192/15 5087/7164/15 5080/7155/15 5116/7193/15
f 5114/7191/14 5088/7165/14 5087/7164/14 5115/7192/14
f 5116/7193/11 5080/7155/11 5057/7131/11 5117/7194/11
f 5117/7194/19 5057/7131/19 5088/7165/19 5114/7191/19
f 5053/7127/11 5109/7186/11 5112/7189/11 5089/7166/11
f 5078/7153/19 5106/7183/19 5110/7187/19 5097/7174/19
f 5113/7190/19 5091/7168/19 5054/7128/19 5107/7184/19
f 5089/7166/19 5112/7189/19 5118/7195/19 5075/7150/19
f 5106/7183/19 5118/7195/19 5107/7184/19 5117/7194/19
f 5115/7192/21 5073/7148/21 5046/7119/21 5114/7191/21
f 5107/7184/19 5118/7195/19 5112/7189/19 5113/7190/19
f 5114/7191/19 5110/7187/19 5106/7183/19 5117/7194/19
f 5116/7193/15 5105/7182/15 5111/7188/15 5115/7192/15
f 5109/7186/16 5069/7144/16 5066/7141/16 5112/7189/16
f 5105/7182/16 5108/7185/16 5118/7195/16 5106/7183/16
f 5061/7135/15 5109/7186/15 5108/7185/15 5058/7132/15
f 5075/7150/14 5118/7195/14 5108/7185/14 5076/7151/14
f 5061/7135/15 5079/7154/15 5069/7144/15 5109/7186/15
f 5117/7194/21 5107/7184/21 5058/7132/21 5116/7193/21
f 5116/7193/15 5058/7132/15 5108/7185/15 5105/7182/15
f 5110/7187/16 5103/7180/16 5102/7179/16 5111/7188/16
f 5111/7188/15 5102/7179/15 5073/7148/15 5115/7192/15
f 5077/7196/19 5076/7197/19 5108/7198/19 5105/7199/19
f 5080/7200/19 5116/7201/19 5058/7202/19 5059/7203/19
f 5061/7204/19 5079/7205/19 5072/7206/19 5060/7207/19
f 5053/7208/19 5051/7209/19 5069/7210/19 5109/7211/19
f 5096/7212/19 5094/7213/19 5111/7214/19 5102/7215/19
f 5087/7216/19 5074/7217/19 5073/7218/19 5115/7219/19
f 4864/6869/19 4859/6864/19 4950/6987/19 4951/6988/19
f 4952/6989/19 4947/6984/19 5038/7107/19 5039/7108/19
f 4863/6868/19 2808/4028/19 2807/4027/19 4862/6867/19
f 5035/7104/19 5119/7220/19 5120/7221/19 5040/7109/19
f 5121/7222/11 5122/7223/11 5123/7224/11 5124/7225/11
f 5125/7226/54 5126/7227/54 5127/7228/54 5128/7229/54
f 5128/7229/55 5127/7228/55 5121/7222/55 5129/7230/55
f 5130/7231/56 5124/7225/56 5126/7227/56 5125/7226/56
f 5129/7232/57 5121/7233/57 5124/7234/57 5130/7235/57
f 5126/7227/14 5131/7236/14 5132/7237/14 5127/7228/14
f 5127/7228/15 5132/7237/15 5122/7223/15 5121/7222/15
f 5124/7225/19 5123/7224/19 5131/7236/19 5126/7227/19
f 5133/7238/21 5134/7239/21 5135/7240/21 5136/7241/21
f 5137/7242/21 5138/7243/21 5139/7244/21 5140/7245/21
f 5141/7246/16 5132/7247/16 5142/7248/16 5143/7249/16
f 5144/7250/21 5145/7251/21 5146/7252/21 5147/7253/21
f 5148/7254/16 5149/7255/16 5150/7256/16 5151/7257/16
f 5139/7244/11 5138/7243/11 5152/7258/11 5131/7259/11
f 5153/7260/21 5154/7261/21 5155/7262/21 5156/7263/21
f 5146/7252/15 5145/7251/15 5157/7264/15 5158/7265/15
f 5159/7266/16 5160/7267/16 5132/7247/16 5141/7246/16
f 5150/7256/16 5161/7268/16 5131/7259/16 5162/7269/16
f 5136/7241/11 5163/7270/11 5164/7271/11 5133/7238/11
f 5165/7272/15 5166/7273/15 5167/7274/15 5168/7275/15
f 5162/7269/16 5131/7259/16 5152/7258/16 5169/7276/16
f 5170/7277/16 5158/7265/16 5157/7264/16 5149/7255/16
f 5171/7278/14 5172/7279/14 5173/7280/14 5122/7281/14
f 5154/7261/19 5174/7282/19 5142/7248/19 5132/7247/19
f 5175/7283/15 5139/7244/15 5131/7259/15 5161/7268/15
f 5164/7271/16 5123/7284/16 5176/7285/16 5177/7286/16
f 5147/7253/19 5170/7277/19 5149/7255/19 5144/7250/19
f 5133/7238/19 5164/7271/19 5177/7286/19 5178/7287/19
f 5153/7260/15 5141/7246/15 5143/7249/15 5179/7288/15
f 5134/7239/15 5180/7289/15 5176/7285/15 5123/7284/15
f 5178/7287/21 5180/7289/21 5134/7239/21 5133/7238/21
f 5181/7290/19 5150/7256/19 5162/7269/19 5140/7245/19
f 5166/7273/16 5182/7291/16 5183/7292/16 5167/7274/16
f 5184/7293/16 5185/7294/16 5122/7281/16 5186/7295/16
f 5187/7296/15 5184/7293/15 5186/7295/15 5188/7297/15
f 5188/7297/21 5171/7278/21 5189/7298/21 5187/7296/21
f 5190/7299/19 5191/7300/19 5183/7292/19 5182/7291/19
f 5189/7298/19 5171/7278/19 5122/7281/19 5185/7294/19
f 5179/7288/21 5174/7282/21 5154/7261/21 5153/7260/21
f 5168/7275/21 5191/7300/21 5190/7299/21 5165/7272/21
f 5155/7262/11 5154/7261/11 5132/7247/11 5160/7267/11
f 5140/7245/14 5162/7269/14 5169/7276/14 5137/7242/14
f 5188/7297/11 5186/7295/11 5192/7301/11 5193/7302/11
f 5156/7263/14 5159/7266/14 5141/7246/14 5153/7260/14
f 5163/7270/16 5194/7303/16 5123/7284/16 5164/7271/16
f 5186/7295/16 5122/7281/16 5173/7280/16 5192/7301/16
f 5135/7240/14 5134/7239/14 5123/7284/14 5194/7303/14
f 5193/7302/21 5172/7279/21 5171/7278/21 5188/7297/21
f 5170/7277/16 5177/7286/16 5176/7285/16 5158/7265/16
f 5150/7256/16 5149/7255/16 5157/7264/16 5161/7268/16
f 5144/7250/21 5181/7290/21 5175/7283/21 5145/7251/21
f 5178/7287/21 5147/7253/21 5146/7252/21 5180/7289/21
f 5158/7265/15 5176/7285/15 5180/7289/15 5146/7252/15
f 5161/7268/15 5157/7264/15 5145/7251/15 5175/7283/15
f 5167/7274/11 5195/7304/11 5196/7305/11 5168/7275/11
f 5197/7306/14 5144/7250/14 5149/7255/14 5148/7254/14
f 5166/7273/16 5143/7249/16 5142/7248/16 5182/7291/16
f 5184/7293/16 5167/7274/16 5183/7292/16 5185/7294/16
f 5168/7275/21 5187/7296/21 5189/7298/21 5191/7300/21
f 5179/7288/21 5165/7272/21 5190/7299/21 5174/7282/21
f 5182/7291/19 5142/7248/19 5174/7282/19 5190/7299/19
f 5185/7294/19 5183/7292/19 5191/7300/19 5189/7298/19
f 5166/7273/16 5198/7307/16 5199/7308/16 5143/7249/16
f 5187/7296/14 5200/7309/14 5201/7310/14 5184/7293/14
f 5159/7266/16 5169/7276/16 5152/7258/16 5160/7267/16
f 5137/7242/21 5156/7263/21 5155/7262/21 5138/7243/21
f 5160/7267/11 5152/7258/11 5138/7243/11 5155/7262/11
f 5202/7311/21 5156/7263/21 5137/7242/21 5203/7312/21
f 5163/7270/16 5192/7301/16 5173/7280/16 5194/7303/16
f 5193/7302/21 5136/7241/21 5135/7240/21 5172/7279/21
f 5194/7303/14 5173/7280/14 5172/7279/14 5135/7240/14
f 5204/7313/21 5136/7241/21 5193/7302/21 5200/7309/21
f 5140/7245/21 5139/7244/21 5175/7283/21 5181/7290/21
f 5151/7257/11 5150/7256/11 5181/7290/11 5203/7312/11
f 5184/7293/16 5201/7310/16 5195/7304/16 5167/7274/16
f 5203/7312/15 5137/7242/15 5169/7276/15 5151/7257/15
f 5205/7314/16 5177/7286/16 5170/7277/16 5206/7315/16
f 5204/7313/14 5178/7287/14 5177/7286/14 5205/7314/14
f 5206/7315/11 5170/7277/11 5147/7253/11 5207/7316/11
f 5207/7316/21 5147/7253/21 5178/7287/21 5204/7313/21
f 5143/7249/11 5199/7308/11 5202/7311/11 5179/7288/11
f 5168/7275/21 5196/7305/21 5200/7309/21 5187/7296/21
f 5203/7312/21 5181/7290/21 5144/7250/21 5197/7306/21
f 5179/7288/21 5202/7311/21 5208/7317/21 5165/7272/21
f 5196/7305/21 5208/7317/21 5197/7306/21 5207/7316/21
f 5205/7314/15 5163/7270/15 5136/7241/15 5204/7313/15
f 5197/7306/21 5208/7317/21 5202/7311/21 5203/7312/21
f 5204/7313/21 5200/7309/21 5196/7305/21 5207/7316/21
f 5206/7315/16 5195/7304/16 5201/7310/16 5205/7314/16
f 5199/7308/19 5159/7266/19 5156/7263/19 5202/7311/19
f 5195/7304/19 5198/7307/19 5208/7317/19 5196/7305/19
f 5151/7257/16 5199/7308/16 5198/7307/16 5148/7254/16
f 5165/7272/14 5208/7317/14 5198/7307/14 5166/7273/14
f 5151/7257/16 5169/7276/16 5159/7266/16 5199/7308/16
f 5207/7316/15 5197/7306/15 5148/7254/15 5206/7315/15
f 5206/7315/16 5148/7254/16 5198/7307/16 5195/7304/16
f 5200/7309/19 5193/7302/19 5192/7301/19 5201/7310/19
f 5201/7310/16 5192/7301/16 5163/7270/16 5205/7314/16
f 5167/7318/21 5166/7319/21 5198/7320/21 5195/7321/21
f 5170/7322/21 5206/7323/21 5148/7324/21 5149/7325/21
f 5151/7326/21 5169/7327/21 5162/7328/21 5150/7329/21
f 5143/7330/21 5141/7331/21 5159/7332/21 5199/7333/21
f 5186/7334/21 5184/7335/21 5201/7336/21 5192/7337/21
f 5177/7338/21 5164/7339/21 5163/7340/21 5205/7341/21
f 5209/7342/11 5210/7343/11 5211/7344/11 5212/7345/11
f 5213/7346/54 5214/7347/54 5215/7348/54 5216/7349/54
f 5216/7349/58 5215/7348/58 5209/7342/58 5217/7350/58
f 5218/7351/56 5212/7345/56 5214/7347/56 5213/7346/56
f 5217/7352/57 5209/7353/57 5212/7354/57 5218/7355/57
f 5214/7347/14 5219/7356/14 5220/7357/14 5215/7348/14
f 5215/7348/15 5220/7357/15 5210/7343/15 5209/7342/15
f 5212/7345/19 5211/7344/19 5219/7356/19 5214/7347/19
f 5221/7358/21 5222/7359/21 5223/7360/21 5224/7361/21
f 5225/7362/21 5226/7363/21 5227/7364/21 5228/7365/21
f 5229/7366/16 5220/7367/16 5230/7368/16 5231/7369/16
f 5232/7370/21 5233/7371/21 5234/7372/21 5235/7373/21
f 5236/7374/16 5237/7375/16 5238/7376/16 5239/7377/16
f 5227/7364/11 5226/7363/11 5240/7378/11 5219/7379/11
f 5241/7380/21 5242/7381/21 5243/7382/21 5244/7383/21
f 5234/7372/15 5233/7371/15 5245/7384/15 5246/7385/15
f 5247/7386/16 5248/7387/16 5220/7367/16 5229/7366/16
f 5238/7376/16 5249/7388/16 5219/7379/16 5250/7389/16
f 5224/7361/11 5251/7390/11 5252/7391/11 5221/7358/11
f 5253/7392/15 5254/7393/15 5255/7394/15 5256/7395/15
f 5250/7389/16 5219/7379/16 5240/7378/16 5257/7396/16
f 5258/7397/16 5246/7385/16 5245/7384/16 5237/7375/16
f 5259/7398/14 5260/7399/14 5261/7400/14 5210/7401/14
f 5242/7381/19 5262/7402/19 5230/7368/19 5220/7367/19
f 5263/7403/15 5227/7364/15 5219/7379/15 5249/7388/15
f 5252/7391/16 5211/7404/16 5264/7405/16 5265/7406/16
f 5235/7373/19 5258/7397/19 5237/7375/19 5232/7370/19
f 5221/7358/19 5252/7391/19 5265/7406/19 5266/7407/19
f 5241/7380/15 5229/7366/15 5231/7369/15 5267/7408/15
f 5222/7359/15 5268/7409/15 5264/7405/15 5211/7404/15
f 5266/7407/21 5268/7409/21 5222/7359/21 5221/7358/21
f 5269/7410/19 5238/7376/19 5250/7389/19 5228/7365/19
f 5254/7393/16 5270/7411/16 5271/7412/16 5255/7394/16
f 5272/7413/16 5273/7414/16 5210/7401/16 5274/7415/16
f 5275/7416/15 5272/7413/15 5274/7415/15 5276/7417/15
f 5276/7417/21 5259/7398/21 5277/7418/21 5275/7416/21
f 5278/7419/19 5279/7420/19 5271/7412/19 5270/7411/19
f 5277/7418/19 5259/7398/19 5210/7401/19 5273/7414/19
f 5267/7408/21 5262/7402/21 5242/7381/21 5241/7380/21
f 5256/7395/21 5279/7420/21 5278/7419/21 5253/7392/21
f 5243/7382/11 5242/7381/11 5220/7367/11 5248/7387/11
f 5228/7365/14 5250/7389/14 5257/7396/14 5225/7362/14
f 5276/7417/11 5274/7415/11 5280/7421/11 5281/7422/11
f 5244/7383/14 5247/7386/14 5229/7366/14 5241/7380/14
f 5251/7390/16 5282/7423/16 5211/7404/16 5252/7391/16
f 5274/7415/16 5210/7401/16 5261/7400/16 5280/7421/16
f 5223/7360/14 5222/7359/14 5211/7404/14 5282/7423/14
f 5281/7422/21 5260/7399/21 5259/7398/21 5276/7417/21
f 5258/7397/16 5265/7406/16 5264/7405/16 5246/7385/16
f 5238/7376/16 5237/7375/16 5245/7384/16 5249/7388/16
f 5232/7370/21 5269/7410/21 5263/7403/21 5233/7371/21
f 5266/7407/21 5235/7373/21 5234/7372/21 5268/7409/21
f 5246/7385/15 5264/7405/15 5268/7409/15 5234/7372/15
f 5249/7388/15 5245/7384/15 5233/7371/15 5263/7403/15
f 5255/7394/11 5283/7424/11 5284/7425/11 5256/7395/11
f 5285/7426/14 5232/7370/14 5237/7375/14 5236/7374/14
f 5254/7393/16 5231/7369/16 5230/7368/16 5270/7411/16
f 5272/7413/16 5255/7394/16 5271/7412/16 5273/7414/16
f 5256/7395/21 5275/7416/21 5277/7418/21 5279/7420/21
f 5267/7408/21 5253/7392/21 5278/7419/21 5262/7402/21
f 5270/7411/19 5230/7368/19 5262/7402/19 5278/7419/19
f 5273/7414/19 5271/7412/19 5279/7420/19 5277/7418/19
f 5254/7393/16 5286/7427/16 5287/7428/16 5231/7369/16
f 5275/7416/14 5288/7429/14 5289/7430/14 5272/7413/14
f 5247/7386/16 5257/7396/16 5240/7378/16 5248/7387/16
f 5225/7362/21 5244/7383/21 5243/7382/21 5226/7363/21
f 5248/7387/11 5240/7378/11 5226/7363/11 5243/7382/11
f 5290/7431/21 5244/7383/21 5225/7362/21 5291/7432/21
f 5251/7390/16 5280/7421/16 5261/7400/16 5282/7423/16
f 5281/7422/21 5224/7361/21 5223/7360/21 5260/7399/21
f 5282/7423/14 5261/7400/14 5260/7399/14 5223/7360/14
f 5292/7433/21 5224/7361/21 5281/7422/21 5288/7429/21
f 5228/7365/21 5227/7364/21 5263/7403/21 5269/7410/21
f 5239/7377/11 5238/7376/11 5269/7410/11 5291/7432/11
f 5272/7413/16 5289/7430/16 5283/7424/16 5255/7394/16
f 5291/7432/15 5225/7362/15 5257/7396/15 5239/7377/15
f 5293/7434/16 5265/7406/16 5258/7397/16 5294/7435/16
f 5292/7433/14 5266/7407/14 5265/7406/14 5293/7434/14
f 5294/7435/11 5258/7397/11 5235/7373/11 5295/7436/11
f 5295/7436/21 5235/7373/21 5266/7407/21 5292/7433/21
f 5231/7369/11 5287/7428/11 5290/7431/11 5267/7408/11
f 5256/7395/21 5284/7425/21 5288/7429/21 5275/7416/21
f 5291/7432/21 5269/7410/21 5232/7370/21 5285/7426/21
f 5267/7408/21 5290/7431/21 5296/7437/21 5253/7392/21
f 5284/7425/21 5296/7437/21 5285/7426/21 5295/7436/21
f 5293/7434/15 5251/7390/15 5224/7361/15 5292/7433/15
f 5285/7426/21 5296/7437/21 5290/7431/21 5291/7432/21
f 5292/7433/21 5288/7429/21 5284/7425/21 5295/7436/21
f 5294/7435/16 5283/7424/16 5289/7430/16 5293/7434/16
f 5287/7428/19 5247/7386/19 5244/7383/19 5290/7431/19
f 5283/7424/19 5286/7427/19 5296/7437/19 5284/7425/19
f 5239/7377/16 5287/7428/16 5286/7427/16 5236/7374/16
f 5253/7392/14 5296/7437/14 5286/7427/14 5254/7393/14
f 5239/7377/16 5257/7396/16 5247/7386/16 5287/7428/16
f 5295/7436/15 5285/7426/15 5236/7374/15 5294/7435/15
f 5294/7435/16 5236/7374/16 5286/7427/16 5283/7424/16
f 5288/7429/19 5281/7422/19 5280/7421/19 5289/7430/19
f 5289/7430/16 5280/7421/16 5251/7390/16 5293/7434/16
f 5255/7438/21 5254/7439/21 5286/7440/21 5283/7441/21
f 5258/7442/21 5294/7443/21 5236/7444/21 5237/7445/21
f 5239/7446/21 5257/7447/21 5250/7448/21 5238/7449/21
f 5231/7450/21 5229/7451/21 5247/7452/21 5287/7453/21
f 5274/7454/21 5272/7455/21 5289/7456/21 5280/7457/21
f 5265/7458/21 5252/7459/21 5251/7460/21 5293/7461/21
f 5297/7462/11 5298/7463/11 5299/7464/11 5300/7465/11
f 5301/7466/54 5302/7467/54 5303/7468/54 5304/7469/54
f 5304/7469/55 5303/7468/55 5297/7462/55 5305/7470/55
f 5306/7471/59 5300/7465/59 5302/7467/59 5301/7466/59
f 5305/7472/57 5297/7473/57 5300/7474/57 5306/7475/57
f 5302/7467/14 5307/7476/14 5308/7477/14 5303/7468/14
f 5303/7468/15 5308/7477/15 5298/7463/15 5297/7462/15
f 5300/7465/19 5299/7464/19 5307/7476/19 5302/7467/19
f 5309/7478/21 5310/7479/21 5311/7480/21 5312/7481/21
f 5313/7482/21 5314/7483/21 5315/7484/21 5316/7485/21
f 5317/7486/16 5308/7487/16 5318/7488/16 5319/7489/16
f 5320/7490/21 5321/7491/21 5322/7492/21 5323/7493/21
f 5324/7494/16 5325/7495/16 5326/7496/16 5327/7497/16
f 5315/7484/11 5314/7483/11 5328/7498/11 5307/7499/11
f 5329/7500/21 5330/7501/21 5331/7502/21 5332/7503/21
f 5322/7492/15 5321/7491/15 5333/7504/15 5334/7505/15
f 5335/7506/16 5336/7507/16 5308/7487/16 5317/7486/16
f 5326/7496/16 5337/7508/16 5307/7499/16 5338/7509/16
f 5312/7481/11 5339/7510/11 5340/7511/11 5309/7478/11
f 5341/7512/15 5342/7513/15 5343/7514/15 5344/7515/15
f 5338/7509/16 5307/7499/16 5328/7498/16 5345/7516/16
f 5346/7517/16 5334/7505/16 5333/7504/16 5325/7495/16
f 5347/7518/14 5348/7519/14 5349/7520/14 5298/7521/14
f 5330/7501/19 5350/7522/19 5318/7488/19 5308/7487/19
f 5351/7523/15 5315/7484/15 5307/7499/15 5337/7508/15
f 5340/7511/16 5299/7524/16 5352/7525/16 5353/7526/16
f 5323/7493/19 5346/7517/19 5325/7495/19 5320/7490/19
f 5309/7478/19 5340/7511/19 5353/7526/19 5354/7527/19
f 5329/7500/15 5317/7486/15 5319/7489/15 5355/7528/15
f 5310/7479/15 5356/7529/15 5352/7525/15 5299/7524/15
f 5354/7527/21 5356/7529/21 5310/7479/21 5309/7478/21
f 5357/7530/19 5326/7496/19 5338/7509/19 5316/7485/19
f 5342/7513/16 5358/7531/16 5359/7532/16 5343/7514/16
f 5360/7533/16 5361/7534/16 5298/7521/16 5362/7535/16
f 5363/7536/15 5360/7533/15 5362/7535/15 5364/7537/15
f 5364/7537/21 5347/7518/21 5365/7538/21 5363/7536/21
f 5366/7539/19 5367/7540/19 5359/7532/19 5358/7531/19
f 5365/7538/19 5347/7518/19 5298/7521/19 5361/7534/19
f 5355/7528/21 5350/7522/21 5330/7501/21 5329/7500/21
f 5344/7515/21 5367/7540/21 5366/7539/21 5341/7512/21
f 5331/7502/11 5330/7501/11 5308/7487/11 5336/7507/11
f 5316/7485/14 5338/7509/14 5345/7516/14 5313/7482/14
f 5364/7537/11 5362/7535/11 5368/7541/11 5369/7542/11
f 5332/7503/14 5335/7506/14 5317/7486/14 5329/7500/14
f 5339/7510/16 5370/7543/16 5299/7524/16 5340/7511/16
f 5362/7535/16 5298/7521/16 5349/7520/16 5368/7541/16
f 5311/7480/14 5310/7479/14 5299/7524/14 5370/7543/14
f 5369/7542/21 5348/7519/21 5347/7518/21 5364/7537/21
f 5346/7517/16 5353/7526/16 5352/7525/16 5334/7505/16
f 5326/7496/16 5325/7495/16 5333/7504/16 5337/7508/16
f 5320/7490/21 5357/7530/21 5351/7523/21 5321/7491/21
f 5354/7527/21 5323/7493/21 5322/7492/21 5356/7529/21
f 5334/7505/15 5352/7525/15 5356/7529/15 5322/7492/15
f 5337/7508/15 5333/7504/15 5321/7491/15 5351/7523/15
f 5343/7514/11 5371/7544/11 5372/7545/11 5344/7515/11
f 5373/7546/14 5320/7490/14 5325/7495/14 5324/7494/14
f 5342/7513/16 5319/7489/16 5318/7488/16 5358/7531/16
f 5360/7533/16 5343/7514/16 5359/7532/16 5361/7534/16
f 5344/7515/21 5363/7536/21 5365/7538/21 5367/7540/21
f 5355/7528/21 5341/7512/21 5366/7539/21 5350/7522/21
f 5358/7531/19 5318/7488/19 5350/7522/19 5366/7539/19
f 5361/7534/19 5359/7532/19 5367/7540/19 5365/7538/19
f 5342/7513/16 5374/7547/16 5375/7548/16 5319/7489/16
f 5363/7536/14 5376/7549/14 5377/7550/14 5360/7533/14
f 5335/7506/16 5345/7516/16 5328/7498/16 5336/7507/16
f 5313/7482/21 5332/7503/21 5331/7502/21 5314/7483/21
f 5336/7507/11 5328/7498/11 5314/7483/11 5331/7502/11
f 5378/7551/21 5332/7503/21 5313/7482/21 5379/7552/21
f 5339/7510/16 5368/7541/16 5349/7520/16 5370/7543/16
f 5369/7542/21 5312/7481/21 5311/7480/21 5348/7519/21
f 5370/7543/14 5349/7520/14 5348/7519/14 5311/7480/14
f 5380/7553/21 5312/7481/21 5369/7542/21 5376/7549/21
f 5316/7485/21 5315/7484/21 5351/7523/21 5357/7530/21
f 5327/7497/11 5326/7496/11 5357/7530/11 5379/7552/11
f 5360/7533/16 5377/7550/16 5371/7544/16 5343/7514/16
f 5379/7552/15 5313/7482/15 5345/7516/15 5327/7497/15
f 5381/7554/16 5353/7526/16 5346/7517/16 5382/7555/16
f 5380/7553/14 5354/7527/14 5353/7526/14 5381/7554/14
f 5382/7555/11 5346/7517/11 5323/7493/11 5383/7556/11
f 5383/7556/21 5323/7493/21 5354/7527/21 5380/7553/21
f 5319/7489/11 5375/7548/11 5378/7551/11 5355/7528/11
f 5344/7515/21 5372/7545/21 5376/7549/21 5363/7536/21
f 5379/7552/21 5357/7530/21 5320/7490/21 5373/7546/21
f 5355/7528/21 5378/7551/21 5384/7557/21 5341/7512/21
f 5372/7545/21 5384/7557/21 5373/7546/21 5383/7556/21
f 5381/7554/15 5339/7510/15 5312/7481/15 5380/7553/15
f 5373/7546/21 5384/7557/21 5378/7551/21 5379/7552/21
f 5380/7553/21 5376/7549/21 5372/7545/21 5383/7556/21
f 5382/7555/16 5371/7544/16 5377/7550/16 5381/7554/16
f 5375/7548/19 5335/7506/19 5332/7503/19 5378/7551/19
f 5371/7544/19 5374/7547/19 5384/7557/19 5372/7545/19
f 5327/7497/16 5375/7548/16 5374/7547/16 5324/7494/16
f 5341/7512/14 5384/7557/14 5374/7547/14 5342/7513/14
f 5327/7497/16 5345/7516/16 5335/7506/16 5375/7548/16
f 5383/7556/15 5373/7546/15 5324/7494/15 5382/7555/15
f 5382/7555/16 5324/7494/16 5374/7547/16 5371/7544/16
f 5376/7549/19 5369/7542/19 5368/7541/19 5377/7550/19
f 5377/7550/16 5368/7541/16 5339/7510/16 5381/7554/16
f 5343/7558/21 5342/7559/21 5374/7560/21 5371/7561/21
f 5346/7562/21 5382/7563/21 5324/7564/21 5325/7565/21
f 5327/7566/21 5345/7567/21 5338/7568/21 5326/7569/21
f 5319/7570/21 5317/7571/21 5335/7572/21 5375/7573/21
f 5362/7574/21 5360/7575/21 5377/7576/21 5368/7577/21
f 5353/7578/21 5340/7579/21 5339/7580/21 5381/7581/21
f 5130/7231/21 5125/7226/21 5216/7349/21 5217/7350/21
f 5218/7351/21 5213/7346/21 5304/7469/21 5305/7470/21
f 5129/7230/21 5120/7221/21 5119/7220/21 5128/7229/21
f 5301/7466/21 5385/7582/21 5386/7583/21 5306/7471/21
f 5218/7355/21 4848/7584/21 4846/7585/21 5217/7352/21
f 5130/7235/21 4845/7586/21 4844/7587/21 5129/7232/21
f 5129/7232/21 4844/7587/21 4843/7588/21 5120/7589/21
f 4859/6864/19 5387/7590/19 5388/7591/19 4950/6987/19
f 4951/6990/19 4836/7592/19 4835/7593/19 4864/6873/19
f 5038/7107/19 5389/7594/19 5390/7595/19 5035/7104/19
f 5301/7466/21 5391/7596/21 5392/7597/21 5385/7582/21
f 4947/6984/19 5393/7598/19 5389/7594/19 5038/7107/19
f 4950/6987/19 5388/7591/19 5393/7598/19 4947/6984/19
f 5386/7599/21 4840/7600/21 4839/7601/21 5306/7475/21
f 5039/7110/19 4837/7602/19 4841/7603/19 4952/6993/19
f 5040/7113/19 4838/7604/19 4837/7602/19 5039/7110/19
f 4862/6867/19 5394/7605/19 5387/7590/19 4859/6864/19
f 4952/6993/19 4841/7603/19 4836/7592/19 4951/6990/19
f 5119/7220/21 5395/7606/21 5396/7607/21 5128/7229/21
f 4864/6873/19 4835/7593/19 4842/7608/19 4863/6870/19
f 4863/6870/19 4842/7608/19 2532/4419/19 2808/4418/19
f 2807/4027/19 3087/4420/19 5394/7605/19 4862/6867/19
f 5125/7226/21 5397/7609/21 5398/7610/21 5216/7349/21
f 5304/7469/21 5399/7611/21 5391/7596/21 5301/7466/21
f 5035/7104/19 5390/7595/19 5395/7606/19 5119/7220/19
f 5217/7352/21 4846/7585/21 4845/7586/21 5130/7235/21
f 5216/7349/21 5398/7610/21 5400/7612/21 5213/7346/21
f 5120/7589/19 4843/7588/19 4838/7604/19 5040/7113/19
f 5213/7346/21 5400/7612/21 5399/7611/21 5304/7469/21
f 5128/7229/21 5396/7607/21 5397/7609/21 5125/7226/21
f 5305/7472/21 4847/7613/21 4848/7584/21 5218/7355/21
f 5306/7475/21 4839/7601/21 4847/7613/21 5305/7472/21
f 5401/7614/16 5402/7615/16 4854/7616/16 4853/7617/16
f 5403/7618/16 5404/7619/16 5402/7620/16 5401/7621/16
f 5405/7622/16 5406/7623/16 5404/7619/16 5403/7618/16
f 3734/5317/14 5407/7624/14 5408/7625/14 3724/5306/14
f 3732/5315/14 5409/7626/14 5410/7627/14 3744/5327/14
f 3735/5318/14 5411/7628/14 5412/7629/14 3733/5316/14
f 3718/5299/14 5413/7630/14 5414/7631/14 3719/5300/14
f 3724/5306/14 5408/7625/14 5415/7632/14 3725/5307/14
f 3744/5327/14 5410/7627/14 5416/7633/14 3717/5298/14
f 3733/5316/14 5412/7629/14 5407/7624/14 3734/5317/14
f 3720/5301/14 5417/7634/14 5418/7635/14 3721/5302/14
f 3739/7636/14 5419/7637/14 3110/4450/14 1420/4449/14
f 3731/5314/14 5420/7638/14 5409/7626/14 3732/5315/14
f 3721/5302/14 5418/7635/14 5411/7628/14 3735/5318/14
f 5421/7639/14 5422/7640/14 5420/7638/14 3731/5314/14
f 3719/5300/14 5414/7631/14 5417/7634/14 3720/5301/14
f 3725/7641/14 5415/7642/14 5419/7637/14 3739/7636/14
f 3717/5298/14 5416/7633/14 5413/7630/14 3718/5299/14
f 5399/7643/21 5423/7644/21 5424/7645/21 5391/7646/21
f 5387/7647/19 5425/7648/19 5426/7649/19 5388/7650/19
f 5393/7651/19 5427/7652/19 5428/7653/19 5389/7654/19
f 5397/7655/21 5429/7656/21 5430/7657/21 5398/7658/21
f 5431/7659/16 5432/7660/16 5406/7661/16 5405/7662/16
f 5394/7663/19 5433/7664/19 5425/7648/19 5387/7647/19
f 5400/7665/21 5434/7666/21 5423/7644/21 5399/7643/21
f 3087/4481/19 3127/4482/19 5433/7664/19 5394/7663/19
f 5391/7646/21 5424/7645/21 5435/7667/21 5392/7668/21
f 5390/7669/19 5436/7670/19 5437/7671/19 5395/7672/19
f 5395/7672/21 5437/7671/21 5438/7673/21 5396/7674/21
f 5388/7650/19 5426/7649/19 5427/7652/19 5393/7651/19
f 5396/7674/21 5438/7673/21 5429/7656/21 5397/7655/21
f 5389/7654/19 5428/7653/19 5436/7670/19 5390/7669/19
f 5398/7658/21 5430/7657/21 5434/7666/21 5400/7665/21
f 5429/7656/11 5439/7675/11 5440/7676/11 5430/7657/11
f 5425/7648/11 5441/7677/11 5442/7678/11 5426/7649/11
f 5434/7666/11 5443/7679/11 5444/7680/11 5423/7644/11
f 5427/7652/11 5445/7681/11 5446/7682/11 5428/7653/11
f 5424/7645/11 5447/7683/11 5448/7684/11 5435/7667/11
f 3127/4482/11 3143/4502/11 5449/7685/11 5433/7664/11
f 5437/7671/11 5450/7686/11 5451/7687/11 5438/7673/11
f 5436/7670/11 5452/7688/11 5450/7686/11 5437/7671/11
f 5453/7689/16 5454/7690/16 5432/7691/16 5431/7692/16
f 5438/7673/11 5451/7687/11 5439/7675/11 5429/7656/11
f 5426/7649/11 5442/7678/11 5445/7681/11 5427/7652/11
f 5430/7657/11 5440/7676/11 5443/7679/11 5434/7666/11
f 5433/7664/11 5449/7685/11 5441/7677/11 5425/7648/11
f 5423/7644/11 5444/7680/11 5447/7683/11 5424/7645/11
f 5428/7653/11 5446/7682/11 5452/7688/11 5436/7670/11
f 5449/7685/15 5455/7693/15 5456/7694/15 5441/7677/15
f 5444/7680/16 5457/7695/16 5458/7696/16 5447/7683/16
f 5446/7682/15 5459/7697/15 5460/7698/15 5452/7688/15
f 5439/7675/16 5461/7699/16 5462/7700/16 5440/7676/16
f 5441/7677/15 5456/7694/15 5463/7701/15 5442/7678/15
f 5443/7679/16 5464/7702/16 5457/7695/16 5444/7680/16
f 5445/7681/15 5465/7703/15 5459/7697/15 5446/7682/15
f 5447/7683/16 5458/7696/16 5466/7704/16 5448/7684/16
f 3143/4502/15 3161/4522/15 5455/7693/15 5449/7685/15
f 5450/7686/16 5467/7705/16 5468/7706/16 5451/7687/16
f 5452/7688/15 5460/7698/15 5467/7705/15 5450/7686/15
f 5469/7707/16 5470/7708/16 5454/7690/16 5453/7689/16
f 5451/7687/16 5468/7706/16 5461/7699/16 5439/7675/16
f 5442/7678/15 5463/7701/15 5465/7703/15 5445/7681/15
f 5440/7676/16 5462/7700/16 5464/7702/16 5443/7679/16
f 5463/7709/11 5456/7710/11 5455/7711/11 3161/4542/11 3166/4541/11 3747/7712/11 3746/7713/11 5466/7714/11 5458/7715/11 5457/7716/11 5464/7717/11 5462/7718/11 5461/7719/11 5468/7720/11 5467/7721/11 5460/7722/11 5459/7723/11 5465/7724/11
f 5448/7684/19 5466/7704/19 3746/5329/19 3745/5328/19
f 5435/7667/11 5448/7684/11 3745/5328/11 3750/5333/11
f 5392/7668/15 5435/7667/15 3750/5333/15 4298/6089/15
f 5471/7725/16 5421/7639/16 5470/7726/16 5469/7727/16
f 5385/7582/15 4300/6091/15 4302/6095/15 5386/7583/15
f 5392/7597/15 4298/6092/15 4300/6091/15 5385/7582/15
f 5386/7599/15 4302/6852/15 4850/6851/15 4840/7600/15
f 4833/6818/15 4852/6855/15 4854/6859/15 4834/6819/15
f 4840/6833/15 4850/6856/15 4852/6855/15 4833/6818/15
f 4834/6835/15 4854/7616/15 5402/7615/15 4288/6836/15
f 4281/6056/15 5404/7619/15 5406/7623/15 4282/6057/15
f 4288/6071/15 5402/7620/15 5404/7619/15 4281/6056/15
f 4282/6073/15 5406/7661/15 5432/7660/15 3729/6074/15
f 3715/5296/15 5454/7690/15 5470/7708/15 3716/5297/15
f 3729/5311/15 5432/7691/15 5454/7690/15 3715/5296/15
f 3716/5313/15 5470/7726/15 5421/7639/15 3731/5314/15
f 5469/7727/15 3169/4549/15 3168/4548/15 5471/7725/15
f 5431/7692/15 3171/4551/15 3170/4550/15 5453/7689/15
f 5453/7689/15 3170/4550/15 3169/4552/15 5469/7707/15
f 5405/7662/15 3172/4554/15 3171/4553/15 5431/7659/15
f 5401/7621/15 3174/4556/15 3173/4555/15 5403/7618/15
f 5403/7618/15 3173/4555/15 3172/4557/15 5405/7622/15
f 4853/7617/15 3175/4559/15 3174/4558/15 5401/7614/15
f 4849/6857/15 3177/4561/15 3176/4560/15 4851/6854/15
f 4851/6854/15 3176/4560/15 3175/4562/15 4853/6858/15
f 4301/6853/15 3178/4564/15 3177/4563/15 4849/6850/15
f 4297/6093/15 3180/4566/15 3179/4565/15 4299/6090/15
f 4299/6090/15 3179/4565/15 3178/4567/15 4301/6094/15
f 4297/6088/15 3749/5332/15 3181/4569/15 3180/4568/15
f 3749/5332/11 3748/5331/11 3182/4570/11 3181/4569/11
f 3748/5331/19 3747/5330/19 3166/4571/19 3182/4570/19
f 3168/4548/14 3184/4573/14 5472/7728/14 5471/7725/14
f 5471/7725/14 5472/7728/14 5422/7640/14 5421/7639/14
f 5473/7729/15 5474/7730/15 5475/7731/15 5476/7732/15
f 5477/7733/19 5478/7734/19 5479/7735/19 5480/7736/19
f 5473/7729/14 5476/7732/14 5478/7734/14 5477/7733/14
f 5475/7731/11 5474/7730/11 5480/7736/11 5479/7735/11
f 5481/7737/60 5482/7738/60 5483/7739/60
f 5484/7740/61 5485/7741/61 5486/7742/61
f 5486/7742/62 5485/7741/62 5482/7738/62 5481/7737/62
f 5487/7743/14 5488/7744/14 5489/7745/14 5490/7746/14
f 5484/7740/11 5483/7739/11 5482/7738/11 5485/7741/11
f 5489/7745/63 5491/7747/63 5492/7748/63 5490/7746/63
f 5488/7744/64 5484/7740/64 5491/7747/64 5489/7745/64
f 5487/7743/15 5483/7739/15 5484/7740/15 5488/7744/15
f 5490/7746/65 5492/7748/65 5483/7739/65 5487/7743/65
f 5491/7747/66 5493/7749/66 5494/7750/66 5492/7748/66
f 5493/7749/67 5486/7742/67 5481/7737/67 5494/7750/67
f 5484/7740/68 5493/7749/68 5491/7747/68
f 5484/7740/69 5486/7742/69 5493/7749/69
f 5492/7748/70 5494/7750/70 5483/7739/70
f 5494/7750/71 5481/7737/71 5483/7739/71
f 5495/7751/60 5496/7752/60 5497/7753/60
f 5498/7754/61 5499/7755/61 5500/7756/61
f 5500/7756/62 5499/7755/62 5496/7752/62 5495/7751/62
f 5501/7757/14 5502/7758/14 5503/7759/14 5504/7760/14
f 5498/7754/11 5497/7753/11 5496/7752/11 5499/7755/11
f 5503/7759/63 5505/7761/63 5506/7762/63 5504/7760/63
f 5502/7758/64 5498/7754/64 5505/7761/64 5503/7759/64
f 5501/7757/15 5497/7753/15 5498/7754/15 5502/7758/15
f 5504/7760/65 5506/7762/65 5497/7753/65 5501/7757/65
f 5505/7761/72 5507/7763/72 5508/7764/72 5506/7762/72
f 5507/7763/67 5500/7756/67 5495/7751/67 5508/7764/67
f 5498/7754/73 5507/7763/73 5505/7761/73
f 5498/7754/69 5500/7756/69 5507/7763/69
f 5506/7762/70 5508/7764/70 5497/7753/70
f 5508/7764/71 5495/7751/71 5497/7753/71
f 5509/7765/67 5510/7766/67 5511/7767/67 5512/7768/67
f 5513/7769/11 5514/7770/11 5515/7771/11 5516/7772/11
f 5513/7769/68 5509/7765/68 5517/7773/68
f 5518/7774/74 5512/7768/74 5514/7770/74
f 5517/7773/66 5509/7765/66 5512/7768/66 5518/7774/66
f 5513/7769/69 5510/7766/69 5509/7765/69
f 5519/7775/63 5517/7773/63 5518/7774/63 5520/7776/63
f 5520/7776/65 5518/7774/65 5514/7770/65 5521/7777/65
f 5512/7768/71 5511/7767/71 5514/7770/71
f 5513/7769/61 5516/7772/61 5510/7766/61
f 5511/7767/60 5515/7771/60 5514/7770/60
f 5521/7777/14 5522/7778/14 5519/7775/14 5520/7776/14
f 5510/7766/62 5516/7772/62 5515/7771/62 5511/7767/62
f 5522/7778/64 5513/7769/64 5517/7773/64 5519/7775/64
f 5521/7777/15 5514/7770/15 5513/7769/15 5522/7778/15
f 5523/7779/60 5524/7780/60 5525/7781/60
f 5526/7782/61 5527/7783/61 5528/7784/61
f 5528/7784/62 5527/7783/62 5524/7780/62 5523/7779/62
f 5529/7785/14 5530/7786/14 5531/7787/14 5532/7788/14
f 5526/7782/11 5525/7781/11 5524/7780/11 5527/7783/11
f 5531/7787/63 5533/7789/63 5534/7790/63 5532/7788/63
f 5530/7786/64 5526/7782/64 5533/7789/64 5531/7787/64
f 5529/7785/15 5525/7781/15 5526/7782/15 5530/7786/15
f 5532/7788/65 5534/7790/65 5525/7781/65 5529/7785/65
f 5533/7789/66 5535/7791/66 5536/7792/66 5534/7790/66
f 5535/7791/67 5528/7784/67 5523/7779/67 5536/7792/67
f 5526/7782/68 5535/7791/68 5533/7789/68
f 5526/7782/69 5528/7784/69 5535/7791/69
f 5534/7790/74 5536/7792/74 5525/7781/74
f 5536/7792/71 5523/7779/71 5525/7781/71
f 5537/7793/67 5538/7794/67 5539/7795/67 5540/7796/67
f 5541/7797/11 5542/7798/11 5543/7799/11 5544/7800/11
f 5541/7797/75 5537/7793/75 5545/7801/75
f 5546/7802/70 5540/7796/70 5542/7798/70
f 5545/7801/72 5537/7793/72 5540/7796/72 5546/7802/72
f 5541/7797/69 5538/7794/69 5537/7793/69
f 5547/7803/63 5545/7801/63 5546/7802/63 5548/7804/63
f 5548/7804/65 5546/7802/65 5542/7798/65 5549/7805/65
f 5540/7796/76 5539/7795/76 5542/7798/76
f 5541/7797/61 5544/7800/61 5538/7794/61
f 5539/7795/60 5543/7799/60 5542/7798/60
f 5549/7805/14 5550/7806/14 5547/7803/14 5548/7804/14
f 5538/7794/62 5544/7800/62 5543/7799/62 5539/7795/62
f 5550/7806/64 5541/7797/64 5545/7801/64 5547/7803/64
f 5549/7805/15 5542/7798/15 5541/7797/15 5550/7806/15
f 5551/7807/60 5552/7808/60 5553/7809/60
f 5554/7810/61 5555/7811/61 5556/7812/61
f 5556/7812/62 5555/7811/62 5552/7808/62 5551/7807/62
f 5557/7813/14 5558/7814/14 5559/7815/14 5560/7816/14
f 5554/7810/11 5553/7809/11 5552/7808/11 5555/7811/11
f 5559/7815/63 5561/7817/63 5562/7818/63 5560/7816/63
f 5558/7814/64 5554/7810/64 5561/7817/64 5559/7815/64
f 5557/7813/15 5553/7809/15 5554/7810/15 5558/7814/15
f 5560/7816/65 5562/7818/65 5553/7809/65 5557/7813/65
f 5561/7817/66 5563/7819/66 5564/7820/66 5562/7818/66
f 5563/7819/67 5556/7812/67 5551/7807/67 5564/7820/67
f 5554/7810/73 5563/7819/73 5561/7817/73
f 5554/7810/77 5556/7812/77 5563/7819/77
f 5562/7818/78 5564/7820/78 5553/7809/78
f 5564/7820/71 5551/7807/71 5553/7809/71
f 5476/7732/79 5475/7731/79 5565/7821/79 5566/7822/79
f 5478/7734/16 5567/7823/16 5568/7824/16 5479/7735/16
f 5476/7732/14 5566/7822/14 5567/7823/14 5478/7734/14
f 5566/7822/15 5565/7821/15 5568/7824/15 5567/7823/15
f 5565/7821/11 5475/7731/11 5479/7735/11 5568/7824/11
f 5569/7825/80 5570/7826/80 5571/7827/80
f 5572/7828/81 5573/7829/81 5574/7830/81
f 5574/7830/82 5573/7829/82 5570/7826/82 5569/7825/82
f 5575/7831/14 5576/7832/14 5577/7833/14 5578/7834/14
f 5572/7828/11 5571/7827/11 5570/7826/11 5573/7829/11
f 5577/7833/83 5579/7835/83 5580/7836/83 5578/7834/83
f 5576/7832/84 5572/7828/84 5579/7835/84 5577/7833/84
f 5575/7831/21 5571/7827/21 5572/7828/21 5576/7832/21
f 5578/7834/85 5580/7836/85 5571/7827/85 5575/7831/85
f 5579/7835/86 5581/7837/86 5582/7838/86 5580/7836/86
f 5581/7837/87 5574/7830/87 5569/7825/87 5582/7838/87
f 5572/7828/88 5581/7837/88 5579/7835/88
f 5572/7828/89 5574/7830/89 5581/7837/89
f 5580/7836/90 5582/7838/90 5571/7827/90
f 5582/7838/91 5569/7825/91 5571/7827/91
f 5583/7839/80 5584/7840/80 5585/7841/80
f 5586/7842/81 5587/7843/81 5588/7844/81
f 5588/7844/82 5587/7843/82 5584/7840/82 5583/7839/82
f 5589/7845/14 5590/7846/14 5591/7847/14 5592/7848/14
f 5586/7842/11 5585/7841/11 5584/7840/11 5587/7843/11
f 5591/7847/83 5593/7849/83 5594/7850/83 5592/7848/83
f 5590/7846/84 5586/7842/84 5593/7849/84 5591/7847/84
f 5589/7845/21 5585/7841/21 5586/7842/21 5590/7846/21
f 5592/7848/85 5594/7850/85 5585/7841/85 5589/7845/85
f 5593/7849/86 5595/7851/86 5596/7852/86 5594/7850/86
f 5595/7851/87 5588/7844/87 5583/7839/87 5596/7852/87
f 5586/7842/92 5595/7851/92 5593/7849/92
f 5586/7842/89 5588/7844/89 5595/7851/89
f 5594/7850/93 5596/7852/93 5585/7841/93
f 5596/7852/91 5583/7839/91 5585/7841/91
f 5597/7853/87 5598/7854/87 5599/7855/87 5600/7856/87
f 5601/7857/11 5602/7858/11 5603/7859/11 5604/7860/11
f 5601/7857/88 5597/7853/88 5605/7861/88
f 5606/7862/94 5600/7856/94 5602/7858/94
f 5605/7861/86 5597/7853/86 5600/7856/86 5606/7862/86
f 5601/7857/89 5598/7854/89 5597/7853/89
f 5607/7863/83 5605/7861/83 5606/7862/83 5608/7864/83
f 5608/7864/85 5606/7862/85 5602/7858/85 5609/7865/85
f 5600/7856/91 5599/7855/91 5602/7858/91
f 5601/7857/81 5604/7860/81 5598/7854/81
f 5599/7855/80 5603/7859/80 5602/7858/80
f 5609/7865/14 5610/7866/14 5607/7863/14 5608/7864/14
f 5598/7854/82 5604/7860/82 5603/7859/82 5599/7855/82
f 5610/7866/84 5601/7857/84 5605/7861/84 5607/7863/84
f 5609/7865/21 5602/7858/21 5601/7857/21 5610/7866/21
f 5611/7867/80 5612/7868/80 5613/7869/80
f 5614/7870/95 5615/7871/95 5616/7872/95
f 5616/7872/82 5615/7871/82 5612/7868/82 5611/7867/82
f 5617/7873/14 5618/7874/14 5619/7875/14 5620/7876/14
f 5614/7870/11 5613/7869/11 5612/7868/11 5615/7871/11
f 5619/7875/83 5621/7877/83 5622/7878/83 5620/7876/83
f 5618/7874/84 5614/7870/84 5621/7877/84 5619/7875/84
f 5617/7873/21 5613/7869/21 5614/7870/21 5618/7874/21
f 5620/7876/85 5622/7878/85 5613/7869/85 5617/7873/85
f 5621/7877/86 5623/7879/86 5624/7880/86 5622/7878/86
f 5623/7879/87 5616/7872/87 5611/7867/87 5624/7880/87
f 5614/7870/88 5623/7879/88 5621/7877/88
f 5614/7870/89 5616/7872/89 5623/7879/89
f 5622/7878/93 5624/7880/93 5613/7869/93
f 5624/7880/91 5611/7867/91 5613/7869/91
f 5625/7881/87 5626/7882/87 5627/7883/87 5628/7884/87
f 5629/7885/11 5630/7886/11 5631/7887/11 5632/7888/11
f 5629/7885/96 5625/7881/96 5633/7889/96
f 5634/7890/90 5628/7884/90 5630/7886/90
f 5633/7889/86 5625/7881/86 5628/7884/86 5634/7890/86
f 5629/7885/89 5626/7882/89 5625/7881/89
f 5635/7891/83 5633/7889/83 5634/7890/83 5636/7892/83
f 5636/7892/85 5634/7890/85 5630/7886/85 5637/7893/85
f 5628/7884/91 5627/7883/91 5630/7886/91
f 5629/7885/81 5632/7888/81 5626/7882/81
f 5627/7883/80 5631/7887/80 5630/7886/80
f 5637/7893/14 5638/7894/14 5635/7891/14 5636/7892/14
f 5626/7882/82 5632/7888/82 5631/7887/82 5627/7883/82
f 5638/7894/84 5629/7885/84 5633/7889/84 5635/7891/84
f 5637/7893/21 5630/7886/21 5629/7885/21 5638/7894/21
f 5639/7895/80 5640/7896/80 5641/7897/80
f 5642/7898/81 5643/7899/81 5644/7900/81
f 5644/7900/82 5643/7899/82 5640/7896/82 5639/7895/82
f 5645/7901/14 5646/7902/14 5647/7903/14 5648/7904/14
f 5642/7898/11 5641/7897/11 5640/7896/11 5643/7899/11
f 5647/7903/83 5649/7905/83 5650/7906/83 5648/7904/83
f 5646/7902/84 5642/7898/84 5649/7905/84 5647/7903/84
f 5645/7901/21 5641/7897/21 5642/7898/21 5646/7902/21
f 5648/7904/85 5650/7906/85 5641/7897/85 5645/7901/85
f 5649/7905/86 5651/7907/86 5652/7908/86 5650/7906/86
f 5651/7907/87 5644/7900/87 5639/7895/87 5652/7908/87
f 5642/7898/96 5651/7907/96 5649/7905/96
f 5642/7898/89 5644/7900/89 5651/7907/89
f 5650/7906/90 5652/7908/90 5641/7897/90
f 5652/7908/91 5639/7895/91 5641/7897/91
f 5473/7729/15 5653/7909/15 5654/7910/15 5474/7730/15
f 5477/7733/19 5480/7736/19 5655/7911/19 5656/7912/19
f 5473/7729/14 5477/7733/14 5656/7912/14 5653/7909/14
f 5654/7910/11 5655/7911/11 5480/7736/11 5474/7730/11
f 5657/7913/61 5658/7914/61 5659/7915/61
f 5660/7916/60 5661/7917/60 5662/7918/60
f 5661/7917/62 5657/7913/62 5659/7915/62 5662/7918/62
f 5663/7919/14 5664/7920/14 5665/7921/14 5666/7922/14
f 5660/7916/11 5662/7918/11 5659/7915/11 5658/7914/11
f 5665/7921/63 5664/7920/63 5667/7923/63 5668/7924/63
f 5666/7922/65 5665/7921/65 5668/7924/65 5660/7916/65
f 5663/7919/15 5666/7922/15 5660/7916/15 5658/7914/15
f 5664/7920/64 5663/7919/64 5658/7914/64 5667/7923/64
f 5668/7924/72 5667/7923/72 5669/7925/72 5670/7926/72
f 5670/7926/67 5669/7925/67 5657/7913/67 5661/7917/67
f 5660/7916/74 5668/7924/74 5670/7926/74
f 5660/7916/71 5670/7926/71 5661/7917/71
f 5667/7923/68 5658/7914/68 5669/7925/68
f 5669/7925/69 5658/7914/69 5657/7913/69
f 5671/7927/61 5672/7928/61 5673/7929/61
f 5674/7930/60 5675/7931/60 5676/7932/60
f 5675/7931/62 5671/7927/62 5673/7929/62 5676/7932/62
f 5677/7933/14 5678/7934/14 5679/7935/14 5680/7936/14
f 5674/7930/11 5676/7932/11 5673/7929/11 5672/7928/11
f 5679/7935/63 5678/7934/63 5681/7937/63 5682/7938/63
f 5680/7936/65 5679/7935/65 5682/7938/65 5674/7930/65
f 5677/7933/15 5680/7936/15 5674/7930/15 5672/7928/15
f 5678/7934/64 5677/7933/64 5672/7928/64 5681/7937/64
f 5682/7938/72 5681/7937/72 5683/7939/72 5684/7940/72
f 5684/7940/67 5683/7939/67 5671/7927/67 5675/7931/67
f 5674/7930/74 5682/7938/74 5684/7940/74
f 5674/7930/71 5684/7940/71 5675/7931/71
f 5681/7937/68 5672/7928/68 5683/7939/68
f 5683/7939/69 5672/7928/69 5671/7927/69
f 5685/7941/67 5686/7942/67 5687/7943/67 5688/7944/67
f 5689/7945/11 5690/7946/11 5691/7947/11 5692/7948/11
f 5689/7945/70 5693/7949/70 5685/7941/70
f 5694/7950/68 5692/7948/68 5686/7942/68
f 5693/7949/66 5694/7950/66 5686/7942/66 5685/7941/66
f 5689/7945/71 5685/7941/71 5688/7944/71
f 5695/7951/63 5696/7952/63 5694/7950/63 5693/7949/63
f 5696/7952/64 5697/7953/64 5692/7948/64 5694/7950/64
f 5686/7942/69 5692/7948/69 5687/7943/69
f 5689/7945/60 5688/7944/60 5690/7946/60
f 5687/7943/61 5692/7948/61 5691/7947/61
f 5697/7953/14 5696/7952/14 5695/7951/14 5698/7954/14
f 5688/7944/97 5687/7943/97 5691/7947/97 5690/7946/97
f 5698/7954/65 5695/7951/65 5693/7949/65 5689/7945/65
f 5697/7953/15 5698/7954/15 5689/7945/15 5692/7948/15
f 5699/7955/61 5700/7956/61 5701/7957/61
f 5702/7958/60 5703/7959/60 5704/7960/60
f 5703/7959/97 5699/7955/97 5701/7957/97 5704/7960/97
f 5705/7961/14 5706/7962/14 5707/7963/14 5708/7964/14
f 5702/7958/11 5704/7960/11 5701/7957/11 5700/7956/11
f 5707/7963/63 5706/7962/63 5709/7965/63 5710/7966/63
f 5708/7964/65 5707/7963/65 5710/7966/65 5702/7958/65
f 5705/7961/15 5708/7964/15 5702/7958/15 5700/7956/15
f 5706/7962/64 5705/7961/64 5700/7956/64 5709/7965/64
f 5710/7966/66 5709/7965/66 5711/7967/66 5712/7968/66
f 5712/7968/67 5711/7967/67 5699/7955/67 5703/7959/67
f 5702/7958/70 5710/7966/70 5712/7968/70
f 5702/7958/71 5712/7968/71 5703/7959/71
f 5709/7965/68 5700/7956/68 5711/7967/68
f 5711/7967/69 5700/7956/69 5699/7955/69
f 5713/7969/67 5714/7970/67 5715/7971/67 5716/7972/67
f 5717/7973/11 5718/7974/11 5719/7975/11 5720/7976/11
f 5717/7973/74 5721/7977/74 5713/7969/74
f 5722/7978/75 5720/7976/75 5714/7970/75
f 5721/7977/66 5722/7978/66 5714/7970/66 5713/7969/66
f 5717/7973/71 5713/7969/71 5716/7972/71
f 5723/7979/63 5724/7980/63 5722/7978/63 5721/7977/63
f 5724/7980/64 5725/7981/64 5720/7976/64 5722/7978/64
f 5714/7970/69 5720/7976/69 5715/7971/69
f 5717/7973/60 5716/7972/60 5718/7974/60
f 5715/7971/61 5720/7976/61 5719/7975/61
f 5725/7981/14 5724/7980/14 5723/7979/14 5726/7982/14
f 5716/7972/97 5715/7971/97 5719/7975/97 5718/7974/97
f 5726/7982/65 5723/7979/65 5721/7977/65 5717/7973/65
f 5725/7981/15 5726/7982/15 5717/7973/15 5720/7976/15
f 5727/7983/61 5728/7984/61 5729/7985/61
f 5730/7986/60 5731/7987/60 5732/7988/60
f 5731/7987/97 5727/7983/97 5729/7985/97 5732/7988/97
f 5733/7989/14 5734/7990/14 5735/7991/14 5736/7992/14
f 5730/7986/11 5732/7988/11 5729/7985/11 5728/7984/11
f 5735/7991/63 5734/7990/63 5737/7993/63 5738/7994/63
f 5736/7992/65 5735/7991/65 5738/7994/65 5730/7986/65
f 5733/7989/15 5736/7992/15 5730/7986/15 5728/7984/15
f 5734/7990/64 5733/7989/64 5728/7984/64 5737/7993/64
f 5738/7994/66 5737/7993/66 5739/7995/66 5740/7996/66
f 5740/7996/67 5739/7995/67 5727/7983/67 5731/7987/67
f 5730/7986/78 5738/7994/78 5740/7996/78
f 5730/7986/71 5740/7996/71 5731/7987/71
f 5737/7993/73 5728/7984/73 5739/7995/73
f 5739/7995/69 5728/7984/69 5727/7983/69
f 5653/7909/98 5741/7997/98 5742/7998/98 5654/7910/98
f 5656/7912/21 5655/7911/21 5743/7999/21 5744/8000/21
f 5653/7909/14 5656/7912/14 5744/8000/14 5741/7997/14
f 5741/7997/15 5744/8000/15 5743/7999/15 5742/7998/15
f 5742/7998/11 5743/7999/11 5655/7911/11 5654/7910/11
f 5745/8001/99 5746/8002/99 5747/8003/99
f 5748/8004/100 5749/8005/100 5750/8006/100
f 5749/8005/101 5745/8001/101 5747/8003/101 5750/8006/101
f 5751/8007/14 5752/8008/14 5753/8009/14 5754/8010/14
f 5748/8004/11 5750/8006/11 5747/8003/11 5746/8002/11
f 5753/8009/102 5752/8008/102 5755/8011/102 5756/8012/102
f 5754/8010/103 5753/8009/103 5756/8012/103 5748/8004/103
f 5751/8007/16 5754/8010/16 5748/8004/16 5746/8002/16
f 5752/8008/104 5751/8007/104 5746/8002/104 5755/8011/104
f 5756/8012/105 5755/8011/105 5757/8013/105 5758/8014/105
f 5758/8014/106 5757/8013/106 5745/8001/106 5749/8005/106
f 5748/8004/107 5756/8012/107 5758/8014/107
f 5748/8004/108 5758/8014/108 5749/8005/108
f 5755/8011/109 5746/8002/109 5757/8013/109
f 5757/8013/110 5746/8002/110 5745/8001/110
f 5759/8015/99 5760/8016/99 5761/8017/99
f 5762/8018/100 5763/8019/100 5764/8020/100
f 5763/8019/101 5759/8015/101 5761/8017/101 5764/8020/101
f 5765/8021/14 5766/8022/14 5767/8023/14 5768/8024/14
f 5762/8018/11 5764/8020/11 5761/8017/11 5760/8016/11
f 5767/8023/102 5766/8022/102 5769/8025/102 5770/8026/102
f 5768/8024/103 5767/8023/103 5770/8026/103 5762/8018/103
f 5765/8021/16 5768/8024/16 5762/8018/16 5760/8016/16
f 5766/8022/104 5765/8021/104 5760/8016/104 5769/8025/104
f 5770/8026/105 5769/8025/105 5771/8027/105 5772/8028/105
f 5772/8028/106 5771/8027/106 5759/8015/106 5763/8019/106
f 5762/8018/111 5770/8026/111 5772/8028/111
f 5762/8018/112 5772/8028/112 5763/8019/112
f 5769/8025/113 5760/8016/113 5771/8027/113
f 5771/8027/110 5760/8016/110 5759/8015/110
f 5773/8029/106 5774/8030/106 5775/8031/106 5776/8032/106
f 5777/8033/11 5778/8034/11 5779/8035/11 5780/8036/11
f 5777/8033/111 5781/8037/111 5773/8029/111
f 5782/8038/113 5780/8036/113 5774/8030/113
f 5781/8037/105 5782/8038/105 5774/8030/105 5773/8029/105
f 5777/8033/108 5773/8029/108 5776/8032/108
f 5783/8039/102 5784/8040/102 5782/8038/102 5781/8037/102
f 5784/8040/104 5785/8041/104 5780/8036/104 5782/8038/104
f 5774/8030/110 5780/8036/110 5775/8031/110
f 5777/8033/100 5776/8032/100 5778/8034/100
f 5775/8031/99 5780/8036/99 5779/8035/99
f 5785/8041/14 5784/8040/14 5783/8039/14 5786/8042/14
f 5776/8032/101 5775/8031/101 5779/8035/101 5778/8034/101
f 5786/8042/103 5783/8039/103 5781/8037/103 5777/8033/103
f 5785/8041/16 5786/8042/16 5777/8033/16 5780/8036/16
f 5787/8043/99 5788/8044/99 5789/8045/99
f 5790/8046/100 5791/8047/100 5792/8048/100
f 5791/8047/101 5787/8043/101 5789/8045/101 5792/8048/101
f 5793/8049/14 5794/8050/14 5795/8051/14 5796/8052/14
f 5790/8046/11 5792/8048/11 5789/8045/11 5788/8044/11
f 5795/8051/102 5794/8050/102 5797/8053/102 5798/8054/102
f 5796/8052/103 5795/8051/103 5798/8054/103 5790/8046/103
f 5793/8049/16 5796/8052/16 5790/8046/16 5788/8044/16
f 5794/8050/104 5793/8049/104 5788/8044/104 5797/8053/104
f 5798/8054/105 5797/8053/105 5799/8055/105 5800/8056/105
f 5800/8056/106 5799/8055/106 5787/8043/106 5791/8047/106
f 5790/8046/114 5798/8054/114 5800/8056/114
f 5790/8046/115 5800/8056/115 5791/8047/115
f 5797/8053/113 5788/8044/113 5799/8055/113
f 5799/8055/110 5788/8044/110 5787/8043/110
f 5801/8057/106 5802/8058/106 5803/8059/106 5804/8060/106
f 5805/8061/11 5806/8062/11 5807/8063/11 5808/8064/11
f 5805/8061/114 5809/8065/114 5801/8057/114
f 5810/8066/113 5808/8064/113 5802/8058/113
f 5809/8065/105 5810/8066/105 5802/8058/105 5801/8057/105
f 5805/8061/108 5801/8057/108 5804/8060/108
f 5811/8067/102 5812/8068/102 5810/8066/102 5809/8065/102
f 5812/8068/104 5813/8069/104 5808/8064/104 5810/8066/104
f 5802/8058/110 5808/8064/110 5803/8059/110
f 5805/8061/100 5804/8060/100 5806/8062/100
f 5803/8059/99 5808/8064/99 5807/8063/99
f 5813/8069/14 5812/8068/14 5811/8067/14 5814/8070/14
f 5804/8060/101 5803/8059/101 5807/8063/101 5806/8062/101
f 5814/8070/103 5811/8067/103 5809/8065/103 5805/8061/103
f 5813/8069/16 5814/8070/16 5805/8061/16 5808/8064/16
f 5815/8071/99 5816/8072/99 5817/8073/99
f 5818/8074/100 5819/8075/100 5820/8076/100
f 5819/8075/101 5815/8071/101 5817/8073/101 5820/8076/101
f 5821/8077/14 5822/8078/14 5823/8079/14 5824/8080/14
f 5818/8074/11 5820/8076/11 5817/8073/11 5816/8072/11
f 5823/8079/102 5822/8078/102 5825/8081/102 5826/8082/102
f 5824/8080/103 5823/8079/103 5826/8082/103 5818/8074/103
f 5821/8077/16 5824/8080/16 5818/8074/16 5816/8072/16
f 5822/8078/104 5821/8077/104 5816/8072/104 5825/8081/104
f 5826/8082/105 5825/8081/105 5827/8083/105 5828/8084/105
f 5828/8084/106 5827/8083/106 5815/8071/106 5819/8075/106
f 5818/8074/111 5826/8082/111 5828/8084/111
f 5818/8074/108 5828/8084/108 5819/8075/108
f 5825/8081/113 5816/8072/113 5827/8083/113
f 5827/8083/110 5816/8072/110 5815/8071/110
f 5829/8085/15 5830/8086/15 5831/8087/15 5832/8088/15
f 5833/8089/19 5834/8090/19 5835/8091/19 5836/8092/19
f 5829/8085/14 5832/8088/14 5834/8090/14 5833/8089/14
f 5831/8087/11 5830/8086/11 5836/8092/11 5835/8091/11
f 5837/8093/60 5838/8094/60 5839/8095/60
f 5840/8096/61 5841/8097/61 5842/8098/61
f 5842/8098/62 5841/8097/62 5838/8094/62 5837/8093/62
f 5843/8099/14 5844/8100/14 5845/8101/14 5846/8102/14
f 5840/8096/11 5839/8095/11 5838/8094/11 5841/8097/11
f 5845/8101/63 5847/8103/63 5848/8104/63 5846/8102/63
f 5844/8100/64 5840/8096/64 5847/8103/64 5845/8101/64
f 5843/8099/15 5839/8095/15 5840/8096/15 5844/8100/15
f 5846/8102/65 5848/8104/65 5839/8095/65 5843/8099/65
f 5847/8103/66 5849/8105/66 5850/8106/66 5848/8104/66
f 5849/8105/116 5842/8098/116 5837/8093/116 5850/8106/116
f 5840/8096/68 5849/8105/68 5847/8103/68
f 5840/8096/69 5842/8098/69 5849/8105/69
f 5848/8104/70 5850/8106/70 5839/8095/70
f 5850/8106/71 5837/8093/71 5839/8095/71
f 5851/8107/60 5852/8108/60 5853/8109/60
f 5854/8110/61 5855/8111/61 5856/8112/61
f 5856/8112/62 5855/8111/62 5852/8108/62 5851/8107/62
f 5857/8113/14 5858/8114/14 5859/8115/14 5860/8116/14
f 5854/8110/11 5853/8109/11 5852/8108/11 5855/8111/11
f 5859/8115/63 5861/8117/63 5862/8118/63 5860/8116/63
f 5858/8114/64 5854/8110/64 5861/8117/64 5859/8115/64
f 5857/8113/15 5853/8109/15 5854/8110/15 5858/8114/15
f 5860/8116/65 5862/8118/65 5853/8109/65 5857/8113/65
f 5861/8117/66 5863/8119/66 5864/8120/66 5862/8118/66
f 5863/8119/116 5856/8112/116 5851/8107/116 5864/8120/116
f 5854/8110/73 5863/8119/73 5861/8117/73
f 5854/8110/69 5856/8112/69 5863/8119/69
f 5862/8118/70 5864/8120/70 5853/8109/70
f 5864/8120/71 5851/8107/71 5853/8109/71
f 5865/8121/116 5866/8122/116 5867/8123/116 5868/8124/116
f 5869/8125/11 5870/8126/11 5871/8127/11 5872/8128/11
f 5869/8125/68 5865/8121/68 5873/8129/68
f 5874/8130/74 5868/8124/74 5870/8126/74
f 5873/8129/66 5865/8121/66 5868/8124/66 5874/8130/66
f 5869/8125/69 5866/8122/69 5865/8121/69
f 5875/8131/63 5873/8129/63 5874/8130/63 5876/8132/63
f 5876/8132/65 5874/8130/65 5870/8126/65 5877/8133/65
f 5868/8124/71 5867/8123/71 5870/8126/71
f 5869/8125/61 5872/8128/61 5866/8122/61
f 5867/8123/60 5871/8127/60 5870/8126/60
f 5877/8133/14 5878/8134/14 5875/8131/14 5876/8132/14
f 5866/8122/62 5872/8128/62 5871/8127/62 5867/8123/62
f 5878/8134/64 5869/8125/64 5873/8129/64 5875/8131/64
f 5877/8133/15 5870/8126/15 5869/8125/15 5878/8134/15
f 5879/8135/60 5880/8136/60 5881/8137/60
f 5882/8138/61 5883/8139/61 5884/8140/61
f 5884/8140/62 5883/8139/62 5880/8136/62 5879/8135/62
f 5885/8141/14 5886/8142/14 5887/8143/14 5888/8144/14
f 5882/8138/11 5881/8137/11 5880/8136/11 5883/8139/11
f 5887/8143/63 5889/8145/63 5890/8146/63 5888/8144/63
f 5886/8142/64 5882/8138/64 5889/8145/64 5887/8143/64
f 5885/8141/15 5881/8137/15 5882/8138/15 5886/8142/15
f 5888/8144/65 5890/8146/65 5881/8137/65 5885/8141/65
f 5889/8145/66 5891/8147/66 5892/8148/66 5890/8146/66
f 5891/8147/116 5884/8140/116 5879/8135/116 5892/8148/116
f 5882/8138/68 5891/8147/68 5889/8145/68
f 5882/8138/69 5884/8140/69 5891/8147/69
f 5890/8146/74 5892/8148/74 5881/8137/74
f 5892/8148/71 5879/8135/71 5881/8137/71
f 5893/8149/116 5894/8150/116 5895/8151/116 5896/8152/116
f 5897/8153/11 5898/8154/11 5899/8155/11 5900/8156/11
f 5897/8153/73 5893/8149/73 5901/8157/73
f 5902/8158/70 5896/8152/70 5898/8154/70
f 5901/8157/66 5893/8149/66 5896/8152/66 5902/8158/66
f 5897/8153/69 5894/8150/69 5893/8149/69
f 5903/8159/63 5901/8157/63 5902/8158/63 5904/8160/63
f 5904/8160/65 5902/8158/65 5898/8154/65 5905/8161/65
f 5896/8152/76 5895/8151/76 5898/8154/76
f 5897/8153/61 5900/8156/61 5894/8150/61
f 5895/8151/60 5899/8155/60 5898/8154/60
f 5905/8161/14 5906/8162/14 5903/8159/14 5904/8160/14
f 5894/8150/62 5900/8156/62 5899/8155/62 5895/8151/62
f 5906/8162/64 5897/8153/64 5901/8157/64 5903/8159/64
f 5905/8161/15 5898/8154/15 5897/8153/15 5906/8162/15
f 5907/8163/60 5908/8164/60 5909/8165/60
f 5910/8166/61 5911/8167/61 5912/8168/61
f 5912/8168/62 5911/8167/62 5908/8164/62 5907/8163/62
f 5913/8169/14 5914/8170/14 5915/8171/14 5916/8172/14
f 5910/8166/11 5909/8165/11 5908/8164/11 5911/8167/11
f 5915/8171/63 5917/8173/63 5918/8174/63 5916/8172/63
f 5914/8170/64 5910/8166/64 5917/8173/64 5915/8171/64
f 5913/8169/15 5909/8165/15 5910/8166/15 5914/8170/15
f 5916/8172/65 5918/8174/65 5909/8165/65 5913/8169/65
f 5917/8173/66 5919/8175/66 5920/8176/66 5918/8174/66
f 5919/8175/116 5912/8168/116 5907/8163/116 5920/8176/116
f 5910/8166/73 5919/8175/73 5917/8173/73
f 5910/8166/77 5912/8168/77 5919/8175/77
f 5918/8174/74 5920/8176/74 5909/8165/74
f 5920/8176/71 5907/8163/71 5909/8165/71
f 5832/8088/79 5831/8087/79 5921/8177/79 5922/8178/79
f 5834/8090/16 5923/8179/16 5924/8180/16 5835/8091/16
f 5832/8088/14 5922/8178/14 5923/8179/14 5834/8090/14
f 5922/8178/15 5921/8177/15 5924/8180/15 5923/8179/15
f 5921/8177/11 5831/8087/11 5835/8091/11 5924/8180/11
f 5925/8181/80 5926/8182/80 5927/8183/80
f 5928/8184/81 5929/8185/81 5930/8186/81
f 5930/8186/117 5929/8185/117 5926/8182/117 5925/8181/117
f 5931/8187/14 5932/8188/14 5933/8189/14 5934/8190/14
f 5928/8184/11 5927/8183/11 5926/8182/11 5929/8185/11
f 5933/8189/83 5935/8191/83 5936/8192/83 5934/8190/83
f 5932/8188/84 5928/8184/84 5935/8191/84 5933/8189/84
f 5931/8187/21 5927/8183/21 5928/8184/21 5932/8188/21
f 5934/8190/85 5936/8192/85 5927/8183/85 5931/8187/85
f 5935/8191/118 5937/8193/118 5938/8194/118 5936/8192/118
f 5937/8193/119 5930/8186/119 5925/8181/119 5938/8194/119
f 5928/8184/88 5937/8193/88 5935/8191/88
f 5928/8184/89 5930/8186/89 5937/8193/89
f 5936/8192/90 5938/8194/90 5927/8183/90
f 5938/8194/91 5925/8181/91 5927/8183/91
f 5939/8195/80 5940/8196/80 5941/8197/80
f 5942/8198/81 5943/8199/81 5944/8200/81
f 5944/8200/117 5943/8199/117 5940/8196/117 5939/8195/117
f 5945/8201/14 5946/8202/14 5947/8203/14 5948/8204/14
f 5942/8198/11 5941/8197/11 5940/8196/11 5943/8199/11
f 5947/8203/83 5949/8205/83 5950/8206/83 5948/8204/83
f 5946/8202/84 5942/8198/84 5949/8205/84 5947/8203/84
f 5945/8201/21 5941/8197/21 5942/8198/21 5946/8202/21
f 5948/8204/85 5950/8206/85 5941/8197/85 5945/8201/85
f 5949/8205/118 5951/8207/118 5952/8208/118 5950/8206/118
f 5951/8207/119 5944/8200/119 5939/8195/119 5952/8208/119
f 5942/8198/92 5951/8207/92 5949/8205/92
f 5942/8198/89 5944/8200/89 5951/8207/89
f 5950/8206/93 5952/8208/93 5941/8197/93
f 5952/8208/91 5939/8195/91 5941/8197/91
f 5953/8209/119 5954/8210/119 5955/8211/119 5956/8212/119
f 5957/8213/11 5958/8214/11 5959/8215/11 5960/8216/11
f 5957/8213/88 5953/8209/88 5961/8217/88
f 5962/8218/94 5956/8212/94 5958/8214/94
f 5961/8217/118 5953/8209/118 5956/8212/118 5962/8218/118
f 5957/8213/89 5954/8210/89 5953/8209/89
f 5963/8219/83 5961/8217/83 5962/8218/83 5964/8220/83
f 5964/8220/85 5962/8218/85 5958/8214/85 5965/8221/85
f 5956/8212/91 5955/8211/91 5958/8214/91
f 5957/8213/81 5960/8216/81 5954/8210/81
f 5955/8211/80 5959/8215/80 5958/8214/80
f 5965/8221/14 5966/8222/14 5963/8219/14 5964/8220/14
f 5954/8210/117 5960/8216/117 5959/8215/117 5955/8211/117
f 5966/8222/84 5957/8213/84 5961/8217/84 5963/8219/84
f 5965/8221/21 5958/8214/21 5957/8213/21 5966/8222/21
f 5967/8223/80 5968/8224/80 5969/8225/80
f 5970/8226/81 5971/8227/81 5972/8228/81
f 5972/8228/117 5971/8227/117 5968/8224/117 5967/8223/117
f 5973/8229/14 5974/8230/14 5975/8231/14 5976/8232/14
f 5970/8226/11 5969/8225/11 5968/8224/11 5971/8227/11
f 5975/8231/83 5977/8233/83 5978/8234/83 5976/8232/83
f 5974/8230/84 5970/8226/84 5977/8233/84 5975/8231/84
f 5973/8229/21 5969/8225/21 5970/8226/21 5974/8230/21
f 5976/8232/85 5978/8234/85 5969/8225/85 5973/8229/85
f 5977/8233/118 5979/8235/118 5980/8236/118 5978/8234/118
f 5979/8235/119 5972/8228/119 5967/8223/119 5980/8236/119
f 5970/8226/88 5979/8235/88 5977/8233/88
f 5970/8226/89 5972/8228/89 5979/8235/89
f 5978/8234/93 5980/8236/93 5969/8225/93
f 5980/8236/91 5967/8223/91 5969/8225/91
f 5981/8237/119 5982/8238/119 5983/8239/119 5984/8240/119
f 5985/8241/11 5986/8242/11 5987/8243/11 5988/8244/11
f 5985/8241/96 5981/8237/96 5989/8245/96
f 5990/8246/90 5984/8240/90 5986/8242/90
f 5989/8245/86 5981/8237/86 5984/8240/86 5990/8246/86
f 5985/8241/89 5982/8238/89 5981/8237/89
f 5991/8247/83 5989/8245/83 5990/8246/83 5992/8248/83
f 5992/8248/85 5990/8246/85 5986/8242/85 5993/8249/85
f 5984/8240/91 5983/8239/91 5986/8242/91
f 5985/8241/81 5988/8244/81 5982/8238/81
f 5983/8239/80 5987/8243/80 5986/8242/80
f 5993/8249/14 5994/8250/14 5991/8247/14 5992/8248/14
f 5982/8238/120 5988/8244/120 5987/8243/120 5983/8239/120
f 5994/8250/84 5985/8241/84 5989/8245/84 5991/8247/84
f 5993/8249/21 5986/8242/21 5985/8241/21 5994/8250/21
f 5995/8251/80 5996/8252/80 5997/8253/80
f 5998/8254/81 5999/8255/81 6000/8256/81
f 6000/8256/117 5999/8255/117 5996/8252/117 5995/8251/117
f 6001/8257/14 6002/8258/14 6003/8259/14 6004/8260/14
f 5998/8254/11 5997/8253/11 5996/8252/11 5999/8255/11
f 6003/8259/83 6005/8261/83 6006/8262/83 6004/8260/83
f 6002/8258/84 5998/8254/84 6005/8261/84 6003/8259/84
f 6001/8257/21 5997/8253/21 5998/8254/21 6002/8258/21
f 6004/8260/85 6006/8262/85 5997/8253/85 6001/8257/85
f 6005/8261/118 6007/8263/118 6008/8264/118 6006/8262/118
f 6007/8263/119 6000/8256/119 5995/8251/119 6008/8264/119
f 5998/8254/96 6007/8263/96 6005/8261/96
f 5998/8254/89 6000/8256/89 6007/8263/89
f 6006/8262/90 6008/8264/90 5997/8253/90
f 6008/8264/91 5995/8251/91 5997/8253/91
f 5829/8085/15 6009/8265/15 6010/8266/15 5830/8086/15
f 5833/8089/19 5836/8092/19 6011/8267/19 6012/8268/19
f 5829/8085/14 5833/8089/14 6012/8268/14 6009/8265/14
f 6010/8266/11 6011/8267/11 5836/8092/11 5830/8086/11
f 6013/8269/61 6014/8270/61 6015/8271/61
f 6016/8272/60 6017/8273/60 6018/8274/60
f 6017/8273/62 6013/8269/62 6015/8271/62 6018/8274/62
f 6019/8275/14 6020/8276/14 6021/8277/14 6022/8278/14
f 6016/8272/11 6018/8274/11 6015/8271/11 6014/8270/11
f 6021/8277/63 6020/8276/63 6023/8279/63 6024/8280/63
f 6022/8278/65 6021/8277/65 6024/8280/65 6016/8272/65
f 6019/8275/15 6022/8278/15 6016/8272/15 6014/8270/15
f 6020/8276/64 6019/8275/64 6014/8270/64 6023/8279/64
f 6024/8280/66 6023/8279/66 6025/8281/66 6026/8282/66
f 6026/8282/116 6025/8281/116 6013/8269/116 6017/8273/116
f 6016/8272/74 6024/8280/74 6026/8282/74
f 6016/8272/71 6026/8282/71 6017/8273/71
f 6023/8279/68 6014/8270/68 6025/8281/68
f 6025/8281/69 6014/8270/69 6013/8269/69
f 6027/8283/61 6028/8284/61 6029/8285/61
f 6030/8286/60 6031/8287/60 6032/8288/60
f 6031/8287/62 6027/8283/62 6029/8285/62 6032/8288/62
f 6033/8289/14 6034/8290/14 6035/8291/14 6036/8292/14
f 6030/8286/11 6032/8288/11 6029/8285/11 6028/8284/11
f 6035/8291/63 6034/8290/63 6037/8293/63 6038/8294/63
f 6036/8292/65 6035/8291/65 6038/8294/65 6030/8286/65
f 6033/8289/15 6036/8292/15 6030/8286/15 6028/8284/15
f 6034/8290/64 6033/8289/64 6028/8284/64 6037/8293/64
f 6038/8294/66 6037/8293/66 6039/8295/66 6040/8296/66
f 6040/8296/116 6039/8295/116 6027/8283/116 6031/8287/116
f 6030/8286/74 6038/8294/74 6040/8296/74
f 6030/8286/71 6040/8296/71 6031/8287/71
f 6037/8293/68 6028/8284/68 6039/8295/68
f 6039/8295/69 6028/8284/69 6027/8283/69
f 6041/8297/116 6042/8298/116 6043/8299/116 6044/8300/116
f 6045/8301/11 6046/8302/11 6047/8303/11 6048/8304/11
f 6045/8301/70 6049/8305/70 6041/8297/70
f 6050/8306/68 6048/8304/68 6042/8298/68
f 6049/8305/66 6050/8306/66 6042/8298/66 6041/8297/66
f 6045/8301/71 6041/8297/71 6044/8300/71
f 6051/8307/63 6052/8308/63 6050/8306/63 6049/8305/63
f 6052/8308/64 6053/8309/64 6048/8304/64 6050/8306/64
f 6042/8298/69 6048/8304/69 6043/8299/69
f 6045/8301/60 6044/8300/60 6046/8302/60
f 6043/8299/61 6048/8304/61 6047/8303/61
f 6053/8309/14 6052/8308/14 6051/8307/14 6054/8310/14
f 6044/8300/62 6043/8299/62 6047/8303/62 6046/8302/62
f 6054/8310/65 6051/8307/65 6049/8305/65 6045/8301/65
f 6053/8309/15 6054/8310/15 6045/8301/15 6048/8304/15
f 6055/8311/61 6056/8312/61 6057/8313/61
f 6058/8314/60 6059/8315/60 6060/8316/60
f 6059/8315/97 6055/8311/97 6057/8313/97 6060/8316/97
f 6061/8317/14 6062/8318/14 6063/8319/14 6064/8320/14
f 6058/8314/11 6060/8316/11 6057/8313/11 6056/8312/11
f 6063/8319/63 6062/8318/63 6065/8321/63 6066/8322/63
f 6064/8320/65 6063/8319/65 6066/8322/65 6058/8314/65
f 6061/8317/15 6064/8320/15 6058/8314/15 6056/8312/15
f 6062/8318/64 6061/8317/64 6056/8312/64 6065/8321/64
f 6066/8322/66 6065/8321/66 6067/8323/66 6068/8324/66
f 6068/8324/116 6067/8323/116 6055/8311/116 6059/8315/116
f 6058/8314/70 6066/8322/70 6068/8324/70
f 6058/8314/71 6068/8324/71 6059/8315/71
f 6065/8321/68 6056/8312/68 6067/8323/68
f 6067/8323/69 6056/8312/69 6055/8311/69
f 6069/8325/116 6070/8326/116 6071/8327/116 6072/8328/116
f 6073/8329/11 6074/8330/11 6075/8331/11 6076/8332/11
f 6073/8329/74 6077/8333/74 6069/8325/74
f 6078/8334/75 6076/8332/75 6070/8326/75
f 6077/8333/66 6078/8334/66 6070/8326/66 6069/8325/66
f 6073/8329/121 6069/8325/121 6072/8328/121
f 6079/8335/63 6080/8336/63 6078/8334/63 6077/8333/63
f 6080/8336/64 6081/8337/64 6076/8332/64 6078/8334/64
f 6070/8326/69 6076/8332/69 6071/8327/69
f 6073/8329/60 6072/8328/60 6074/8330/60
f 6071/8327/61 6076/8332/61 6075/8331/61
f 6081/8337/14 6080/8336/14 6079/8335/14 6082/8338/14
f 6072/8328/122 6071/8327/122 6075/8331/122 6074/8330/122
f 6082/8338/65 6079/8335/65 6077/8333/65 6073/8329/65
f 6081/8337/15 6082/8338/15 6073/8329/15 6076/8332/15
f 6083/8339/61 6084/8340/61 6085/8341/61
f 6086/8342/60 6087/8343/60 6088/8344/60
f 6087/8343/97 6083/8339/97 6085/8341/97 6088/8344/97
f 6089/8345/14 6090/8346/14 6091/8347/14 6092/8348/14
f 6086/8342/11 6088/8344/11 6085/8341/11 6084/8340/11
f 6091/8347/63 6090/8346/63 6093/8349/63 6094/8350/63
f 6092/8348/65 6091/8347/65 6094/8350/65 6086/8342/65
f 6089/8345/15 6092/8348/15 6086/8342/15 6084/8340/15
f 6090/8346/64 6089/8345/64 6084/8340/64 6093/8349/64
f 6094/8350/66 6093/8349/66 6095/8351/66 6096/8352/66
f 6096/8352/116 6095/8351/116 6083/8339/116 6087/8343/116
f 6086/8342/78 6094/8350/78 6096/8352/78
f 6086/8342/71 6096/8352/71 6087/8343/71
f 6093/8349/73 6084/8340/73 6095/8351/73
f 6095/8351/69 6084/8340/69 6083/8339/69
f 6009/8265/98 6097/8353/98 6098/8354/98 6010/8266/98
f 6012/8268/21 6011/8267/21 6099/8355/21 6100/8356/21
f 6009/8265/14 6012/8268/14 6100/8356/14 6097/8353/14
f 6097/8353/15 6100/8356/15 6099/8355/15 6098/8354/15
f 6098/8354/11 6099/8355/11 6011/8267/11 6010/8266/11
f 6101/8357/99 6102/8358/99 6103/8359/99
f 6104/8360/100 6105/8361/100 6106/8362/100
f 6105/8361/123 6101/8357/123 6103/8359/123 6106/8362/123
f 6107/8363/14 6108/8364/14 6109/8365/14 6110/8366/14
f 6104/8360/11 6106/8362/11 6103/8359/11 6102/8358/11
f 6109/8365/102 6108/8364/102 6111/8367/102 6112/8368/102
f 6110/8366/103 6109/8365/103 6112/8368/103 6104/8360/103
f 6107/8363/16 6110/8366/16 6104/8360/16 6102/8358/16
f 6108/8364/104 6107/8363/104 6102/8358/104 6111/8367/104
f 6112/8368/105 6111/8367/105 6113/8369/105 6114/8370/105
f 6114/8370/106 6113/8369/106 6101/8357/106 6105/8361/106
f 6104/8360/111 6112/8368/111 6114/8370/111
f 6104/8360/108 6114/8370/108 6105/8361/108
f 6111/8367/113 6102/8358/113 6113/8369/113
f 6113/8369/110 6102/8358/110 6101/8357/110
f 6115/8371/99 6116/8372/99 6117/8373/99
f 6118/8374/100 6119/8375/100 6120/8376/100
f 6119/8375/124 6115/8371/124 6117/8373/124 6120/8376/124
f 6121/8377/14 6122/8378/14 6123/8379/14 6124/8380/14
f 6118/8374/11 6120/8376/11 6117/8373/11 6116/8372/11
f 6123/8379/102 6122/8378/102 6125/8381/102 6126/8382/102
f 6124/8380/103 6123/8379/103 6126/8382/103 6118/8374/103
f 6121/8377/16 6124/8380/16 6118/8374/16 6116/8372/16
f 6122/8378/104 6121/8377/104 6116/8372/104 6125/8381/104
f 6126/8382/105 6125/8381/105 6127/8383/105 6128/8384/105
f 6128/8384/106 6127/8383/106 6115/8371/106 6119/8375/106
f 6118/8374/111 6126/8382/111 6128/8384/111
f 6118/8374/108 6128/8384/108 6119/8375/108
f 6125/8381/113 6116/8372/113 6127/8383/113
f 6127/8383/110 6116/8372/110 6115/8371/110
f 6129/8385/106 6130/8386/106 6131/8387/106 6132/8388/106
f 6133/8389/11 6134/8390/11 6135/8391/11 6136/8392/11
f 6133/8389/111 6137/8393/111 6129/8385/111
f 6138/8394/113 6136/8392/113 6130/8386/113
f 6137/8393/105 6138/8394/105 6130/8386/105 6129/8385/105
f 6133/8389/108 6129/8385/108 6132/8388/108
f 6139/8395/102 6140/8396/102 6138/8394/102 6137/8393/102
f 6140/8396/104 6141/8397/104 6136/8392/104 6138/8394/104
f 6130/8386/110 6136/8392/110 6131/8387/110
f 6133/8389/100 6132/8388/100 6134/8390/100
f 6131/8387/99 6136/8392/99 6135/8391/99
f 6141/8397/14 6140/8396/14 6139/8395/14 6142/8398/14
f 6132/8388/101 6131/8387/101 6135/8391/101 6134/8390/101
f 6142/8398/103 6139/8395/103 6137/8393/103 6133/8389/103
f 6141/8397/16 6142/8398/16 6133/8389/16 6136/8392/16
f 6143/8399/99 6144/8400/99 6145/8401/99
f 6146/8402/100 6147/8403/100 6148/8404/100
f 6147/8403/101 6143/8399/101 6145/8401/101 6148/8404/101
f 6149/8405/14 6150/8406/14 6151/8407/14 6152/8408/14
f 6146/8402/11 6148/8404/11 6145/8401/11 6144/8400/11
f 6151/8407/102 6150/8406/102 6153/8409/102 6154/8410/102
f 6152/8408/103 6151/8407/103 6154/8410/103 6146/8402/103
f 6149/8405/16 6152/8408/16 6146/8402/16 6144/8400/16
f 6150/8406/104 6149/8405/104 6144/8400/104 6153/8409/104
f 6154/8410/105 6153/8409/105 6155/8411/105 6156/8412/105
f 6156/8412/106 6155/8411/106 6143/8399/106 6147/8403/106
f 6146/8402/114 6154/8410/114 6156/8412/114
f 6146/8402/115 6156/8412/115 6147/8403/115
f 6153/8409/113 6144/8400/113 6155/8411/113
f 6155/8411/110 6144/8400/110 6143/8399/110
f 6157/8413/106 6158/8414/106 6159/8415/106 6160/8416/106
f 6161/8417/11 6162/8418/11 6163/8419/11 6164/8420/11
f 6161/8417/114 6165/8421/114 6157/8413/114
f 6166/8422/113 6164/8420/113 6158/8414/113
f 6165/8421/105 6166/8422/105 6158/8414/105 6157/8413/105
f 6161/8417/108 6157/8413/108 6160/8416/108
f 6167/8423/102 6168/8424/102 6166/8422/102 6165/8421/102
f 6168/8424/104 6169/8425/104 6164/8420/104 6166/8422/104
f 6158/8414/110 6164/8420/110 6159/8415/110
f 6161/8417/100 6160/8416/100 6162/8418/100
f 6159/8415/99 6164/8420/99 6163/8419/99
f 6169/8425/14 6168/8424/14 6167/8423/14 6170/8426/14
f 6160/8416/123 6159/8415/123 6163/8419/123 6162/8418/123
f 6170/8426/103 6167/8423/103 6165/8421/103 6161/8417/103
f 6169/8425/16 6170/8426/16 6161/8417/16 6164/8420/16
f 6171/8427/99 6172/8428/99 6173/8429/99
f 6174/8430/100 6175/8431/100 6176/8432/100
f 6175/8431/123 6171/8427/123 6173/8429/123 6176/8432/123
f 6177/8433/14 6178/8434/14 6179/8435/14 6180/8436/14
f 6174/8430/11 6176/8432/11 6173/8429/11 6172/8428/11
f 6179/8435/102 6178/8434/102 6181/8437/102 6182/8438/102
f 6180/8436/103 6179/8435/103 6182/8438/103 6174/8430/103
f 6177/8433/16 6180/8436/16 6174/8430/16 6172/8428/16
f 6178/8434/104 6177/8433/104 6172/8428/104 6181/8437/104
f 6182/8438/105 6181/8437/105 6183/8439/105 6184/8440/105
f 6184/8440/106 6183/8439/106 6171/8427/106 6175/8431/106
f 6174/8430/111 6182/8438/111 6184/8440/111
f 6174/8430/108 6184/8440/108 6175/8431/108
f 6181/8437/113 6172/8428/113 6183/8439/113
f 6183/8439/110 6172/8428/110 6171/8427/110
f 6185/8441/15 6186/8442/15 6187/8443/15 6188/8444/15
f 6189/8445/19 6190/8446/19 6191/8447/19 6192/8448/19
f 6185/8441/14 6188/8444/14 6190/8446/14 6189/8445/14
f 6187/8443/11 6186/8442/11 6192/8448/11 6191/8447/11
f 6193/8449/60 6194/8450/60 6195/8451/60
f 6196/8452/61 6197/8453/61 6198/8454/61
f 6198/8454/62 6197/8453/62 6194/8450/62 6193/8449/62
f 6199/8455/14 6200/8456/14 6201/8457/14 6202/8458/14
f 6196/8452/11 6195/8451/11 6194/8450/11 6197/8453/11
f 6201/8457/63 6203/8459/63 6204/8460/63 6202/8458/63
f 6200/8456/64 6196/8452/64 6203/8459/64 6201/8457/64
f 6199/8455/15 6195/8451/15 6196/8452/15 6200/8456/15
f 6202/8458/65 6204/8460/65 6195/8451/65 6199/8455/65
f 6203/8459/66 6205/8461/66 6206/8462/66 6204/8460/66
f 6205/8461/116 6198/8454/116 6193/8449/116 6206/8462/116
f 6196/8452/68 6205/8461/68 6203/8459/68
f 6196/8452/69 6198/8454/69 6205/8461/69
f 6204/8460/70 6206/8462/70 6195/8451/70
f 6206/8462/71 6193/8449/71 6195/8451/71
f 6207/8463/60 6208/8464/60 6209/8465/60
f 6210/8466/61 6211/8467/61 6212/8468/61
f 6212/8468/62 6211/8467/62 6208/8464/62 6207/8463/62
f 6213/8469/14 6214/8470/14 6215/8471/14 6216/8472/14
f 6210/8466/11 6209/8465/11 6208/8464/11 6211/8467/11
f 6215/8471/63 6217/8473/63 6218/8474/63 6216/8472/63
f 6214/8470/64 6210/8466/64 6217/8473/64 6215/8471/64
f 6213/8469/15 6209/8465/15 6210/8466/15 6214/8470/15
f 6216/8472/65 6218/8474/65 6209/8465/65 6213/8469/65
f 6217/8473/66 6219/8475/66 6220/8476/66 6218/8474/66
f 6219/8475/116 6212/8468/116 6207/8463/116 6220/8476/116
f 6210/8466/73 6219/8475/73 6217/8473/73
f 6210/8466/69 6212/8468/69 6219/8475/69
f 6218/8474/70 6220/8476/70 6209/8465/70
f 6220/8476/71 6207/8463/71 6209/8465/71
f 6221/8477/116 6222/8478/116 6223/8479/116 6224/8480/116
f 6225/8481/11 6226/8482/11 6227/8483/11 6228/8484/11
f 6225/8481/68 6221/8477/68 6229/8485/68
f 6230/8486/74 6224/8480/74 6226/8482/74
f 6229/8485/66 6221/8477/66 6224/8480/66 6230/8486/66
f 6225/8481/69 6222/8478/69 6221/8477/69
f 6231/8487/63 6229/8485/63 6230/8486/63 6232/8488/63
f 6232/8488/65 6230/8486/65 6226/8482/65 6233/8489/65
f 6224/8480/121 6223/8479/121 6226/8482/121
f 6225/8481/61 6228/8484/61 6222/8478/61
f 6223/8479/60 6227/8483/60 6226/8482/60
f 6233/8489/14 6234/8490/14 6231/8487/14 6232/8488/14
f 6222/8478/62 6228/8484/62 6227/8483/62 6223/8479/62
f 6234/8490/64 6225/8481/64 6229/8485/64 6231/8487/64
f 6233/8489/15 6226/8482/15 6225/8481/15 6234/8490/15
f 6235/8491/60 6236/8492/60 6237/8493/60
f 6238/8494/61 6239/8495/61 6240/8496/61
f 6240/8496/62 6239/8495/62 6236/8492/62 6235/8491/62
f 6241/8497/14 6242/8498/14 6243/8499/14 6244/8500/14
f 6238/8494/11 6237/8493/11 6236/8492/11 6239/8495/11
f 6243/8499/63 6245/8501/63 6246/8502/63 6244/8500/63
f 6242/8498/64 6238/8494/64 6245/8501/64 6243/8499/64
f 6241/8497/15 6237/8493/15 6238/8494/15 6242/8498/15
f 6244/8500/65 6246/8502/65 6237/8493/65 6241/8497/65
f 6245/8501/66 6247/8503/66 6248/8504/66 6246/8502/66
f 6247/8503/116 6240/8496/116 6235/8491/116 6248/8504/116
f 6238/8494/68 6247/8503/68 6245/8501/68
f 6238/8494/69 6240/8496/69 6247/8503/69
f 6246/8502/74 6248/8504/74 6237/8493/74
f 6248/8504/71 6235/8491/71 6237/8493/71
f 6249/8505/116 6250/8506/116 6251/8507/116 6252/8508/116
f 6253/8509/11 6254/8510/11 6255/8511/11 6256/8512/11
f 6253/8509/75 6249/8505/75 6257/8513/75
f 6258/8514/70 6252/8508/70 6254/8510/70
f 6257/8513/66 6249/8505/66 6252/8508/66 6258/8514/66
f 6253/8509/69 6250/8506/69 6249/8505/69
f 6259/8515/63 6257/8513/63 6258/8514/63 6260/8516/63
f 6260/8516/65 6258/8514/65 6254/8510/65 6261/8517/65
f 6252/8508/76 6251/8507/76 6254/8510/76
f 6253/8509/61 6256/8512/61 6250/8506/61
f 6251/8507/60 6255/8511/60 6254/8510/60
f 6261/8517/14 6262/8518/14 6259/8515/14 6260/8516/14
f 6250/8506/62 6256/8512/62 6255/8511/62 6251/8507/62
f 6262/8518/64 6253/8509/64 6257/8513/64 6259/8515/64
f 6261/8517/15 6254/8510/15 6253/8509/15 6262/8518/15
f 6263/8519/60 6264/8520/60 6265/8521/60
f 6266/8522/61 6267/8523/61 6268/8524/61
f 6268/8524/62 6267/8523/62 6264/8520/62 6263/8519/62
f 6269/8525/14 6270/8526/14 6271/8527/14 6272/8528/14
f 6266/8522/11 6265/8521/11 6264/8520/11 6267/8523/11
f 6271/8527/63 6273/8529/63 6274/8530/63 6272/8528/63
f 6270/8526/64 6266/8522/64 6273/8529/64 6271/8527/64
f 6269/8525/15 6265/8521/15 6266/8522/15 6270/8526/15
f 6272/8528/65 6274/8530/65 6265/8521/65 6269/8525/65
f 6273/8529/66 6275/8531/66 6276/8532/66 6274/8530/66
f 6275/8531/116 6268/8524/116 6263/8519/116 6276/8532/116
f 6266/8522/73 6275/8531/73 6273/8529/73
f 6266/8522/69 6268/8524/69 6275/8531/69
f 6274/8530/78 6276/8532/78 6265/8521/78
f 6276/8532/71 6263/8519/71 6265/8521/71
f 6188/8444/79 6187/8443/79 6277/8533/79 6278/8534/79
f 6190/8446/16 6279/8535/16 6280/8536/16 6191/8447/16
f 6188/8444/14 6278/8534/14 6279/8535/14 6190/8446/14
f 6278/8534/15 6277/8533/15 6280/8536/15 6279/8535/15
f 6277/8533/11 6187/8443/11 6191/8447/11 6280/8536/11
f 6281/8537/80 6282/8538/80 6283/8539/80
f 6284/8540/81 6285/8541/81 6286/8542/81
f 6286/8542/82 6285/8541/82 6282/8538/82 6281/8537/82
f 6287/8543/14 6288/8544/14 6289/8545/14 6290/8546/14
f 6284/8540/11 6283/8539/11 6282/8538/11 6285/8541/11
f 6289/8545/83 6291/8547/83 6292/8548/83 6290/8546/83
f 6288/8544/84 6284/8540/84 6291/8547/84 6289/8545/84
f 6287/8543/21 6283/8539/21 6284/8540/21 6288/8544/21
f 6290/8546/85 6292/8548/85 6283/8539/85 6287/8543/85
f 6291/8547/86 6293/8549/86 6294/8550/86 6292/8548/86
f 6293/8549/87 6286/8542/87 6281/8537/87 6294/8550/87
f 6284/8540/88 6293/8549/88 6291/8547/88
f 6284/8540/89 6286/8542/89 6293/8549/89
f 6292/8548/90 6294/8550/90 6283/8539/90
f 6294/8550/91 6281/8537/91 6283/8539/91
f 6295/8551/80 6296/8552/80 6297/8553/80
f 6298/8554/81 6299/8555/81 6300/8556/81
f 6300/8556/82 6299/8555/82 6296/8552/82 6295/8551/82
f 6301/8557/14 6302/8558/14 6303/8559/14 6304/8560/14
f 6298/8554/11 6297/8553/11 6296/8552/11 6299/8555/11
f 6303/8559/83 6305/8561/83 6306/8562/83 6304/8560/83
f 6302/8558/84 6298/8554/84 6305/8561/84 6303/8559/84
f 6301/8557/21 6297/8553/21 6298/8554/21 6302/8558/21
f 6304/8560/85 6306/8562/85 6297/8553/85 6301/8557/85
f 6305/8561/86 6307/8563/86 6308/8564/86 6306/8562/86
f 6307/8563/87 6300/8556/87 6295/8551/87 6308/8564/87
f 6298/8554/92 6307/8563/92 6305/8561/92
f 6298/8554/89 6300/8556/89 6307/8563/89
f 6306/8562/93 6308/8564/93 6297/8553/93
f 6308/8564/91 6295/8551/91 6297/8553/91
f 6309/8565/119 6310/8566/119 6311/8567/119 6312/8568/119
f 6313/8569/11 6314/8570/11 6315/8571/11 6316/8572/11
f 6313/8569/88 6309/8565/88 6317/8573/88
f 6318/8574/94 6312/8568/94 6314/8570/94
f 6317/8573/86 6309/8565/86 6312/8568/86 6318/8574/86
f 6313/8569/89 6310/8566/89 6309/8565/89
f 6319/8575/83 6317/8573/83 6318/8574/83 6320/8576/83
f 6320/8576/85 6318/8574/85 6314/8570/85 6321/8577/85
f 6312/8568/91 6311/8567/91 6314/8570/91
f 6313/8569/81 6316/8572/81 6310/8566/81
f 6311/8567/80 6315/8571/80 6314/8570/80
f 6321/8577/14 6322/8578/14 6319/8575/14 6320/8576/14
f 6310/8566/82 6316/8572/82 6315/8571/82 6311/8567/82
f 6322/8578/84 6313/8569/84 6317/8573/84 6319/8575/84
f 6321/8577/21 6314/8570/21 6313/8569/21 6322/8578/21
f 6323/8579/80 6324/8580/80 6325/8581/80
f 6326/8582/95 6327/8583/95 6328/8584/95
f 6328/8584/82 6327/8583/82 6324/8580/82 6323/8579/82
f 6329/8585/14 6330/8586/14 6331/8587/14 6332/8588/14
f 6326/8582/11 6325/8581/11 6324/8580/11 6327/8583/11
f 6331/8587/83 6333/8589/83 6334/8590/83 6332/8588/83
f 6330/8586/84 6326/8582/84 6333/8589/84 6331/8587/84
f 6329/8585/21 6325/8581/21 6326/8582/21 6330/8586/21
f 6332/8588/85 6334/8590/85 6325/8581/85 6329/8585/85
f 6333/8589/86 6335/8591/86 6336/8592/86 6334/8590/86
f 6335/8591/87 6328/8584/87 6323/8579/87 6336/8592/87
f 6326/8582/88 6335/8591/88 6333/8589/88
f 6326/8582/89 6328/8584/89 6335/8591/89
f 6334/8590/93 6336/8592/93 6325/8581/93
f 6336/8592/91 6323/8579/91 6325/8581/91
f 6337/8593/87 6338/8594/87 6339/8595/87 6340/8596/87
f 6341/8597/11 6342/8598/11 6343/8599/11 6344/8600/11
f 6341/8597/96 6337/8593/96 6345/8601/96
f 6346/8602/90 6340/8596/90 6342/8598/90
f 6345/8601/86 6337/8593/86 6340/8596/86 6346/8602/86
f 6341/8597/125 6338/8594/125 6337/8593/125
f 6347/8603/83 6345/8601/83 6346/8602/83 6348/8604/83
f 6348/8604/85 6346/8602/85 6342/8598/85 6349/8605/85
f 6340/8596/126 6339/8595/126 6342/8598/126
f 6341/8597/81 6344/8600/81 6338/8594/81
f 6339/8595/80 6343/8599/80 6342/8598/80
f 6349/8605/14 6350/8606/14 6347/8603/14 6348/8604/14
f 6338/8594/82 6344/8600/82 6343/8599/82 6339/8595/82
f 6350/8606/84 6341/8597/84 6345/8601/84 6347/8603/84
f 6349/8605/21 6342/8598/21 6341/8597/21 6350/8606/21
f 6351/8607/80 6352/8608/80 6353/8609/80
f 6354/8610/81 6355/8611/81 6356/8612/81
f 6356/8612/82 6355/8611/82 6352/8608/82 6351/8607/82
f 6357/8613/14 6358/8614/14 6359/8615/14 6360/8616/14
f 6354/8610/11 6353/8609/11 6352/8608/11 6355/8611/11
f 6359/8615/83 6361/8617/83 6362/8618/83 6360/8616/83
f 6358/8614/84 6354/8610/84 6361/8617/84 6359/8615/84
f 6357/8613/21 6353/8609/21 6354/8610/21 6358/8614/21
f 6360/8616/85 6362/8618/85 6353/8609/85 6357/8613/85
f 6361/8617/86 6363/8619/86 6364/8620/86 6362/8618/86
f 6363/8619/87 6356/8612/87 6351/8607/87 6364/8620/87
f 6354/8610/96 6363/8619/96 6361/8617/96
f 6354/8610/89 6356/8612/89 6363/8619/89
f 6362/8618/90 6364/8620/90 6353/8609/90
f 6364/8620/91 6351/8607/91 6353/8609/91
f 6185/8441/15 6365/8621/15 6366/8622/15 6186/8442/15
f 6189/8445/19 6192/8448/19 6367/8623/19 6368/8624/19
f 6185/8441/14 6189/8445/14 6368/8624/14 6365/8621/14
f 6366/8622/11 6367/8623/11 6192/8448/11 6186/8442/11
f 6369/8625/61 6370/8626/61 6371/8627/61
f 6372/8628/60 6373/8629/60 6374/8630/60
f 6373/8629/62 6369/8625/62 6371/8627/62 6374/8630/62
f 6375/8631/14 6376/8632/14 6377/8633/14 6378/8634/14
f 6372/8628/11 6374/8630/11 6371/8627/11 6370/8626/11
f 6377/8633/63 6376/8632/63 6379/8635/63 6380/8636/63
f 6378/8634/65 6377/8633/65 6380/8636/65 6372/8628/65
f 6375/8631/15 6378/8634/15 6372/8628/15 6370/8626/15
f 6376/8632/64 6375/8631/64 6370/8626/64 6379/8635/64
f 6380/8636/66 6379/8635/66 6381/8637/66 6382/8638/66
f 6382/8638/116 6381/8637/116 6369/8625/116 6373/8629/116
f 6372/8628/74 6380/8636/74 6382/8638/74
f 6372/8628/71 6382/8638/71 6373/8629/71
f 6379/8635/68 6370/8626/68 6381/8637/68
f 6381/8637/69 6370/8626/69 6369/8625/69
f 6383/8639/61 6384/8640/61 6385/8641/61
f 6386/8642/60 6387/8643/60 6388/8644/60
f 6387/8643/62 6383/8639/62 6385/8641/62 6388/8644/62
f 6389/8645/14 6390/8646/14 6391/8647/14 6392/8648/14
f 6386/8642/11 6388/8644/11 6385/8641/11 6384/8640/11
f 6391/8647/63 6390/8646/63 6393/8649/63 6394/8650/63
f 6392/8648/65 6391/8647/65 6394/8650/65 6386/8642/65
f 6389/8645/15 6392/8648/15 6386/8642/15 6384/8640/15
f 6390/8646/64 6389/8645/64 6384/8640/64 6393/8649/64
f 6394/8650/66 6393/8649/66 6395/8651/66 6396/8652/66
f 6396/8652/116 6395/8651/116 6383/8639/116 6387/8643/116
f 6386/8642/74 6394/8650/74 6396/8652/74
f 6386/8642/71 6396/8652/71 6387/8643/71
f 6393/8649/68 6384/8640/68 6395/8651/68
f 6395/8651/69 6384/8640/69 6383/8639/69
f 6397/8653/67 6398/8654/67 6399/8655/67 6400/8656/67
f 6401/8657/11 6402/8658/11 6403/8659/11 6404/8660/11
f 6401/8657/70 6405/8661/70 6397/8653/70
f 6406/8662/68 6404/8660/68 6398/8654/68
f 6405/8661/66 6406/8662/66 6398/8654/66 6397/8653/66
f 6401/8657/71 6397/8653/71 6400/8656/71
f 6407/8663/63 6408/8664/63 6406/8662/63 6405/8661/63
f 6408/8664/64 6409/8665/64 6404/8660/64 6406/8662/64
f 6398/8654/69 6404/8660/69 6399/8655/69
f 6401/8657/60 6400/8656/60 6402/8658/60
f 6399/8655/61 6404/8660/61 6403/8659/61
f 6409/8665/14 6408/8664/14 6407/8663/14 6410/8666/14
f 6400/8656/97 6399/8655/97 6403/8659/97 6402/8658/97
f 6410/8666/65 6407/8663/65 6405/8661/65 6401/8657/65
f 6409/8665/15 6410/8666/15 6401/8657/15 6404/8660/15
f 6411/8667/61 6412/8668/61 6413/8669/61
f 6414/8670/60 6415/8671/60 6416/8672/60
f 6415/8671/97 6411/8667/97 6413/8669/97 6416/8672/97
f 6417/8673/14 6418/8674/14 6419/8675/14 6420/8676/14
f 6414/8670/11 6416/8672/11 6413/8669/11 6412/8668/11
f 6419/8675/63 6418/8674/63 6421/8677/63 6422/8678/63
f 6420/8676/65 6419/8675/65 6422/8678/65 6414/8670/65
f 6417/8673/15 6420/8676/15 6414/8670/15 6412/8668/15
f 6418/8674/64 6417/8673/64 6412/8668/64 6421/8677/64
f 6422/8678/66 6421/8677/66 6423/8679/66 6424/8680/66
f 6424/8680/116 6423/8679/116 6411/8667/116 6415/8671/116
f 6414/8670/70 6422/8678/70 6424/8680/70
f 6414/8670/71 6424/8680/71 6415/8671/71
f 6421/8677/68 6412/8668/68 6423/8679/68
f 6423/8679/69 6412/8668/69 6411/8667/69
f 6425/8681/116 6426/8682/116 6427/8683/116 6428/8684/116
f 6429/8685/11 6430/8686/11 6431/8687/11 6432/8688/11
f 6429/8685/74 6433/8689/74 6425/8681/74
f 6434/8690/75 6432/8688/75 6426/8682/75
f 6433/8689/66 6434/8690/66 6426/8682/66 6425/8681/66
f 6429/8685/71 6425/8681/71 6428/8684/71
f 6435/8691/63 6436/8692/63 6434/8690/63 6433/8689/63
f 6436/8692/64 6437/8693/64 6432/8688/64 6434/8690/64
f 6426/8682/69 6432/8688/69 6427/8683/69
f 6429/8685/60 6428/8684/60 6430/8686/60
f 6427/8683/61 6432/8688/61 6431/8687/61
f 6437/8693/14 6436/8692/14 6435/8691/14 6438/8694/14
f 6428/8684/97 6427/8683/97 6431/8687/97 6430/8686/97
f 6438/8694/65 6435/8691/65 6433/8689/65 6429/8685/65
f 6437/8693/15 6438/8694/15 6429/8685/15 6432/8688/15
f 6439/8695/61 6440/8696/61 6441/8697/61
f 6442/8698/60 6443/8699/60 6444/8700/60
f 6443/8699/97 6439/8695/97 6441/8697/97 6444/8700/97
f 6445/8701/14 6446/8702/14 6447/8703/14 6448/8704/14
f 6442/8698/11 6444/8700/11 6441/8697/11 6440/8696/11
f 6447/8703/63 6446/8702/63 6449/8705/63 6450/8706/63
f 6448/8704/65 6447/8703/65 6450/8706/65 6442/8698/65
f 6445/8701/15 6448/8704/15 6442/8698/15 6440/8696/15
f 6446/8702/64 6445/8701/64 6440/8696/64 6449/8705/64
f 6450/8706/66 6449/8705/66 6451/8707/66 6452/8708/66
f 6452/8708/116 6451/8707/116 6439/8695/116 6443/8699/116
f 6442/8698/78 6450/8706/78 6452/8708/78
f 6442/8698/71 6452/8708/71 6443/8699/71
f 6449/8705/73 6440/8696/73 6451/8707/73
f 6451/8707/69 6440/8696/69 6439/8695/69
f 6365/8621/98 6453/8709/98 6454/8710/98 6366/8622/98
f 6368/8624/21 6367/8623/21 6455/8711/21 6456/8712/21
f 6365/8621/14 6368/8624/14 6456/8712/14 6453/8709/14
f 6453/8709/15 6456/8712/15 6455/8711/15 6454/8710/15
f 6454/8710/11 6455/8711/11 6367/8623/11 6366/8622/11
f 6457/8713/99 6458/8714/99 6459/8715/99
f 6460/8716/100 6461/8717/100 6462/8718/100
f 6461/8717/101 6457/8713/101 6459/8715/101 6462/8718/101
f 6463/8719/14 6464/8720/14 6465/8721/14 6466/8722/14
f 6460/8716/11 6462/8718/11 6459/8715/11 6458/8714/11
f 6465/8721/102 6464/8720/102 6467/8723/102 6468/8724/102
f 6466/8722/103 6465/8721/103 6468/8724/103 6460/8716/103
f 6463/8719/16 6466/8722/16 6460/8716/16 6458/8714/16
f 6464/8720/104 6463/8719/104 6458/8714/104 6467/8723/104
f 6468/8724/105 6467/8723/105 6469/8725/105 6470/8726/105
f 6470/8726/106 6469/8725/106 6457/8713/106 6461/8717/106
f 6460/8716/107 6468/8724/107 6470/8726/107
f 6460/8716/108 6470/8726/108 6461/8717/108
f 6467/8723/109 6458/8714/109 6469/8725/109
f 6469/8725/110 6458/8714/110 6457/8713/110
f 6471/8727/99 6472/8728/99 6473/8729/99
f 6474/8730/100 6475/8731/100 6476/8732/100
f 6475/8731/101 6471/8727/101 6473/8729/101 6476/8732/101
f 6477/8733/14 6478/8734/14 6479/8735/14 6480/8736/14
f 6474/8730/11 6476/8732/11 6473/8729/11 6472/8728/11
f 6479/8735/102 6478/8734/102 6481/8737/102 6482/8738/102
f 6480/8736/103 6479/8735/103 6482/8738/103 6474/8730/103
f 6477/8733/16 6480/8736/16 6474/8730/16 6472/8728/16
f 6478/8734/104 6477/8733/104 6472/8728/104 6481/8737/104
f 6482/8738/105 6481/8737/105 6483/8739/105 6484/8740/105
f 6484/8740/106 6483/8739/106 6471/8727/106 6475/8731/106
f 6474/8730/107 6482/8738/107 6484/8740/107
f 6474/8730/112 6484/8740/112 6475/8731/112
f 6481/8737/109 6472/8728/109 6483/8739/109
f 6483/8739/110 6472/8728/110 6471/8727/110
f 6485/8741/106 6486/8742/106 6487/8743/106 6488/8744/106
f 6489/8745/11 6490/8746/11 6491/8747/11 6492/8748/11
f 6489/8745/111 6493/8749/111 6485/8741/111
f 6494/8750/113 6492/8748/113 6486/8742/113
f 6493/8749/105 6494/8750/105 6486/8742/105 6485/8741/105
f 6489/8745/108 6485/8741/108 6488/8744/108
f 6495/8751/102 6496/8752/102 6494/8750/102 6493/8749/102
f 6496/8752/104 6497/8753/104 6492/8748/104 6494/8750/104
f 6486/8742/110 6492/8748/110 6487/8743/110
f 6489/8745/100 6488/8744/100 6490/8746/100
f 6487/8743/99 6492/8748/99 6491/8747/99
f 6497/8753/14 6496/8752/14 6495/8751/14 6498/8754/14
f 6488/8744/101 6487/8743/101 6491/8747/101 6490/8746/101
f 6498/8754/103 6495/8751/103 6493/8749/103 6489/8745/103
f 6497/8753/16 6498/8754/16 6489/8745/16 6492/8748/16
f 6499/8755/99 6500/8756/99 6501/8757/99
f 6502/8758/100 6503/8759/100 6504/8760/100
f 6503/8759/101 6499/8755/101 6501/8757/101 6504/8760/101
f 6505/8761/14 6506/8762/14 6507/8763/14 6508/8764/14
f 6502/8758/11 6504/8760/11 6501/8757/11 6500/8756/11
f 6507/8763/102 6506/8762/102 6509/8765/102 6510/8766/102
f 6508/8764/103 6507/8763/103 6510/8766/103 6502/8758/103
f 6505/8761/16 6508/8764/16 6502/8758/16 6500/8756/16
f 6506/8762/104 6505/8761/104 6500/8756/104 6509/8765/104
f 6510/8766/105 6509/8765/105 6511/8767/105 6512/8768/105
f 6512/8768/106 6511/8767/106 6499/8755/106 6503/8759/106
f 6502/8758/114 6510/8766/114 6512/8768/114
f 6502/8758/115 6512/8768/115 6503/8759/115
f 6509/8765/113 6500/8756/113 6511/8767/113
f 6511/8767/110 6500/8756/110 6499/8755/110
f 6513/8769/106 6514/8770/106 6515/8771/106 6516/8772/106
f 6517/8773/11 6518/8774/11 6519/8775/11 6520/8776/11
f 6517/8773/114 6521/8777/114 6513/8769/114
f 6522/8778/113 6520/8776/113 6514/8770/113
f 6521/8777/105 6522/8778/105 6514/8770/105 6513/8769/105
f 6517/8773/108 6513/8769/108 6516/8772/108
f 6523/8779/102 6524/8780/102 6522/8778/102 6521/8777/102
f 6524/8780/104 6525/8781/104 6520/8776/104 6522/8778/104
f 6514/8770/127 6520/8776/127 6515/8771/127
f 6517/8773/100 6516/8772/100 6518/8774/100
f 6515/8771/99 6520/8776/99 6519/8775/99
f 6525/8781/14 6524/8780/14 6523/8779/14 6526/8782/14
f 6516/8772/101 6515/8771/101 6519/8775/101 6518/8774/101
f 6526/8782/103 6523/8779/103 6521/8777/103 6517/8773/103
f 6525/8781/16 6526/8782/16 6517/8773/16 6520/8776/16
f 6527/8783/99 6528/8784/99 6529/8785/99
f 6530/8786/100 6531/8787/100 6532/8788/100
f 6531/8787/101 6527/8783/101 6529/8785/101 6532/8788/101
f 6533/8789/14 6534/8790/14 6535/8791/14 6536/8792/14
f 6530/8786/11 6532/8788/11 6529/8785/11 6528/8784/11
f 6535/8791/102 6534/8790/102 6537/8793/102 6538/8794/102
f 6536/8792/103 6535/8791/103 6538/8794/103 6530/8786/103
f 6533/8789/16 6536/8792/16 6530/8786/16 6528/8784/16
f 6534/8790/104 6533/8789/104 6528/8784/104 6537/8793/104
f 6538/8794/105 6537/8793/105 6539/8795/105 6540/8796/105
f 6540/8796/106 6539/8795/106 6527/8783/106 6531/8787/106
f 6530/8786/111 6538/8794/111 6540/8796/111
f 6530/8786/108 6540/8796/108 6531/8787/108
f 6537/8793/113 6528/8784/113 6539/8795/113
f 6539/8795/110 6528/8784/110 6527/8783/110
f 6541/8797/15 6542/8798/15 6543/8799/15 6544/8800/15
f 6545/8801/19 6546/8802/19 6547/8803/19 6548/8804/19
f 6541/8797/14 6544/8800/14 6546/8802/14 6545/8801/14
f 6543/8799/11 6542/8798/11 6548/8804/11 6547/8803/11
f 6549/8805/60 6550/8806/60 6551/8807/60
f 6552/8808/61 6553/8809/61 6554/8810/61
f 6554/8810/62 6553/8809/62 6550/8806/62 6549/8805/62
f 6555/8811/14 6556/8812/14 6557/8813/14 6558/8814/14
f 6552/8808/11 6551/8807/11 6550/8806/11 6553/8809/11
f 6557/8813/63 6559/8815/63 6560/8816/63 6558/8814/63
f 6556/8812/64 6552/8808/64 6559/8815/64 6557/8813/64
f 6555/8811/15 6551/8807/15 6552/8808/15 6556/8812/15
f 6558/8814/65 6560/8816/65 6551/8807/65 6555/8811/65
f 6559/8815/66 6561/8817/66 6562/8818/66 6560/8816/66
f 6561/8817/116 6554/8810/116 6549/8805/116 6562/8818/116
f 6552/8808/68 6561/8817/68 6559/8815/68
f 6552/8808/69 6554/8810/69 6561/8817/69
f 6560/8816/70 6562/8818/70 6551/8807/70
f 6562/8818/71 6549/8805/71 6551/8807/71
f 6563/8819/60 6564/8820/60 6565/8821/60
f 6566/8822/61 6567/8823/61 6568/8824/61
f 6568/8824/62 6567/8823/62 6564/8820/62 6563/8819/62
f 6569/8825/14 6570/8826/14 6571/8827/14 6572/8828/14
f 6566/8822/11 6565/8821/11 6564/8820/11 6567/8823/11
f 6571/8827/63 6573/8829/63 6574/8830/63 6572/8828/63
f 6570/8826/64 6566/8822/64 6573/8829/64 6571/8827/64
f 6569/8825/15 6565/8821/15 6566/8822/15 6570/8826/15
f 6572/8828/65 6574/8830/65 6565/8821/65 6569/8825/65
f 6573/8829/66 6575/8831/66 6576/8832/66 6574/8830/66
f 6575/8831/116 6568/8824/116 6563/8819/116 6576/8832/116
f 6566/8822/73 6575/8831/73 6573/8829/73
f 6566/8822/69 6568/8824/69 6575/8831/69
f 6574/8830/70 6576/8832/70 6565/8821/70
f 6576/8832/71 6563/8819/71 6565/8821/71
f 6577/8833/116 6578/8834/116 6579/8835/116 6580/8836/116
f 6581/8837/11 6582/8838/11 6583/8839/11 6584/8840/11
f 6581/8837/68 6577/8833/68 6585/8841/68
f 6586/8842/74 6580/8836/74 6582/8838/74
f 6585/8841/66 6577/8833/66 6580/8836/66 6586/8842/66
f 6581/8837/69 6578/8834/69 6577/8833/69
f 6587/8843/63 6585/8841/63 6586/8842/63 6588/8844/63
f 6588/8844/65 6586/8842/65 6582/8838/65 6589/8845/65
f 6580/8836/71 6579/8835/71 6582/8838/71
f 6581/8837/61 6584/8840/61 6578/8834/61
f 6579/8835/60 6583/8839/60 6582/8838/60
f 6589/8845/14 6590/8846/14 6587/8843/14 6588/8844/14
f 6578/8834/62 6584/8840/62 6583/8839/62 6579/8835/62
f 6590/8846/64 6581/8837/64 6585/8841/64 6587/8843/64
f 6589/8845/15 6582/8838/15 6581/8837/15 6590/8846/15
f 6591/8847/60 6592/8848/60 6593/8849/60
f 6594/8850/61 6595/8851/61 6596/8852/61
f 6596/8852/62 6595/8851/62 6592/8848/62 6591/8847/62
f 6597/8853/14 6598/8854/14 6599/8855/14 6600/8856/14
f 6594/8850/11 6593/8849/11 6592/8848/11 6595/8851/11
f 6599/8855/63 6601/8857/63 6602/8858/63 6600/8856/63
f 6598/8854/64 6594/8850/64 6601/8857/64 6599/8855/64
f 6597/8853/15 6593/8849/15 6594/8850/15 6598/8854/15
f 6600/8856/65 6602/8858/65 6593/8849/65 6597/8853/65
f 6601/8857/66 6603/8859/66 6604/8860/66 6602/8858/66
f 6603/8859/116 6596/8852/116 6591/8847/116 6604/8860/116
f 6594/8850/68 6603/8859/68 6601/8857/68
f 6594/8850/69 6596/8852/69 6603/8859/69
f 6602/8858/74 6604/8860/74 6593/8849/74
f 6604/8860/71 6591/8847/71 6593/8849/71
f 6605/8861/116 6606/8862/116 6607/8863/116 6608/8864/116
f 6609/8865/11 6610/8866/11 6611/8867/11 6612/8868/11
f 6609/8865/75 6605/8861/75 6613/8869/75
f 6614/8870/70 6608/8864/70 6610/8866/70
f 6613/8869/66 6605/8861/66 6608/8864/66 6614/8870/66
f 6609/8865/69 6606/8862/69 6605/8861/69
f 6615/8871/63 6613/8869/63 6614/8870/63 6616/8872/63
f 6616/8872/65 6614/8870/65 6610/8866/65 6617/8873/65
f 6608/8864/76 6607/8863/76 6610/8866/76
f 6609/8865/61 6612/8868/61 6606/8862/61
f 6607/8863/60 6611/8867/60 6610/8866/60
f 6617/8873/14 6618/8874/14 6615/8871/14 6616/8872/14
f 6606/8862/62 6612/8868/62 6611/8867/62 6607/8863/62
f 6618/8874/64 6609/8865/64 6613/8869/64 6615/8871/64
f 6617/8873/15 6610/8866/15 6609/8865/15 6618/8874/15
f 6619/8875/60 6620/8876/60 6621/8877/60
f 6622/8878/61 6623/8879/61 6624/8880/61
f 6624/8880/62 6623/8879/62 6620/8876/62 6619/8875/62
f 6625/8881/14 6626/8882/14 6627/8883/14 6628/8884/14
f 6622/8878/11 6621/8877/11 6620/8876/11 6623/8879/11
f 6627/8883/63 6629/8885/63 6630/8886/63 6628/8884/63
f 6626/8882/64 6622/8878/64 6629/8885/64 6627/8883/64
f 6625/8881/15 6621/8877/15 6622/8878/15 6626/8882/15
f 6628/8884/65 6630/8886/65 6621/8877/65 6625/8881/65
f 6629/8885/66 6631/8887/66 6632/8888/66 6630/8886/66
f 6631/8887/116 6624/8880/116 6619/8875/116 6632/8888/116
f 6622/8878/75 6631/8887/75 6629/8885/75
f 6622/8878/69 6624/8880/69 6631/8887/69
f 6630/8886/74 6632/8888/74 6621/8877/74
f 6632/8888/71 6619/8875/71 6621/8877/71
f 6544/8800/79 6543/8799/79 6633/8889/79 6634/8890/79
f 6546/8802/16 6635/8891/16 6636/8892/16 6547/8803/16
f 6544/8800/14 6634/8890/14 6635/8891/14 6546/8802/14
f 6634/8890/15 6633/8889/15 6636/8892/15 6635/8891/15
f 6633/8889/11 6543/8799/11 6547/8803/11 6636/8892/11
f 6637/8893/80 6638/8894/80 6639/8895/80
f 6640/8896/81 6641/8897/81 6642/8898/81
f 6642/8898/82 6641/8897/82 6638/8894/82 6637/8893/82
f 6643/8899/14 6644/8900/14 6645/8901/14 6646/8902/14
f 6640/8896/11 6639/8895/11 6638/8894/11 6641/8897/11
f 6645/8901/83 6647/8903/83 6648/8904/83 6646/8902/83
f 6644/8900/84 6640/8896/84 6647/8903/84 6645/8901/84
f 6643/8899/21 6639/8895/21 6640/8896/21 6644/8900/21
f 6646/8902/85 6648/8904/85 6639/8895/85 6643/8899/85
f 6647/8903/86 6649/8905/86 6650/8906/86 6648/8904/86
f 6649/8905/119 6642/8898/119 6637/8893/119 6650/8906/119
f 6640/8896/88 6649/8905/88 6647/8903/88
f 6640/8896/89 6642/8898/89 6649/8905/89
f 6648/8904/90 6650/8906/90 6639/8895/90
f 6650/8906/91 6637/8893/91 6639/8895/91
f 6651/8907/80 6652/8908/80 6653/8909/80
f 6654/8910/81 6655/8911/81 6656/8912/81
f 6656/8912/117 6655/8911/117 6652/8908/117 6651/8907/117
f 6657/8913/14 6658/8914/14 6659/8915/14 6660/8916/14
f 6654/8910/11 6653/8909/11 6652/8908/11 6655/8911/11
f 6659/8915/83 6661/8917/83 6662/8918/83 6660/8916/83
f 6658/8914/84 6654/8910/84 6661/8917/84 6659/8915/84
f 6657/8913/21 6653/8909/21 6654/8910/21 6658/8914/21
f 6660/8916/85 6662/8918/85 6653/8909/85 6657/8913/85
f 6661/8917/86 6663/8919/86 6664/8920/86 6662/8918/86
f 6663/8919/119 6656/8912/119 6651/8907/119 6664/8920/119
f 6654/8910/92 6663/8919/92 6661/8917/92
f 6654/8910/89 6656/8912/89 6663/8919/89
f 6662/8918/93 6664/8920/93 6653/8909/93
f 6664/8920/91 6651/8907/91 6653/8909/91
f 6665/8921/87 6666/8922/87 6667/8923/87 6668/8924/87
f 6669/8925/11 6670/8926/11 6671/8927/11 6672/8928/11
f 6669/8925/88 6665/8921/88 6673/8929/88
f 6674/8930/94 6668/8924/94 6670/8926/94
f 6673/8929/118 6665/8921/118 6668/8924/118 6674/8930/118
f 6669/8925/89 6666/8922/89 6665/8921/89
f 6675/8931/83 6673/8929/83 6674/8930/83 6676/8932/83
f 6676/8932/85 6674/8930/85 6670/8926/85 6677/8933/85
f 6668/8924/91 6667/8923/91 6670/8926/91
f 6669/8925/81 6672/8928/81 6666/8922/81
f 6667/8923/80 6671/8927/80 6670/8926/80
f 6677/8933/14 6678/8934/14 6675/8931/14 6676/8932/14
f 6666/8922/82 6672/8928/82 6671/8927/82 6667/8923/82
f 6678/8934/84 6669/8925/84 6673/8929/84 6675/8931/84
f 6677/8933/21 6670/8926/21 6669/8925/21 6678/8934/21
f 6679/8935/80 6680/8936/80 6681/8937/80
f 6682/8938/81 6683/8939/81 6684/8940/81
f 6684/8940/117 6683/8939/117 6680/8936/117 6679/8935/117
f 6685/8941/14 6686/8942/14 6687/8943/14 6688/8944/14
f 6682/8938/11 6681/8937/11 6680/8936/11 6683/8939/11
f 6687/8943/83 6689/8945/83 6690/8946/83 6688/8944/83
f 6686/8942/84 6682/8938/84 6689/8945/84 6687/8943/84
f 6685/8941/21 6681/8937/21 6682/8938/21 6686/8942/21
f 6688/8944/85 6690/8946/85 6681/8937/85 6685/8941/85
f 6689/8945/86 6691/8947/86 6692/8948/86 6690/8946/86
f 6691/8947/119 6684/8940/119 6679/8935/119 6692/8948/119
f 6682/8938/88 6691/8947/88 6689/8945/88
f 6682/8938/89 6684/8940/89 6691/8947/89
f 6690/8946/94 6692/8948/94 6681/8937/94
f 6692/8948/91 6679/8935/91 6681/8937/91
f 6693/8949/119 6694/8950/119 6695/8951/119 6696/8952/119
f 6697/8953/11 6698/8954/11 6699/8955/11 6700/8956/11
f 6697/8953/96 6693/8949/96 6701/8957/96
f 6702/8958/90 6696/8952/90 6698/8954/90
f 6701/8957/86 6693/8949/86 6696/8952/86 6702/8958/86
f 6697/8953/89 6694/8950/89 6693/8949/89
f 6703/8959/83 6701/8957/83 6702/8958/83 6704/8960/83
f 6704/8960/85 6702/8958/85 6698/8954/85 6705/8961/85
f 6696/8952/91 6695/8951/91 6698/8954/91
f 6697/8953/81 6700/8956/81 6694/8950/81
f 6695/8951/80 6699/8955/80 6698/8954/80
f 6705/8961/14 6706/8962/14 6703/8959/14 6704/8960/14
f 6694/8950/117 6700/8956/117 6699/8955/117 6695/8951/117
f 6706/8962/84 6697/8953/84 6701/8957/84 6703/8959/84
f 6705/8961/21 6698/8954/21 6697/8953/21 6706/8962/21
f 6707/8963/80 6708/8964/80 6709/8965/80
f 6710/8966/81 6711/8967/81 6712/8968/81
f 6712/8968/117 6711/8967/117 6708/8964/117 6707/8963/117
f 6713/8969/14 6714/8970/14 6715/8971/14 6716/8972/14
f 6710/8966/11 6709/8965/11 6708/8964/11 6711/8967/11
f 6715/8971/83 6717/8973/83 6718/8974/83 6716/8972/83
f 6714/8970/84 6710/8966/84 6717/8973/84 6715/8971/84
f 6713/8969/21 6709/8965/21 6710/8966/21 6714/8970/21
f 6716/8972/85 6718/8974/85 6709/8965/85 6713/8969/85
f 6717/8973/118 6719/8975/118 6720/8976/118 6718/8974/118
f 6719/8975/119 6712/8968/119 6707/8963/119 6720/8976/119
f 6710/8966/96 6719/8975/96 6717/8973/96
f 6710/8966/89 6712/8968/89 6719/8975/89
f 6718/8974/90 6720/8976/90 6709/8965/90
f 6720/8976/91 6707/8963/91 6709/8965/91
f 6541/8797/15 6721/8977/15 6722/8978/15 6542/8798/15
f 6545/8801/19 6548/8804/19 6723/8979/19 6724/8980/19
f 6541/8797/14 6545/8801/14 6724/8980/14 6721/8977/14
f 6722/8978/11 6723/8979/11 6548/8804/11 6542/8798/11
f 6725/8981/61 6726/8982/61 6727/8983/61
f 6728/8984/60 6729/8985/60 6730/8986/60
f 6729/8985/62 6725/8981/62 6727/8983/62 6730/8986/62
f 6731/8987/14 6732/8988/14 6733/8989/14 6734/8990/14
f 6728/8984/11 6730/8986/11 6727/8983/11 6726/8982/11
f 6733/8989/63 6732/8988/63 6735/8991/63 6736/8992/63
f 6734/8990/65 6733/8989/65 6736/8992/65 6728/8984/65
f 6731/8987/15 6734/8990/15 6728/8984/15 6726/8982/15
f 6732/8988/64 6731/8987/64 6726/8982/64 6735/8991/64
f 6736/8992/66 6735/8991/66 6737/8993/66 6738/8994/66
f 6738/8994/116 6737/8993/116 6725/8981/116 6729/8985/116
f 6728/8984/74 6736/8992/74 6738/8994/74
f 6728/8984/71 6738/8994/71 6729/8985/71
f 6735/8991/68 6726/8982/68 6737/8993/68
f 6737/8993/69 6726/8982/69 6725/8981/69
f 6739/8995/61 6740/8996/61 6741/8997/61
f 6742/8998/60 6743/8999/60 6744/9000/60
f 6743/8999/62 6739/8995/62 6741/8997/62 6744/9000/62
f 6745/9001/14 6746/9002/14 6747/9003/14 6748/9004/14
f 6742/8998/11 6744/9000/11 6741/8997/11 6740/8996/11
f 6747/9003/63 6746/9002/63 6749/9005/63 6750/9006/63
f 6748/9004/65 6747/9003/65 6750/9006/65 6742/8998/65
f 6745/9001/15 6748/9004/15 6742/8998/15 6740/8996/15
f 6746/9002/64 6745/9001/64 6740/8996/64 6749/9005/64
f 6750/9006/66 6749/9005/66 6751/9007/66 6752/9008/66
f 6752/9008/116 6751/9007/116 6739/8995/116 6743/8999/116
f 6742/8998/74 6750/9006/74 6752/9008/74
f 6742/8998/71 6752/9008/71 6743/8999/71
f 6749/9005/68 6740/8996/68 6751/9007/68
f 6751/9007/69 6740/8996/69 6739/8995/69
f 6753/9009/116 6754/9010/116 6755/9011/116 6756/9012/116
f 6757/9013/11 6758/9014/11 6759/9015/11 6760/9016/11
f 6757/9013/70 6761/9017/70 6753/9009/70
f 6762/9018/68 6760/9016/68 6754/9010/68
f 6761/9017/66 6762/9018/66 6754/9010/66 6753/9009/66
f 6757/9013/71 6753/9009/71 6756/9012/71
f 6763/9019/63 6764/9020/63 6762/9018/63 6761/9017/63
f 6764/9020/64 6765/9021/64 6760/9016/64 6762/9018/64
f 6754/9010/77 6760/9016/77 6755/9011/77
f 6757/9013/60 6756/9012/60 6758/9014/60
f 6755/9011/61 6760/9016/61 6759/9015/61
f 6765/9021/14 6764/9020/14 6763/9019/14 6766/9022/14
f 6756/9012/62 6755/9011/62 6759/9015/62 6758/9014/62
f 6766/9022/65 6763/9019/65 6761/9017/65 6757/9013/65
f 6765/9021/15 6766/9022/15 6757/9013/15 6760/9016/15
f 6767/9023/61 6768/9024/61 6769/9025/61
f 6770/9026/60 6771/9027/60 6772/9028/60
f 6771/9027/62 6767/9023/62 6769/9025/62 6772/9028/62
f 6773/9029/14 6774/9030/14 6775/9031/14 6776/9032/14
f 6770/9026/11 6772/9028/11 6769/9025/11 6768/9024/11
f 6775/9031/63 6774/9030/63 6777/9033/63 6778/9034/63
f 6776/9032/65 6775/9031/65 6778/9034/65 6770/9026/65
f 6773/9029/15 6776/9032/15 6770/9026/15 6768/9024/15
f 6774/9030/64 6773/9029/64 6768/9024/64 6777/9033/64
f 6778/9034/66 6777/9033/66 6779/9035/66 6780/9036/66
f 6780/9036/116 6779/9035/116 6767/9023/116 6771/9027/116
f 6770/9026/70 6778/9034/70 6780/9036/70
f 6770/9026/71 6780/9036/71 6771/9027/71
f 6777/9033/68 6768/9024/68 6779/9035/68
f 6779/9035/69 6768/9024/69 6767/9023/69
f 6781/9037/116 6782/9038/116 6783/9039/116 6784/9040/116
f 6785/9041/11 6786/9042/11 6787/9043/11 6788/9044/11
f 6785/9041/74 6789/9045/74 6781/9037/74
f 6790/9046/75 6788/9044/75 6782/9038/75
f 6789/9045/66 6790/9046/66 6782/9038/66 6781/9037/66
f 6785/9041/71 6781/9037/71 6784/9040/71
f 6791/9047/63 6792/9048/63 6790/9046/63 6789/9045/63
f 6792/9048/64 6793/9049/64 6788/9044/64 6790/9046/64
f 6782/9038/69 6788/9044/69 6783/9039/69
f 6785/9041/60 6784/9040/60 6786/9042/60
f 6783/9039/61 6788/9044/61 6787/9043/61
f 6793/9049/14 6792/9048/14 6791/9047/14 6794/9050/14
f 6784/9040/122 6783/9039/122 6787/9043/122 6786/9042/122
f 6794/9050/65 6791/9047/65 6789/9045/65 6785/9041/65
f 6793/9049/15 6794/9050/15 6785/9041/15 6788/9044/15
f 6795/9051/61 6796/9052/61 6797/9053/61
f 6798/9054/60 6799/9055/60 6800/9056/60
f 6799/9055/97 6795/9051/97 6797/9053/97 6800/9056/97
f 6801/9057/14 6802/9058/14 6803/9059/14 6804/9060/14
f 6798/9054/11 6800/9056/11 6797/9053/11 6796/9052/11
f 6803/9059/63 6802/9058/63 6805/9061/63 6806/9062/63
f 6804/9060/128 6803/9059/128 6806/9062/128 6798/9054/128
f 6801/9057/15 6804/9060/15 6798/9054/15 6796/9052/15
f 6802/9058/64 6801/9057/64 6796/9052/64 6805/9061/64
f 6806/9062/66 6805/9061/66 6807/9063/66 6808/9064/66
f 6808/9064/116 6807/9063/116 6795/9051/116 6799/9055/116
f 6798/9054/78 6806/9062/78 6808/9064/78
f 6798/9054/71 6808/9064/71 6799/9055/71
f 6805/9061/73 6796/9052/73 6807/9063/73
f 6807/9063/69 6796/9052/69 6795/9051/69
f 6721/8977/98 6809/9065/98 6810/9066/98 6722/8978/98
f 6724/8980/21 6723/8979/21 6811/9067/21 6812/9068/21
f 6721/8977/14 6724/8980/14 6812/9068/14 6809/9065/14
f 6809/9065/15 6812/9068/15 6811/9067/15 6810/9066/15
f 6810/9066/11 6811/9067/11 6723/8979/11 6722/8978/11
f 6813/9069/99 6814/9070/99 6815/9071/99
f 6816/9072/100 6817/9073/100 6818/9074/100
f 6817/9073/123 6813/9069/123 6815/9071/123 6818/9074/123
f 6819/9075/14 6820/9076/14 6821/9077/14 6822/9078/14
f 6816/9072/11 6818/9074/11 6815/9071/11 6814/9070/11
f 6821/9077/102 6820/9076/102 6823/9079/102 6824/9080/102
f 6822/9078/103 6821/9077/103 6824/9080/103 6816/9072/103
f 6819/9075/16 6822/9078/16 6816/9072/16 6814/9070/16
f 6820/9076/104 6819/9075/104 6814/9070/104 6823/9079/104
f 6824/9080/105 6823/9079/105 6825/9081/105 6826/9082/105
f 6826/9082/106 6825/9081/106 6813/9069/106 6817/9073/106
f 6816/9072/111 6824/9080/111 6826/9082/111
f 6816/9072/108 6826/9082/108 6817/9073/108
f 6823/9079/113 6814/9070/113 6825/9081/113
f 6825/9081/110 6814/9070/110 6813/9069/110
f 6827/9083/99 6828/9084/99 6829/9085/99
f 6830/9086/100 6831/9087/100 6832/9088/100
f 6831/9087/123 6827/9083/123 6829/9085/123 6832/9088/123
f 6833/9089/14 6834/9090/14 6835/9091/14 6836/9092/14
f 6830/9086/11 6832/9088/11 6829/9085/11 6828/9084/11
f 6835/9091/102 6834/9090/102 6837/9093/102 6838/9094/102
f 6836/9092/103 6835/9091/103 6838/9094/103 6830/9086/103
f 6833/9089/16 6836/9092/16 6830/9086/16 6828/9084/16
f 6834/9090/104 6833/9089/104 6828/9084/104 6837/9093/104
f 6838/9094/105 6837/9093/105 6839/9095/105 6840/9096/105
f 6840/9096/106 6839/9095/106 6827/9083/106 6831/9087/106
f 6830/9086/111 6838/9094/111 6840/9096/111
f 6830/9086/112 6840/9096/112 6831/9087/112
f 6837/9093/113 6828/9084/113 6839/9095/113
f 6839/9095/110 6828/9084/110 6827/9083/110
f 6841/9097/106 6842/9098/106 6843/9099/106 6844/9100/106
f 6845/9101/11 6846/9102/11 6847/9103/11 6848/9104/11
f 6845/9101/111 6849/9105/111 6841/9097/111
f 6850/9106/113 6848/9104/113 6842/9098/113
f 6849/9105/105 6850/9106/105 6842/9098/105 6841/9097/105
f 6845/9101/108 6841/9097/108 6844/9100/108
f 6851/9107/102 6852/9108/102 6850/9106/102 6849/9105/102
f 6852/9108/104 6853/9109/104 6848/9104/104 6850/9106/104
f 6842/9098/110 6848/9104/110 6843/9099/110
f 6845/9101/100 6844/9100/100 6846/9102/100
f 6843/9099/99 6848/9104/99 6847/9103/99
f 6853/9109/14 6852/9108/14 6851/9107/14 6854/9110/14
f 6844/9100/101 6843/9099/101 6847/9103/101 6846/9102/101
f 6854/9110/103 6851/9107/103 6849/9105/103 6845/9101/103
f 6853/9109/16 6854/9110/16 6845/9101/16 6848/9104/16
f 6855/9111/99 6856/9112/99 6857/9113/99
f 6858/9114/100 6859/9115/100 6860/9116/100
f 6859/9115/101 6855/9111/101 6857/9113/101 6860/9116/101
f 6861/9117/14 6862/9118/14 6863/9119/14 6864/9120/14
f 6858/9114/11 6860/9116/11 6857/9113/11 6856/9112/11
f 6863/9119/102 6862/9118/102 6865/9121/102 6866/9122/102
f 6864/9120/103 6863/9119/103 6866/9122/103 6858/9114/103
f 6861/9117/16 6864/9120/16 6858/9114/16 6856/9112/16
f 6862/9118/104 6861/9117/104 6856/9112/104 6865/9121/104
f 6866/9122/105 6865/9121/105 6867/9123/105 6868/9124/105
f 6868/9124/106 6867/9123/106 6855/9111/106 6859/9115/106
f 6858/9114/114 6866/9122/114 6868/9124/114
f 6858/9114/115 6868/9124/115 6859/9115/115
f 6865/9121/113 6856/9112/113 6867/9123/113
f 6867/9123/110 6856/9112/110 6855/9111/110
f 6869/9125/106 6870/9126/106 6871/9127/106 6872/9128/106
f 6873/9129/11 6874/9130/11 6875/9131/11 6876/9132/11
f 6873/9129/114 6877/9133/114 6869/9125/114
f 6878/9134/113 6876/9132/113 6870/9126/113
f 6877/9133/105 6878/9134/105 6870/9126/105 6869/9125/105
f 6873/9129/108 6869/9125/108 6872/9128/108
f 6879/9135/102 6880/9136/102 6878/9134/102 6877/9133/102
f 6880/9136/104 6881/9137/104 6876/9132/104 6878/9134/104
f 6870/9126/110 6876/9132/110 6871/9127/110
f 6873/9129/100 6872/9128/100 6874/9130/100
f 6871/9127/99 6876/9132/99 6875/9131/99
f 6881/9137/14 6880/9136/14 6879/9135/14 6882/9138/14
f 6872/9128/123 6871/9127/123 6875/9131/123 6874/9130/123
f 6882/9138/103 6879/9135/103 6877/9133/103 6873/9129/103
f 6881/9137/16 6882/9138/16 6873/9129/16 6876/9132/16
f 6883/9139/99 6884/9140/99 6885/9141/99
f 6886/9142/100 6887/9143/100 6888/9144/100
f 6887/9143/123 6883/9139/123 6885/9141/123 6888/9144/123
f 6889/9145/14 6890/9146/14 6891/9147/14 6892/9148/14
f 6886/9142/11 6888/9144/11 6885/9141/11 6884/9140/11
f 6891/9147/102 6890/9146/102 6893/9149/102 6894/9150/102
f 6892/9148/103 6891/9147/103 6894/9150/103 6886/9142/103
f 6889/9145/16 6892/9148/16 6886/9142/16 6884/9140/16
f 6890/9146/104 6889/9145/104 6884/9140/104 6893/9149/104
f 6894/9150/105 6893/9149/105 6895/9151/105 6896/9152/105
f 6896/9152/106 6895/9151/106 6883/9139/106 6887/9143/106
f 6886/9142/111 6894/9150/111 6896/9152/111
f 6886/9142/108 6896/9152/108 6887/9143/108
f 6893/9149/113 6884/9140/113 6895/9151/113
f 6895/9151/110 6884/9140/110 6883/9139/110
f 6897/9153/129 6898/9154/129 6899/9155/129 6900/9156/129
f 6901/9157/130 6902/9158/130 6903/9159/130 6904/9160/130
f 6897/9153/14 6900/9156/14 6902/9158/14 6901/9157/14
f 6905/9161/11 6906/9162/11 6907/9163/11 6908/9164/11
f 6909/9165/116 6910/9166/116 6911/9167/116 6912/9168/116
f 6913/9169/11 6914/9170/11 6915/9171/11 6916/9172/11
f 6913/9169/73 6909/9165/73 6917/9173/73
f 6918/9174/74 6912/9168/74 6914/9170/74
f 6917/9173/66 6909/9165/66 6912/9168/66 6918/9174/66
f 6913/9169/69 6910/9166/69 6909/9165/69
f 6919/9175/63 6917/9173/63 6918/9174/63 6920/9176/63
f 6920/9176/65 6918/9174/65 6914/9170/65 6921/9177/65
f 6912/9168/71 6911/9167/71 6914/9170/71
f 6913/9169/61 6916/9172/61 6910/9166/61
f 6911/9167/60 6915/9171/60 6914/9170/60
f 6921/9177/14 6922/9178/14 6919/9175/14 6920/9176/14
f 6910/9166/62 6916/9172/62 6915/9171/62 6911/9167/62
f 6922/9178/64 6913/9169/64 6917/9173/64 6919/9175/64
f 6921/9177/15 6914/9170/15 6913/9169/15 6922/9178/15
f 6923/9179/60 6924/9180/60 6925/9181/60
f 6926/9182/131 6927/9183/131 6928/9184/131
f 6928/9184/62 6927/9183/62 6924/9180/62 6923/9179/62
f 6929/9185/14 6930/9186/14 6931/9187/14 6932/9188/14
f 6926/9182/11 6925/9181/11 6924/9180/11 6927/9183/11
f 6931/9187/63 6933/9189/63 6934/9190/63 6932/9188/63
f 6930/9186/64 6926/9182/64 6933/9189/64 6931/9187/64
f 6929/9185/15 6925/9181/15 6926/9182/15 6930/9186/15
f 6932/9188/65 6934/9190/65 6925/9181/65 6929/9185/65
f 6933/9189/66 6935/9191/66 6936/9192/66 6934/9190/66
f 6935/9191/116 6928/9184/116 6923/9179/116 6936/9192/116
f 6926/9182/75 6935/9191/75 6933/9189/75
f 6926/9182/69 6928/9184/69 6935/9191/69
f 6934/9190/74 6936/9192/74 6925/9181/74
f 6936/9192/71 6923/9179/71 6925/9181/71
f 6900/9156/132 6899/9155/132 6937/9193/132 6938/9194/132
f 6902/9158/16 6939/9195/16 6940/9196/16 6903/9159/16
f 6900/9156/14 6938/9194/14 6939/9195/14 6902/9158/14
f 6938/9194/15 6937/9193/15 6940/9196/15 6939/9195/15
f 6937/9193/11 6899/9155/11 6903/9159/11 6940/9196/11
f 6941/9197/119 6942/9198/119 6943/9199/119 6944/9200/119
f 6945/9201/11 6946/9202/11 6947/9203/11 6948/9204/11
f 6945/9201/88 6941/9197/88 6949/9205/88
f 6950/9206/94 6944/9200/94 6946/9202/94
f 6949/9205/86 6941/9197/86 6944/9200/86 6950/9206/86
f 6945/9201/89 6942/9198/89 6941/9197/89
f 6951/9207/83 6949/9205/83 6950/9206/83 6952/9208/83
f 6952/9208/85 6950/9206/85 6946/9202/85 6953/9209/85
f 6944/9200/91 6943/9199/91 6946/9202/91
f 6945/9201/81 6948/9204/81 6942/9198/81
f 6943/9199/80 6947/9203/80 6946/9202/80
f 6953/9209/14 6954/9210/14 6951/9207/14 6952/9208/14
f 6942/9198/82 6948/9204/82 6947/9203/82 6943/9199/82
f 6954/9210/84 6945/9201/84 6949/9205/84 6951/9207/84
f 6953/9209/21 6946/9202/21 6945/9201/21 6954/9210/21
f 6955/9211/80 6956/9212/80 6957/9213/80
f 6958/9214/95 6959/9215/95 6960/9216/95
f 6960/9216/82 6959/9215/82 6956/9212/82 6955/9211/82
f 6961/9217/14 6962/9218/14 6963/9219/14 6964/9220/14
f 6958/9214/11 6957/9213/11 6956/9212/11 6959/9215/11
f 6963/9219/83 6965/9221/83 6966/9222/83 6964/9220/83
f 6962/9218/84 6958/9214/84 6965/9221/84 6963/9219/84
f 6961/9217/21 6957/9213/21 6958/9214/21 6962/9218/21
f 6964/9220/85 6966/9222/85 6957/9213/85 6961/9217/85
f 6965/9221/86 6967/9223/86 6968/9224/86 6966/9222/86
f 6967/9223/119 6960/9216/119 6955/9211/119 6968/9224/119
f 6958/9214/88 6967/9223/88 6965/9221/88
f 6958/9214/89 6960/9216/89 6967/9223/89
f 6966/9222/94 6968/9224/94 6957/9213/94
f 6968/9224/91 6955/9211/91 6957/9213/91
f 6969/9225/119 6970/9226/119 6971/9227/119 6972/9228/119
f 6973/9229/11 6974/9230/11 6975/9231/11 6976/9232/11
f 6973/9229/96 6969/9225/96 6977/9233/96
f 6978/9234/90 6972/9228/90 6974/9230/90
f 6977/9233/86 6969/9225/86 6972/9228/86 6978/9234/86
f 6973/9229/89 6970/9226/89 6969/9225/89
f 6979/9235/83 6977/9233/83 6978/9234/83 6980/9236/83
f 6980/9236/85 6978/9234/85 6974/9230/85 6981/9237/85
f 6972/9228/91 6971/9227/91 6974/9230/91
f 6973/9229/81 6976/9232/81 6970/9226/81
f 6971/9227/80 6975/9231/80 6974/9230/80
f 6981/9237/14 6982/9238/14 6979/9235/14 6980/9236/14
f 6970/9226/82 6976/9232/82 6975/9231/82 6971/9227/82
f 6982/9238/84 6973/9229/84 6977/9233/84 6979/9235/84
f 6981/9237/21 6974/9230/21 6973/9229/21 6982/9238/21
f 6983/9239/80 6984/9240/80 6985/9241/80
f 6986/9242/81 6987/9243/81 6988/9244/81
f 6988/9244/82 6987/9243/82 6984/9240/82 6983/9239/82
f 6989/9245/14 6990/9246/14 6991/9247/14 6992/9248/14
f 6986/9242/11 6985/9241/11 6984/9240/11 6987/9243/11
f 6991/9247/83 6993/9249/83 6994/9250/83 6992/9248/83
f 6990/9246/84 6986/9242/84 6993/9249/84 6991/9247/84
f 6989/9245/21 6985/9241/21 6986/9242/21 6990/9246/21
f 6992/9248/85 6994/9250/85 6985/9241/85 6989/9245/85
f 6993/9249/86 6995/9251/86 6996/9252/86 6994/9250/86
f 6995/9251/119 6988/9244/119 6983/9239/119 6996/9252/119
f 6986/9242/96 6995/9251/96 6993/9249/96
f 6986/9242/89 6988/9244/89 6995/9251/89
f 6994/9250/90 6996/9252/90 6985/9241/90
f 6996/9252/91 6983/9239/91 6985/9241/91
f 6898/9154/11 6997/9253/11 6998/9254/11 6904/9160/11
f 6999/9255/14 7000/9256/14 7001/9257/14 7002/9258/14
f 7002/9258/19 7001/9257/19 6998/9254/19 7003/9259/19
f 6999/9255/15 7004/9260/15 6997/9253/15 7000/9256/15
f 6899/9155/11 6898/9154/11 6904/9160/11 6903/9159/11
f 7000/9256/14 6897/9153/14 6901/9157/14 7001/9257/14
f 7001/9257/19 6901/9157/19 6904/9160/19 6998/9254/19
f 7000/9256/15 6997/9253/15 6898/9154/15 6897/9153/15
f 7005/9261/133 7006/9262/133 7004/9260/133 6999/9255/133
f 7007/9263/134 7002/9258/134 7003/9259/134 7008/9264/134
f 7005/9261/14 6999/9255/14 7002/9258/14 7007/9263/14
f 6997/9253/11 7004/9260/11 7003/9259/11 6998/9254/11
f 7009/9265/14 7005/9261/14 7007/9263/14 7010/9266/14
f 7010/9266/19 7007/9263/19 7008/9264/19 7011/9267/19
f 7009/9265/15 7012/9268/15 7006/9262/15 7005/9261/15
f 7004/9260/11 7006/9262/11 7008/9264/11 7003/9259/11
f 7013/9269/135 6905/9161/135 7012/9268/135 7009/9265/135
f 7014/9270/136 7010/9266/136 7011/9267/136 6908/9164/136
f 7013/9269/14 7009/9265/14 7010/9266/14 7014/9270/14
f 7006/9262/11 7012/9268/11 7011/9267/11 7008/9264/11
f 7015/9271/14 7013/9269/14 7014/9270/14 7016/9272/14
f 7016/9272/19 7014/9270/19 6908/9164/19 6907/9163/19
f 7015/9271/15 6906/9162/15 6905/9161/15 7013/9269/15
f 7012/9268/11 6905/9161/11 6908/9164/11 7011/9267/11
f 7017/9273/137 7018/9274/137 7019/9275/137 7020/9276/137
f 7021/9277/138 7022/9278/138 7023/9279/138 7024/9280/138
f 7017/9273/14 7021/9277/14 7024/9280/14 7018/9274/14
f 7025/9281/11 7026/9282/11 6907/9163/11 6906/9162/11
f 7027/9283/116 7028/9284/116 7029/9285/116 7030/9286/116
f 7031/9287/11 7032/9288/11 7033/9289/11 7034/9290/11
f 7031/9287/70 7035/9291/70 7027/9283/70
f 7036/9292/73 7034/9290/73 7028/9284/73
f 7035/9291/66 7036/9292/66 7028/9284/66 7027/9283/66
f 7031/9287/71 7027/9283/71 7030/9286/71
f 7037/9293/63 7038/9294/63 7036/9292/63 7035/9291/63
f 7038/9294/64 7039/9295/64 7034/9290/64 7036/9292/64
f 7028/9284/69 7034/9290/69 7029/9285/69
f 7031/9287/60 7030/9286/60 7032/9288/60
f 7029/9285/61 7034/9290/61 7033/9289/61
f 7039/9295/14 7038/9294/14 7037/9293/14 7040/9296/14
f 7030/9286/62 7029/9285/62 7033/9289/62 7032/9288/62
f 7040/9296/65 7037/9293/65 7035/9291/65 7031/9287/65
f 7039/9295/15 7040/9296/15 7031/9287/15 7034/9290/15
f 7041/9297/61 7042/9298/61 7043/9299/61
f 7044/9300/139 7045/9301/139 7046/9302/139
f 7045/9301/62 7041/9297/62 7043/9299/62 7046/9302/62
f 7047/9303/14 7048/9304/14 7049/9305/14 7050/9306/14
f 7044/9300/11 7046/9302/11 7043/9299/11 7042/9298/11
f 7049/9305/63 7048/9304/63 7051/9307/63 7052/9308/63
f 7050/9306/65 7049/9305/65 7052/9308/65 7044/9300/65
f 7047/9303/15 7050/9306/15 7044/9300/15 7042/9298/15
f 7048/9304/64 7047/9303/64 7042/9298/64 7051/9307/64
f 7052/9308/66 7051/9307/66 7053/9309/66 7054/9310/66
f 7054/9310/116 7053/9309/116 7041/9297/116 7045/9301/116
f 7044/9300/78 7052/9308/78 7054/9310/78
f 7044/9300/71 7054/9310/71 7045/9301/71
f 7051/9307/73 7042/9298/73 7053/9309/73
f 7053/9309/69 7042/9298/69 7041/9297/69
f 7018/9274/140 7055/9311/140 7056/9312/140 7019/9275/140
f 7024/9280/21 7023/9279/21 7057/9313/21 7058/9314/21
f 7018/9274/14 7024/9280/14 7058/9314/14 7055/9311/14
f 7055/9311/15 7058/9314/15 7057/9313/15 7056/9312/15
f 7056/9312/11 7057/9313/11 7023/9279/11 7019/9275/11
f 7059/9315/106 7060/9316/106 7061/9317/106 7062/9318/106
f 7063/9319/11 7064/9320/11 7065/9321/11 7066/9322/11
f 7063/9319/111 7067/9323/111 7059/9315/111
f 7068/9324/113 7066/9322/113 7060/9316/113
f 7067/9323/105 7068/9324/105 7060/9316/105 7059/9315/105
f 7063/9319/108 7059/9315/108 7062/9318/108
f 7069/9325/102 7070/9326/102 7068/9324/102 7067/9323/102
f 7070/9326/104 7071/9327/104 7066/9322/104 7068/9324/104
f 7060/9316/110 7066/9322/110 7061/9317/110
f 7063/9319/100 7062/9318/100 7064/9320/100
f 7061/9317/99 7066/9322/99 7065/9321/99
f 7071/9327/14 7070/9326/14 7069/9325/14 7072/9328/14
f 7062/9318/123 7061/9317/123 7065/9321/123 7064/9320/123
f 7072/9328/103 7069/9325/103 7067/9323/103 7063/9319/103
f 7071/9327/16 7072/9328/16 7063/9319/16 7066/9322/16
f 7073/9329/99 7074/9330/99 7075/9331/99
f 7076/9332/100 7077/9333/100 7078/9334/100
f 7077/9333/123 7073/9329/123 7075/9331/123 7078/9334/123
f 7079/9335/14 7080/9336/14 7081/9337/14 7082/9338/14
f 7076/9332/11 7078/9334/11 7075/9331/11 7074/9330/11
f 7081/9337/102 7080/9336/102 7083/9339/102 7084/9340/102
f 7082/9338/103 7081/9337/103 7084/9340/103 7076/9332/103
f 7079/9335/16 7082/9338/16 7076/9332/16 7074/9330/16
f 7080/9336/104 7079/9335/104 7074/9330/104 7083/9339/104
f 7084/9340/105 7083/9339/105 7085/9341/105 7086/9342/105
f 7086/9342/106 7085/9341/106 7073/9329/106 7077/9333/106
f 7076/9332/114 7084/9340/114 7086/9342/114
f 7076/9332/108 7086/9342/108 7077/9333/108
f 7083/9339/113 7074/9330/113 7085/9341/113
f 7085/9341/110 7074/9330/110 7073/9329/110
f 7087/9343/106 7088/9344/106 7089/9345/106 7090/9346/106
f 7091/9347/11 7092/9348/11 7093/9349/11 7094/9350/11
f 7091/9347/114 7095/9351/114 7087/9343/114
f 7096/9352/113 7094/9350/113 7088/9344/113
f 7095/9351/105 7096/9352/105 7088/9344/105 7087/9343/105
f 7091/9347/108 7087/9343/108 7090/9346/108
f 7097/9353/102 7098/9354/102 7096/9352/102 7095/9351/102
f 7098/9354/104 7099/9355/104 7094/9350/104 7096/9352/104
f 7088/9344/110 7094/9350/110 7089/9345/110
f 7091/9347/100 7090/9346/100 7092/9348/100
f 7089/9345/99 7094/9350/99 7093/9349/99
f 7099/9355/14 7098/9354/14 7097/9353/14 7100/9356/14
f 7090/9346/123 7089/9345/123 7093/9349/123 7092/9348/123
f 7100/9356/103 7097/9353/103 7095/9351/103 7091/9347/103
f 7099/9355/16 7100/9356/16 7091/9347/16 7094/9350/16
f 7101/9357/99 7102/9358/99 7103/9359/99
f 7104/9360/100 7105/9361/100 7106/9362/100
f 7105/9361/123 7101/9357/123 7103/9359/123 7106/9362/123
f 7107/9363/14 7108/9364/14 7109/9365/14 7110/9366/14
f 7104/9360/11 7106/9362/11 7103/9359/11 7102/9358/11
f 7109/9365/102 7108/9364/102 7111/9367/102 7112/9368/102
f 7110/9366/103 7109/9365/103 7112/9368/103 7104/9360/103
f 7107/9363/16 7110/9366/16 7104/9360/16 7102/9358/16
f 7108/9364/104 7107/9363/104 7102/9358/104 7111/9367/104
f 7112/9368/105 7111/9367/105 7113/9369/105 7114/9370/105
f 7114/9370/106 7113/9369/106 7101/9357/106 7105/9361/106
f 7104/9360/111 7112/9368/111 7114/9370/111
f 7104/9360/108 7114/9370/108 7105/9361/108
f 7111/9367/113 7102/9358/113 7113/9369/113
f 7113/9369/110 7102/9358/110 7101/9357/110
f 7020/9276/11 7022/9278/11 7115/9371/11 7116/9372/11
f 7117/9373/14 7118/9374/14 7119/9375/14 7120/9376/14
f 7118/9374/19 7121/9377/19 7115/9371/19 7119/9375/19
f 7117/9373/15 7120/9376/15 7116/9372/15 7122/9378/15
f 7019/9275/11 7023/9279/11 7022/9278/11 7020/9276/11
f 7120/9376/14 7119/9375/14 7021/9277/14 7017/9273/14
f 7119/9375/19 7115/9371/19 7022/9278/19 7021/9277/19
f 7120/9376/15 7017/9273/15 7020/9276/15 7116/9372/15
f 7123/9379/141 7117/9373/141 7122/9378/141 7124/9380/141
f 7125/9381/142 7126/9382/142 7121/9377/142 7118/9374/142
f 7123/9379/14 7125/9381/14 7118/9374/14 7117/9373/14
f 7116/9372/11 7115/9371/11 7121/9377/11 7122/9378/11
f 7127/9383/14 7128/9384/14 7125/9381/14 7123/9379/14
f 7128/9384/19 7129/9385/19 7126/9382/19 7125/9381/19
f 7127/9383/15 7123/9379/15 7124/9380/15 7130/9386/15
f 7122/9378/11 7121/9377/11 7126/9382/11 7124/9380/11
f 7131/9387/143 7127/9383/143 7130/9386/143 7025/9281/143
f 7132/9388/144 7026/9282/144 7129/9385/144 7128/9384/144
f 7131/9387/14 7132/9388/14 7128/9384/14 7127/9383/14
f 7124/9380/11 7126/9382/11 7129/9385/11 7130/9386/11
f 7015/9271/14 7016/9272/14 7132/9388/14 7131/9387/14
f 7016/9272/19 6907/9163/19 7026/9282/19 7132/9388/19
f 7015/9271/15 7131/9387/15 7025/9281/15 6906/9162/15
f 7130/9386/11 7129/9385/11 7026/9282/11 7025/9281/11
f 7133/9389/16 7134/9390/16 7135/9391/16 7136/9392/16
f 7134/9390/11 7137/9393/11 7138/9394/11 7135/9391/11
f 7137/9393/21 7139/9395/21 7140/9396/21 7138/9394/21
f 7134/9390/19 7137/9393/19 7139/9395/19 7133/9389/19
f 7133/9389/14 7136/9392/14 7140/9396/14 7139/9395/14
f 7141/9397/21 7142/9398/21 7143/9399/21 7144/9400/21
f 7144/9400/11 7143/9399/11 7145/9401/11 7146/9402/11
f 7146/9402/16 7145/9401/16 7147/9403/16 7148/9404/16
f 7144/9400/19 7141/9397/19 7148/9404/19 7146/9402/19
f 7141/9397/14 7148/9404/14 7147/9403/14 7142/9398/14
f 7149/9405/16 7150/9406/16 7151/9407/16 7152/9408/16
f 7153/9409/19 7154/9410/19 7155/9411/19 7156/9412/19
f 7157/9413/21 7158/9414/21 7159/9415/21 7160/9416/21
f 7161/9417/19 7162/9418/19 7163/9419/19 7164/9420/19
f 7165/9421/21 7166/9422/21 7167/9423/21 7168/9424/21
f 7155/9411/11 7169/9425/11 7170/9426/11 7156/9412/11
f 7171/9427/16 7162/9418/16 7172/9428/16 7173/9429/16
f 7163/9419/14 7174/9430/14 7175/9431/14 7164/9420/14
f 7176/9432/19 7177/9433/19 7178/9434/19 7179/9435/19
f 7158/9414/19 7157/9413/19 7180/9436/19 7181/9437/19
f 7182/9438/15 7152/9408/15 7166/9422/15 7183/9439/15
f 7178/9434/21 7184/9440/21 7185/9441/21 7179/9435/21
f 7186/9442/16 7187/9443/16 7188/9444/16 7189/9445/16
f 7190/9446/15 7191/9447/15 7170/9426/15 7169/9425/15
f 7192/9448/15 7193/9449/15 7187/9443/15 7194/9450/15
f 7172/9428/15 7195/9451/15 7175/9431/15 7174/9430/15
f 7196/9452/16 7197/9453/16 7169/9425/16 7155/9411/16
f 7198/9454/16 7199/9455/16 7200/9456/16 7201/9457/16
f 7180/9436/16 7202/9458/16 7203/9459/16 7181/9437/16
f 7204/9460/21 7205/9461/21 7206/9462/21 7193/9449/21
f 7207/9463/21 7208/9464/21 7209/9465/21 7210/9466/21
f 7150/9406/19 7149/9405/19 7165/9421/19 7168/9424/19
f 7211/9467/15 7212/9468/15 7213/9469/15 7214/9470/15
f 7215/9471/21 7216/9472/21 7174/9430/21 7163/9419/21
f 7160/9416/15 7202/9458/15 7200/9456/15 7217/9473/15
f 7218/9474/19 7201/9457/19 7180/9436/19 7157/9413/19
f 7202/9458/16 7180/9436/16 7201/9457/16 7200/9456/16
f 7219/9475/15 7220/9476/15 7160/9416/15 7217/9473/15
f 7211/9467/15 7208/9464/15 7185/9441/15 7212/9468/15
f 7176/9432/19 7179/9435/19 7207/9463/19 7221/9477/19
f 7208/9464/21 7207/9463/21 7179/9435/21 7185/9441/21
f 7176/9432/19 7221/9477/19 7222/9478/19 7223/9479/19
f 7205/9461/19 7204/9460/19 7186/9442/19 7189/9445/19
f 7221/9477/14 7211/9467/14 7214/9470/14 7222/9478/14
f 7218/9474/19 7224/9480/19 7198/9454/19 7201/9457/19
f 7225/9481/15 7190/9446/15 7169/9425/15 7197/9453/15
f 7160/9416/15 7159/9415/15 7203/9459/15 7202/9458/15
f 7226/9482/21 7154/9410/21 7190/9446/21 7225/9481/21
f 7193/9449/15 7206/9462/15 7188/9444/15 7187/9443/15
f 7224/9480/21 7218/9474/21 7217/9473/21 7227/9483/21
f 7227/9483/15 7217/9473/15 7200/9456/15 7199/9455/15
f 7221/9477/16 7228/9484/16 7229/9485/16 7211/9467/16
f 7162/9418/19 7171/9427/19 7215/9471/19 7163/9419/19
f 7211/9467/15 7229/9485/15 7209/9465/15 7208/9464/15
f 7173/9429/15 7172/9428/15 7174/9430/15 7216/9472/15
f 7228/9484/19 7221/9477/19 7207/9463/19 7210/9466/19
f 7152/9408/15 7151/9407/15 7167/9423/15 7166/9422/15
f 7230/9486/15 7212/9468/15 7185/9441/15 7184/9440/15
f 7149/9405/19 7231/9487/19 7232/9488/19 7165/9421/19
f 7177/9433/16 7176/9432/16 7212/9468/16 7230/9486/16
f 7232/9488/11 7183/9439/11 7166/9422/11 7165/9421/11
f 7154/9410/14 7153/9409/14 7191/9447/14 7190/9446/14
f 7220/9476/11 7233/9489/11 7157/9413/11 7160/9416/11
f 7231/9487/14 7149/9405/14 7152/9408/14 7182/9438/14
f 7204/9460/19 7234/9490/19 7235/9491/19 7186/9442/19
f 7233/9489/19 7236/9492/19 7218/9474/19 7157/9413/19
f 7212/9468/11 7176/9432/11 7223/9479/11 7213/9469/11
f 7236/9492/14 7219/9475/14 7217/9473/14 7218/9474/14
f 7235/9491/14 7194/9450/14 7187/9443/14 7186/9442/14
f 7162/9418/11 7161/9417/11 7195/9451/11 7172/9428/11
f 7237/9493/19 7238/9494/19 7205/9461/19 7224/9480/19
f 7234/9490/11 7204/9460/11 7193/9449/11 7192/9448/11
f 7197/9453/16 7196/9452/16 7181/9437/16 7203/9459/16
f 7225/9481/15 7197/9453/15 7203/9459/15 7159/9415/15
f 7151/9407/11 7150/9406/11 7239/9495/11 7240/9496/11
f 7158/9414/19 7181/9437/19 7196/9452/19 7226/9482/19
f 7241/9497/11 7237/9493/11 7224/9480/11 7227/9483/11
f 7205/9461/19 7189/9445/19 7198/9454/19 7224/9480/19
f 7227/9483/15 7199/9455/15 7188/9444/15 7206/9462/15
f 7199/9455/16 7198/9454/16 7189/9445/16 7188/9444/16
f 7228/9484/19 7171/9427/19 7242/9498/19 7243/9499/19
f 7216/9472/21 7215/9471/21 7210/9466/21 7209/9465/21
f 7173/9429/15 7216/9472/15 7209/9465/15 7229/9485/15
f 7228/9484/19 7210/9466/19 7215/9471/19 7171/9427/19
f 7177/9433/14 7230/9486/14 7244/9500/14 7245/9501/14
f 7230/9486/15 7184/9440/15 7167/9423/15 7151/9407/15
f 7184/9440/21 7178/9434/21 7168/9424/21 7167/9423/21
f 7150/9406/19 7168/9424/19 7178/9434/19 7177/9433/19
f 7182/9438/15 7183/9439/15 7170/9426/15 7191/9447/15
f 7153/9409/19 7156/9412/19 7232/9488/19 7231/9487/19
f 7183/9439/11 7232/9488/11 7156/9412/11 7170/9426/11
f 7239/9495/19 7246/9502/19 7153/9409/19 7231/9487/19
f 7220/9476/15 7219/9475/15 7214/9470/15 7213/9469/15
f 7247/9503/19 7245/9501/19 7223/9479/19 7233/9489/19
f 7236/9492/19 7233/9489/19 7223/9479/19 7222/9478/19
f 7243/9499/19 7237/9493/19 7236/9492/19 7222/9478/19
f 7192/9448/15 7194/9450/15 7175/9431/15 7195/9451/15
f 7161/9417/19 7164/9420/19 7235/9491/19 7234/9490/19
f 7194/9450/14 7235/9491/14 7164/9420/14 7175/9431/14
f 7238/9494/19 7242/9498/19 7161/9417/19 7234/9490/19
f 7154/9410/19 7226/9482/19 7196/9452/19 7155/9411/19
f 7238/9494/14 7248/9504/14 7206/9462/14 7205/9461/14
f 7230/9486/15 7151/9407/15 7240/9496/15 7244/9500/15
f 7237/9493/16 7241/9497/16 7219/9475/16 7236/9492/16
f 7249/9505/15 7250/9506/15 7225/9481/15 7159/9415/15
f 7247/9503/14 7249/9505/14 7159/9415/14 7158/9414/14
f 7250/9506/11 7246/9502/11 7226/9482/11 7225/9481/11
f 7246/9502/19 7247/9503/19 7158/9414/19 7226/9482/19
f 7171/9427/14 7173/9429/14 7251/9507/14 7242/9498/14
f 7150/9406/19 7177/9433/19 7245/9501/19 7239/9495/19
f 7248/9504/15 7241/9497/15 7227/9483/15 7206/9462/15
f 7173/9429/15 7229/9485/15 7252/9508/15 7251/9507/15
f 7252/9508/21 7243/9499/21 7222/9478/21 7214/9470/21
f 7247/9503/19 7246/9502/19 7239/9495/19 7245/9501/19
f 7249/9505/16 7247/9503/16 7233/9489/16 7220/9476/16
f 7241/9497/15 7248/9504/15 7251/9507/15 7252/9508/15
f 7240/9496/21 7239/9495/21 7231/9487/21 7182/9438/21
f 7250/9506/15 7249/9505/15 7244/9500/15 7240/9496/15
f 7248/9504/16 7238/9494/16 7234/9490/16 7192/9448/16
f 7238/9494/19 7237/9493/19 7243/9499/19 7242/9498/19
f 7229/9485/11 7228/9484/11 7243/9499/11 7252/9508/11
f 7241/9497/15 7252/9508/15 7214/9470/15 7219/9475/15
f 7245/9501/21 7244/9500/21 7213/9469/21 7223/9479/21
f 7244/9500/15 7249/9505/15 7220/9476/15 7213/9469/15
f 7246/9502/16 7250/9506/16 7191/9447/16 7153/9409/16
f 7250/9506/15 7240/9496/15 7182/9438/15 7191/9447/15
f 7242/9498/21 7251/9507/21 7195/9451/21 7161/9417/21
f 7251/9507/15 7248/9504/15 7192/9448/15 7195/9451/15
f 7253/9509/21 7254/9510/21 7255/9511/21 7256/9512/21
f 7257/9513/19 7258/9514/19 7259/9515/19 7260/9516/19
f 7261/9517/16 7262/9518/16 7263/9519/16 7264/9520/16
f 7265/9521/19 7266/9522/19 7267/9523/19 7268/9524/19
f 7269/9525/16 7270/9526/16 7271/9527/16 7272/9528/16
f 7259/9515/11 7258/9514/11 7273/9529/11 7274/9530/11
f 7275/9531/21 7276/9532/21 7277/9533/21 7268/9524/21
f 7267/9523/14 7266/9522/14 7278/9534/14 7279/9535/14
f 7280/9536/19 7281/9537/19 7282/9538/19 7283/9539/19
f 7264/9520/19 7284/9540/19 7285/9541/19 7261/9517/19
f 7286/9542/15 7287/9543/15 7272/9528/15 7254/9510/15
f 7282/9538/16 7281/9537/16 7288/9544/16 7289/9545/16
f 7290/9546/21 7291/9547/21 7292/9548/21 7293/9549/21
f 7294/9550/15 7274/9530/15 7273/9529/15 7295/9551/15
f 7296/9552/15 7297/9553/15 7293/9549/15 7298/9554/15
f 7277/9533/15 7279/9535/15 7278/9534/15 7299/9555/15
f 7300/9556/21 7259/9515/21 7274/9530/21 7301/9557/21
f 7302/9558/21 7303/9559/21 7304/9560/21 7305/9561/21
f 7285/9541/21 7284/9540/21 7306/9562/21 7307/9563/21
f 7308/9564/16 7298/9554/16 7309/9565/16 7310/9566/16
f 7311/9567/16 7312/9568/16 7313/9569/16 7314/9570/16
f 7256/9512/19 7270/9526/19 7269/9525/19 7253/9509/19
f 7315/9571/15 7316/9572/15 7317/9573/15 7318/9574/15
f 7319/9575/16 7267/9523/16 7279/9535/16 7320/9576/16
f 7262/9518/15 7321/9577/15 7304/9560/15 7307/9563/15
f 7322/9578/19 7261/9517/19 7285/9541/19 7303/9559/19
f 7307/9563/21 7304/9560/21 7303/9559/21 7285/9541/21
f 7323/9579/15 7321/9577/15 7262/9518/15 7324/9580/15
f 7315/9571/15 7318/9574/15 7288/9544/15 7314/9570/15
f 7280/9536/19 7325/9581/19 7311/9567/19 7281/9537/19
f 7314/9570/16 7288/9544/16 7281/9537/16 7311/9567/16
f 7280/9536/19 7326/9582/19 7327/9583/19 7325/9581/19
f 7310/9566/19 7291/9547/19 7290/9546/19 7308/9564/19
f 7325/9581/14 7327/9583/14 7316/9572/14 7315/9571/14
f 7322/9578/19 7303/9559/19 7302/9558/19 7328/9584/19
f 7329/9585/15 7301/9557/15 7274/9530/15 7294/9550/15
f 7262/9518/15 7307/9563/15 7306/9562/15 7263/9519/15
f 7330/9586/16 7329/9585/16 7294/9550/16 7260/9516/16
f 7298/9554/15 7293/9549/15 7292/9548/15 7309/9565/15
f 7328/9584/16 7331/9587/16 7321/9577/16 7322/9578/16
f 7331/9587/15 7305/9561/15 7304/9560/15 7321/9577/15
f 7325/9581/21 7315/9571/21 7332/9588/21 7333/9589/21
f 7268/9524/19 7267/9523/19 7319/9575/19 7275/9531/19
f 7315/9571/15 7314/9570/15 7313/9569/15 7332/9588/15
f 7276/9532/15 7320/9576/15 7279/9535/15 7277/9533/15
f 7333/9589/19 7312/9568/19 7311/9567/19 7325/9581/19
f 7254/9510/15 7272/9528/15 7271/9527/15 7255/9511/15
f 7334/9590/15 7289/9545/15 7288/9544/15 7318/9574/15
f 7253/9509/19 7269/9525/19 7335/9591/19 7336/9592/19
f 7283/9539/21 7334/9590/21 7318/9574/21 7280/9536/21
f 7335/9591/11 7269/9525/11 7272/9528/11 7287/9543/11
f 7260/9516/14 7294/9550/14 7295/9551/14 7257/9513/14
f 7324/9580/11 7262/9518/11 7261/9517/11 7337/9593/11
f 7336/9592/14 7286/9542/14 7254/9510/14 7253/9509/14
f 7308/9564/19 7290/9546/19 7338/9594/19 7339/9595/19
f 7337/9593/19 7261/9517/19 7322/9578/19 7340/9596/19
f 7318/9574/11 7317/9573/11 7326/9582/11 7280/9536/11
f 7340/9596/14 7322/9578/14 7321/9577/14 7323/9579/14
f 7338/9594/14 7290/9546/14 7293/9549/14 7297/9553/14
f 7268/9524/11 7277/9533/11 7299/9555/11 7265/9521/11
f 7341/9597/19 7328/9584/19 7310/9566/19 7342/9598/19
f 7339/9595/11 7296/9552/11 7298/9554/11 7308/9564/11
f 7301/9557/21 7306/9562/21 7284/9540/21 7300/9556/21
f 7329/9585/15 7263/9519/15 7306/9562/15 7301/9557/15
f 7255/9511/11 7343/9599/11 7344/9600/11 7256/9512/11
f 7264/9520/19 7330/9586/19 7300/9556/19 7284/9540/19
f 7345/9601/11 7331/9587/11 7328/9584/11 7341/9597/11
f 7310/9566/19 7328/9584/19 7302/9558/19 7291/9547/19
f 7331/9587/15 7309/9565/15 7292/9548/15 7305/9561/15
f 7305/9561/21 7292/9548/21 7291/9547/21 7302/9558/21
f 7333/9589/19 7346/9602/19 7347/9603/19 7275/9531/19
f 7320/9576/16 7313/9569/16 7312/9568/16 7319/9575/16
f 7276/9532/15 7332/9588/15 7313/9569/15 7320/9576/15
f 7333/9589/19 7275/9531/19 7319/9575/19 7312/9568/19
f 7283/9539/14 7348/9604/14 7349/9605/14 7334/9590/14
f 7334/9590/15 7255/9511/15 7271/9527/15 7289/9545/15
f 7289/9545/16 7271/9527/16 7270/9526/16 7282/9538/16
f 7256/9512/19 7283/9539/19 7282/9538/19 7270/9526/19
f 7286/9542/15 7295/9551/15 7273/9529/15 7287/9543/15
f 7257/9513/19 7336/9592/19 7335/9591/19 7258/9514/19
f 7287/9543/11 7273/9529/11 7258/9514/11 7335/9591/11
f 7344/9600/19 7336/9592/19 7257/9513/19 7350/9606/19
f 7324/9580/15 7317/9573/15 7316/9572/15 7323/9579/15
f 7351/9607/19 7337/9593/19 7326/9582/19 7348/9604/19
f 7340/9596/19 7327/9583/19 7326/9582/19 7337/9593/19
f 7346/9602/19 7327/9583/19 7340/9596/19 7341/9597/19
f 7296/9552/15 7299/9555/15 7278/9534/15 7297/9553/15
f 7265/9521/19 7339/9595/19 7338/9594/19 7266/9522/19
f 7297/9553/14 7278/9534/14 7266/9522/14 7338/9594/14
f 7342/9598/19 7339/9595/19 7265/9521/19 7347/9603/19
f 7260/9516/19 7259/9515/19 7300/9556/19 7330/9586/19
f 7342/9598/14 7310/9566/14 7309/9565/14 7352/9608/14
f 7334/9590/15 7349/9605/15 7343/9599/15 7255/9511/15
f 7341/9597/21 7340/9596/21 7323/9579/21 7345/9601/21
f 7353/9609/15 7263/9519/15 7329/9585/15 7354/9610/15
f 7351/9607/14 7264/9520/14 7263/9519/14 7353/9609/14
f 7354/9610/11 7329/9585/11 7330/9586/11 7350/9606/11
f 7350/9606/19 7330/9586/19 7264/9520/19 7351/9607/19
f 7275/9531/14 7347/9603/14 7355/9611/14 7276/9532/14
f 7256/9512/19 7344/9600/19 7348/9604/19 7283/9539/19
f 7352/9608/15 7309/9565/15 7331/9587/15 7345/9601/15
f 7276/9532/15 7355/9611/15 7356/9612/15 7332/9588/15
f 7356/9612/16 7316/9572/16 7327/9583/16 7346/9602/16
f 7351/9607/19 7348/9604/19 7344/9600/19 7350/9606/19
f 7353/9609/21 7324/9580/21 7337/9593/21 7351/9607/21
f 7345/9601/15 7356/9612/15 7355/9611/15 7352/9608/15
f 7343/9599/16 7286/9542/16 7336/9592/16 7344/9600/16
f 7354/9610/15 7343/9599/15 7349/9605/15 7353/9609/15
f 7352/9608/21 7296/9552/21 7339/9595/21 7342/9598/21
f 7342/9598/19 7347/9603/19 7346/9602/19 7341/9597/19
f 7332/9588/11 7356/9612/11 7346/9602/11 7333/9589/11
f 7345/9601/15 7323/9579/15 7316/9572/15 7356/9612/15
f 7348/9604/16 7326/9582/16 7317/9573/16 7349/9605/16
f 7349/9605/15 7317/9573/15 7324/9580/15 7353/9609/15
f 7350/9606/21 7257/9513/21 7295/9551/21 7354/9610/21
f 7354/9610/15 7295/9551/15 7286/9542/15 7343/9599/15
f 7347/9603/16 7265/9521/16 7299/9555/16 7355/9611/16
f 7355/9611/15 7299/9555/15 7296/9552/15 7352/9608/15
f 409/9613/145 408/9614/145 299/457/17 318/477/26
f 262/9615/145 172/270/26 152/249/17 263/9616/145
f 424/9617/14 304/462/14 159/256/14 288/9618/14
f 159/256/14 158/255/14 284/9619/14 288/9618/14
f 158/255/14 273/9620/14 275/9621/14 284/9619/14
f 417/9622/14 415/9623/14 304/462/14 424/9617/14
o Collider
v -2.228325 1.413460 -3.677153
v -1.839882 6.934790 -3.228921
v 1.990470 1.413460 -3.677153
v 1.596572 6.934790 -3.228920
v -2.228325 1.413460 -1.457953
v -1.839882 6.934790 -1.790079
v -1.301728 6.934790 -1.790079
v -1.688803 1.413460 -1.457953
v -2.228325 6.934790 -1.457953
v -2.228325 6.934790 -3.677153
v 1.990470 6.934790 -3.677153
v -1.688802 6.934790 -1.457953
v -1.839882 6.682376 -3.228921
v 1.596572 6.682376 -3.228920
v -1.839882 6.682376 -1.790079
v -1.301728 6.682376 -1.790079
v -2.228325 1.413460 3.677153
v -1.839882 6.934790 3.228921
v 1.990470 1.413460 3.677153
v 1.596572 6.934790 3.228920
v -2.228325 1.413460 1.457953
v -1.839882 6.934790 1.790079
v -1.301728 6.934790 1.790079
v -1.688803 1.413460 1.457953
v -2.228325 6.934790 1.457953
v -2.228325 6.934790 3.677153
v 1.990470 6.934790 3.677153
v -1.688802 6.934790 1.457953
v -1.839882 6.682376 3.228921
v 1.596572 6.682376 3.228920
v -1.839882 6.682376 1.790079
v -1.301728 6.682376 1.790079
v 1.705863 0.000000 -0.448465
v 1.705863 1.338911 -0.448465
v -1.610796 1.338911 -1.528843
v -1.610796 0.000000 -1.528843
v 1.187434 0.000000 -1.462805
v 1.187434 1.338911 -1.462805
v 1.889522 1.338911 -0.587994
v 1.889522 0.000000 -0.587994
v 1.889522 1.338911 -0.871351
v 1.889522 0.000000 -0.871351
v 1.187434 0.000000 -3.002683
v 1.187434 1.338911 -3.002683
v -2.181296 1.338911 -1.528843
v -2.181296 0.000000 -1.528843
v -2.181296 1.338911 -3.002683
v -2.181296 0.000000 -3.002683
v 1.228025 0.000000 -1.967642
v 1.228025 1.338911 -1.967642
v 1.228025 0.000000 -2.573190
v 1.228025 1.338911 -2.573190
v 1.705863 0.000000 0.448465
v 1.705863 1.338911 0.448465
v -1.610796 1.338911 1.528843
v -1.610796 0.000000 1.528843
v 1.187434 0.000000 1.462805
v 1.187434 1.338911 1.462805
v 1.889522 1.338911 0.587994
v 1.889522 0.000000 0.587994
v 1.889522 1.338911 0.871351
v 1.889522 0.000000 0.871351
v 1.187434 0.000000 3.002683
v 1.187434 1.338911 3.002683
v -2.181296 1.338911 1.528843
v -2.181296 0.000000 1.528843
v -2.181296 1.338911 3.002683
v -2.181296 0.000000 3.002683
v 1.228025 0.000000 1.967642
v 1.228025 1.338911 1.967642
v 1.228025 0.000000 2.573190
v 1.228025 1.338911 2.573190
v 1.721366 0.000000 -2.021298
v 1.721366 1.421296 -2.021298
v 1.841944 0.000000 -1.951683
v 1.841944 1.421296 -1.951683
v 1.841944 0.000000 -1.812451
v 1.841944 1.421296 -1.812451
v 1.721366 0.000000 -1.742835
v 1.721366 1.421296 -1.742835
v 1.600788 0.000000 -1.812451
v 1.600788 1.421296 -1.812451
v 1.600788 0.000000 -1.951683
v 1.600788 1.421296 -1.951683
v 1.721366 0.000000 -2.771574
v 1.721366 1.421296 -2.771574
v 1.841944 0.000000 -2.701958
v 1.841944 1.421296 -2.701958
v 1.841944 0.000000 -2.562726
v 1.841944 1.421296 -2.562726
v 1.721366 0.000000 -2.493110
v 1.721366 1.421296 -2.493110
v 1.600788 0.000000 -2.562726
v 1.600788 1.421296 -2.562726
v 1.600788 0.000000 -2.701958
v 1.600788 1.421296 -2.701958
v 1.721366 0.000000 -3.511639
v 1.721366 1.421296 -3.511639
v 1.841944 0.000000 -3.442024
v 1.841944 1.421296 -3.442024
v 1.841944 0.000000 -3.302791
v 1.841944 1.421296 -3.302791
v 1.721366 0.000000 -3.233176
v 1.721366 1.421296 -3.233176
v 1.600788 0.000000 -3.302791
v 1.600788 1.421296 -3.302791
v 1.600788 0.000000 -3.442024
v 1.600788 1.421296 -3.442024
v 0.975710 0.000000 -3.511639
v 0.975710 1.421296 -3.511639
v 1.096288 0.000000 -3.442024
v 1.096288 1.421296 -3.442024
v 1.096288 0.000000 -3.302791
v 1.096288 1.421296 -3.302791
v 0.975710 0.000000 -3.233176
v 0.975710 1.421296 -3.233176
v 0.855131 0.000000 -3.302791
v 0.855131 1.421296 -3.302791
v 0.855131 0.000000 -3.442024
v 0.855131 1.421296 -3.442024
v 0.225811 0.000000 -3.511639
v 0.225811 1.421296 -3.511639
v 0.346390 0.000000 -3.442024
v 0.346390 1.421296 -3.442024
v 0.346390 0.000000 -3.302791
v 0.346390 1.421296 -3.302791
v 0.225811 0.000000 -3.233176
v 0.225811 1.421296 -3.233176
v 0.105233 0.000000 -3.302791
v 0.105233 1.421296 -3.302791
v 0.105233 0.000000 -3.442024
v 0.105233 1.421296 -3.442024
v -1.392914 1.421296 -3.442024
v -1.392914 0.000000 -3.442024
v -1.392914 1.421296 -3.302791
v -1.392914 0.000000 -3.302791
v -1.272336 1.421296 -3.233176
v -1.272336 0.000000 -3.233176
v -1.151757 1.421296 -3.302791
v -1.151757 0.000000 -3.302791
v -1.151757 1.421296 -3.442024
v -1.151757 0.000000 -3.442024
v -1.272336 1.421296 -3.511639
v -1.272336 0.000000 -3.511639
v -0.522909 0.000000 -3.511639
v -0.522909 1.421296 -3.511639
v -0.402330 0.000000 -3.442024
v -0.402330 1.421296 -3.442024
v -0.402330 0.000000 -3.302791
v -0.402330 1.421296 -3.302791
v -0.522909 0.000000 -3.233176
v -0.522909 1.421296 -3.233176
v -0.643487 0.000000 -3.302791
v -0.643487 1.421296 -3.302791
v -0.643487 0.000000 -3.442024
v -0.643487 1.421296 -3.442024
v -2.136685 1.421296 -3.442024
v -2.136685 0.000000 -3.442024
v -2.136685 1.421296 -3.302791
v -2.136685 0.000000 -3.302791
v -2.016107 1.421296 -3.233176
v -2.016107 0.000000 -3.233176
v -1.895528 1.421296 -3.302791
v -1.895528 0.000000 -3.302791
v -1.895528 1.421296 -3.442024
v -1.895528 0.000000 -3.442024
v -2.016107 1.421296 -3.511639
v -2.016107 0.000000 -3.511639
v 1.721366 0.000000 2.021299
v 1.721366 1.421296 2.021299
v 1.841945 0.000000 1.951683
v 1.841945 1.421296 1.951683
v 1.841945 0.000000 1.812451
v 1.841945 1.421296 1.812451
v 1.721366 0.000000 1.742835
v 1.721366 1.421296 1.742835
v 1.600788 0.000000 1.812451
v 1.600788 1.421296 1.812451
v 1.600788 0.000000 1.951683
v 1.600788 1.421296 1.951683
v 1.721366 0.000000 2.771574
v 1.721366 1.421296 2.771574
v 1.841945 0.000000 2.701958
v 1.841945 1.421296 2.701958
v 1.841945 0.000000 2.562726
v 1.841945 1.421296 2.562726
v 1.721366 0.000000 2.493110
v 1.721366 1.421296 2.493110
v 1.600788 0.000000 2.562726
v 1.600788 1.421296 2.562726
v 1.600788 0.000000 2.701958
v 1.600788 1.421296 2.701958
v 1.721366 0.000000 3.511640
v 1.721366 1.421296 3.511640
v 1.841945 0.000000 3.442024
v 1.841945 1.421296 3.442024
v 1.841945 0.000000 3.302792
v 1.841945 1.421296 3.302792
v 1.721366 0.000000 3.233176
v 1.721366 1.421296 3.233176
v 1.600788 0.000000 3.302792
v 1.600788 1.421296 3.302792
v 1.600788 0.000000 3.442024
v 1.600788 1.421296 3.442024
v 0.975710 0.000000 3.511640
v 0.975710 1.421296 3.511640
v 1.096288 0.000000 3.442024
v 1.096288 1.421296 3.442024
v 1.096288 0.000000 3.302792
v 1.096288 1.421296 3.302792
v 0.975710 0.000000 3.233176
v 0.975710 1.421296 3.233176
v 0.855132 0.000000 3.302792
v 0.855132 1.421296 3.302792
v 0.855132 0.000000 3.442024
v 0.855132 1.421296 3.442024
v 0.225812 0.000000 3.511640
v 0.225812 1.421296 3.511640
v 0.346390 0.000000 3.442024
v 0.346390 1.421296 3.442024
v 0.346390 0.000000 3.302792
v 0.346390 1.421296 3.302792
v 0.225812 0.000000 3.233176
v 0.225812 1.421296 3.233176
v 0.105233 0.000000 3.302792
v 0.105233 1.421296 3.302792
v 0.105233 0.000000 3.442024
v 0.105233 1.421296 3.442024
v -1.392914 1.421296 3.442024
v -1.392914 0.000000 3.442024
v -1.392914 1.421296 3.302792
v -1.392914 0.000000 3.302792
v -1.272336 1.421296 3.233176
v -1.272336 0.000000 3.233176
v -1.151757 1.421296 3.302792
v -1.151757 0.000000 3.302792
v -1.151757 1.421296 3.442024
v -1.151757 0.000000 3.442024
v -1.272336 1.421296 3.511640
v -1.272336 0.000000 3.511640
v -0.522909 0.000000 3.511640
v -0.522909 1.421296 3.511640
v -0.402330 0.000000 3.442024
v -0.402330 1.421296 3.442024
v -0.402330 0.000000 3.302792
v -0.402330 1.421296 3.302792
v -0.522909 0.000000 3.233176
v -0.522909 1.421296 3.233176
v -0.643487 0.000000 3.302792
v -0.643487 1.421296 3.302792
v -0.643487 0.000000 3.442024
v -0.643487 1.421296 3.442024
v -2.136685 1.421296 3.442024
v -2.136685 0.000000 3.442024
v -2.136685 1.421296 3.302792
v -2.136685 0.000000 3.302792
v -2.016107 1.421296 3.233176
v -2.016107 0.000000 3.233176
v -1.895529 1.421296 3.302792
v -1.895529 0.000000 3.302792
v -1.895529 1.421296 3.442024
v -1.895529 0.000000 3.442024
v -2.016107 1.421296 3.511640
v -2.016107 0.000000 3.511640
vt 0.375000 0.174561
vt 0.625000 0.174561
vt 0.625000 0.250000
vt 0.375000 0.250000
vt 0.625000 0.500000
vt 0.375000 0.500000
vt 0.125000 0.500000
vt 0.156971 0.575439
vt 0.125000 0.575439
vt 0.860622 0.560202
vt 0.828651 0.548605
vt 0.828651 0.548605
vt 0.860622 0.560202
vt 0.843029 0.575439
vt 0.860622 0.515237
vt 0.875000 0.500000
vt 0.875000 0.575439
vt 0.639378 0.515237
vt 0.860622 0.515237
vt 0.639378 0.515237
vt 0.375000 0.174561
vt 0.375000 0.250000
vt 0.625000 0.250000
vt 0.625000 0.174561
vt 0.375000 0.500000
vt 0.625000 0.500000
vt 0.125000 0.500000
vt 0.156971 0.575439
vt 0.125000 0.575439
vt 0.860622 0.560202
vt 0.860622 0.560202
vt 0.828651 0.548605
vt 0.828651 0.548605
vt 0.843029 0.575439
vt 0.875000 0.575439
vt 0.875000 0.500000
vt 0.860622 0.515237
vt 0.639378 0.515237
vt 0.860622 0.515237
vt 0.639378 0.515237
vt 0.625000 0.500000
vt 0.625000 0.500000
vt 0.625000 0.500000
vt 0.625000 0.500000
vt 0.125000 0.500000
vt 0.375000 0.500000
vt 0.375000 0.500000
vt 0.625000 0.500000
vt 0.375000 0.500000
vt 0.375000 0.500000
vt 0.625000 0.500000
vt 0.375000 0.500000
vt 0.125000 0.500000
vt 0.375000 0.500000
vt 0.875000 0.500000
vt 0.375000 0.500000
vt 0.375000 0.500000
vt 0.375000 0.250000
vt 0.625000 0.250000
vt 0.125000 0.500000
vt 0.875000 0.500000
vt 0.375000 0.250000
vt 0.625000 0.250000
vt 0.625000 0.250000
vt 0.375000 0.250000
vt 0.125000 0.500000
vt 0.875000 0.500000
vt 0.625000 0.500000
vt 0.375000 0.500000
vt 0.625000 0.500000
vt 0.625000 0.500000
vt 0.625000 0.500000
vt 0.625000 0.500000
vt 0.625000 0.500000
vt 0.625000 0.500000
vt 0.375000 0.500000
vt 0.375000 0.500000
vt 0.875000 0.500000
vt 0.375000 0.250000
vt 0.625000 0.250000
vt 0.375000 0.500000
vt 0.375000 0.500000
vt 0.375000 0.250000
vt 0.625000 0.250000
vt 0.125000 0.500000
vt 0.875000 0.500000
vt 0.375000 0.250000
vt 0.625000 0.250000
vt 0.125000 0.500000
vt 0.875000 0.500000
vt 0.625000 0.500000
vt 0.375000 0.500000
vt 1.000000 0.500000
vt 1.000000 1.000000
vt 0.833333 1.000000
vt 0.833333 0.500000
vt 0.666667 1.000000
vt 0.666667 0.500000
vt 0.500000 1.000000
vt 0.500000 0.500000
vt 0.333333 1.000000
vt 0.333333 0.500000
vt 0.457846 0.370000
vt 0.250000 0.490000
vt 0.042154 0.370000
vt 0.042154 0.130000
vt 0.250000 0.010000
vt 0.457846 0.130000
vt 0.166667 1.000000
vt 0.166667 0.500000
vt -0.000000 1.000000
vt -0.000000 0.500000
vt 0.750000 0.490000
vt 0.957846 0.370000
vt 0.957846 0.130000
vt 0.750000 0.010000
vt 0.542154 0.130000
vt 0.542154 0.370000
vt 1.000000 0.500000
vt 1.000000 1.000000
vt 0.833333 1.000000
vt 0.833333 0.500000
vt 0.666667 1.000000
vt 0.666667 0.500000
vt 0.500000 1.000000
vt 0.500000 0.500000
vt 0.333333 1.000000
vt 0.333333 0.500000
vt 0.457846 0.370000
vt 0.250000 0.490000
vt 0.042154 0.370000
vt 0.042154 0.130000
vt 0.250000 0.010000
vt 0.457846 0.130000
vt 0.166667 1.000000
vt 0.166667 0.500000
vt -0.000000 1.000000
vt -0.000000 0.500000
vt 0.750000 0.490000
vt 0.957846 0.370000
vt 0.957846 0.130000
vt 0.750000 0.010000
vt 0.542154 0.130000
vt 0.542154 0.370000
vt 1.000000 0.500000
vt 1.000000 1.000000
vt 0.833333 1.000000
vt 0.833333 0.500000
vt 0.666667 1.000000
vt 0.666667 0.500000
vt 0.500000 1.000000
vt 0.500000 0.500000
vt 0.333333 1.000000
vt 0.333333 0.500000
vt 0.457846 0.370000
vt 0.250000 0.490000
vt 0.042154 0.370000
vt 0.042154 0.130000
vt 0.250000 0.010000
vt 0.457846 0.130000
vt 0.166667 1.000000
vt 0.166667 0.500000
vt -0.000000 1.000000
vt -0.000000 0.500000
vt 0.750000 0.490000
vt 0.957846 0.370000
vt 0.957846 0.130000
vt 0.750000 0.010000
vt 0.542154 0.130000
vt 0.542154 0.370000
vt 1.000000 0.500000
vt 1.000000 1.000000
vt 0.833333 1.000000
vt 0.833333 0.500000
vt 0.666667 1.000000
vt 0.666667 0.500000
vt 0.500000 1.000000
vt 0.500000 0.500000
vt 0.333333 1.000000
vt 0.333333 0.500000
vt 0.457846 0.370000
vt 0.250000 0.490000
vt 0.042154 0.370000
vt 0.042154 0.130000
vt 0.250000 0.010000
vt 0.457846 0.130000
vt 0.166667 1.000000
vt 0.166667 0.500000
vt -0.000000 1.000000
vt -0.000000 0.500000
vt 0.750000 0.490000
vt 0.957846 0.370000
vt 0.957846 0.130000
vt 0.750000 0.010000
vt 0.542154 0.130000
vt 0.542154 0.370000
vt 1.000000 0.500000
vt 1.000000 1.000000
vt 0.833333 1.000000
vt 0.833333 0.500000
vt 0.666667 1.000000
vt 0.666667 0.500000
vt 0.500000 1.000000
vt 0.500000 0.500000
vt 0.333333 1.000000
vt 0.333333 0.500000
vt 0.457846 0.370000
vt 0.250000 0.490000
vt 0.042154 0.370000
vt 0.042154 0.130000
vt 0.250000 0.010000
vt 0.457846 0.130000
vt 0.166667 1.000000
vt 0.166667 0.500000
vt -0.000000 1.000000
vt -0.000000 0.500000
vt 0.750000 0.490000
vt 0.957846 0.370000
vt 0.957846 0.130000
vt 0.750000 0.010000
vt 0.542154 0.130000
vt 0.542154 0.370000
vt 0.750000 0.490000
vt 0.957846 0.370000
vt 0.957846 0.130000
vt 0.750000 0.010000
vt 0.542154 0.130000
vt 0.542154 0.370000
vt 0.166667 0.500000
vt 0.166667 1.000000
vt -0.000000 1.000000
vt -0.000000 0.500000
vt 0.333333 0.500000
vt 0.333333 1.000000
vt 0.457846 0.370000
vt 0.250000 0.490000
vt 0.042154 0.370000
vt 0.042154 0.130000
vt 0.250000 0.010000
vt 0.457846 0.130000
vt 0.500000 0.500000
vt 0.500000 1.000000
vt 0.666667 0.500000
vt 0.666667 1.000000
vt 0.833333 0.500000
vt 0.833333 1.000000
vt 1.000000 0.500000
vt 1.000000 1.000000
vt 1.000000 0.500000
vt 1.000000 1.000000
vt 0.833333 1.000000
vt 0.833333 0.500000
vt 0.666667 1.000000
vt 0.666667 0.500000
vt 0.500000 1.000000
vt 0.500000 0.500000
vt 0.333333 1.000000
vt 0.333333 0.500000
vt 0.457846 0.370000
vt 0.250000 0.490000
vt 0.042154 0.370000
vt 0.042154 0.130000
vt 0.250000 0.010000
vt 0.457846 0.130000
vt 0.166667 1.000000
vt 0.166667 0.500000
vt -0.000000 1.000000
vt -0.000000 0.500000
vt 0.750000 0.490000
vt 0.957846 0.370000
vt 0.957846 0.130000
vt 0.750000 0.010000
vt 0.542154 0.130000
vt 0.542154 0.370000
vt 0.750000 0.490000
vt 0.957846 0.370000
vt 0.957846 0.130000
vt 0.750000 0.010000
vt 0.542154 0.130000
vt 0.542154 0.370000
vt 0.166667 0.500000
vt 0.166667 1.000000
vt -0.000000 1.000000
vt -0.000000 0.500000
vt 0.333333 0.500000
vt 0.333333 1.000000
vt 0.457846 0.370000
vt 0.250000 0.490000
vt 0.042154 0.370000
vt 0.042154 0.130000
vt 0.250000 0.010000
vt 0.457846 0.130000
vt 0.500000 0.500000
vt 0.500000 1.000000
vt 0.666667 0.500000
vt 0.666667 1.000000
vt 0.833333 0.500000
vt 0.833333 1.000000
vt 1.000000 0.500000
vt 1.000000 1.000000
vt 1.000000 0.500000
vt 0.833333 0.500000
vt 0.833333 1.000000
vt 1.000000 1.000000
vt 0.666667 0.500000
vt 0.666667 1.000000
vt 0.500000 0.500000
vt 0.500000 1.000000
vt 0.333333 0.500000
vt 0.333333 1.000000
vt 0.457846 0.370000
vt 0.457846 0.130000
vt 0.250000 0.010000
vt 0.042154 0.130000
vt 0.042154 0.370000
vt 0.250000 0.490000
vt 0.166667 0.500000
vt 0.166667 1.000000
vt -0.000000 0.500000
vt -0.000000 1.000000
vt 0.750000 0.490000
vt 0.542154 0.370000
vt 0.542154 0.130000
vt 0.750000 0.010000
vt 0.957846 0.130000
vt 0.957846 0.370000
vt 1.000000 0.500000
vt 0.833333 0.500000
vt 0.833333 1.000000
vt 1.000000 1.000000
vt 0.666667 0.500000
vt 0.666667 1.000000
vt 0.500000 0.500000
vt 0.500000 1.000000
vt 0.333333 0.500000
vt 0.333333 1.000000
vt 0.457846 0.370000
vt 0.457846 0.130000
vt 0.250000 0.010000
vt 0.042154 0.130000
vt 0.042154 0.370000
vt 0.250000 0.490000
vt 0.166667 0.500000
vt 0.166667 1.000000
vt -0.000000 0.500000
vt -0.000000 1.000000
vt 0.750000 0.490000
vt 0.542154 0.370000
vt 0.542154 0.130000
vt 0.750000 0.010000
vt 0.957846 0.130000
vt 0.957846 0.370000
vt 1.000000 0.500000
vt 0.833333 0.500000
vt 0.833333 1.000000
vt 1.000000 1.000000
vt 0.666667 0.500000
vt 0.666667 1.000000
vt 0.500000 0.500000
vt 0.500000 1.000000
vt 0.333333 0.500000
vt 0.333333 1.000000
vt 0.457846 0.370000
vt 0.457846 0.130000
vt 0.250000 0.010000
vt 0.042154 0.130000
vt 0.042154 0.370000
vt 0.250000 0.490000
vt 0.166667 0.500000
vt 0.166667 1.000000
vt -0.000000 0.500000
vt -0.000000 1.000000
vt 0.750000 0.490000
vt 0.542154 0.370000
vt 0.542154 0.130000
vt 0.750000 0.010000
vt 0.957846 0.130000
vt 0.957846 0.370000
vt 1.000000 0.500000
vt 0.833333 0.500000
vt 0.833333 1.000000
vt 1.000000 1.000000
vt 0.666667 0.500000
vt 0.666667 1.000000
vt 0.500000 0.500000
vt 0.500000 1.000000
vt 0.333333 0.500000
vt 0.333333 1.000000
vt 0.457846 0.370000
vt 0.457846 0.130000
vt 0.250000 0.010000
vt 0.042154 0.130000
vt 0.042154 0.370000
vt 0.250000 0.490000
vt 0.166667 0.500000
vt 0.166667 1.000000
vt -0.000000 0.500000
vt -0.000000 1.000000
vt 0.750000 0.490000
vt 0.542154 0.370000
vt 0.542154 0.130000
vt 0.750000 0.010000
vt 0.957846 0.130000
vt 0.957846 0.370000
vt 1.000000 0.500000
vt 0.833333 0.500000
vt 0.833333 1.000000
vt 1.000000 1.000000
vt 0.666667 0.500000
vt 0.666667 1.000000
vt 0.500000 0.500000
vt 0.500000 1.000000
vt 0.333333 0.500000
vt 0.333333 1.000000
vt 0.457846 0.370000
vt 0.457846 0.130000
vt 0.250000 0.010000
vt 0.042154 0.130000
vt 0.042154 0.370000
vt 0.250000 0.490000
vt 0.166667 0.500000
vt 0.166667 1.000000
vt -0.000000 0.500000
vt -0.000000 1.000000
vt 0.750000 0.490000
vt 0.542154 0.370000
vt 0.542154 0.130000
vt 0.750000 0.010000
vt 0.957846 0.130000
vt 0.957846 0.370000
vt 0.750000 0.490000
vt 0.542154 0.370000
vt 0.542154 0.130000
vt 0.750000 0.010000
vt 0.957846 0.130000
vt 0.957846 0.370000
vt 0.166667 0.500000
vt -0.000000 0.500000
vt -0.000000 1.000000
vt 0.166667 1.000000
vt 0.333333 0.500000
vt 0.333333 1.000000
vt 0.457846 0.370000
vt 0.457846 0.130000
vt 0.250000 0.010000
vt 0.042154 0.130000
vt 0.042154 0.370000
vt 0.250000 0.490000
vt 0.500000 0.500000
vt 0.500000 1.000000
vt 0.666667 0.500000
vt 0.666667 1.000000
vt 0.833333 0.500000
vt 0.833333 1.000000
vt 1.000000 0.500000
vt 1.000000 1.000000
vt 1.000000 0.500000
vt 0.833333 0.500000
vt 0.833333 1.000000
vt 1.000000 1.000000
vt 0.666667 0.500000
vt 0.666667 1.000000
vt 0.500000 0.500000
vt 0.500000 1.000000
vt 0.333333 0.500000
vt 0.333333 1.000000
vt 0.457846 0.370000
vt 0.457846 0.130000
vt 0.250000 0.010000
vt 0.042154 0.130000
vt 0.042154 0.370000
vt 0.250000 0.490000
vt 0.166667 0.500000
vt 0.166667 1.000000
vt -0.000000 0.500000
vt -0.000000 1.000000
vt 0.750000 0.490000
vt 0.542154 0.370000
vt 0.542154 0.130000
vt 0.750000 0.010000
vt 0.957846 0.130000
vt 0.957846 0.370000
vt 0.750000 0.490000
vt 0.542154 0.370000
vt 0.542154 0.130000
vt 0.750000 0.010000
vt 0.957846 0.130000
vt 0.957846 0.370000
vt 0.166667 0.500000
vt -0.000000 0.500000
vt -0.000000 1.000000
vt 0.166667 1.000000
vt 0.333333 0.500000
vt 0.333333 1.000000
vt 0.457846 0.370000
vt 0.457846 0.130000
vt 0.250000 0.010000
vt 0.042154 0.130000
vt 0.042154 0.370000
vt 0.250000 0.490000
vt 0.500000 0.500000
vt 0.500000 1.000000
vt 0.666667 0.500000
vt 0.666667 1.000000
vt 0.833333 0.500000
vt 0.833333 1.000000
vt 1.000000 0.500000
vt 1.000000 1.000000
vn -1.0000 0.0000 0.0000
vn 0.0000 0.0000 -1.0000
vn 0.0000 -1.0000 0.0000
vn 0.0000 0.0000 1.0000
vn 0.0000 1.0000 0.0000
vn 1.0000 0.0000 0.0000
vn 0.9956 0.0000 -0.0941
vn 0.6049 0.0000 0.7963
vn 0.6443 0.0000 -0.7648
vn 0.9968 0.0000 0.0801
vn 0.9956 0.0000 0.0941
vn 0.6049 0.0000 -0.7963
vn 0.6443 0.0000 0.7648
vn 0.9968 0.0000 -0.0801
vn 0.5000 0.0000 -0.8660
vn 0.5000 0.0000 0.8660
vn -0.5000 0.0000 0.8660
vn -0.5000 0.0000 -0.8660
usemtl Collider
s off
f 7361/9624/146 7365/9625/146 7366/9626/146 7357/9627/146
f 7357/9627/147 7366/9626/147 7367/9628/147 7359/9629/147
f 7357/9630/148 7359/9629/148 7364/9631/148
f 7357/9630/148 7364/9631/148 7361/9632/148
f 7362/9633/147 7363/9634/147 7372/9635/147 7371/9636/147
f 7364/9631/149 7368/9637/149 7365/9625/149 7361/9632/149
f 7362/9633/150 7358/9638/150 7366/9639/150 7365/9640/150
f 7358/9638/150 7360/9641/150 7367/9628/150 7366/9639/150
f 7363/9634/150 7362/9633/150 7365/9640/150 7368/9637/150
f 7369/9642/150 7371/9636/150 7372/9635/150
f 7370/9643/150 7369/9642/150 7372/9635/150
f 7358/9638/151 7362/9633/151 7371/9636/151 7369/9642/151
f 7360/9641/149 7358/9638/149 7369/9642/149 7370/9643/149
f 7377/9644/146 7373/9645/146 7382/9646/146 7381/9647/146
f 7373/9645/149 7375/9648/149 7383/9649/149 7382/9646/149
f 7373/9650/148 7380/9651/148 7375/9648/148
f 7373/9650/148 7377/9652/148 7380/9651/148
f 7378/9653/149 7387/9654/149 7388/9655/149 7379/9656/149
f 7380/9651/147 7377/9652/147 7381/9647/147 7384/9657/147
f 7379/9656/151 7388/9655/151 7372/9635/151 7363/9634/151
f 7380/9651/146 7384/9657/146 7368/9637/146 7364/9631/146
f 7380/9651/148 7364/9631/148 7359/9629/148 7375/9648/148
f 7375/9648/151 7359/9629/151 7367/9628/151 7383/9649/151
f 7378/9653/150 7381/9658/150 7382/9659/150 7374/9660/150
f 7374/9660/150 7382/9659/150 7383/9649/150 7376/9661/150
f 7379/9656/150 7384/9657/150 7381/9658/150 7378/9653/150
f 7376/9661/150 7383/9649/150 7367/9628/150 7360/9641/150
f 7363/9634/150 7368/9637/150 7384/9657/150 7379/9656/150
f 7385/9662/150 7388/9655/150 7387/9654/150
f 7386/9663/150 7388/9655/150 7385/9662/150
f 7386/9663/150 7370/9643/150 7372/9635/150 7388/9655/150
f 7374/9660/151 7385/9662/151 7387/9654/151 7378/9653/151
f 7360/9641/146 7370/9643/146 7386/9663/146 7376/9661/146
f 7376/9661/147 7386/9663/147 7385/9662/147 7374/9660/147
f 7394/9664/150 7390/9665/150 7395/9666/150 7397/9667/150
f 7412/9668/148 7409/9669/148 7413/9670/148
f 7408/9671/152 7407/9672/152 7399/9673/152 7400/9674/152
f 7389/9675/148 7392/9676/148 7393/9677/148
f 7391/9678/150 7390/9665/150 7394/9664/150
f 7409/9669/148 7412/9668/148 7392/9676/148 7389/9675/148
f 7395/9666/151 7396/9679/151 7398/9680/151 7397/9667/151
f 7390/9665/153 7389/9675/153 7396/9679/153 7395/9666/153
f 7393/9677/154 7394/9664/154 7397/9667/154 7398/9680/154
f 7389/9675/148 7393/9677/148 7398/9680/148 7396/9679/148
f 7404/9681/147 7403/9682/147 7400/9674/147 7399/9673/147
f 7407/9672/148 7404/9683/148 7399/9673/148
f 7403/9684/150 7408/9671/150 7400/9674/150
f 7392/9685/149 7391/9686/149 7401/9687/149 7402/9688/149
f 7404/9683/148 7392/9676/148 7402/9689/148
f 7391/9678/150 7403/9684/150 7401/9690/150
f 7391/9678/150 7394/9664/150 7406/9691/150 7403/9684/150
f 7393/9677/148 7392/9676/148 7405/9692/148
f 7394/9664/155 7393/9677/155 7405/9692/155 7406/9691/155
f 7402/9688/146 7401/9687/146 7403/9682/146 7404/9681/146
f 7403/9684/150 7406/9691/150 7408/9671/150
f 7405/9692/148 7392/9676/148 7404/9683/148 7407/9672/148
f 7406/9691/151 7405/9692/151 7407/9672/151 7408/9671/151
f 7414/9693/150 7417/9694/150 7415/9695/150 7410/9696/150
f 7410/9696/150 7390/9665/150 7391/9678/150
f 7409/9669/151 7389/9675/151 7390/9665/151 7410/9696/151
f 7428/9697/156 7420/9698/156 7419/9699/156 7427/9700/156
f 7391/9678/150 7411/9701/150 7414/9693/150 7410/9696/150
f 7392/9685/146 7412/9702/146 7411/9703/146 7391/9686/146
f 7415/9695/151 7417/9694/151 7418/9704/151 7416/9705/151
f 7410/9696/157 7415/9695/157 7416/9705/157 7409/9669/157
f 7413/9670/158 7418/9704/158 7417/9694/158 7414/9693/158
f 7409/9669/148 7416/9705/148 7418/9704/148 7413/9670/148
f 7424/9706/149 7419/9699/149 7420/9698/149 7423/9707/149
f 7427/9700/148 7419/9699/148 7424/9708/148
f 7423/9709/150 7420/9698/150 7428/9697/150
f 7412/9702/147 7422/9710/147 7421/9711/147 7411/9703/147
f 7424/9708/148 7422/9712/148 7412/9668/148
f 7411/9701/150 7421/9713/150 7423/9709/150
f 7411/9701/150 7423/9709/150 7426/9714/150 7414/9693/150
f 7413/9670/148 7425/9715/148 7412/9668/148
f 7414/9693/159 7426/9714/159 7425/9715/159 7413/9670/159
f 7422/9710/146 7424/9706/146 7423/9707/146 7421/9711/146
f 7423/9709/150 7428/9697/150 7426/9714/150
f 7425/9715/148 7427/9700/148 7424/9708/148 7412/9668/148
f 7426/9714/151 7428/9697/151 7427/9700/151 7425/9715/151
f 7429/9716/160 7430/9717/160 7432/9718/160 7431/9719/160
f 7431/9719/151 7432/9718/151 7434/9720/151 7433/9721/151
f 7433/9721/161 7434/9720/161 7436/9722/161 7435/9723/161
f 7435/9723/162 7436/9722/162 7438/9724/162 7437/9725/162
f 7432/9726/150 7430/9727/150 7440/9728/150 7438/9729/150 7436/9730/150 7434/9731/150
f 7437/9725/146 7438/9724/146 7440/9732/146 7439/9733/146
f 7439/9733/163 7440/9732/163 7430/9734/163 7429/9735/163
f 7429/9736/148 7431/9737/148 7433/9738/148 7435/9739/148 7437/9740/148 7439/9741/148
f 7441/9742/160 7442/9743/160 7444/9744/160 7443/9745/160
f 7443/9745/151 7444/9744/151 7446/9746/151 7445/9747/151
f 7445/9747/161 7446/9746/161 7448/9748/161 7447/9749/161
f 7447/9749/162 7448/9748/162 7450/9750/162 7449/9751/162
f 7444/9752/150 7442/9753/150 7452/9754/150 7450/9755/150 7448/9756/150 7446/9757/150
f 7449/9751/146 7450/9750/146 7452/9758/146 7451/9759/146
f 7451/9759/163 7452/9758/163 7442/9760/163 7441/9761/163
f 7441/9762/148 7443/9763/148 7445/9764/148 7447/9765/148 7449/9766/148 7451/9767/148
f 7453/9768/160 7454/9769/160 7456/9770/160 7455/9771/160
f 7455/9771/151 7456/9770/151 7458/9772/151 7457/9773/151
f 7457/9773/161 7458/9772/161 7460/9774/161 7459/9775/161
f 7459/9775/162 7460/9774/162 7462/9776/162 7461/9777/162
f 7456/9778/150 7454/9779/150 7464/9780/150 7462/9781/150 7460/9782/150 7458/9783/150
f 7461/9777/146 7462/9776/146 7464/9784/146 7463/9785/146
f 7463/9785/163 7464/9784/163 7454/9786/163 7453/9787/163
f 7453/9788/148 7455/9789/148 7457/9790/148 7459/9791/148 7461/9792/148 7463/9793/148
f 7465/9794/160 7466/9795/160 7468/9796/160 7467/9797/160
f 7467/9797/151 7468/9796/151 7470/9798/151 7469/9799/151
f 7469/9799/161 7470/9798/161 7472/9800/161 7471/9801/161
f 7471/9801/162 7472/9800/162 7474/9802/162 7473/9803/162
f 7468/9804/150 7466/9805/150 7476/9806/150 7474/9807/150 7472/9808/150 7470/9809/150
f 7473/9803/146 7474/9802/146 7476/9810/146 7475/9811/146
f 7475/9811/163 7476/9810/163 7466/9812/163 7465/9813/163
f 7465/9814/148 7467/9815/148 7469/9816/148 7471/9817/148 7473/9818/148 7475/9819/148
f 7477/9820/160 7478/9821/160 7480/9822/160 7479/9823/160
f 7479/9823/151 7480/9822/151 7482/9824/151 7481/9825/151
f 7481/9825/161 7482/9824/161 7484/9826/161 7483/9827/161
f 7483/9827/162 7484/9826/162 7486/9828/162 7485/9829/162
f 7480/9830/150 7478/9831/150 7488/9832/150 7486/9833/150 7484/9834/150 7482/9835/150
f 7485/9829/146 7486/9828/146 7488/9836/146 7487/9837/146
f 7487/9837/163 7488/9836/163 7478/9838/163 7477/9839/163
f 7477/9840/148 7479/9841/148 7481/9842/148 7483/9843/148 7485/9844/148 7487/9845/148
f 7500/9846/148 7498/9847/148 7496/9848/148 7494/9849/148 7492/9850/148 7490/9851/148
f 7490/9852/163 7489/9853/163 7499/9854/163 7500/9855/163
f 7492/9856/146 7491/9857/146 7489/9853/146 7490/9852/146
f 7497/9858/150 7499/9859/150 7489/9860/150 7491/9861/150 7493/9862/150 7495/9863/150
f 7494/9864/162 7493/9865/162 7491/9857/162 7492/9856/162
f 7496/9866/161 7495/9867/161 7493/9865/161 7494/9864/161
f 7498/9868/151 7497/9869/151 7495/9867/151 7496/9866/151
f 7500/9870/160 7499/9871/160 7497/9869/160 7498/9868/160
f 7501/9872/160 7502/9873/160 7504/9874/160 7503/9875/160
f 7503/9875/151 7504/9874/151 7506/9876/151 7505/9877/151
f 7505/9877/161 7506/9876/161 7508/9878/161 7507/9879/161
f 7507/9879/162 7508/9878/162 7510/9880/162 7509/9881/162
f 7504/9882/150 7502/9883/150 7512/9884/150 7510/9885/150 7508/9886/150 7506/9887/150
f 7509/9881/146 7510/9880/146 7512/9888/146 7511/9889/146
f 7511/9889/163 7512/9888/163 7502/9890/163 7501/9891/163
f 7501/9892/148 7503/9893/148 7505/9894/148 7507/9895/148 7509/9896/148 7511/9897/148
f 7524/9898/148 7522/9899/148 7520/9900/148 7518/9901/148 7516/9902/148 7514/9903/148
f 7514/9904/163 7513/9905/163 7523/9906/163 7524/9907/163
f 7516/9908/146 7515/9909/146 7513/9905/146 7514/9904/146
f 7521/9910/150 7523/9911/150 7513/9912/150 7515/9913/150 7517/9914/150 7519/9915/150
f 7518/9916/162 7517/9917/162 7515/9909/162 7516/9908/162
f 7520/9918/161 7519/9919/161 7517/9917/161 7518/9916/161
f 7522/9920/151 7521/9921/151 7519/9919/151 7520/9918/151
f 7524/9922/160 7523/9923/160 7521/9921/160 7522/9920/160
f 7525/9924/161 7527/9925/161 7528/9926/161 7526/9927/161
f 7527/9925/151 7529/9928/151 7530/9929/151 7528/9926/151
f 7529/9928/160 7531/9930/160 7532/9931/160 7530/9929/160
f 7531/9930/163 7533/9932/163 7534/9933/163 7532/9931/163
f 7528/9934/150 7530/9935/150 7532/9936/150 7534/9937/150 7536/9938/150 7526/9939/150
f 7533/9932/146 7535/9940/146 7536/9941/146 7534/9933/146
f 7535/9940/162 7525/9942/162 7526/9943/162 7536/9941/162
f 7525/9944/148 7535/9945/148 7533/9946/148 7531/9947/148 7529/9948/148 7527/9949/148
f 7537/9950/161 7539/9951/161 7540/9952/161 7538/9953/161
f 7539/9951/151 7541/9954/151 7542/9955/151 7540/9952/151
f 7541/9954/160 7543/9956/160 7544/9957/160 7542/9955/160
f 7543/9956/163 7545/9958/163 7546/9959/163 7544/9957/163
f 7540/9960/150 7542/9961/150 7544/9962/150 7546/9963/150 7548/9964/150 7538/9965/150
f 7545/9958/146 7547/9966/146 7548/9967/146 7546/9959/146
f 7547/9966/162 7537/9968/162 7538/9969/162 7548/9967/162
f 7537/9970/148 7547/9971/148 7545/9972/148 7543/9973/148 7541/9974/148 7539/9975/148
f 7549/9976/161 7551/9977/161 7552/9978/161 7550/9979/161
f 7551/9977/151 7553/9980/151 7554/9981/151 7552/9978/151
f 7553/9980/160 7555/9982/160 7556/9983/160 7554/9981/160
f 7555/9982/163 7557/9984/163 7558/9985/163 7556/9983/163
f 7552/9986/150 7554/9987/150 7556/9988/150 7558/9989/150 7560/9990/150 7550/9991/150
f 7557/9984/146 7559/9992/146 7560/9993/146 7558/9985/146
f 7559/9992/162 7549/9994/162 7550/9995/162 7560/9993/162
f 7549/9996/148 7559/9997/148 7557/9998/148 7555/9999/148 7553/10000/148 7551/10001/148
f 7561/10002/161 7563/10003/161 7564/10004/161 7562/10005/161
f 7563/10003/151 7565/10006/151 7566/10007/151 7564/10004/151
f 7565/10006/160 7567/10008/160 7568/10009/160 7566/10007/160
f 7567/10008/163 7569/10010/163 7570/10011/163 7568/10009/163
f 7564/10012/150 7566/10013/150 7568/10014/150 7570/10015/150 7572/10016/150 7562/10017/150
f 7569/10010/146 7571/10018/146 7572/10019/146 7570/10011/146
f 7571/10018/162 7561/10020/162 7562/10021/162 7572/10019/162
f 7561/10022/148 7571/10023/148 7569/10024/148 7567/10025/148 7565/10026/148 7563/10027/148
f 7573/10028/161 7575/10029/161 7576/10030/161 7574/10031/161
f 7575/10029/151 7577/10032/151 7578/10033/151 7576/10030/151
f 7577/10032/160 7579/10034/160 7580/10035/160 7578/10033/160
f 7579/10034/163 7581/10036/163 7582/10037/163 7580/10035/163
f 7576/10038/150 7578/10039/150 7580/10040/150 7582/10041/150 7584/10042/150 7574/10043/150
f 7581/10036/146 7583/10044/146 7584/10045/146 7582/10037/146
f 7583/10044/162 7573/10046/162 7574/10047/162 7584/10045/162
f 7573/10048/148 7583/10049/148 7581/10050/148 7579/10051/148 7577/10052/148 7575/10053/148
f 7596/10054/148 7586/10055/148 7588/10056/148 7590/10057/148 7592/10058/148 7594/10059/148
f 7586/10060/162 7596/10061/162 7595/10062/162 7585/10063/162
f 7588/10064/146 7586/10060/146 7585/10063/146 7587/10065/146
f 7593/10066/150 7591/10067/150 7589/10068/150 7587/10069/150 7585/10070/150 7595/10071/150
f 7590/10072/163 7588/10064/163 7587/10065/163 7589/10073/163
f 7592/10074/160 7590/10072/160 7589/10073/160 7591/10075/160
f 7594/10076/151 7592/10074/151 7591/10075/151 7593/10077/151
f 7596/10078/161 7594/10076/161 7593/10077/161 7595/10079/161
f 7597/10080/161 7599/10081/161 7600/10082/161 7598/10083/161
f 7599/10081/151 7601/10084/151 7602/10085/151 7600/10082/151
f 7601/10084/160 7603/10086/160 7604/10087/160 7602/10085/160
f 7603/10086/163 7605/10088/163 7606/10089/163 7604/10087/163
f 7600/10090/150 7602/10091/150 7604/10092/150 7606/10093/150 7608/10094/150 7598/10095/150
f 7605/10088/146 7607/10096/146 7608/10097/146 7606/10089/146
f 7607/10096/162 7597/10098/162 7598/10099/162 7608/10097/162
f 7597/10100/148 7607/10101/148 7605/10102/148 7603/10103/148 7601/10104/148 7599/10105/148
f 7620/10106/148 7610/10107/148 7612/10108/148 7614/10109/148 7616/10110/148 7618/10111/148
f 7610/10112/162 7620/10113/162 7619/10114/162 7609/10115/162
f 7612/10116/146 7610/10112/146 7609/10115/146 7611/10117/146
f 7617/10118/150 7615/10119/150 7613/10120/150 7611/10121/150 7609/10122/150 7619/10123/150
f 7614/10124/163 7612/10116/163 7611/10117/163 7613/10125/163
f 7616/10126/160 7614/10124/160 7613/10125/160 7615/10127/160
f 7618/10128/151 7616/10126/151 7615/10127/151 7617/10129/151
f 7620/10130/161 7618/10128/161 7617/10129/161 7619/10131/161
