# Blender v3.0.1 OBJ File: 'PublicBuilding_8C.blend'
# www.blender.org
mtllib PublicBuilding_8C.mtl
o PublicBuilding_8
v -1.980291 1.434429 -2.355339
v -1.980291 0.517297 -2.355339
v -2.554587 0.517297 -2.355339
v -2.554587 1.434429 -2.355339
v -1.772623 0.000000 -2.355339
v -1.980291 0.000000 -2.355339
v -1.980291 0.000000 -2.587648
v -1.772623 0.000000 -2.587648
v 1.737091 0.000000 -0.661612
v 1.737091 0.000000 -2.355339
v 1.949885 0.000000 -2.355339
v 1.949885 0.000000 -0.661612
v 2.718575 0.000000 -2.355340
v 2.718575 0.000000 -0.661612
v -1.980291 1.434429 0.000000
v -1.980291 1.621514 0.000000
v -1.980291 1.621514 -0.661612
v -1.980291 1.434429 -0.661612
v 2.718575 1.434429 -2.355340
v 2.718575 1.621514 -2.355340
v 2.718575 1.621514 -0.661612
v 2.718575 1.434429 -0.661612
v 1.949885 0.517297 -0.661612
v 2.718575 0.517297 -0.661612
v 1.949885 1.434429 -2.355339
v 1.949885 1.621514 -2.355339
v 1.949885 0.517297 -2.355339
v 2.718575 0.517297 -2.355340
v 2.047579 1.621514 -0.661612
v 2.718575 0.517297 -1.120500
v 2.718575 0.279705 -1.120500
v 2.684088 0.279705 -1.120500
v 2.684088 0.517297 -1.120500
v -1.980291 0.517297 0.000000
v -1.980291 0.517297 -0.661612
v 1.949885 0.000000 -2.587648
v 1.949885 0.517297 -2.587648
v -1.980291 0.000000 -0.661612
v -2.554587 0.517297 -0.661612
v -2.554587 0.000000 -0.661612
v 2.718575 0.517297 -1.889872
v 2.718575 0.279705 -1.889872
v 2.718575 0.960650 -1.120500
v 2.718575 1.117497 -1.120500
v 2.718575 1.300156 -0.661612
v 2.718575 1.165883 -0.661612
v 2.718575 1.117497 -1.889872
v 2.684088 1.117497 -1.889872
v 2.684088 0.517297 -1.889872
v 2.684088 1.117497 -1.120500
v 2.684088 0.279705 -1.889872
v 1.949885 1.143545 -0.640818
v 1.949885 1.143545 0.000000
v 1.844663 1.143545 0.000000
v 1.844663 1.143545 -0.640818
v 2.684088 0.960650 -1.120500
v 1.949885 1.165883 -0.661612
v 2.623857 1.165883 -0.661612
v 2.623857 1.165883 0.000000
v 1.949885 1.165883 0.000000
v 1.949885 0.517297 -0.640818
v 1.949885 0.000000 -0.640818
v 1.844663 0.517297 -0.640818
v -2.554587 1.434429 -0.661612
v -2.554587 1.621514 -0.661612
v -2.554587 1.621514 -2.355339
v -2.554587 1.102660 -1.874088
v -2.554587 1.102660 -1.116055
v -1.980291 1.434430 -2.587648
v -1.980291 0.517297 -2.587648
v -1.980291 0.000000 0.000000
v 1.844663 0.000000 -0.640818
v -2.554587 0.517297 -1.874088
v -2.554587 0.000000 -1.116055
v -2.554587 0.000000 -1.874088
v -2.554587 0.000000 -2.355339
v -1.980291 1.621514 -2.355339
v 2.623857 1.300156 -0.661612
v 1.949885 1.621514 -0.661612
v 1.949885 1.621514 0.000000
v 2.047579 1.621514 0.000000
v 1.737091 1.111337 -2.587648
v 1.737091 1.621514 -2.587648
v 1.949885 1.621514 -2.587648
v 1.949885 1.434430 -2.587648
v 1.737091 0.517297 -2.587648
v 1.737091 0.000000 -2.587648
v 1.737091 0.279849 -2.587648
v -1.980291 1.621514 -2.587648
v 1.737091 1.621514 -2.355339
v 2.718575 1.434429 0.000000
v 0.987986 1.621514 -2.355339
v 0.987986 1.621514 -2.587648
v 0.987986 0.000000 -2.587648
v 0.987986 0.279849 -2.587648
v -1.772623 0.279849 -2.587648
v -1.772623 0.517297 -2.587648
v -1.772623 0.517297 -2.461949
v -1.772623 0.279849 -2.461949
v 0.987986 1.111337 -2.587648
v 0.987986 0.000000 -0.661612
v 0.987986 0.000000 -2.355339
v -1.772623 0.000000 -0.661612
v -1.007794 0.000000 -2.355339
v -1.007794 0.000000 -0.661612
v -1.772623 1.111337 -2.587648
v -1.772623 1.621514 -2.587648
v -1.007794 1.621514 -2.587648
v -1.007794 1.111337 -2.587648
v -1.772623 1.111337 -2.461949
v -1.007794 0.279849 -2.587648
v -1.007794 0.000000 -2.587648
v -1.772623 1.621514 -2.355339
v -1.007794 1.621514 -2.355339
v -1.007794 0.517297 -2.587648
v 0.987986 0.517297 -2.587648
v 0.987986 0.517297 -2.461949
v 0.987986 0.279849 -2.461949
v -1.007794 0.279849 -2.461949
v -1.007794 0.517297 -2.461949
v -1.007794 1.111337 -2.461949
v 1.737091 0.279849 -2.461949
v 1.737091 1.111337 -2.461949
v 0.987986 1.111337 -2.461949
v 1.737091 0.517297 -2.461949
v -2.554587 0.517297 -1.116055
v -2.554587 0.282479 -1.116055
v -2.486928 1.102660 -1.116055
v -2.486928 0.517297 -1.116055
v -2.554587 0.282479 -1.874088
v -2.486928 0.282479 -1.116055
v -2.486928 0.282479 -1.874088
v -2.486928 0.517297 -1.874088
v -2.486928 1.102660 -1.874088
v 2.796718 1.300156 0.000000
v 2.796718 1.300156 -0.661612
v 2.796718 1.410948 -0.661612
v 2.796718 1.410948 0.000000
v 2.623857 1.300156 0.000000
v -1.980291 1.434429 2.355339
v -2.554587 1.434429 2.355339
v -2.554587 0.517297 2.355339
v -1.980291 0.517297 2.355339
v -1.772622 -0.000000 2.355339
v -1.772622 -0.000000 2.587648
v -1.980291 -0.000000 2.587648
v -1.980291 -0.000000 2.355339
v 1.737091 -0.000000 0.661612
v 1.949885 -0.000000 0.661612
v 1.949885 -0.000000 2.355339
v 1.737091 -0.000000 2.355339
v 2.718575 -0.000000 0.661612
v 2.718575 -0.000000 2.355339
v -1.980291 1.434429 0.661612
v -1.980291 1.621514 0.661612
v 2.718575 1.434429 2.355339
v 2.718575 1.434429 0.661612
v 2.718575 1.621514 0.661612
v 2.718575 1.621514 2.355339
v 1.949885 0.517297 0.661612
v 2.718575 0.517297 0.661612
v 1.949885 1.434429 2.355339
v 1.949885 1.621514 2.355339
v 1.949885 0.517297 2.355339
v 2.718575 0.517297 2.355339
v 2.047579 1.621514 0.661612
v 2.718575 0.517297 1.120500
v 2.684088 0.517297 1.120500
v 2.684088 0.279705 1.120500
v 2.718575 0.279705 1.120500
v -1.980291 0.517297 0.661612
v 1.949885 0.517297 2.587648
v 1.949885 -0.000000 2.587648
v -1.980291 -0.000000 0.661612
v -2.554587 -0.000000 0.661612
v -2.554587 0.517297 0.661612
v 2.718575 0.517297 1.889872
v 2.718575 0.279705 1.889872
v 2.718575 0.960650 1.120500
v 2.718575 1.165883 0.661612
v 2.718575 1.300156 0.661612
v 2.718575 1.117497 1.120500
v 2.718575 1.117497 1.889872
v 2.684088 0.517297 1.889872
v 2.684088 1.117497 1.889872
v 2.684088 1.117497 1.120500
v 2.684088 0.279705 1.889872
v 1.949885 1.143545 0.640818
v 1.844663 1.143545 0.640818
v 2.684088 0.960650 1.120500
v 1.949885 1.165883 0.661612
v 2.623857 1.165883 0.661612
v 1.949885 0.517297 0.640818
v 1.949885 -0.000000 0.640818
v 1.844663 0.517297 0.640818
v -2.554587 1.434429 0.661612
v -2.554587 1.102660 1.116056
v -2.554587 1.102660 1.874089
v -2.554587 1.621514 2.355339
v -2.554587 1.621514 0.661612
v -1.980291 0.517297 2.587648
v -1.980291 1.434429 2.587648
v 1.844663 -0.000000 0.640818
v -2.554587 0.517297 1.874089
v -2.554587 -0.000000 2.355339
v -2.554587 -0.000000 1.874089
v -2.554587 -0.000000 1.116056
v -1.980291 1.621514 2.355339
v 2.623857 1.300156 0.661612
v 1.949885 1.621514 0.661612
v 1.737091 1.111336 2.587648
v 1.949885 1.434429 2.587648
v 1.949885 1.621513 2.587648
v 1.737091 1.621513 2.587648
v 1.737091 0.517297 2.587648
v 1.737091 -0.000000 2.587648
v 1.737091 0.279849 2.587648
v -1.980291 1.621513 2.587648
v 1.737091 1.621514 2.355339
v 0.987987 1.621514 2.355339
v 0.987987 1.621513 2.587648
v 0.987987 -0.000000 2.587648
v 0.987987 0.279849 2.587648
v -1.772622 0.279849 2.587648
v -1.772622 0.279849 2.461949
v -1.772622 0.517297 2.461949
v -1.772622 0.517297 2.587648
v 0.987987 1.111336 2.587648
v 0.987986 -0.000000 0.661612
v 0.987987 -0.000000 2.355339
v -1.772623 -0.000000 0.661612
v -1.007794 -0.000000 0.661612
v -1.007794 -0.000000 2.355339
v -1.772622 1.111336 2.587648
v -1.007794 1.111336 2.587648
v -1.007794 1.621513 2.587648
v -1.772622 1.621513 2.587648
v -1.772622 1.111337 2.461949
v -1.007794 -0.000000 2.587648
v -1.007794 0.279849 2.587648
v -1.772622 1.621514 2.355339
v -1.007794 1.621514 2.355339
v -1.007794 0.517297 2.587648
v 0.987987 0.517297 2.587648
v 0.987987 0.279849 2.461949
v 0.987987 0.517297 2.461949
v -1.007794 0.279849 2.461949
v -1.007794 0.517297 2.461949
v -1.007794 1.111337 2.461949
v 1.737091 0.279849 2.461949
v 0.987987 1.111337 2.461949
v 1.737091 1.111337 2.461949
v 1.737091 0.517297 2.461949
v -2.554587 0.282479 1.116056
v -2.554587 0.517297 1.116056
v -2.486928 0.517297 1.116056
v -2.486928 1.102660 1.116056
v -2.554587 0.282479 1.874089
v -2.486928 0.282479 1.874089
v -2.486928 0.282479 1.116056
v -2.486928 1.102660 1.874089
v -2.486928 0.517297 1.874089
v 2.796718 1.410948 0.661612
v 2.796718 1.300156 0.661612
v 2.684087 1.042059 -1.826723
v 2.684087 0.355144 -1.826723
v 2.684087 0.279705 -1.896951
v 2.684087 1.117497 -1.896951
v 2.684087 0.355144 -1.184668
v 2.684087 1.042059 -1.184668
v 2.684087 1.117497 -1.114440
v 2.684087 0.279705 -1.114440
v 2.684087 0.355144 -1.527390
v 2.684087 0.279705 -1.500462
v 2.684087 1.042059 -1.478185
v 2.684087 1.117497 -1.451209
v 2.659300 0.355144 -1.527390
v 2.659300 0.355144 -1.826723
v 2.684087 1.042059 -1.527390
v 2.659300 1.042059 -1.527390
v 2.659300 1.042059 -1.826723
v 2.684087 1.117497 -1.500462
v 2.684087 0.355144 -1.478185
v 2.684087 0.279705 -1.451209
v 2.659300 0.355144 -1.478185
v 2.659300 1.042059 -1.478185
v 2.659300 1.042059 -1.184668
v 2.659300 0.355144 -1.184668
v 2.684087 1.042059 1.826722
v 2.684087 1.117497 1.896950
v 2.684087 0.279705 1.896950
v 2.684087 0.355144 1.826722
v 2.684087 0.355144 1.184667
v 2.684087 0.279705 1.114439
v 2.684087 1.117497 1.114439
v 2.684087 1.042059 1.184667
v 2.684087 0.355144 1.527390
v 2.684087 0.279705 1.500461
v 2.684087 1.117497 1.451208
v 2.684087 1.042059 1.478184
v 2.659300 0.355144 1.527390
v 2.659300 0.355144 1.826722
v 2.684087 1.042059 1.527390
v 2.659300 1.042059 1.826722
v 2.659300 1.042059 1.527390
v 2.684087 1.117497 1.500461
v 2.684087 0.355144 1.478184
v 2.684087 0.279705 1.451208
v 2.659300 0.355144 1.478184
v 2.659300 0.355144 1.184667
v 2.659300 1.042059 1.184667
v 2.659300 1.042059 1.478184
v 1.844663 0.051344 -0.593019
v 1.844663 1.092200 -0.593019
v 1.816930 1.092200 -0.593019
v 1.816930 0.051344 -0.593019
v 1.844663 0.051344 -0.047798
v 1.844663 1.092200 -0.047798
v 1.844663 1.143545 0.000000
v 1.844663 0.000000 0.000000
v 1.844663 0.000000 -0.640818
v 1.844663 1.143545 -0.640818
v 1.816930 1.092200 -0.047798
v 1.816930 0.051344 -0.047798
v 1.844663 0.051344 0.593020
v 1.816930 0.051344 0.593020
v 1.816930 1.092200 0.593020
v 1.844663 1.092200 0.593020
v 1.844663 0.051344 0.047798
v 1.844663 1.092200 0.047798
v 1.844663 -0.000000 0.640818
v 1.844663 1.143545 0.640818
v 1.816930 0.051344 0.047798
v 1.816930 1.092200 0.047798
v 1.949884 2.076638 -0.661612
v 2.346204 2.076638 -0.661612
v 2.346204 2.915102 -0.661611
v 1.949884 2.915102 -0.661611
v 1.949884 2.267713 -0.267680
v 1.949884 2.724028 -0.267680
v 1.872777 2.724028 -0.267680
v 1.872777 2.267713 -0.267680
v 0.758645 2.915102 -0.661611
v 1.949884 2.915102 0.000000
v 0.645790 2.915102 -2.355339
v 2.057966 2.915102 -2.355339
v 2.346204 2.915102 -2.355339
v 2.346204 2.076638 -2.355339
v 2.057966 2.076638 -2.355339
v 2.346204 1.569782 -0.661612
v 2.346204 1.569782 -2.355339
v 2.517444 1.575498 -2.355339
v 2.517444 1.575498 -0.661612
v 2.517444 2.915102 -0.661611
v 2.517444 2.915102 -2.355339
v 2.517444 2.076638 -2.355339
v 2.517444 2.076638 -0.661612
v 2.517444 1.660289 -0.940162
v 2.517444 1.660289 -2.136799
v 2.426509 1.660289 -2.136799
v 2.426509 1.660289 -0.940162
v 2.517444 2.816474 -0.940162
v 2.517444 2.816474 -2.136799
v 2.517444 2.076638 -0.940162
v 2.517444 2.076638 -2.136799
v 2.426509 2.816474 -2.136799
v 2.426509 2.076638 -2.136799
v 2.426509 2.816474 -0.940162
v 2.426509 2.076638 -0.940162
v -0.015204 2.915102 -2.355339
v 0.754480 2.076638 -2.355339
v 0.754480 2.816474 -2.355339
v 0.754480 2.816474 -2.265433
v 0.754480 2.076638 -2.265433
v 0.754480 1.660289 -2.355339
v 1.949276 1.660289 -2.355339
v 2.057966 1.569782 -2.355339
v 0.645790 1.569782 -2.355339
v 1.949276 2.816474 -2.355339
v 1.949276 2.076638 -2.355339
v 0.645790 2.122607 -2.355339
v 1.949276 2.816474 -2.265433
v 1.949276 1.660289 -2.265433
v 1.949276 2.076638 -2.265433
v 0.754480 1.660289 -2.265433
v 1.949884 1.569782 0.000000
v 1.949884 1.569782 -0.661612
v 1.949884 2.076638 0.000000
v 2.733439 2.076638 -2.593944
v 2.733439 1.639501 -2.593944
v 0.745921 1.639501 -2.593944
v 0.746711 2.076638 -2.593944
v 2.852424 2.217772 -2.739192
v 2.852424 2.217771 -0.549650
v 2.733439 2.217771 -0.662560
v 2.733439 2.217772 -2.593944
v 2.733439 1.639501 -0.662560
v 1.936822 1.639501 -0.662560
v 1.936822 2.122607 -0.581777
v 1.936822 2.122607 -0.662560
v 1.936822 2.217771 -0.662560
v 1.936822 2.217771 -0.549650
v 1.936822 1.569782 -0.581777
v 1.936822 1.569782 -0.662560
v 2.817069 1.569782 -0.581777
v 2.817069 2.122607 -0.581777
v 0.650215 1.569782 -2.696372
v 0.651082 1.569782 -2.327947
v 0.650215 1.569782 -0.662560
v 2.817069 1.569782 -2.696373
v 0.747073 2.217772 -2.593944
v 0.611437 2.217772 -2.739191
v 0.650215 1.639501 -0.662560
v 0.611437 2.217772 -2.326957
v 0.651210 2.122607 -2.326957
v 0.651185 2.122607 -2.696372
v 0.745921 1.639501 -0.662560
v 0.747073 2.217772 -2.325500
v 0.746772 2.076638 -1.890696
v 2.733439 2.076638 -0.662560
v 2.817069 2.122607 -2.696373
v 2.852424 2.122607 -0.549650
v 2.852424 2.122607 -2.739192
v 1.936822 2.076638 -0.662560
v 0.611249 2.122607 -2.739191
v 1.936822 2.122607 -0.549650
v 0.611276 2.122607 -2.326957
v 2.426509 1.723388 -1.706215
v 2.426509 1.723388 -1.370747
v 2.426509 1.660289 -1.343552
v 2.426509 1.660289 -1.733410
v 2.426509 2.753375 -1.761497
v 2.426509 2.753375 -2.063632
v 2.426509 2.816474 -2.136799
v 2.426509 2.816474 -1.788743
v 2.426509 2.753375 -1.370746
v 2.426509 2.753375 -1.706215
v 2.426509 2.816474 -1.733410
v 2.426509 2.816474 -1.343552
v 2.426509 1.723388 -1.013329
v 2.426509 2.753375 -1.013329
v 2.426509 2.816474 -0.940162
v 2.426509 1.660289 -0.940162
v 2.426509 1.723388 -2.063633
v 2.426509 1.660289 -2.136799
v 2.412026 1.723388 -1.370747
v 2.412026 1.723388 -1.706215
v 2.412026 2.753375 -1.706215
v 2.412026 2.753375 -1.370746
v 2.426509 2.753375 -1.315464
v 2.426509 2.816474 -1.288218
v 2.426509 1.723388 -1.315464
v 2.412026 1.723388 -1.315464
v 2.412026 1.723388 -1.013329
v 2.426509 1.660289 -1.288219
v 2.426509 1.660289 -1.788743
v 2.426509 1.723388 -1.761497
v 2.412026 2.753375 -1.315464
v 2.412026 2.753375 -1.013329
v 2.412026 1.723388 -1.761497
v 2.412026 1.723388 -2.063633
v 2.412026 2.753375 -2.063632
v 2.412026 2.753375 -1.761497
v 2.451025 2.149192 -0.974970
v 2.451025 2.373105 -0.974970
v 2.423181 2.373105 -0.974970
v 2.423181 2.149192 -0.974970
v 2.458982 2.147211 -0.963316
v 2.458982 2.159648 -1.036482
v 2.451025 2.159648 -1.036482
v 2.458982 2.362649 -1.036482
v 2.451025 2.362649 -1.036482
v 2.458982 2.375086 -0.963316
v 2.423181 2.147211 -0.963316
v 2.423181 2.375086 -0.963316
v 1.184614 1.723388 -2.284565
v 1.520081 1.723388 -2.284565
v 1.547276 1.660289 -2.284565
v 1.157418 1.660289 -2.284565
v 1.129331 2.753376 -2.284564
v 0.827195 2.753376 -2.284564
v 0.754028 2.816474 -2.284564
v 1.102085 2.816474 -2.284564
v 1.520081 2.753376 -2.284564
v 1.184614 2.753376 -2.284564
v 1.157418 2.816474 -2.284564
v 1.547276 2.816474 -2.284564
v 1.877499 1.723388 -2.284565
v 1.877499 2.753376 -2.284564
v 1.950666 2.816474 -2.284564
v 1.950666 1.660289 -2.284565
v 0.827195 1.723388 -2.284565
v 0.754028 1.660289 -2.284565
v 1.520081 1.723388 -2.270083
v 1.184614 1.723388 -2.270083
v 1.184614 2.753376 -2.270082
v 1.520081 2.753376 -2.270082
v 1.575364 2.753376 -2.284564
v 1.602609 2.816474 -2.284564
v 1.575364 1.723388 -2.284565
v 1.575364 1.723388 -2.270083
v 1.877499 1.723388 -2.270083
v 1.602609 1.660289 -2.284565
v 1.102085 1.660289 -2.284565
v 1.129331 1.723388 -2.284565
v 1.575364 2.753376 -2.270082
v 1.877499 2.753376 -2.270082
v 1.129331 1.723388 -2.270083
v 0.827195 1.723388 -2.270083
v 0.827195 2.753376 -2.270082
v 1.129331 2.753376 -2.270082
v 1.915858 2.149193 -2.309082
v 1.915858 2.373106 -2.309082
v 1.915858 2.373106 -2.281238
v 1.915858 2.149193 -2.281238
v 1.927512 2.147212 -2.317039
v 1.854346 2.159648 -2.317039
v 1.854346 2.159648 -2.309082
v 1.854346 2.362649 -2.317039
v 1.854346 2.362649 -2.309082
v 1.927512 2.375087 -2.317039
v 1.927512 2.147212 -2.281238
v 1.927512 2.375087 -2.281238
v -0.015204 1.569782 -2.355339
v -0.015204 2.122607 -2.355339
v 1.949884 2.076638 0.661612
v 1.949884 2.915102 0.661612
v 2.346204 2.915102 0.661612
v 2.346204 2.076638 0.661612
v 1.949884 4.069348 -0.267679
v 1.949884 4.069348 0.000001
v 1.872777 4.069348 0.000001
v 1.872777 4.069348 -0.267679
v 0.758645 2.915102 0.661612
v 0.645790 2.915102 2.355340
v 2.057966 2.915102 2.355340
v 2.346204 2.915102 2.355340
v 2.346204 2.076638 2.355339
v 2.057966 2.076638 2.355339
v 2.346204 1.569782 0.661612
v 2.517444 1.575498 0.661612
v 2.517444 1.575498 2.355339
v 2.346204 1.569782 2.355339
v 2.517444 2.915102 2.355340
v 2.517444 2.915102 0.661612
v 2.517444 2.076638 2.355339
v 2.517444 2.076638 0.661612
v 2.517444 1.660289 0.940162
v 2.426509 1.660289 0.940162
v 2.426509 1.660289 2.136799
v 2.517444 1.660289 2.136799
v 2.517444 2.816474 0.940162
v 2.517444 2.816474 2.136800
v 2.517444 2.076638 0.940162
v 2.517444 2.076638 2.136799
v 2.426509 2.076638 2.136799
v 2.426509 2.816474 2.136800
v 2.426509 2.816474 0.940162
v 2.426509 2.076638 0.940162
v -0.015204 2.915102 2.355340
v 0.754480 2.076638 2.355339
v 0.754480 2.076638 2.265433
v 0.754480 2.816473 2.265434
v 0.754480 2.816473 2.355340
v 0.754480 1.660289 2.355339
v 0.645790 1.569782 2.355339
v 2.057966 1.569782 2.355339
v 1.949276 1.660289 2.355339
v 1.949276 2.816473 2.355340
v 1.949276 2.076638 2.355339
v 0.645790 2.122607 2.355339
v 1.949276 2.816473 2.265434
v 1.949276 2.076638 2.265433
v 1.949276 1.660289 2.265433
v 0.754480 1.660289 2.265433
v 1.949884 1.569782 0.661612
v 2.733439 2.076638 2.593944
v 0.746711 2.076638 2.593944
v 0.745921 1.639500 2.593944
v 2.733439 1.639500 2.593944
v 2.852424 2.217771 2.739192
v 2.733439 2.217771 2.593945
v 2.733439 2.217771 0.662560
v 2.852424 2.217771 0.549650
v 1.936822 1.639501 0.662560
v 2.733439 1.639501 0.662560
v 1.936822 2.122607 0.581777
v 1.936822 2.217771 0.549650
v 1.936822 2.217771 0.662560
v 1.936822 2.122607 0.662560
v 1.936822 1.569782 0.581777
v 1.936822 1.569782 0.662560
v 2.817069 1.569782 0.581777
v 2.817069 2.122607 0.581777
v 0.650215 1.569782 0.662560
v 0.651082 1.569782 2.327947
v 0.650215 1.569782 2.696372
v 2.817069 1.569782 2.696372
v 0.611437 2.217771 2.739192
v 0.747074 2.217771 2.593945
v 0.650215 1.639501 0.662560
v 0.611437 2.217771 2.326957
v 0.651211 2.122607 2.326957
v 0.651185 2.122607 2.696372
v 0.745921 1.639501 0.662560
v 0.747074 2.217771 2.325501
v 0.746772 2.076638 1.890696
v 2.733439 2.076638 0.662560
v 2.817069 2.122607 2.696372
v 2.852424 2.122607 2.739191
v 2.852424 2.122607 0.549650
v 1.936822 2.076638 0.662560
v 0.611249 2.122607 2.739191
v 1.936822 2.122607 0.549650
v 0.611276 2.122607 2.326957
v 2.426509 1.723388 1.706215
v 2.426509 1.660289 1.733410
v 2.426509 1.660289 1.343552
v 2.426509 1.723388 1.370747
v 2.426509 2.753375 1.761497
v 2.426509 2.816474 1.788743
v 2.426509 2.816474 2.136800
v 2.426509 2.753375 2.063633
v 2.426509 2.753375 1.370747
v 2.426509 2.816474 1.343552
v 2.426509 2.816474 1.733410
v 2.426509 2.753375 1.706216
v 2.426509 1.723388 1.013329
v 2.426509 1.660289 0.940162
v 2.426509 2.816474 0.940162
v 2.426509 2.753375 1.013330
v 2.426509 1.660289 2.136799
v 2.426509 1.723388 2.063633
v 2.412026 1.723388 1.370747
v 2.412026 2.753375 1.370747
v 2.412026 2.753375 1.706216
v 2.412026 1.723388 1.706215
v 2.426509 2.816474 1.288219
v 2.426509 2.753375 1.315464
v 2.412026 1.723388 1.013329
v 2.412026 1.723388 1.315464
v 2.426509 1.723388 1.315464
v 2.426509 1.660289 1.288219
v 2.426509 1.723388 1.761497
v 2.426509 1.660289 1.788743
v 2.412026 2.753375 1.013330
v 2.412026 2.753375 1.315464
v 2.412026 1.723388 1.761497
v 2.412026 2.753375 1.761497
v 2.412026 2.753375 2.063633
v 2.412026 1.723388 2.063633
v 2.451025 2.149192 0.974970
v 2.423181 2.149192 0.974970
v 2.423181 2.373105 0.974970
v 2.451025 2.373105 0.974970
v 2.458982 2.147211 0.963316
v 2.451025 2.159648 1.036482
v 2.458982 2.159648 1.036482
v 2.451025 2.362649 1.036482
v 2.458982 2.362649 1.036482
v 2.458982 2.375086 0.963316
v 2.423181 2.375086 0.963316
v 2.423181 2.147211 0.963316
v 1.184614 1.723388 2.284565
v 1.157418 1.660289 2.284565
v 1.547276 1.660289 2.284565
v 1.520081 1.723388 2.284565
v 1.129331 2.753375 2.284565
v 1.102086 2.816473 2.284565
v 0.754029 2.816473 2.284565
v 0.827195 2.753375 2.284565
v 1.520081 2.753375 2.284565
v 1.547276 2.816473 2.284565
v 1.157418 2.816473 2.284565
v 1.184614 2.753375 2.284565
v 1.877500 1.723388 2.284565
v 1.950666 1.660289 2.284565
v 1.950666 2.816473 2.284565
v 1.877500 2.753375 2.284565
v 0.754029 1.660289 2.284565
v 0.827195 1.723388 2.284565
v 1.520081 1.723388 2.270083
v 1.520081 2.753375 2.270083
v 1.184614 2.753375 2.270083
v 1.184614 1.723388 2.270083
v 1.602610 2.816473 2.284565
v 1.575364 2.753375 2.284565
v 1.877500 1.723388 2.270083
v 1.575364 1.723388 2.270083
v 1.575364 1.723388 2.284565
v 1.602610 1.660289 2.284565
v 1.129331 1.723388 2.284565
v 1.102086 1.660289 2.284565
v 1.877500 2.753375 2.270083
v 1.575364 2.753375 2.270083
v 1.129331 1.723388 2.270083
v 1.129331 2.753375 2.270083
v 0.827195 2.753375 2.270083
v 0.827195 1.723388 2.270083
v 1.915858 2.149192 2.309082
v 1.915858 2.149192 2.281238
v 1.915858 2.373105 2.281239
v 1.915858 2.373105 2.309083
v 1.927512 2.147211 2.317039
v 1.854346 2.159647 2.309082
v 1.854346 2.159647 2.317039
v 1.854346 2.362648 2.309083
v 1.854346 2.362648 2.317039
v 1.927512 2.375086 2.317039
v 1.927512 2.375086 2.281239
v 1.927512 2.147211 2.281238
v -0.015204 2.122607 2.355339
v -0.015204 1.569782 2.355339
v -1.980292 2.122607 -0.661612
v -1.980292 2.915102 -0.661611
v -2.376612 2.915102 -0.661611
v -2.376612 2.076638 -0.661612
v -1.980292 2.122607 0.000000
v -1.980292 2.915102 0.000000
v -0.789052 2.915102 -0.661611
v -0.789052 2.915102 0.000000
v -0.676198 2.915102 -2.355339
v -2.088373 2.915102 -2.355339
v -2.376612 2.915102 -2.355339
v -2.376612 2.076638 -2.355339
v -2.088373 2.076638 -2.355339
v -2.376612 1.569782 -0.661612
v -2.547852 1.575498 -0.661612
v -2.547852 1.575498 -2.355339
v -2.376612 1.569782 -2.355339
v -2.547852 2.915102 -2.355339
v -2.547852 2.915102 -0.661611
v -2.547852 2.076638 -2.355339
v -2.547852 2.076638 -0.661612
v -2.547852 1.660289 -0.940162
v -2.456917 1.660289 -0.940162
v -2.456917 1.660289 -2.136799
v -2.547852 1.660289 -2.136799
v -2.547852 2.816474 -0.940162
v -2.547852 2.816474 -2.136799
v -2.547852 2.076638 -0.940162
v -2.547852 2.076638 -2.136799
v -2.456917 2.076638 -2.136799
v -2.456917 2.816474 -2.136799
v -2.456917 2.816474 -0.940162
v -2.456917 2.076638 -0.940162
v -0.784888 2.076638 -2.355339
v -0.784888 2.076638 -2.265433
v -0.784888 2.816474 -2.265433
v -0.784888 2.816474 -2.355339
v -0.784888 1.660289 -2.355339
v -0.676198 1.569782 -2.355339
v -2.088373 1.569782 -2.355339
v -1.979684 1.660289 -2.355339
v -1.979684 2.816474 -2.355339
v -1.979684 2.076638 -2.355339
v -0.676198 2.122607 -2.355339
v -1.979684 2.816474 -2.265433
v -1.979684 2.076638 -2.265433
v -1.979684 1.660289 -2.265433
v -0.784888 1.660289 -2.265433
v -1.980292 1.569782 0.000000
v -1.980292 1.569782 -0.661612
v -2.763847 2.076638 -2.593944
v -0.777119 2.076638 -2.593944
v -0.776329 1.639501 -2.593944
v -2.763847 1.639501 -2.593944
v -2.882832 2.217772 -2.739191
v -2.763847 2.217772 -2.593944
v -2.763847 2.217771 -0.662560
v -2.882832 2.217771 -0.549650
v -1.967230 1.639501 -0.662560
v -2.763847 1.639501 -0.662560
v -1.967230 2.122607 -0.581776
v -1.967230 2.217771 -0.549650
v -1.967230 2.217771 -0.662560
v -1.967230 2.122607 -0.662560
v -1.967230 1.569782 -0.581776
v -1.967230 1.569782 -0.662560
v -2.847477 1.569782 -0.581776
v -2.847477 2.122607 -0.581776
v -0.680623 1.569782 -0.662560
v -0.681490 1.569782 -2.327947
v -0.680623 1.569782 -2.696372
v -2.847477 1.569782 -2.696372
v -0.641845 2.217772 -2.739191
v -0.777481 2.217772 -2.593944
v -0.680623 1.639501 -0.662560
v -0.641845 2.217772 -2.326957
v -0.681618 2.122607 -2.326957
v -0.681593 2.122607 -2.696372
v -0.776329 1.639501 -0.662560
v -0.777481 2.217772 -2.325500
v -0.777180 2.076638 -1.890696
v -2.763847 2.076638 -0.662560
v -2.847477 2.122607 -2.696372
v -2.882832 2.122607 -2.739191
v -2.882832 2.122607 -0.549650
v -1.967230 2.076638 -0.662560
v -0.641657 2.122607 -2.739191
v -1.967230 2.122607 -0.549650
v -0.641684 2.122607 -2.326957
v -2.456917 1.723388 -1.706214
v -2.456917 1.660289 -1.733410
v -2.456917 1.660289 -1.343552
v -2.456917 1.723388 -1.370747
v -2.456917 2.753375 -1.761497
v -2.456917 2.816474 -1.788743
v -2.456917 2.816474 -2.136799
v -2.456917 2.753375 -2.063632
v -2.456917 2.753375 -1.370746
v -2.456917 2.816474 -1.343552
v -2.456917 2.816474 -1.733410
v -2.456917 2.753375 -1.706213
v -2.456917 1.723388 -1.013329
v -2.456917 1.660289 -0.940162
v -2.456917 2.816474 -0.940162
v -2.456917 2.753375 -1.013329
v -2.456917 1.660289 -2.136799
v -2.456917 1.723388 -2.063633
v -2.442434 1.723388 -1.370747
v -2.442434 2.753375 -1.370746
v -2.442434 2.753375 -1.706213
v -2.442434 1.723388 -1.706214
v -2.456917 2.816474 -1.288218
v -2.456917 2.753375 -1.315464
v -2.442434 1.723388 -1.013329
v -2.442434 1.723388 -1.315464
v -2.456917 1.723388 -1.315464
v -2.456917 1.660289 -1.288218
v -2.456917 1.723388 -1.761497
v -2.456917 1.660289 -1.788743
v -2.442434 2.753375 -1.013329
v -2.442434 2.753375 -1.315464
v -2.442434 1.723388 -1.761497
v -2.442434 2.753375 -1.761497
v -2.442434 2.753375 -2.063632
v -2.442434 1.723388 -2.063633
v -2.481433 2.149192 -0.974970
v -2.453589 2.149192 -0.974970
v -2.453589 2.373105 -0.974970
v -2.481433 2.373105 -0.974970
v -2.489390 2.147211 -0.963316
v -2.481433 2.159648 -1.036482
v -2.489390 2.159648 -1.036482
v -2.481433 2.362649 -1.036482
v -2.489390 2.362649 -1.036482
v -2.489390 2.375086 -0.963316
v -2.453589 2.375086 -0.963316
v -2.453589 2.147211 -0.963316
v -1.215021 1.723388 -2.284565
v -1.187826 1.660289 -2.284565
v -1.577684 1.660289 -2.284565
v -1.550489 1.723388 -2.284565
v -1.159738 2.753376 -2.284564
v -1.132493 2.816474 -2.284564
v -0.784437 2.816474 -2.284564
v -0.857603 2.753376 -2.284564
v -1.550489 2.753376 -2.284564
v -1.577684 2.816474 -2.284564
v -1.187826 2.816474 -2.284564
v -1.215021 2.753376 -2.284564
v -1.907907 1.723388 -2.284565
v -1.981073 1.660289 -2.284565
v -1.981073 2.816474 -2.284564
v -1.907907 2.753376 -2.284564
v -0.784437 1.660289 -2.284565
v -0.857603 1.723388 -2.284565
v -1.550489 1.723388 -2.270083
v -1.550489 2.753376 -2.270082
v -1.215021 2.753376 -2.270082
v -1.215021 1.723388 -2.270083
v -1.633017 2.816474 -2.284564
v -1.605772 2.753376 -2.284564
v -1.907907 1.723388 -2.270083
v -1.605772 1.723388 -2.270083
v -1.605772 1.723388 -2.284565
v -1.633017 1.660289 -2.284565
v -1.159738 1.723388 -2.284565
v -1.132493 1.660289 -2.284565
v -1.907907 2.753376 -2.270082
v -1.605772 2.753376 -2.270082
v -1.159738 1.723388 -2.270083
v -1.159738 2.753376 -2.270082
v -0.857603 2.753376 -2.270082
v -0.857603 1.723388 -2.270083
v -1.946266 2.149193 -2.309082
v -1.946266 2.149193 -2.281238
v -1.946266 2.373106 -2.281238
v -1.946266 2.373106 -2.309082
v -1.957920 2.147212 -2.317039
v -1.884754 2.159648 -2.309082
v -1.884754 2.159648 -2.317039
v -1.884754 2.362649 -2.309082
v -1.884754 2.362649 -2.317039
v -1.957920 2.375087 -2.317039
v -1.957920 2.375087 -2.281238
v -1.957920 2.147212 -2.281238
v -1.980292 2.122607 0.661612
v -2.376612 2.076638 0.661612
v -2.376612 2.915102 0.661612
v -1.980292 2.915102 0.661612
v -0.789052 2.915102 0.661612
v -0.676198 2.915102 2.355340
v -2.088373 2.915102 2.355340
v -2.376612 2.915102 2.355340
v -2.376612 2.076638 2.355339
v -2.088373 2.076638 2.355339
v -2.376612 1.569782 0.661612
v -2.376612 1.569782 2.355339
v -2.547852 1.575498 2.355339
v -2.547852 1.575498 0.661612
v -2.547852 2.915102 0.661612
v -2.547852 2.915102 2.355340
v -2.547852 2.076638 2.355339
v -2.547852 2.076638 0.661612
v -2.547852 1.660289 0.940163
v -2.547852 1.660289 2.136799
v -2.456917 1.660289 2.136799
v -2.456917 1.660289 0.940163
v -2.547852 2.816474 0.940163
v -2.547852 2.816474 2.136800
v -2.547852 2.076638 0.940163
v -2.547852 2.076638 2.136799
v -2.456917 2.816474 2.136800
v -2.456917 2.076638 2.136799
v -2.456917 2.816474 0.940163
v -2.456917 2.076638 0.940163
v -0.784888 2.076638 2.355339
v -0.784887 2.816473 2.355340
v -0.784887 2.816473 2.265434
v -0.784888 2.076638 2.265433
v -0.784887 1.660289 2.355339
v -1.979684 1.660289 2.355339
v -2.088373 1.569782 2.355339
v -0.676198 1.569782 2.355339
v -1.979684 2.816473 2.355340
v -1.979684 2.076638 2.355339
v -0.676198 2.122607 2.355339
v -1.979684 2.816473 2.265434
v -1.979684 1.660289 2.265433
v -1.979684 2.076638 2.265433
v -0.784887 1.660289 2.265433
v -1.980292 1.569782 0.661612
v -2.763847 2.076638 2.593944
v -2.763847 1.639500 2.593944
v -0.776328 1.639500 2.593944
v -0.777119 2.076638 2.593944
v -2.882832 2.217771 2.739192
v -2.882832 2.217771 0.549651
v -2.763847 2.217771 0.662560
v -2.763847 2.217771 2.593945
v -2.763847 1.639501 0.662560
v -1.967230 1.639501 0.662560
v -1.967230 2.122607 0.581777
v -1.967230 2.122607 0.662560
v -1.967230 2.217771 0.662560
v -1.967230 2.217771 0.549651
v -1.967230 1.569782 0.581777
v -1.967230 1.569782 0.662560
v -2.847477 1.569782 0.581777
v -2.847477 2.122607 0.581777
v -0.680623 1.569782 2.696372
v -0.681489 1.569782 2.327947
v -0.680623 1.569782 0.662560
v -2.847477 1.569782 2.696373
v -0.777481 2.217771 2.593945
v -0.641844 2.217771 2.739192
v -0.680623 1.639501 0.662560
v -0.641844 2.217771 2.326957
v -0.681618 2.122607 2.326957
v -0.681592 2.122607 2.696372
v -0.776329 1.639501 0.662560
v -0.777481 2.217771 2.325501
v -0.777180 2.076638 1.890696
v -2.763847 2.076638 0.662560
v -2.847477 2.122607 2.696373
v -2.882832 2.122607 0.549651
v -2.882832 2.122607 2.739192
v -1.967230 2.076638 0.662560
v -0.641657 2.122607 2.739191
v -1.967230 2.122607 0.549651
v -0.641683 2.122607 2.326957
v -2.456917 1.723388 1.706215
v -2.456917 1.723388 1.370748
v -2.456917 1.660289 1.343552
v -2.456917 1.660289 1.733410
v -2.456917 2.753375 1.761498
v -2.456917 2.753375 2.063633
v -2.456917 2.816474 2.136800
v -2.456917 2.816474 1.788743
v -2.456917 2.753375 1.370749
v -2.456917 2.753375 1.706216
v -2.456917 2.816474 1.733410
v -2.456917 2.816474 1.343552
v -2.456917 1.723388 1.013329
v -2.456917 2.753375 1.013330
v -2.456917 2.816474 0.940163
v -2.456917 1.660289 0.940163
v -2.456917 1.723388 2.063633
v -2.456917 1.660289 2.136799
v -2.442434 1.723388 1.370748
v -2.442434 1.723388 1.706215
v -2.442434 2.753375 1.706216
v -2.442434 2.753375 1.370749
v -2.456917 2.753375 1.315465
v -2.456917 2.816474 1.288219
v -2.456917 1.723388 1.315465
v -2.442434 1.723388 1.315465
v -2.442434 1.723388 1.013329
v -2.456917 1.660289 1.288219
v -2.456917 1.660289 1.788743
v -2.456917 1.723388 1.761498
v -2.442434 2.753375 1.315465
v -2.442434 2.753375 1.013330
v -2.442434 1.723388 1.761498
v -2.442434 1.723388 2.063633
v -2.442434 2.753375 2.063633
v -2.442434 2.753375 1.761498
v -2.481433 2.149192 0.974970
v -2.481433 2.373105 0.974970
v -2.453589 2.373105 0.974970
v -2.453589 2.149192 0.974970
v -2.489390 2.147211 0.963316
v -2.489390 2.159648 1.036482
v -2.481433 2.159648 1.036482
v -2.489390 2.362649 1.036482
v -2.481433 2.362649 1.036482
v -2.489390 2.375086 0.963316
v -2.453589 2.147211 0.963316
v -2.453589 2.375086 0.963316
v -1.215021 1.723388 2.284565
v -1.550488 1.723388 2.284565
v -1.577684 1.660289 2.284565
v -1.187826 1.660289 2.284565
v -1.159738 2.753375 2.284565
v -0.857603 2.753375 2.284565
v -0.784436 2.816473 2.284565
v -1.132493 2.816473 2.284565
v -1.550488 2.753375 2.284565
v -1.215021 2.753375 2.284565
v -1.187826 2.816473 2.284565
v -1.577684 2.816473 2.284565
v -1.907907 1.723388 2.284565
v -1.907907 2.753375 2.284565
v -1.981073 2.816473 2.284565
v -1.981073 1.660289 2.284565
v -0.857603 1.723388 2.284565
v -0.784436 1.660289 2.284565
v -1.550488 1.723388 2.270083
v -1.215021 1.723388 2.270083
v -1.215021 2.753375 2.270083
v -1.550488 2.753375 2.270083
v -1.605771 2.753375 2.284565
v -1.633017 2.816473 2.284565
v -1.605771 1.723388 2.284565
v -1.605771 1.723388 2.270083
v -1.907907 1.723388 2.270083
v -1.633017 1.660289 2.284565
v -1.132493 1.660289 2.284565
v -1.159738 1.723388 2.284565
v -1.605771 2.753375 2.270083
v -1.907907 2.753375 2.270083
v -1.159738 1.723388 2.270083
v -0.857603 1.723388 2.270083
v -0.857603 2.753375 2.270083
v -1.159738 2.753375 2.270083
v -1.946265 2.149192 2.309082
v -1.946265 2.373105 2.309083
v -1.946265 2.373105 2.281239
v -1.946265 2.149192 2.281238
v -1.957920 2.147211 2.317039
v -1.884754 2.159647 2.317039
v -1.884754 2.159647 2.309082
v -1.884754 2.362648 2.317039
v -1.884754 2.362648 2.309083
v -1.957920 2.375086 2.317039
v -1.957920 2.147211 2.281238
v -1.957920 2.375086 2.281239
v 1.949884 3.421959 -0.661611
v 2.346204 3.421959 -0.661611
v 2.346204 4.260423 -0.661611
v 1.949884 4.260423 -0.661611
v 1.949884 4.958354 0.000001
v 1.949884 4.958354 -0.267679
v 1.872777 4.958354 -0.267679
v 1.872777 4.958354 0.000001
v 0.758645 4.260423 -0.661611
v 1.949884 4.260423 0.000001
v 0.645790 4.260424 -2.355338
v 2.057966 4.260424 -2.355338
v 2.346204 4.260424 -2.355338
v 2.346204 3.421959 -2.355339
v 2.057966 3.421959 -2.355339
v 2.517444 2.920819 -2.355339
v 2.517444 2.920818 -0.661611
v 2.517444 4.260423 -0.661611
v 2.517444 4.260424 -2.355338
v 2.517444 3.421959 -2.355339
v 2.517444 3.421959 -0.661611
v 2.517444 3.005609 -0.940162
v 2.517444 3.005609 -2.136799
v 2.426509 3.005609 -2.136799
v 2.426509 3.005609 -0.940162
v 2.517444 4.161795 -0.940161
v 2.517444 4.161796 -2.136798
v 2.517444 3.421959 -0.940161
v 2.517444 3.421959 -2.136799
v 2.426509 4.161796 -2.136798
v 2.426509 3.421959 -2.136799
v 2.426509 4.161795 -0.940161
v 2.426509 3.421959 -0.940161
v -0.015204 4.260424 -2.355338
v 0.754480 3.421959 -2.355339
v 0.754480 4.161796 -2.355338
v 0.754480 4.161796 -2.265432
v 0.754480 3.421959 -2.265433
v 0.754480 3.005610 -2.355339
v 1.949276 3.005610 -2.355339
v 1.949276 4.161796 -2.355338
v 1.949276 3.421959 -2.355339
v 0.645790 3.467927 -2.355339
v 1.949276 4.161796 -2.265432
v 1.949276 3.005610 -2.265433
v 1.949276 3.421959 -2.265433
v 0.754480 3.005610 -2.265433
v 1.949884 3.421959 0.000001
v 2.733439 3.421959 -2.593944
v 2.733439 2.984822 -2.593944
v 0.745921 2.984822 -2.593944
v 0.746711 3.421959 -2.593944
v 2.852424 3.563092 -2.739192
v 2.852424 3.563092 -0.549649
v 2.733439 3.563092 -0.662559
v 2.733439 3.563092 -2.593944
v 2.733439 2.984821 -0.662560
v 1.936822 2.984821 -0.662560
v 1.936822 3.467927 -0.581776
v 1.936822 3.467927 -0.662559
v 1.936822 3.563092 -0.662559
v 1.936822 3.563092 -0.549649
v 1.936822 2.915102 -0.581776
v 1.936822 2.915102 -0.662560
v 2.817069 2.915102 -0.581776
v 2.817069 3.467927 -0.581776
v 0.650215 2.915102 -2.696372
v 0.651082 2.915102 -2.327946
v 0.650215 2.915102 -0.662560
v 2.817069 2.915102 -2.696373
v 0.747073 3.563092 -2.593944
v 0.611437 3.563092 -2.739191
v 0.650215 2.984821 -0.662560
v 0.611437 3.563092 -2.326957
v 0.651210 3.467927 -2.326957
v 0.651185 3.467927 -2.696372
v 0.745921 2.984821 -0.662560
v 0.747073 3.563092 -2.325500
v 0.746772 3.421959 -1.890695
v 2.733439 3.421959 -0.662559
v 2.817069 3.467927 -2.696373
v 2.852424 3.467927 -0.549649
v 2.852424 3.467927 -2.739192
v 1.936822 3.421959 -0.662559
v 0.611249 3.467927 -2.739191
v 1.936822 3.467927 -0.549649
v 0.611276 3.467927 -2.326957
v 2.426509 3.068708 -1.706215
v 2.426509 3.068708 -1.370746
v 2.426509 3.005609 -1.343552
v 2.426509 3.005609 -1.733410
v 2.426509 4.098697 -1.761496
v 2.426509 4.098697 -2.063632
v 2.426509 4.161796 -2.136798
v 2.426509 4.161796 -1.788742
v 2.426509 4.098696 -1.370746
v 2.426509 4.098697 -1.706214
v 2.426509 4.161796 -1.733409
v 2.426509 4.161795 -1.343551
v 2.426509 3.068708 -1.013329
v 2.426509 4.098696 -1.013328
v 2.426509 4.161795 -0.940161
v 2.426509 3.005609 -0.940162
v 2.426509 3.068708 -2.063632
v 2.426509 3.005609 -2.136799
v 2.412026 3.068708 -1.370746
v 2.412026 3.068708 -1.706215
v 2.412026 4.098697 -1.706214
v 2.412026 4.098696 -1.370746
v 2.426509 4.098696 -1.315463
v 2.426509 4.161795 -1.288218
v 2.426509 3.068708 -1.315464
v 2.412026 3.068708 -1.315464
v 2.412026 3.068708 -1.013329
v 2.426509 3.005609 -1.288218
v 2.426509 3.005609 -1.788743
v 2.426509 3.068708 -1.761497
v 2.412026 4.098696 -1.315463
v 2.412026 4.098696 -1.013328
v 2.412026 3.068708 -1.761497
v 2.412026 3.068708 -2.063632
v 2.412026 4.098697 -2.063632
v 2.412026 4.098697 -1.761496
v 2.451025 3.494513 -0.974969
v 2.451025 3.718425 -0.974969
v 2.423181 3.718425 -0.974969
v 2.423181 3.494513 -0.974969
v 2.458982 3.492532 -0.963315
v 2.458982 3.504968 -1.036481
v 2.451025 3.504968 -1.036481
v 2.458982 3.707970 -1.036481
v 2.451025 3.707970 -1.036481
v 2.458982 3.720406 -0.963315
v 2.423181 3.492532 -0.963315
v 2.423181 3.720406 -0.963315
v 1.184614 3.068708 -2.284564
v 1.520081 3.068708 -2.284564
v 1.547276 3.005610 -2.284564
v 1.157418 3.005610 -2.284564
v 1.129331 4.098697 -2.284564
v 0.827195 4.098697 -2.284564
v 0.754028 4.161796 -2.284564
v 1.102085 4.161796 -2.284564
v 1.520081 4.098697 -2.284564
v 1.184614 4.098697 -2.284564
v 1.157418 4.161796 -2.284564
v 1.547276 4.161796 -2.284564
v 1.877499 3.068708 -2.284564
v 1.877499 4.098697 -2.284564
v 1.950666 4.161796 -2.284564
v 1.950666 3.005610 -2.284564
v 0.827195 3.068708 -2.284564
v 0.754028 3.005610 -2.284564
v 1.520081 3.068708 -2.270082
v 1.184614 3.068708 -2.270082
v 1.184614 4.098697 -2.270082
v 1.520081 4.098697 -2.270082
v 1.575364 4.098697 -2.284564
v 1.602609 4.161796 -2.284564
v 1.575364 3.068708 -2.284564
v 1.575364 3.068708 -2.270082
v 1.877499 3.068708 -2.270082
v 1.602609 3.005610 -2.284564
v 1.102085 3.005610 -2.284564
v 1.129331 3.068708 -2.284564
v 1.575364 4.098697 -2.270082
v 1.877499 4.098697 -2.270082
v 1.129331 3.068708 -2.270082
v 0.827195 3.068708 -2.270082
v 0.827195 4.098697 -2.270082
v 1.129331 4.098697 -2.270082
v 1.915858 3.494514 -2.309082
v 1.915858 3.718426 -2.309081
v 1.915858 3.718426 -2.281237
v 1.915858 3.494514 -2.281238
v 1.927512 3.492532 -2.317039
v 1.854346 3.504968 -2.317039
v 1.854346 3.504968 -2.309082
v 1.854346 3.707970 -2.317038
v 1.854346 3.707970 -2.309081
v 1.927512 3.720407 -2.317038
v 1.927512 3.492532 -2.281238
v 1.927512 3.720407 -2.281237
v -0.015204 3.467927 -2.355339
v 1.949884 3.421959 0.661613
v 1.949884 4.260423 0.661613
v 2.346204 4.260423 0.661613
v 2.346204 3.421959 0.661613
v 1.949884 3.613033 -0.267679
v 1.872777 3.613033 -0.267679
v 0.758645 4.260423 0.661613
v 0.645790 4.260423 2.355340
v 2.057966 4.260423 2.355340
v 2.346204 4.260423 2.355340
v 2.346204 3.421958 2.355340
v 2.057966 3.421958 2.355340
v 2.517444 2.920818 0.661612
v 2.517444 2.920818 2.355340
v 2.517444 4.260423 2.355340
v 2.517444 4.260423 0.661613
v 2.517444 3.421958 2.355340
v 2.517444 3.421959 0.661613
v 2.517444 3.005609 0.940162
v 2.426509 3.005609 0.940162
v 2.426509 3.005609 2.136800
v 2.517444 3.005609 2.136800
v 2.517444 4.161795 0.940163
v 2.517444 4.161795 2.136800
v 2.517444 3.421959 0.940163
v 2.517444 3.421959 2.136800
v 2.426509 3.421959 2.136800
v 2.426509 4.161795 2.136800
v 2.426509 4.161795 0.940163
v 2.426509 3.421959 0.940163
v -0.015204 4.260423 2.355340
v 0.754480 3.421958 2.355340
v 0.754480 3.421958 2.265434
v 0.754480 4.161795 2.265434
v 0.754480 4.161795 2.355340
v 0.754480 3.005609 2.355340
v 1.949276 3.005609 2.355340
v 1.949276 4.161795 2.355340
v 1.949276 3.421958 2.355340
v 0.645790 3.467927 2.355340
v 1.949276 4.161795 2.265434
v 1.949276 3.421958 2.265434
v 1.949276 3.005609 2.265434
v 0.754480 3.005609 2.265434
v 2.733439 3.421958 2.593945
v 0.746711 3.421958 2.593945
v 0.745921 2.984821 2.593945
v 2.733439 2.984821 2.593945
v 2.852424 3.563092 2.739192
v 2.733439 3.563092 2.593945
v 2.733439 3.563092 0.662561
v 2.852424 3.563092 0.549651
v 1.936822 2.984821 0.662560
v 2.733439 2.984821 0.662560
v 1.936822 3.467927 0.581778
v 1.936822 3.563092 0.549651
v 1.936822 3.563092 0.662561
v 1.936822 3.467927 0.662561
v 1.936822 2.915102 0.581777
v 1.936822 2.915102 0.662560
v 2.817069 2.915102 0.581777
v 2.817069 3.467927 0.581778
v 0.650215 2.915102 0.662560
v 0.651082 2.915102 2.327947
v 0.650215 2.915102 2.696373
v 2.817069 2.915102 2.696373
v 0.611437 3.563092 2.739192
v 0.747074 3.563092 2.593945
v 0.650215 2.984821 0.662560
v 0.611437 3.563092 2.326957
v 0.651211 3.467927 2.326957
v 0.651185 3.467927 2.696373
v 0.745921 2.984821 0.662560
v 0.747074 3.563092 2.325501
v 0.746772 3.421959 1.890697
v 2.733439 3.421959 0.662561
v 2.817069 3.467927 2.696373
v 2.852424 3.467927 2.739192
v 2.852424 3.467927 0.549651
v 1.936822 3.421959 0.662561
v 0.611249 3.467927 2.739192
v 1.936822 3.467927 0.549651
v 0.611276 3.467927 2.326957
v 2.426509 3.068708 1.706216
v 2.426509 3.005609 1.733410
v 2.426509 3.005609 1.343552
v 2.426509 3.068708 1.370747
v 2.426509 4.098696 1.761498
v 2.426509 4.161795 1.788744
v 2.426509 4.161795 2.136800
v 2.426509 4.098696 2.063634
v 2.426509 4.098696 1.370748
v 2.426509 4.161795 1.343553
v 2.426509 4.161795 1.733411
v 2.426509 4.098696 1.706216
v 2.426509 3.068708 1.013330
v 2.426509 3.005609 0.940162
v 2.426509 4.161795 0.940163
v 2.426509 4.098696 1.013330
v 2.426509 3.005609 2.136800
v 2.426509 3.068708 2.063633
v 2.412026 3.068708 1.370747
v 2.412026 4.098696 1.370748
v 2.412026 4.098696 1.706216
v 2.412026 3.068708 1.706216
v 2.426509 4.161795 1.288220
v 2.426509 4.098696 1.315465
v 2.412026 3.068708 1.013330
v 2.412026 3.068708 1.315464
v 2.426509 3.068708 1.315464
v 2.426509 3.005609 1.288219
v 2.426509 3.068708 1.761497
v 2.426509 3.005609 1.788743
v 2.412026 4.098696 1.013330
v 2.412026 4.098696 1.315465
v 2.412026 3.068708 1.761497
v 2.412026 4.098696 1.761498
v 2.412026 4.098696 2.063634
v 2.412026 3.068708 2.063633
v 2.451025 3.494513 0.974971
v 2.423181 3.494513 0.974971
v 2.423181 3.718425 0.974971
v 2.451025 3.718425 0.974971
v 2.458982 3.492532 0.963317
v 2.451025 3.504968 1.036483
v 2.458982 3.504968 1.036483
v 2.451025 3.707970 1.036483
v 2.458982 3.707970 1.036483
v 2.458982 3.720406 0.963317
v 2.423181 3.720406 0.963317
v 2.423181 3.492532 0.963317
v 1.184614 3.068707 2.284565
v 1.157418 3.005609 2.284565
v 1.547276 3.005609 2.284565
v 1.520081 3.068707 2.284565
v 1.129331 4.098696 2.284566
v 1.102086 4.161795 2.284566
v 0.754029 4.161795 2.284566
v 0.827195 4.098696 2.284566
v 1.520081 4.098696 2.284566
v 1.547276 4.161795 2.284566
v 1.157418 4.161795 2.284566
v 1.184614 4.098696 2.284566
v 1.877500 3.068707 2.284565
v 1.950666 3.005609 2.284565
v 1.950666 4.161795 2.284566
v 1.877500 4.098696 2.284566
v 0.754029 3.005609 2.284565
v 0.827195 3.068707 2.284565
v 1.520081 3.068707 2.270083
v 1.520081 4.098696 2.270084
v 1.184614 4.098696 2.270084
v 1.184614 3.068707 2.270083
v 1.602610 4.161795 2.284566
v 1.575364 4.098696 2.284566
v 1.877500 3.068707 2.270083
v 1.575364 3.068707 2.270083
v 1.575364 3.068707 2.284565
v 1.602610 3.005609 2.284565
v 1.129331 3.068707 2.284565
v 1.102086 3.005609 2.284565
v 1.877500 4.098696 2.270084
v 1.575364 4.098696 2.270084
v 1.129331 3.068707 2.270083
v 1.129331 4.098696 2.270084
v 0.827195 4.098696 2.270084
v 0.827195 3.068707 2.270083
v 1.915858 3.494513 2.309083
v 1.915858 3.494513 2.281239
v 1.915858 3.718425 2.281239
v 1.915858 3.718425 2.309083
v 1.927512 3.492532 2.317039
v 1.854346 3.504967 2.309083
v 1.854346 3.504967 2.317039
v 1.854346 3.707969 2.309083
v 1.854346 3.707969 2.317040
v 1.927512 3.720406 2.317040
v 1.927512 3.720406 2.281239
v 1.927512 3.492532 2.281239
v -0.015204 3.467927 2.355340
v -1.980292 3.467927 -0.661611
v -1.980292 4.260423 -0.661611
v -2.376612 4.260423 -0.661611
v -2.376612 3.421959 -0.661611
v -1.980292 3.467927 0.000001
v -1.980292 4.260423 0.000001
v -0.789052 4.260423 -0.661611
v -0.676198 4.260424 -2.355338
v -2.088373 4.260424 -2.355338
v -2.376612 4.260424 -2.355338
v -2.376612 3.421959 -2.355339
v -2.088373 3.421959 -2.355339
v -2.547852 2.920818 -0.661611
v -2.547852 2.920819 -2.355339
v -2.547852 4.260424 -2.355338
v -2.547852 4.260423 -0.661611
v -2.547852 3.421959 -2.355339
v -2.547852 3.421959 -0.661611
v -2.547852 3.005609 -0.940162
v -2.456917 3.005609 -0.940162
v -2.456917 3.005609 -2.136799
v -2.547852 3.005609 -2.136799
v -2.547852 4.161795 -0.940161
v -2.547852 4.161796 -2.136798
v -2.547852 3.421959 -0.940161
v -2.547852 3.421959 -2.136799
v -2.456917 3.421959 -2.136799
v -2.456917 4.161796 -2.136798
v -2.456917 4.161795 -0.940161
v -2.456917 3.421959 -0.940161
v -0.784888 3.421959 -2.355339
v -0.784888 3.421959 -2.265433
v -0.784888 4.161796 -2.265432
v -0.784888 4.161796 -2.355338
v -0.784888 3.005610 -2.355339
v -1.979684 3.005610 -2.355339
v -1.979684 4.161796 -2.355338
v -1.979684 3.421959 -2.355339
v -0.676198 3.467927 -2.355339
v -1.979684 4.161796 -2.265432
v -1.979684 3.421959 -2.265433
v -1.979684 3.005610 -2.265433
v -0.784888 3.005610 -2.265433
v -2.763847 3.421959 -2.593944
v -0.777119 3.421959 -2.593944
v -0.776329 2.984822 -2.593944
v -2.763847 2.984822 -2.593944
v -2.882832 3.563092 -2.739191
v -2.763847 3.563092 -2.593944
v -2.763847 3.563092 -0.662559
v -2.882832 3.563092 -0.549649
v -1.967230 2.984821 -0.662560
v -2.763847 2.984821 -0.662560
v -1.967230 3.467927 -0.581775
v -1.967230 3.563092 -0.549649
v -1.967230 3.563092 -0.662559
v -1.967230 3.467927 -0.662559
v -1.967230 2.915102 -0.581776
v -1.967230 2.915102 -0.662560
v -2.847477 2.915102 -0.581776
v -2.847477 3.467927 -0.581775
v -0.680623 2.915102 -0.662560
v -0.681490 2.915102 -2.327946
v -0.680623 2.915102 -2.696372
v -2.847477 2.915102 -2.696372
v -0.641845 3.563092 -2.739191
v -0.777481 3.563092 -2.593944
v -0.680623 2.984821 -0.662560
v -0.641845 3.563092 -2.326957
v -0.681618 3.467927 -2.326957
v -0.681593 3.467927 -2.696372
v -0.776329 2.984821 -0.662560
v -0.777481 3.563092 -2.325500
v -0.777180 3.421959 -1.890695
v -2.763847 3.421959 -0.662559
v -2.847477 3.467927 -2.696372
v -2.882832 3.467927 -2.739191
v -2.882832 3.467927 -0.549649
v -1.967230 3.421959 -0.662559
v -0.641657 3.467927 -2.739191
v -1.967230 3.467927 -0.549649
v -0.641684 3.467927 -2.326957
v -2.456917 3.068708 -1.706213
v -2.456917 3.005609 -1.733410
v -2.456917 3.005609 -1.343552
v -2.456917 3.068708 -1.370746
v -2.456917 4.098697 -1.761496
v -2.456917 4.161796 -1.788742
v -2.456917 4.161796 -2.136798
v -2.456917 4.098697 -2.063632
v -2.456917 4.098696 -1.370746
v -2.456917 4.161795 -1.343551
v -2.456917 4.161796 -1.733409
v -2.456917 4.098697 -1.706213
v -2.456917 3.068708 -1.013329
v -2.456917 3.005609 -0.940162
v -2.456917 4.161795 -0.940161
v -2.456917 4.098696 -1.013328
v -2.456917 3.005609 -2.136799
v -2.456917 3.068708 -2.063632
v -2.442434 3.068708 -1.370746
v -2.442434 4.098696 -1.370746
v -2.442434 4.098697 -1.706213
v -2.442434 3.068708 -1.706213
v -2.456917 4.161795 -1.288217
v -2.456917 4.098696 -1.315463
v -2.442434 3.068708 -1.013329
v -2.442434 3.068708 -1.315464
v -2.456917 3.068708 -1.315464
v -2.456917 3.005609 -1.288218
v -2.456917 3.068708 -1.761497
v -2.456917 3.005609 -1.788743
v -2.442434 4.098696 -1.013328
v -2.442434 4.098696 -1.315463
v -2.442434 3.068708 -1.761497
v -2.442434 4.098697 -1.761496
v -2.442434 4.098697 -2.063632
v -2.442434 3.068708 -2.063632
v -2.481433 3.494513 -0.974969
v -2.453589 3.494513 -0.974969
v -2.453589 3.718425 -0.974969
v -2.481433 3.718425 -0.974969
v -2.489390 3.492532 -0.963315
v -2.481433 3.504968 -1.036481
v -2.489390 3.504968 -1.036481
v -2.481433 3.707970 -1.036481
v -2.489390 3.707970 -1.036481
v -2.489390 3.720406 -0.963315
v -2.453589 3.720406 -0.963315
v -2.453589 3.492532 -0.963315
v -1.215021 3.068708 -2.284564
v -1.187826 3.005610 -2.284564
v -1.577684 3.005610 -2.284564
v -1.550489 3.068708 -2.284564
v -1.159738 4.098697 -2.284564
v -1.132493 4.161796 -2.284564
v -0.784437 4.161796 -2.284564
v -0.857603 4.098697 -2.284564
v -1.550489 4.098697 -2.284564
v -1.577684 4.161796 -2.284564
v -1.187826 4.161796 -2.284564
v -1.215021 4.098697 -2.284564
v -1.907907 3.068708 -2.284564
v -1.981073 3.005610 -2.284564
v -1.981073 4.161796 -2.284564
v -1.907907 4.098697 -2.284564
v -0.784437 3.005610 -2.284564
v -0.857603 3.068708 -2.284564
v -1.550489 3.068708 -2.270082
v -1.550489 4.098697 -2.270082
v -1.215021 4.098697 -2.270082
v -1.215021 3.068708 -2.270082
v -1.633017 4.161796 -2.284564
v -1.605772 4.098697 -2.284564
v -1.907907 3.068708 -2.270082
v -1.605772 3.068708 -2.270082
v -1.605772 3.068708 -2.284564
v -1.633017 3.005610 -2.284564
v -1.159738 3.068708 -2.284564
v -1.132493 3.005610 -2.284564
v -1.907907 4.098697 -2.270082
v -1.605772 4.098697 -2.270082
v -1.159738 3.068708 -2.270082
v -1.159738 4.098697 -2.270082
v -0.857603 4.098697 -2.270082
v -0.857603 3.068708 -2.270082
v -1.946266 3.494514 -2.309082
v -1.946266 3.494514 -2.281238
v -1.946266 3.718426 -2.281237
v -1.946266 3.718426 -2.309081
v -1.957920 3.492532 -2.317039
v -1.884754 3.504968 -2.309082
v -1.884754 3.504968 -2.317039
v -1.884754 3.707970 -2.309081
v -1.884754 3.707970 -2.317038
v -1.957920 3.720407 -2.317038
v -1.957920 3.720407 -2.281237
v -1.957920 3.492532 -2.281238
v -1.980292 3.467927 0.661613
v -2.376612 3.421959 0.661613
v -2.376612 4.260423 0.661613
v -1.980292 4.260423 0.661613
v -0.789052 4.260423 0.661613
v -0.676198 4.260423 2.355340
v -2.088373 4.260423 2.355340
v -2.376612 4.260423 2.355340
v -2.376612 3.421958 2.355340
v -2.088373 3.421958 2.355340
v -2.547852 2.920818 2.355340
v -2.547852 2.920818 0.661612
v -2.547852 4.260423 0.661613
v -2.547852 4.260423 2.355340
v -2.547852 3.421958 2.355340
v -2.547852 3.421959 0.661613
v -2.547852 3.005609 0.940163
v -2.547852 3.005609 2.136800
v -2.456917 3.005609 2.136800
v -2.456917 3.005609 0.940163
v -2.547852 4.161795 0.940164
v -2.547852 4.161795 2.136800
v -2.547852 3.421959 0.940164
v -2.547852 3.421959 2.136800
v -2.456917 4.161795 2.136800
v -2.456917 3.421959 2.136800
v -2.456917 4.161795 0.940164
v -2.456917 3.421959 0.940164
v -0.784888 3.421958 2.355340
v -0.784887 4.161795 2.355340
v -0.784887 4.161795 2.265434
v -0.784888 3.421958 2.265434
v -0.784887 3.005609 2.355340
v -1.979684 3.005609 2.355340
v -1.979684 4.161795 2.355340
v -1.979684 3.421958 2.355340
v -0.676198 3.467927 2.355340
v -1.979684 4.161795 2.265434
v -1.979684 3.005609 2.265434
v -1.979684 3.421958 2.265434
v -0.784887 3.005609 2.265434
v -2.763847 3.421958 2.593945
v -2.763847 2.984821 2.593945
v -0.776328 2.984821 2.593945
v -0.777119 3.421958 2.593945
v -2.882832 3.563092 2.739192
v -2.882832 3.563092 0.549652
v -2.763847 3.563092 0.662561
v -2.763847 3.563092 2.593945
v -2.763847 2.984821 0.662560
v -1.967230 2.984821 0.662560
v -1.967230 3.467927 0.581778
v -1.967230 3.467927 0.662561
v -1.967230 3.563092 0.662561
v -1.967230 3.563092 0.549652
v -1.967230 2.915102 0.581777
v -1.967230 2.915102 0.662560
v -2.847477 2.915102 0.581777
v -2.847477 3.467927 0.581778
v -0.680623 2.915102 2.696373
v -0.681489 2.915102 2.327947
v -0.680623 2.915102 0.662560
v -2.847477 2.915102 2.696373
v -0.777481 3.563092 2.593945
v -0.641844 3.563092 2.739192
v -0.680623 2.984821 0.662560
v -0.641844 3.563092 2.326957
v -0.681618 3.467927 2.326957
v -0.681592 3.467927 2.696373
v -0.776329 2.984821 0.662560
v -0.777481 3.563092 2.325501
v -0.777180 3.421959 1.890697
v -2.763847 3.421959 0.662561
v -2.847477 3.467927 2.696373
v -2.882832 3.467927 0.549652
v -2.882832 3.467927 2.739192
v -1.967230 3.421959 0.662561
v -0.641657 3.467927 2.739192
v -1.967230 3.467927 0.549652
v -0.641683 3.467927 2.326957
v -2.456917 3.068708 1.706216
v -2.456917 3.068708 1.370749
v -2.456917 3.005609 1.343552
v -2.456917 3.005609 1.733410
v -2.456917 4.098696 1.761499
v -2.456917 4.098696 2.063634
v -2.456917 4.161795 2.136800
v -2.456917 4.161795 1.788744
v -2.456917 4.098696 1.370749
v -2.456917 4.098696 1.706216
v -2.456917 4.161795 1.733411
v -2.456917 4.161795 1.343553
v -2.456917 3.068708 1.013330
v -2.456917 4.098696 1.013330
v -2.456917 4.161795 0.940164
v -2.456917 3.005609 0.940163
v -2.456917 3.068708 2.063633
v -2.456917 3.005609 2.136800
v -2.442434 3.068708 1.370749
v -2.442434 3.068708 1.706216
v -2.442434 4.098696 1.706216
v -2.442434 4.098696 1.370749
v -2.456917 4.098696 1.315466
v -2.456917 4.161795 1.288220
v -2.456917 3.068708 1.315465
v -2.442434 3.068708 1.315465
v -2.442434 3.068708 1.013330
v -2.456917 3.005609 1.288219
v -2.456917 3.005609 1.788743
v -2.456917 3.068708 1.761498
v -2.442434 4.098696 1.315466
v -2.442434 4.098696 1.013330
v -2.442434 3.068708 1.761498
v -2.442434 3.068708 2.063633
v -2.442434 4.098696 2.063634
v -2.442434 4.098696 1.761499
v -2.481433 3.494513 0.974971
v -2.481433 3.718425 0.974971
v -2.453589 3.718425 0.974971
v -2.453589 3.494513 0.974971
v -2.489390 3.492532 0.963317
v -2.489390 3.504968 1.036483
v -2.481433 3.504968 1.036483
v -2.489390 3.707970 1.036483
v -2.481433 3.707970 1.036483
v -2.489390 3.720406 0.963317
v -2.453589 3.492532 0.963317
v -2.453589 3.720406 0.963317
v -1.215021 3.068707 2.284565
v -1.550488 3.068707 2.284565
v -1.577684 3.005609 2.284565
v -1.187826 3.005609 2.284565
v -1.159738 4.098696 2.284566
v -0.857603 4.098696 2.284566
v -0.784436 4.161795 2.284566
v -1.132493 4.161795 2.284566
v -1.550488 4.098696 2.284566
v -1.215021 4.098696 2.284566
v -1.187826 4.161795 2.284566
v -1.577684 4.161795 2.284566
v -1.907907 3.068707 2.284565
v -1.907907 4.098696 2.284566
v -1.981073 4.161795 2.284566
v -1.981073 3.005609 2.284565
v -0.857603 3.068707 2.284565
v -0.784436 3.005609 2.284565
v -1.550488 3.068707 2.270083
v -1.215021 3.068707 2.270083
v -1.215021 4.098696 2.270084
v -1.550488 4.098696 2.270084
v -1.605771 4.098696 2.284566
v -1.633017 4.161795 2.284566
v -1.605771 3.068707 2.284565
v -1.605771 3.068707 2.270083
v -1.907907 3.068707 2.270083
v -1.633017 3.005609 2.284565
v -1.132493 3.005609 2.284565
v -1.159738 3.068707 2.284565
v -1.605771 4.098696 2.270084
v -1.907907 4.098696 2.270084
v -1.159738 3.068707 2.270083
v -0.857603 3.068707 2.270083
v -0.857603 4.098696 2.270084
v -1.159738 4.098696 2.270084
v -1.946265 3.494513 2.309083
v -1.946265 3.718425 2.309083
v -1.946265 3.718425 2.281239
v -1.946265 3.494513 2.281239
v -1.957920 3.492532 2.317039
v -1.884754 3.504967 2.317039
v -1.884754 3.504967 2.309083
v -1.884754 3.707969 2.317040
v -1.884754 3.707969 2.309083
v -1.957920 3.720406 2.317040
v -1.957920 3.492532 2.281239
v -1.957920 3.720406 2.281239
v 1.949884 4.767279 -0.661611
v 2.346204 4.767279 -0.661611
v 2.346204 5.605742 -0.661611
v 1.949884 5.605742 -0.661611
v 1.949884 5.414669 -0.267679
v 1.949884 5.414669 0.000001
v 1.872777 5.414669 0.000001
v 1.872777 5.414669 -0.267679
v -2.075057 5.605742 0.555456
v -2.075057 6.180082 0.555456
v -2.075057 6.180082 0.000001
v -2.075057 5.605742 0.000001
v 2.057966 5.605742 -2.355338
v 0.645790 5.605742 -2.355338
v 2.639580 5.605742 -2.468923
v -2.376612 5.605742 -2.355338
v -2.547852 5.605742 -2.355338
v -2.669987 5.605742 -2.468923
v 2.517444 4.767280 -2.355338
v 2.057966 4.767280 -2.355338
v 2.517444 5.605742 -2.355338
v 2.517444 4.266139 -2.355338
v 2.517444 4.266138 -0.661611
v 2.517444 4.767279 -0.661611
v 2.517444 4.350929 -0.940161
v 2.517444 4.350929 -2.136798
v 2.426509 4.350929 -2.136798
v 2.426509 4.350929 -0.940161
v 2.517444 5.507115 -0.940161
v 2.517444 5.507115 -2.136798
v 2.517444 5.605742 -0.661611
v 2.517444 4.767279 -0.940161
v 2.517444 4.767280 -2.136798
v 2.426509 5.507115 -2.136798
v 2.426509 4.767280 -2.136798
v 2.426509 5.507115 -0.940161
v 2.426509 4.767279 -0.940161
v 1.949884 5.781612 0.000001
v 1.949884 5.781612 0.661613
v 1.949884 6.180082 0.661613
v 1.949884 6.180082 0.000001
v -0.015204 5.605742 -2.468923
v -2.669987 6.180082 -2.468923
v -0.015204 6.180082 -2.468923
v 0.754480 4.767280 -2.355338
v 0.754480 5.507115 -2.355338
v 0.754480 5.507115 -2.265432
v 0.754480 4.767280 -2.265432
v 0.754480 4.350929 -2.355338
v 1.949276 4.350929 -2.355338
v 1.949276 5.507115 -2.355338
v 1.949276 4.767280 -2.355338
v 0.645790 4.813248 -2.355338
v 1.949276 5.507115 -2.265432
v 1.949276 4.350929 -2.265432
v 1.949276 4.767280 -2.265432
v 0.754480 4.350929 -2.265432
v 1.949884 4.767279 0.000001
v 2.733439 4.767280 -2.593943
v 2.733439 4.330142 -2.593943
v 0.745921 4.330142 -2.593943
v 0.746711 4.767280 -2.593943
v 2.852424 4.908412 -2.739191
v 2.852424 4.908412 -0.549649
v 2.733439 4.908412 -0.662559
v 2.733439 4.908412 -2.593943
v 2.733439 4.330141 -0.662559
v 1.936822 4.330141 -0.662559
v 1.936822 4.813247 -0.581776
v 1.936822 4.813247 -0.662559
v 1.936822 4.908412 -0.662559
v 1.936822 4.908412 -0.549649
v 1.936822 4.260423 -0.581776
v 1.936822 4.260423 -0.662559
v 2.817069 4.260423 -0.581776
v 2.817069 4.813247 -0.581776
v 0.650215 4.260424 -2.696371
v 0.651082 4.260424 -2.327946
v 0.650215 4.260423 -0.662559
v 2.817069 4.260424 -2.696372
v 0.747073 4.908412 -2.593943
v 0.611437 4.908412 -2.739190
v 0.650215 4.330141 -0.662559
v 0.611437 4.908412 -2.326956
v 0.651210 4.813248 -2.326956
v 0.651185 4.813248 -2.696371
v 0.745921 4.330141 -0.662559
v 0.747073 4.908412 -2.325500
v 0.746772 4.767280 -1.890695
v 2.733439 4.767279 -0.662559
v 2.817069 4.813248 -2.696372
v 2.852424 4.813247 -0.549649
v 2.852424 4.813248 -2.739191
v 1.936822 4.767279 -0.662559
v 0.611249 4.813248 -2.739190
v 1.936822 4.813247 -0.549649
v 0.611276 4.813248 -2.326956
v 2.426509 4.414030 -1.706214
v 2.426509 4.414029 -1.370746
v 2.426509 4.350929 -1.343551
v 2.426509 4.350929 -1.733409
v 2.426509 5.444016 -1.761496
v 2.426509 5.444016 -2.063632
v 2.426509 5.507115 -2.136798
v 2.426509 5.507115 -1.788742
v 2.426509 5.444016 -1.370746
v 2.426509 5.444016 -1.706214
v 2.426509 5.507115 -1.733409
v 2.426509 5.507115 -1.343551
v 2.426509 4.414029 -1.013328
v 2.426509 5.444016 -1.013328
v 2.426509 5.507115 -0.940161
v 2.426509 4.350929 -0.940161
v 2.426509 4.414030 -2.063632
v 2.426509 4.350929 -2.136798
v 2.412026 4.414029 -1.370746
v 2.412026 4.414030 -1.706214
v 2.412026 5.444016 -1.706214
v 2.412026 5.444016 -1.370746
v 2.426509 5.444016 -1.315463
v 2.426509 5.507115 -1.288218
v 2.426509 4.414029 -1.315463
v 2.412026 4.414029 -1.315463
v 2.412026 4.414029 -1.013328
v 2.426509 4.350929 -1.288218
v 2.426509 4.350929 -1.788742
v 2.426509 4.414030 -1.761496
v 2.412026 5.444016 -1.315463
v 2.412026 5.444016 -1.013328
v 2.412026 4.414030 -1.761496
v 2.412026 4.414030 -2.063632
v 2.412026 5.444016 -2.063632
v 2.412026 5.444016 -1.761496
v 2.451025 4.839833 -0.974969
v 2.451025 5.063745 -0.974969
v 2.423181 5.063745 -0.974969
v 2.423181 4.839833 -0.974969
v 2.458982 4.837852 -0.963315
v 2.458982 4.850288 -1.036481
v 2.451025 4.850288 -1.036481
v 2.458982 5.053290 -1.036481
v 2.451025 5.053290 -1.036481
v 2.458982 5.065726 -0.963315
v 2.423181 4.837852 -0.963315
v 2.423181 5.065726 -0.963315
v 1.184614 4.414030 -2.284564
v 1.520081 4.414030 -2.284564
v 1.547276 4.350929 -2.284564
v 1.157418 4.350929 -2.284564
v 1.129331 5.444016 -2.284564
v 0.827195 5.444016 -2.284564
v 0.754028 5.507115 -2.284564
v 1.102085 5.507115 -2.284564
v 1.520081 5.444016 -2.284564
v 1.184614 5.444016 -2.284564
v 1.157418 5.507115 -2.284564
v 1.547276 5.507115 -2.284564
v 1.877499 4.414030 -2.284564
v 1.877499 5.444016 -2.284564
v 1.950666 5.507115 -2.284564
v 1.950666 4.350929 -2.284564
v 0.827195 4.414030 -2.284564
v 0.754028 4.350929 -2.284564
v 1.520081 4.414030 -2.270082
v 1.184614 4.414030 -2.270082
v 1.184614 5.444016 -2.270082
v 1.520081 5.444016 -2.270082
v 1.575364 5.444016 -2.284564
v 1.602609 5.507115 -2.284564
v 1.575364 4.414030 -2.284564
v 1.575364 4.414030 -2.270082
v 1.877499 4.414030 -2.270082
v 1.602609 4.350929 -2.284564
v 1.102085 4.350929 -2.284564
v 1.129331 4.414030 -2.284564
v 1.575364 5.444016 -2.270082
v 1.877499 5.444016 -2.270082
v 1.129331 4.414030 -2.270082
v 0.827195 4.414030 -2.270082
v 0.827195 5.444016 -2.270082
v 1.129331 5.444016 -2.270082
v 1.915858 4.839833 -2.309081
v 1.915858 5.063745 -2.309081
v 1.915858 5.063745 -2.281237
v 1.915858 4.839833 -2.281237
v 1.927512 4.837852 -2.317038
v 1.854346 4.850288 -2.317038
v 1.854346 4.850288 -2.309081
v 1.854346 5.053290 -2.317038
v 1.854346 5.053290 -2.309081
v 1.927512 5.065726 -2.317038
v 1.927512 4.837852 -2.281237
v 1.927512 5.065726 -2.281237
v -0.015204 4.813248 -2.355338
v -0.015204 5.605742 -2.355338
v 1.949884 4.767279 0.661613
v 1.949884 5.605742 0.661613
v 2.346204 5.605742 0.661613
v 2.346204 4.767279 0.661613
v 1.949884 2.267713 0.267680
v 1.949884 2.267713 0.000000
v 1.872777 2.267713 0.000000
v 1.872777 2.267713 0.267680
v 2.057966 5.605742 2.355340
v 2.517444 5.605742 2.355340
v 2.639580 5.605742 2.468925
v -2.088373 5.605742 -2.355338
v 2.044649 5.605742 0.555455
v 2.639580 5.605742 0.555455
v 2.517444 4.767279 2.355340
v 2.057966 4.767279 2.355340
v 2.517444 4.266138 0.661613
v 2.517444 4.266138 2.355340
v -0.015204 5.605742 2.355340
v 0.645790 5.605742 2.355340
v -0.015204 5.605742 2.468925
v 2.517444 4.767279 0.661613
v 2.517444 4.350929 0.940163
v 2.426509 4.350929 0.940163
v 2.426509 4.350928 2.136800
v 2.517444 4.350928 2.136800
v 2.517444 5.507115 0.940163
v 2.517444 5.605742 0.661613
v 2.517444 5.507114 2.136800
v 2.517444 4.767279 0.940163
v 2.517444 4.767279 2.136800
v 2.426509 4.767279 2.136800
v 2.426509 5.507114 2.136800
v 2.426509 5.507115 0.940163
v 2.426509 4.767279 0.940163
v -2.376612 5.605742 -0.661611
v -1.980292 5.605742 -0.661611
v -2.075057 5.605742 -0.555453
v -2.490489 5.605742 -0.555453
v -0.676198 5.605742 -2.355338
v 0.754480 4.767279 2.355340
v 0.754480 4.767279 2.265434
v 0.754480 5.507114 2.265434
v 0.754480 5.507114 2.355340
v 0.754480 4.350928 2.355340
v 1.949276 4.350928 2.355340
v 1.949276 5.507114 2.355340
v 1.949276 4.767279 2.355340
v 0.645790 4.813247 2.355340
v 1.949276 5.507114 2.265434
v 1.949276 4.767279 2.265434
v 1.949276 4.350928 2.265434
v 0.754480 4.350928 2.265434
v 2.733439 4.767279 2.593945
v 0.746711 4.767279 2.593945
v 0.745921 4.330141 2.593945
v 2.733439 4.330141 2.593945
v 2.852424 4.908412 2.739192
v 2.733439 4.908412 2.593945
v 2.733439 4.908412 0.662561
v 2.852424 4.908412 0.549651
v 1.936822 4.330141 0.662561
v 2.733439 4.330141 0.662561
v 1.936822 4.813247 0.581778
v 1.936822 4.908412 0.549651
v 1.936822 4.908412 0.662561
v 1.936822 4.813247 0.662561
v 1.936822 4.260423 0.581778
v 1.936822 4.260423 0.662561
v 2.817069 4.260423 0.581778
v 2.817069 4.813247 0.581778
v 0.650215 4.260423 0.662561
v 0.651082 4.260423 2.327948
v 0.650215 4.260423 2.696373
v 2.817069 4.260423 2.696373
v 0.611437 4.908412 2.739192
v 0.747074 4.908412 2.593945
v 0.650215 4.330141 0.662561
v 0.611437 4.908412 2.326958
v 0.651211 4.813247 2.326958
v 0.651185 4.813247 2.696373
v 0.745921 4.330141 0.662561
v 0.747074 4.908412 2.325502
v 0.746772 4.767279 1.890697
v 2.733439 4.767279 0.662561
v 2.817069 4.813247 2.696373
v 2.852424 4.813247 2.739192
v 2.852424 4.813247 0.549651
v 1.936822 4.767279 0.662561
v 0.611249 4.813247 2.739192
v 1.936822 4.813247 0.549651
v 0.611276 4.813247 2.326958
v 2.426509 4.414029 1.706216
v 2.426509 4.350928 1.733411
v 2.426509 4.350929 1.343553
v 2.426509 4.414029 1.370748
v 2.426509 5.444016 1.761498
v 2.426509 5.507114 1.788744
v 2.426509 5.507114 2.136800
v 2.426509 5.444016 2.063634
v 2.426509 5.444016 1.370748
v 2.426509 5.507115 1.343553
v 2.426509 5.507114 1.733411
v 2.426509 5.444016 1.706216
v 2.426509 4.414029 1.013330
v 2.426509 4.350929 0.940163
v 2.426509 5.507115 0.940163
v 2.426509 5.444016 1.013330
v 2.426509 4.350928 2.136800
v 2.426509 4.414029 2.063634
v 2.412026 4.414029 1.370748
v 2.412026 5.444016 1.370748
v 2.412026 5.444016 1.706216
v 2.412026 4.414029 1.706216
v 2.426509 5.507115 1.288220
v 2.426509 5.444016 1.315465
v 2.412026 4.414029 1.013330
v 2.412026 4.414029 1.315465
v 2.426509 4.414029 1.315465
v 2.426509 4.350929 1.288220
v 2.426509 4.414029 1.761498
v 2.426509 4.350928 1.788744
v 2.412026 5.444016 1.013330
v 2.412026 5.444016 1.315465
v 2.412026 4.414029 1.761498
v 2.412026 5.444016 1.761498
v 2.412026 5.444016 2.063634
v 2.412026 4.414029 2.063634
v 2.451025 4.839833 0.974971
v 2.423181 4.839833 0.974971
v 2.423181 5.063745 0.974971
v 2.451025 5.063745 0.974971
v 2.458982 4.837852 0.963317
v 2.451025 4.850288 1.036483
v 2.458982 4.850288 1.036483
v 2.451025 5.053290 1.036483
v 2.458982 5.053290 1.036483
v 2.458982 5.065726 0.963317
v 2.423181 5.065726 0.963317
v 2.423181 4.837852 0.963317
v 1.184614 4.414029 2.284566
v 1.157418 4.350928 2.284566
v 1.547276 4.350928 2.284566
v 1.520081 4.414029 2.284566
v 1.129331 5.444016 2.284566
v 1.102086 5.507114 2.284566
v 0.754029 5.507114 2.284566
v 0.827195 5.444016 2.284566
v 1.520081 5.444016 2.284566
v 1.547276 5.507114 2.284566
v 1.157418 5.507114 2.284566
v 1.184614 5.444016 2.284566
v 1.877500 4.414029 2.284566
v 1.950666 4.350928 2.284566
v 1.950666 5.507114 2.284566
v 1.877500 5.444016 2.284566
v 0.754029 4.350928 2.284566
v 0.827195 4.414029 2.284566
v 1.520081 4.414029 2.270084
v 1.520081 5.444016 2.270084
v 1.184614 5.444016 2.270084
v 1.184614 4.414029 2.270084
v 1.602610 5.507114 2.284566
v 1.575364 5.444016 2.284566
v 1.877500 4.414029 2.270084
v 1.575364 4.414029 2.270084
v 1.575364 4.414029 2.284566
v 1.602610 4.350928 2.284566
v 1.129331 4.414029 2.284566
v 1.102086 4.350928 2.284566
v 1.877500 5.444016 2.270084
v 1.575364 5.444016 2.270084
v 1.129331 4.414029 2.270084
v 1.129331 5.444016 2.270084
v 0.827195 5.444016 2.270084
v 0.827195 4.414029 2.270084
v 1.915858 4.839832 2.309083
v 1.915858 4.839832 2.281239
v 1.915858 5.063745 2.281239
v 1.915858 5.063745 2.309083
v 1.927512 4.837852 2.317040
v 1.854346 4.850287 2.309083
v 1.854346 4.850287 2.317040
v 1.854346 5.053289 2.309083
v 1.854346 5.053289 2.317040
v 1.927512 5.065725 2.317040
v 1.927512 5.065725 2.281239
v 1.927512 4.837852 2.281239
v -0.015204 4.813247 2.355340
v -1.980292 4.813247 -0.661611
v -2.376612 4.767279 -0.661611
v -1.980292 4.813247 0.000001
v -1.980292 5.605742 0.000001
v -2.547852 5.781612 -2.355338
v -0.015204 5.781612 -2.355338
v -0.015204 6.180082 -2.355338
v -2.547852 6.180082 -2.355338
v -2.669987 5.605742 -0.555453
v -2.669987 6.180082 -0.555453
v -2.376612 4.767280 -2.355338
v -2.088373 4.767280 -2.355338
v -2.547852 4.266138 -0.661611
v -2.547852 4.266139 -2.355338
v -2.547852 5.781612 -0.661611
v -2.547852 6.180082 -0.661611
v -2.547852 4.767280 -2.355338
v -2.547852 4.767279 -0.661611
v -2.547852 4.350929 -0.940161
v -2.456917 4.350929 -0.940161
v -2.456917 4.350929 -2.136798
v -2.547852 4.350929 -2.136798
v -2.547852 5.507115 -0.940161
v -2.547852 5.605742 -0.661611
v -2.547852 5.507115 -2.136798
v -2.547852 4.767279 -0.940161
v -2.547852 4.767280 -2.136798
v -2.456917 4.767280 -2.136798
v -2.456917 5.507115 -2.136798
v -2.456917 5.507115 -0.940161
v -2.456917 4.767279 -0.940161
v 1.949884 5.605742 0.000001
v 2.044649 5.605742 0.000001
v -0.784888 4.767280 -2.355338
v -0.784888 4.767280 -2.265432
v -0.784888 5.507115 -2.265432
v -0.784888 5.507115 -2.355338
v -0.784888 4.350929 -2.355338
v -1.979684 4.350929 -2.355338
v -1.979684 5.507115 -2.355338
v -1.979684 4.767280 -2.355338
v -0.676198 4.813248 -2.355338
v -1.979684 5.507115 -2.265432
v -1.979684 4.767280 -2.265432
v -1.979684 4.350929 -2.265432
v -0.784888 4.350929 -2.265432
v -2.763847 4.767280 -2.593943
v -0.777119 4.767280 -2.593943
v -0.776329 4.330142 -2.593943
v -2.763847 4.330142 -2.593943
v -2.882832 4.908412 -2.739190
v -2.763847 4.908412 -2.593943
v -2.763847 4.908412 -0.662559
v -2.882832 4.908412 -0.549649
v -1.967230 4.330141 -0.662559
v -2.763847 4.330141 -0.662559
v -1.967230 4.813247 -0.581775
v -1.967230 4.908412 -0.549649
v -1.967230 4.908412 -0.662559
v -1.967230 4.813247 -0.662559
v -1.967230 4.260423 -0.581775
v -1.967230 4.260423 -0.662559
v -2.847477 4.260423 -0.581775
v -2.847477 4.813247 -0.581775
v -0.680623 4.260423 -0.662559
v -0.681490 4.260424 -2.327946
v -0.680623 4.260424 -2.696371
v -2.847477 4.260424 -2.696371
v -0.641845 4.908412 -2.739190
v -0.777481 4.908412 -2.593943
v -0.680623 4.330141 -0.662559
v -0.641845 4.908412 -2.326956
v -0.681618 4.813248 -2.326956
v -0.681593 4.813248 -2.696371
v -0.776329 4.330141 -0.662559
v -0.777481 4.908412 -2.325500
v -0.777180 4.767280 -1.890695
v -2.763847 4.767279 -0.662559
v -2.847477 4.813248 -2.696371
v -2.882832 4.813248 -2.739190
v -2.882832 4.813247 -0.549649
v -1.967230 4.767279 -0.662559
v -0.641657 4.813248 -2.739190
v -1.967230 4.813247 -0.549649
v -0.641684 4.813248 -2.326956
v -2.456917 4.414030 -1.706213
v -2.456917 4.350929 -1.733409
v -2.456917 4.350929 -1.343551
v -2.456917 4.414029 -1.370746
v -2.456917 5.444016 -1.761496
v -2.456917 5.507115 -1.788742
v -2.456917 5.507115 -2.136798
v -2.456917 5.444016 -2.063632
v -2.456917 5.444016 -1.370746
v -2.456917 5.507115 -1.343551
v -2.456917 5.507115 -1.733409
v -2.456917 5.444016 -1.706213
v -2.456917 4.414029 -1.013328
v -2.456917 4.350929 -0.940161
v -2.456917 5.507115 -0.940161
v -2.456917 5.444016 -1.013328
v -2.456917 4.350929 -2.136798
v -2.456917 4.414030 -2.063632
v -2.442434 4.414029 -1.370746
v -2.442434 5.444016 -1.370746
v -2.442434 5.444016 -1.706213
v -2.442434 4.414030 -1.706213
v -2.456917 5.507115 -1.288217
v -2.456917 5.444016 -1.315463
v -2.442434 4.414029 -1.013328
v -2.442434 4.414029 -1.315463
v -2.456917 4.414029 -1.315463
v -2.456917 4.350929 -1.288217
v -2.456917 4.414030 -1.761496
v -2.456917 4.350929 -1.788742
v -2.442434 5.444016 -1.013328
v -2.442434 5.444016 -1.315463
v -2.442434 4.414030 -1.761496
v -2.442434 5.444016 -1.761496
v -2.442434 5.444016 -2.063632
v -2.442434 4.414030 -2.063632
v -2.481433 4.839833 -0.974969
v -2.453589 4.839833 -0.974969
v -2.453589 5.063745 -0.974969
v -2.481433 5.063745 -0.974969
v -2.489390 4.837852 -0.963315
v -2.481433 4.850288 -1.036481
v -2.489390 4.850288 -1.036481
v -2.481433 5.053290 -1.036481
v -2.489390 5.053290 -1.036481
v -2.489390 5.065726 -0.963315
v -2.453589 5.065726 -0.963315
v -2.453589 4.837852 -0.963315
v -1.215021 4.414030 -2.284564
v -1.187826 4.350929 -2.284564
v -1.577684 4.350929 -2.284564
v -1.550489 4.414030 -2.284564
v -1.159738 5.444016 -2.284564
v -1.132493 5.507115 -2.284564
v -0.784437 5.507115 -2.284564
v -0.857603 5.444016 -2.284564
v -1.550489 5.444016 -2.284564
v -1.577684 5.507115 -2.284564
v -1.187826 5.507115 -2.284564
v -1.215021 5.444016 -2.284564
v -1.907907 4.414030 -2.284564
v -1.981073 4.350929 -2.284564
v -1.981073 5.507115 -2.284564
v -1.907907 5.444016 -2.284564
v -0.784437 4.350929 -2.284564
v -0.857603 4.414030 -2.284564
v -1.550489 4.414030 -2.270082
v -1.550489 5.444016 -2.270082
v -1.215021 5.444016 -2.270082
v -1.215021 4.414030 -2.270082
v -1.633017 5.507115 -2.284564
v -1.605772 5.444016 -2.284564
v -1.907907 4.414030 -2.270082
v -1.605772 4.414030 -2.270082
v -1.605772 4.414030 -2.284564
v -1.633017 4.350929 -2.284564
v -1.159738 4.414030 -2.284564
v -1.132493 4.350929 -2.284564
v -1.907907 5.444016 -2.270082
v -1.605772 5.444016 -2.270082
v -1.159738 4.414030 -2.270082
v -1.159738 5.444016 -2.270082
v -0.857603 5.444016 -2.270082
v -0.857603 4.414030 -2.270082
v -1.946266 4.839833 -2.309081
v -1.946266 4.839833 -2.281237
v -1.946266 5.063745 -2.281237
v -1.946266 5.063745 -2.309081
v -1.957920 4.837852 -2.317038
v -1.884754 4.850288 -2.309081
v -1.884754 4.850288 -2.317038
v -1.884754 5.053290 -2.309081
v -1.884754 5.053290 -2.317038
v -1.957920 5.065726 -2.317038
v -1.957920 5.065726 -2.281237
v -1.957920 4.837852 -2.281237
v -1.980292 4.813247 0.661613
v -2.376612 4.767279 0.661613
v -2.376612 5.605742 0.661613
v -1.980292 5.605742 0.661613
v -2.376612 4.767279 2.355340
v -2.088373 4.767279 2.355340
v -2.088373 5.605742 2.355340
v -2.376612 5.605742 2.355340
v -2.547852 4.266138 2.355340
v -2.547852 4.266138 0.661613
v -2.547852 5.605742 0.661613
v -2.547852 5.605742 2.355340
v -2.669987 5.605742 2.468925
v -2.669987 5.605742 0.555456
v -2.547852 4.767279 2.355340
v -2.547852 4.767279 0.661613
v -2.547852 4.350929 0.940164
v -2.547852 4.350928 2.136800
v -2.456917 4.350928 2.136800
v -2.456917 4.350929 0.940164
v -2.547852 5.507115 0.940164
v -2.547852 5.507114 2.136800
v -2.547852 4.767279 0.940164
v -2.547852 4.767279 2.136800
v -2.456917 5.507114 2.136800
v -2.456917 4.767279 2.136800
v -2.456917 5.507115 0.940164
v -2.456917 4.767279 0.940164
v -0.784888 4.767279 2.355340
v -0.784887 5.507114 2.355340
v -0.784887 5.507114 2.265434
v -0.784888 4.767279 2.265434
v -0.784887 4.350928 2.355340
v -1.979684 4.350928 2.355340
v -1.979684 5.507114 2.355340
v -0.676198 5.605742 2.355340
v -1.979684 4.767279 2.355340
v -0.676198 4.813247 2.355340
v -1.979684 5.507114 2.265434
v -1.979684 4.350928 2.265434
v -1.979684 4.767279 2.265434
v -0.784887 4.350928 2.265434
v -2.763847 4.767279 2.593945
v -2.763847 4.330141 2.593945
v -0.776328 4.330141 2.593945
v -0.777119 4.767279 2.593945
v -2.882832 4.908412 2.739193
v -2.882832 4.908412 0.549652
v -2.763847 4.908412 0.662561
v -2.763847 4.908412 2.593945
v -2.763847 4.330141 0.662561
v -1.967230 4.330141 0.662561
v -1.967230 4.813247 0.581778
v -1.967230 4.813247 0.662561
v -1.967230 4.908412 0.662561
v -1.967230 4.908412 0.549652
v -1.967230 4.260423 0.581778
v -1.967230 4.260423 0.662561
v -2.847477 4.260423 0.581778
v -2.847477 4.813247 0.581778
v -0.680623 4.260423 2.696373
v -0.681489 4.260423 2.327948
v -0.680623 4.260423 0.662561
v -2.847477 4.260423 2.696374
v -0.777481 4.908412 2.593945
v -0.641844 4.908412 2.739192
v -0.680623 4.330141 0.662561
v -0.641844 4.908412 2.326958
v -0.681618 4.813247 2.326958
v -0.681592 4.813247 2.696373
v -0.776329 4.330141 0.662561
v -0.777481 4.908412 2.325502
v -0.777180 4.767279 1.890697
v -2.763847 4.767279 0.662561
v -2.847477 4.813247 2.696374
v -2.882832 4.813247 0.549652
v -2.882832 4.813247 2.739193
v -1.967230 4.767279 0.662561
v -0.641657 4.813247 2.739192
v -1.967230 4.813247 0.549652
v -0.641683 4.813247 2.326958
v -2.456917 4.414029 1.706216
v -2.456917 4.414029 1.370749
v -2.456917 4.350929 1.343553
v -2.456917 4.350928 1.733411
v -2.456917 5.444016 1.761499
v -2.456917 5.444016 2.063634
v -2.456917 5.507114 2.136800
v -2.456917 5.507114 1.788744
v -2.456917 5.444016 1.370749
v -2.456917 5.444016 1.706216
v -2.456917 5.507114 1.733411
v -2.456917 5.507115 1.343553
v -2.456917 4.414029 1.013330
v -2.456917 5.444016 1.013330
v -2.456917 5.507115 0.940164
v -2.456917 4.350929 0.940164
v -2.456917 4.414029 2.063634
v -2.456917 4.350928 2.136800
v -2.442434 4.414029 1.370749
v -2.442434 4.414029 1.706216
v -2.442434 5.444016 1.706216
v -2.442434 5.444016 1.370749
v -2.456917 5.444016 1.315466
v -2.456917 5.507115 1.288220
v -2.456917 4.414029 1.315466
v -2.442434 4.414029 1.315466
v -2.442434 4.414029 1.013330
v -2.456917 4.350929 1.288220
v -2.456917 4.350928 1.788744
v -2.456917 4.414029 1.761499
v -2.442434 5.444016 1.315466
v -2.442434 5.444016 1.013330
v -2.442434 4.414029 1.761499
v -2.442434 4.414029 2.063634
v -2.442434 5.444016 2.063634
v -2.442434 5.444016 1.761499
v -2.481433 4.839833 0.974971
v -2.481433 5.063745 0.974971
v -2.453589 5.063745 0.974971
v -2.453589 4.839833 0.974971
v -2.489390 4.837852 0.963317
v -2.489390 4.850288 1.036483
v -2.481433 4.850288 1.036483
v -2.489390 5.053290 1.036483
v -2.481433 5.053290 1.036483
v -2.489390 5.065726 0.963317
v -2.453589 4.837852 0.963317
v -2.453589 5.065726 0.963317
v -1.215021 4.414029 2.284566
v -1.550488 4.414029 2.284566
v -1.577684 4.350928 2.284566
v -1.187826 4.350928 2.284566
v -1.159738 5.444016 2.284566
v -0.857603 5.444016 2.284566
v -0.784436 5.507114 2.284566
v -1.132493 5.507114 2.284566
v -1.550488 5.444016 2.284566
v -1.215021 5.444016 2.284566
v -1.187826 5.507114 2.284566
v -1.577684 5.507114 2.284566
v -1.907907 4.414029 2.284566
v -1.907907 5.444016 2.284566
v -1.981073 5.507114 2.284566
v -1.981073 4.350928 2.284566
v -0.857603 4.414029 2.284566
v -0.784436 4.350928 2.284566
v -1.550488 4.414029 2.270084
v -1.215021 4.414029 2.270084
v -1.215021 5.444016 2.270084
v -1.550488 5.444016 2.270084
v -1.605771 5.444016 2.284566
v -1.633017 5.507114 2.284566
v -1.605771 4.414029 2.284566
v -1.605771 4.414029 2.270084
v -1.907907 4.414029 2.270084
v -1.633017 4.350928 2.284566
v -1.132493 4.350928 2.284566
v -1.159738 4.414029 2.284566
v -1.605771 5.444016 2.270084
v -1.907907 5.444016 2.270084
v -1.159738 4.414029 2.270084
v -0.857603 4.414029 2.270084
v -0.857603 5.444016 2.270084
v -1.159738 5.444016 2.270084
v -1.946265 4.839832 2.309083
v -1.946265 5.063745 2.309083
v -1.946265 5.063745 2.281239
v -1.946265 4.839832 2.281239
v -1.957920 4.837852 2.317040
v -1.884754 4.850287 2.317040
v -1.884754 4.850287 2.309083
v -1.884754 5.053289 2.317040
v -1.884754 5.053289 2.309083
v -1.957920 5.065725 2.317040
v -1.957920 4.837852 2.281239
v -1.957920 5.065725 2.281239
v 0.758645 5.781612 -1.188329
v 0.758645 5.781612 -0.635883
v 1.949884 5.781612 -0.661611
v 2.517444 5.781612 -2.355338
v 2.517444 5.781612 -0.661611
v -0.015204 5.781612 -1.188329
v 0.758645 5.781612 1.188331
v 0.758645 5.781612 0.000001
v 2.517444 5.781611 2.355340
v 2.517444 5.781612 0.661613
v -0.015204 5.781611 2.355340
v -0.015204 5.781612 1.188331
v 0.758645 6.545507 0.000001
v 0.758645 6.545507 -0.635883
v 0.758645 6.623393 -1.188329
v 0.758645 6.623393 0.000001
v -0.789053 5.781612 -1.188329
v -1.980292 5.781612 -0.661611
v -1.980292 5.781612 0.000001
v -0.789052 5.781612 0.000001
v -0.789052 5.781612 1.188331
v -1.980292 5.781612 0.661613
v -2.547852 5.781611 2.355340
v -2.547852 5.781612 0.661613
v -2.490489 5.605742 0.555456
v -2.490489 5.605742 2.468925
v 2.639580 5.605742 -0.555453
v -2.075057 6.180082 -0.555453
v 2.639580 6.180082 0.555455
v 2.639580 6.180081 2.468925
v -2.669987 6.180081 2.468925
v -2.188350 5.605742 2.468925
v 2.639580 6.180082 -0.555453
v 2.044649 6.180082 -0.555453
v 2.044649 5.605742 -0.555453
v -2.669987 6.180082 0.555456
v 2.639580 6.180082 -2.468923
v 2.044649 6.180082 0.000001
v -0.015204 6.180081 2.468925
v 2.044649 6.180082 0.555455
v -1.980292 6.180082 -0.661611
v 2.517444 6.180082 -2.355338
v 2.517444 6.180082 -0.661611
v -1.980292 6.180082 0.000001
v -2.547852 6.180081 2.355340
v -0.015204 6.180081 2.355340
v -2.547852 6.180082 0.661613
v -1.980292 6.180082 0.661613
v 2.517444 6.180082 0.661613
v 2.517444 6.180081 2.355340
v 1.949884 6.180082 -0.661611
v 1.949884 2.724028 0.000000
v 1.949884 2.724028 0.267680
v 1.949884 3.613033 0.000001
v 1.949884 3.613033 0.267681
v 1.949884 4.069348 0.267681
v 1.949884 4.958354 0.267681
v 1.949884 5.414669 0.267681
v 1.872777 2.724028 0.000000
v 1.872777 2.724028 0.267680
v 1.872777 3.613033 0.000001
v 1.872777 4.069348 0.267681
v 1.872777 3.613033 0.267681
v 1.872777 5.414669 0.267681
v 1.872777 4.958354 0.267681
v -0.789052 6.623393 1.188331
v -0.015204 6.623393 1.188331
v -0.015204 6.720593 1.188331
v -0.789052 6.720593 1.188331
v -0.015204 6.623393 -1.188329
v -0.015204 6.720593 -1.188329
v 0.758645 6.720593 -1.188329
v 0.758645 6.623393 1.188331
v 0.758645 6.720593 0.000001
v 0.758645 6.720593 1.188331
v -0.789053 6.623393 -1.188329
v -0.789052 6.623393 0.000001
v -0.789052 6.720593 0.000001
v -0.789053 6.720593 -1.188329
v 0.758645 6.126305 -0.635883
v 0.758645 6.126305 -1.188329
v -0.015204 6.126305 -1.188329
v -0.789052 6.126305 -1.188329
v -0.789052 6.126305 0.000001
v -0.015204 6.126305 1.188331
v 0.758645 6.126305 1.188331
v 0.758645 6.126305 0.000001
v -0.789052 6.126305 1.188331
v 0.566730 6.545507 -0.635883
v 0.566730 6.126305 -0.635883
v 0.566730 5.781612 -0.635883
v 0.566730 5.781612 0.000001
v 0.566730 6.545507 0.000001
v 0.566730 6.126305 0.000001
v -0.015204 6.720593 1.081549
v 0.651863 6.720593 1.081549
v 0.651863 6.720593 0.000001
v -0.015204 6.720593 0.000001
v -0.015204 6.720593 -1.081547
v -0.682271 6.720593 -1.081547
v -0.682271 6.720593 0.000001
v -0.682271 6.720593 1.081549
v 0.651863 6.720593 -1.081547
v 1.885253 2.324430 0.204594
v 1.885253 2.666386 0.204594
v 1.885253 2.729486 0.277761
v 1.885253 2.261330 0.277761
v 1.885253 2.666386 -0.197740
v 1.885253 2.324430 -0.197740
v 1.885253 2.261330 -0.270906
v 1.885253 2.729486 -0.270906
v 1.870771 2.324430 0.204594
v 1.870771 2.324430 -0.197740
v 1.870771 2.666386 -0.197740
v 1.870771 2.666386 0.204594
v 1.885253 3.670379 0.204595
v 1.885253 4.012336 0.204595
v 1.885253 4.075435 0.277762
v 1.885253 3.607280 0.277762
v 1.885253 4.012336 -0.197739
v 1.885253 3.670379 -0.197739
v 1.885253 3.607280 -0.270905
v 1.885253 4.075435 -0.270905
v 1.870771 3.670379 0.204595
v 1.870771 3.670379 -0.197739
v 1.870771 4.012336 -0.197739
v 1.870771 4.012336 0.204595
v 1.885253 5.015556 0.204595
v 1.885253 5.357512 0.204595
v 1.885253 5.420612 0.277762
v 1.885253 4.952457 0.277762
v 1.885253 5.357512 -0.197739
v 1.885253 5.015556 -0.197739
v 1.885253 4.952457 -0.270905
v 1.885253 5.420612 -0.270905
v 1.870771 5.015556 0.204595
v 1.870771 5.015556 -0.197739
v 1.870771 5.357512 -0.197739
v 1.870771 5.357512 0.204595
v 0.656159 5.812618 -0.593019
v 0.656159 6.511060 -0.593019
v 0.628426 6.511060 -0.593019
v 0.628426 5.812618 -0.593019
v 0.656159 5.812618 -0.047798
v 0.656159 6.511060 -0.047798
v 0.656159 6.552281 0.000001
v 0.656159 5.771397 0.000001
v 0.656159 5.771397 -0.640817
v 0.656159 6.552281 -0.640817
v 0.628426 6.511060 -0.047798
v 0.628426 5.812618 -0.047798
v 1.038075 1.042059 -2.542462
v 1.038075 0.355144 -2.542462
v 0.967848 0.279705 -2.542462
v 0.967848 1.117497 -2.542462
v 1.680131 0.355144 -2.542462
v 1.680131 1.042059 -2.542462
v 1.750358 1.117497 -2.542462
v 1.750358 0.279705 -2.542462
v 1.337408 0.355144 -2.542462
v 1.337408 0.279705 -2.542462
v 1.386613 1.042059 -2.542462
v 1.386613 1.117497 -2.542462
v 1.337408 0.355144 -2.517676
v 1.038075 0.355144 -2.517676
v 1.337408 1.042059 -2.542462
v 1.337408 1.042059 -2.517676
v 1.038075 1.042059 -2.517676
v 1.337408 1.117497 -2.542462
v 1.386613 0.355144 -2.542462
v 1.386613 0.279705 -2.542462
v 1.386613 0.355144 -2.517676
v 1.386613 1.042059 -2.517676
v 1.680131 1.042059 -2.517676
v 1.680131 0.355144 -2.517676
v -1.712340 1.042059 -2.542461
v -1.712340 0.355144 -2.542461
v -1.782567 0.279705 -2.542461
v -1.782567 1.117497 -2.542461
v -1.070284 0.355144 -2.542462
v -1.070284 1.042059 -2.542462
v -1.000057 1.117497 -2.542462
v -1.000057 0.279705 -2.542462
v -1.413007 0.355144 -2.542461
v -1.413007 0.279705 -2.542461
v -1.363801 1.042059 -2.542461
v -1.363801 1.117497 -2.542461
v -1.413007 0.355144 -2.517675
v -1.712340 0.355144 -2.517675
v -1.413007 1.042059 -2.542461
v -1.413007 1.042059 -2.517675
v -1.712340 1.042059 -2.517675
v -1.413007 1.117497 -2.542461
v -1.363801 0.355144 -2.542461
v -1.363801 0.279705 -2.542461
v -1.363801 0.355144 -2.517675
v -1.363801 1.042059 -2.517675
v -1.070284 1.042059 -2.517675
v -1.070284 0.355144 -2.517675
v 1.038076 1.042059 2.542461
v 0.967848 1.117497 2.542461
v 0.967848 0.279705 2.542461
v 1.038076 0.355144 2.542461
v 1.680131 0.355144 2.542461
v 1.750359 0.279705 2.542461
v 1.750359 1.117497 2.542461
v 1.680131 1.042059 2.542461
v 1.337409 0.355144 2.542461
v 1.337409 0.279705 2.542461
v 1.386614 1.117497 2.542461
v 1.386614 1.042059 2.542461
v 1.337409 0.355144 2.517674
v 1.038076 0.355144 2.517674
v 1.337409 1.042059 2.542461
v 1.038076 1.042059 2.517674
v 1.337409 1.042059 2.517674
v 1.337409 1.117497 2.542461
v 1.386614 0.355144 2.542461
v 1.386614 0.279705 2.542461
v 1.386614 0.355144 2.517675
v 1.680131 0.355144 2.517675
v 1.680131 1.042059 2.517675
v 1.386614 1.042059 2.517675
v -1.712339 1.042059 2.542461
v -1.782567 1.117497 2.542460
v -1.782567 0.279705 2.542460
v -1.712339 0.355144 2.542461
v -1.070284 0.355144 2.542460
v -1.000056 0.279705 2.542460
v -1.000056 1.117497 2.542460
v -1.070284 1.042059 2.542460
v -1.413007 0.355144 2.542461
v -1.413007 0.279705 2.542461
v -1.363801 1.117497 2.542461
v -1.363801 1.042059 2.542461
v -1.413006 0.355144 2.517674
v -1.712339 0.355144 2.517674
v -1.413006 1.042059 2.542461
v -1.712339 1.042059 2.517674
v -1.413006 1.042059 2.517674
v -1.413007 1.117497 2.542461
v -1.363801 0.355144 2.542461
v -1.363801 0.279705 2.542461
v -1.363801 0.355144 2.517674
v -1.070284 0.355144 2.517674
v -1.070284 1.042059 2.517674
v -1.363801 1.042059 2.517674
v -2.519188 1.042059 -1.172776
v -2.519188 0.355144 -1.172776
v -2.519188 0.279705 -1.102549
v -2.519188 1.117497 -1.102549
v -2.519188 0.355144 -1.814832
v -2.519188 1.042059 -1.814832
v -2.519188 1.117497 -1.885059
v -2.519188 0.279705 -1.885059
v -2.519188 0.355144 -1.472109
v -2.519188 0.279705 -1.499038
v -2.519188 1.042059 -1.521314
v -2.519188 1.117497 -1.548291
v -2.494401 0.355144 -1.472109
v -2.494401 0.355144 -1.172776
v -2.519188 1.042059 -1.472109
v -2.494401 1.042059 -1.472109
v -2.494401 1.042059 -1.172776
v -2.519188 1.117497 -1.499038
v -2.519188 0.355144 -1.521314
v -2.519188 0.279705 -1.548290
v -2.494401 0.355144 -1.521314
v -2.494401 1.042059 -1.521314
v -2.494402 1.042059 -1.814832
v -2.494402 0.355144 -1.814832
v -2.519188 1.042059 1.172776
v -2.519188 1.117497 1.102548
v -2.519188 0.279705 1.102548
v -2.519188 0.355144 1.172776
v -2.519188 0.355144 1.814831
v -2.519188 0.279705 1.885059
v -2.519188 1.117497 1.885059
v -2.519188 1.042059 1.814831
v -2.519188 0.355144 1.472108
v -2.519188 0.279705 1.499037
v -2.519188 1.117497 1.548290
v -2.519188 1.042059 1.521314
v -2.494401 0.355144 1.472108
v -2.494401 0.355144 1.172776
v -2.519188 1.042059 1.472108
v -2.494401 1.042059 1.172776
v -2.494401 1.042059 1.472108
v -2.519188 1.117497 1.499037
v -2.519188 0.355144 1.521314
v -2.519188 0.279705 1.548290
v -2.494401 0.355144 1.521314
v -2.494402 0.355144 1.814831
v -2.494402 1.042059 1.814831
v -2.494401 1.042059 1.521314
vt 0.030732 0.530760
vt 0.030732 0.530760
vt 0.030732 0.530760
vt 0.030732 0.530760
vt 0.094209 0.530760
vt 0.094209 0.530760
vt 0.094209 0.530760
vt 0.094209 0.530760
vt 0.094209 0.530760
vt 0.094209 0.530760
vt 0.094209 0.530760
vt 0.094209 0.530760
vt 0.094209 0.530760
vt 0.094209 0.530760
vt 0.030732 0.530760
vt 0.030733 0.530760
vt 0.030733 0.530760
vt 0.030732 0.530760
vt 0.030732 0.530760
vt 0.030733 0.530760
vt 0.030733 0.530760
vt 0.030732 0.530760
vt 0.093179 0.530506
vt 0.093179 0.530506
vt 0.093179 0.530506
vt 0.093179 0.530506
vt 0.030732 0.530760
vt 0.030733 0.530760
vt 0.030732 0.530760
vt 0.030732 0.530760
vt 0.030732 0.530760
vt 0.093179 0.530506
vt 0.093179 0.530506
vt 0.093179 0.530506
vt 0.093179 0.530506
vt 0.030732 0.530760
vt 0.030732 0.530760
vt 0.093179 0.530506
vt 0.093179 0.530506
vt 0.093179 0.530506
vt 0.093179 0.530506
vt 0.093179 0.530506
vt 0.093179 0.530506
vt 0.093179 0.530506
vt 0.093179 0.530506
vt 0.093179 0.530506
vt 0.093179 0.530506
vt 0.093179 0.530506
vt 0.093179 0.530506
vt 0.030732 0.530760
vt 0.030732 0.530760
vt 0.030732 0.530760
vt 0.030732 0.530760
vt 0.030732 0.530760
vt 0.030732 0.530760
vt 0.030732 0.530760
vt 0.030732 0.530760
vt 0.030732 0.530760
vt 0.093179 0.530506
vt 0.030732 0.530760
vt 0.030732 0.530760
vt 0.030732 0.530760
vt 0.030732 0.530760
vt 0.030732 0.530760
vt 0.030732 0.530760
vt 0.030732 0.530760
vt 0.030732 0.530760
vt 0.030732 0.530760
vt 0.030732 0.530760
vt 0.030732 0.530760
vt 0.093179 0.530506
vt 0.093179 0.530506
vt 0.030732 0.530760
vt 0.030732 0.530760
vt 0.093179 0.530506
vt 0.030732 0.530760
vt 0.030733 0.530760
vt 0.030733 0.530760
vt 0.030732 0.530760
vt 0.030732 0.530760
vt 0.030732 0.530760
vt 0.030732 0.530760
vt 0.093179 0.530506
vt 0.093179 0.530506
vt 0.093179 0.530506
vt 0.093179 0.530506
vt 0.030732 0.530760
vt 0.030732 0.530760
vt 0.030732 0.530760
vt 0.094209 0.530760
vt 0.094209 0.530760
vt 0.094209 0.530760
vt 0.094209 0.530760
vt 0.094209 0.530760
vt 0.030733 0.530760
vt 0.030732 0.530760
vt 0.093179 0.530506
vt 0.093179 0.530506
vt 0.093179 0.530506
vt 0.093179 0.530506
vt 0.030732 0.530760
vt 0.218788 0.530432
vt 0.218788 0.530432
vt 0.218788 0.530432
vt 0.218788 0.530432
vt 0.030732 0.530760
vt 0.030733 0.530760
vt 0.030733 0.530760
vt 0.030732 0.530760
vt 0.030732 0.530760
vt 0.030732 0.530760
vt 0.093179 0.530506
vt 0.093179 0.530506
vt 0.093179 0.530506
vt 0.030733 0.530760
vt 0.030732 0.530760
vt 0.093179 0.530506
vt 0.093179 0.530506
vt 0.218788 0.530432
vt 0.218788 0.530432
vt 0.030732 0.530760
vt 0.030732 0.530760
vt 0.093179 0.530506
vt 0.093179 0.530506
vt 0.093179 0.530506
vt 0.093179 0.530506
vt 0.093179 0.530506
vt 0.093179 0.530506
vt 0.030732 0.530760
vt 0.094209 0.530760
vt 0.094209 0.530760
vt 0.094209 0.530760
vt 0.094209 0.530760
vt 0.094209 0.530760
vt 0.094209 0.530760
vt 0.094209 0.530760
vt 0.030732 0.530760
vt 0.030733 0.530760
vt 0.030733 0.530760
vt 0.030732 0.530760
vt 0.030732 0.530760
vt 0.030732 0.530760
vt 0.030732 0.530760
vt 0.093179 0.530506
vt 0.093179 0.530506
vt 0.093179 0.530506
vt 0.030732 0.530760
vt 0.030732 0.530760
vt 0.094209 0.530760
vt 0.094209 0.530760
vt 0.030732 0.530760
vt 0.030732 0.530760
vt 0.093179 0.530506
vt 0.093179 0.530506
vt 0.093179 0.530506
vt 0.093179 0.530506
vt 0.093179 0.530506
vt 0.093179 0.530506
vt 0.030732 0.530760
vt 0.093179 0.530506
vt 0.030732 0.530760
vt 0.030732 0.530760
vt 0.030732 0.530760
vt 0.030732 0.530760
vt 0.093179 0.530506
vt 0.030732 0.530760
vt 0.093179 0.530506
vt 0.093179 0.530506
vt 0.093179 0.530506
vt 0.030732 0.530760
vt 0.030732 0.530760
vt 0.030732 0.530760
vt 0.093179 0.530506
vt 0.093179 0.530506
vt 0.093179 0.530506
vt 0.093179 0.530506
vt 0.093179 0.530506
vt 0.030732 0.530760
vt 0.030732 0.530760
vt 0.093179 0.530506
vt 0.093179 0.530506
vt 0.218788 0.530432
vt 0.218788 0.530432
vt 0.218788 0.530432
vt 0.218788 0.530432
vt 0.218788 0.530432
vt 0.218788 0.530432
vt 0.218788 0.530432
vt 0.030732 0.530760
vt 0.030732 0.530760
vt 0.030732 0.530760
vt 0.030732 0.530760
vt 0.030732 0.530760
vt 0.094209 0.530760
vt 0.094209 0.530760
vt 0.094209 0.530760
vt 0.094209 0.530760
vt 0.094209 0.530760
vt 0.094209 0.530760
vt 0.094209 0.530760
vt 0.094209 0.530760
vt 0.094209 0.530760
vt 0.094209 0.530760
vt 0.030732 0.530760
vt 0.030733 0.530760
vt 0.030732 0.530760
vt 0.030732 0.530760
vt 0.030733 0.530760
vt 0.030733 0.530760
vt 0.093179 0.530506
vt 0.093179 0.530506
vt 0.093179 0.530506
vt 0.093179 0.530506
vt 0.030732 0.530760
vt 0.030733 0.530760
vt 0.030732 0.530760
vt 0.030732 0.530760
vt 0.030732 0.530760
vt 0.093179 0.530506
vt 0.093179 0.530506
vt 0.093179 0.530506
vt 0.093179 0.530506
vt 0.030732 0.530760
vt 0.093179 0.530506
vt 0.093179 0.530506
vt 0.093179 0.530506
vt 0.093179 0.530506
vt 0.093179 0.530506
vt 0.093179 0.530506
vt 0.093179 0.530506
vt 0.093179 0.530506
vt 0.093179 0.530506
vt 0.093179 0.530506
vt 0.093179 0.530506
vt 0.093179 0.530506
vt 0.030732 0.530760
vt 0.030732 0.530760
vt 0.030732 0.530760
vt 0.030732 0.530760
vt 0.030732 0.530760
vt 0.030732 0.530760
vt 0.030732 0.530760
vt 0.030732 0.530760
vt 0.030732 0.530760
vt 0.093179 0.530506
vt 0.030732 0.530760
vt 0.030732 0.530760
vt 0.030732 0.530760
vt 0.030732 0.530760
vt 0.030732 0.530760
vt 0.030732 0.530760
vt 0.030732 0.530760
vt 0.093179 0.530506
vt 0.093179 0.530506
vt 0.030732 0.530760
vt 0.030732 0.530760
vt 0.093179 0.530506
vt 0.030732 0.530760
vt 0.030732 0.530760
vt 0.030732 0.530760
vt 0.030733 0.530760
vt 0.030733 0.530760
vt 0.030732 0.530760
vt 0.030732 0.530760
vt 0.093179 0.530506
vt 0.093179 0.530506
vt 0.030732 0.530760
vt 0.030732 0.530760
vt 0.030732 0.530760
vt 0.094209 0.530760
vt 0.094209 0.530760
vt 0.094209 0.530760
vt 0.094209 0.530760
vt 0.094209 0.530760
vt 0.030733 0.530760
vt 0.030732 0.530760
vt 0.093179 0.530506
vt 0.093179 0.530506
vt 0.093179 0.530506
vt 0.093179 0.530506
vt 0.030732 0.530760
vt 0.218788 0.530432
vt 0.218788 0.530432
vt 0.030732 0.530760
vt 0.030732 0.530760
vt 0.030733 0.530760
vt 0.030733 0.530760
vt 0.030732 0.530760
vt 0.030732 0.530760
vt 0.093179 0.530506
vt 0.093179 0.530506
vt 0.093179 0.530506
vt 0.030733 0.530760
vt 0.030732 0.530760
vt 0.093179 0.530506
vt 0.093179 0.530506
vt 0.218788 0.530432
vt 0.030732 0.530760
vt 0.030732 0.530760
vt 0.093179 0.530506
vt 0.093179 0.530506
vt 0.093179 0.530506
vt 0.093179 0.530506
vt 0.093179 0.530506
vt 0.093179 0.530506
vt 0.030732 0.530760
vt 0.094209 0.530760
vt 0.094209 0.530760
vt 0.094209 0.530760
vt 0.094209 0.530760
vt 0.094209 0.530760
vt 0.094209 0.530760
vt 0.094209 0.530760
vt 0.030732 0.530760
vt 0.030732 0.530760
vt 0.030733 0.530760
vt 0.030733 0.530760
vt 0.030732 0.530760
vt 0.030732 0.530760
vt 0.030732 0.530760
vt 0.093179 0.530506
vt 0.093179 0.530506
vt 0.093179 0.530506
vt 0.030732 0.530760
vt 0.030732 0.530760
vt 0.094209 0.530760
vt 0.094209 0.530760
vt 0.030732 0.530760
vt 0.030732 0.530760
vt 0.093179 0.530506
vt 0.093179 0.530506
vt 0.093179 0.530506
vt 0.093179 0.530506
vt 0.093179 0.530506
vt 0.093179 0.530506
vt 0.030732 0.530760
vt 0.093179 0.530506
vt 0.030732 0.530760
vt 0.030732 0.530760
vt 0.030732 0.530760
vt 0.030732 0.530760
vt 0.093179 0.530506
vt 0.030732 0.530760
vt 0.093179 0.530506
vt 0.093179 0.530506
vt 0.093179 0.530506
vt 0.030732 0.530760
vt 0.030732 0.530760
vt 0.030732 0.530760
vt 0.093179 0.530506
vt 0.093179 0.530506
vt 0.093179 0.530506
vt 0.093179 0.530506
vt 0.093179 0.530506
vt 0.030732 0.530760
vt 0.030732 0.530760
vt 0.093179 0.530506
vt 0.093179 0.530506
vt 0.218788 0.530432
vt 0.218788 0.530432
vt 0.218788 0.530432
vt 0.218788 0.530432
vt 0.158619 0.529926
vt 0.158619 0.529926
vt 0.158619 0.529926
vt 0.158619 0.529926
vt 0.158619 0.529926
vt 0.158619 0.529926
vt 0.158619 0.529926
vt 0.158619 0.529926
vt 0.158619 0.529926
vt 0.158619 0.529926
vt 0.158619 0.529926
vt 0.158619 0.529926
vt 0.158619 0.529926
vt 0.158619 0.529926
vt 0.158619 0.529926
vt 0.158619 0.529926
vt 0.158619 0.529926
vt 0.158619 0.529926
vt 0.158619 0.529926
vt 0.158619 0.529926
vt 0.035748 0.028650
vt 0.035748 0.028650
vt 0.035748 0.028650
vt 0.035748 0.028650
vt 0.158619 0.529926
vt 0.158619 0.529926
vt 0.158619 0.529926
vt 0.158619 0.529926
vt 0.035748 0.028650
vt 0.035748 0.028650
vt 0.035748 0.028650
vt 0.035748 0.028650
vt 0.158619 0.529926
vt 0.158619 0.529926
vt 0.158619 0.529926
vt 0.158619 0.529926
vt 0.158619 0.529926
vt 0.158619 0.529926
vt 0.158619 0.529926
vt 0.158619 0.529926
vt 0.158619 0.529926
vt 0.158619 0.529926
vt 0.158619 0.529926
vt 0.158619 0.529926
vt 0.158619 0.529926
vt 0.158619 0.529926
vt 0.158619 0.529926
vt 0.158619 0.529926
vt 0.158619 0.529926
vt 0.158619 0.529926
vt 0.158619 0.529926
vt 0.158619 0.529926
vt 0.035748 0.028650
vt 0.035748 0.028650
vt 0.035748 0.028650
vt 0.035748 0.028650
vt 0.158619 0.529926
vt 0.158619 0.529926
vt 0.158619 0.529926
vt 0.158619 0.529926
vt 0.035748 0.028650
vt 0.035748 0.028650
vt 0.035748 0.028650
vt 0.035748 0.028650
vt 0.158619 0.529926
vt 0.158619 0.529926
vt 0.158619 0.529926
vt 0.158619 0.529926
vt 0.158619 0.529926
vt 0.158619 0.529926
vt 0.158619 0.529926
vt 0.158619 0.529926
vt 0.158619 0.529926
vt 0.158619 0.529926
vt 0.035748 0.028650
vt 0.035748 0.028650
vt 0.035748 0.028650
vt 0.035748 0.028650
vt 0.158619 0.529926
vt 0.158619 0.529926
vt 0.158619 0.529926
vt 0.158619 0.529926
vt 0.158619 0.529926
vt 0.158619 0.529926
vt 0.158619 0.529926
vt 0.158619 0.529926
vt 0.158619 0.529926
vt 0.158619 0.529926
vt 0.035748 0.028650
vt 0.035748 0.028650
vt 0.035748 0.028650
vt 0.035748 0.028650
vt 0.158619 0.529926
vt 0.158619 0.529926
vt 0.030733 0.530760
vt 0.030733 0.530760
vt 0.030733 0.530760
vt 0.030733 0.530760
vt 0.030733 0.530760
vt 0.030733 0.530760
vt 0.030733 0.530760
vt 0.030733 0.530760
vt 0.030733 0.530760
vt 0.030733 0.530760
vt 0.030733 0.530760
vt 0.030733 0.530760
vt 0.030733 0.530760
vt 0.030733 0.530760
vt 0.030732 0.530760
vt 0.030732 0.530760
vt 0.030732 0.530760
vt 0.030732 0.530760
vt 0.030733 0.530760
vt 0.030733 0.530760
vt 0.030733 0.530760
vt 0.030733 0.530760
vt 0.093180 0.530506
vt 0.093180 0.530506
vt 0.093180 0.530506
vt 0.093180 0.530506
vt 0.093180 0.530506
vt 0.093180 0.530506
vt 0.030733 0.530760
vt 0.030733 0.530760
vt 0.030733 0.530760
vt 0.093180 0.530506
vt 0.093180 0.530506
vt 0.030733 0.530760
vt 0.030733 0.530760
vt 0.030733 0.530760
vt 0.030733 0.530760
vt 0.093180 0.530506
vt 0.093180 0.530506
vt 0.030733 0.530760
vt 0.030733 0.530760
vt 0.030733 0.530760
vt 0.030733 0.530760
vt 0.093180 0.530506
vt 0.093180 0.530506
vt 0.093180 0.530506
vt 0.093180 0.530506
vt 0.030733 0.530760
vt 0.030733 0.530760
vt 0.093180 0.530506
vt 0.093180 0.530506
vt 0.030733 0.530760
vt 0.030733 0.530760
vt 0.030733 0.530760
vt 0.030733 0.530760
vt 0.093180 0.530506
vt 0.093180 0.530506
vt 0.030733 0.530760
vt 0.093180 0.530506
vt 0.093180 0.530506
vt 0.093180 0.530506
vt 0.093180 0.530506
vt 0.093180 0.530506
vt 0.093180 0.530506
vt 0.030733 0.530760
vt 0.093180 0.530506
vt 0.030733 0.530760
vt 0.030733 0.530760
vt 0.030733 0.530760
vt 0.093180 0.530506
vt 0.093180 0.530506
vt 0.093180 0.530506
vt 0.093180 0.530506
vt 0.218788 0.530432
vt 0.218788 0.530432
vt 0.218788 0.530432
vt 0.218788 0.530432
vt 0.093180 0.530506
vt 0.093180 0.530506
vt 0.030733 0.530760
vt 0.030733 0.530760
vt 0.030733 0.530760
vt 0.030733 0.530760
vt 0.030733 0.530760
vt 0.030733 0.530760
vt 0.030733 0.530760
vt 0.218788 0.530432
vt 0.218788 0.530432
vt 0.093180 0.530506
vt 0.093180 0.530506
vt 0.093180 0.530506
vt 0.218788 0.530432
vt 0.093180 0.530506
vt 0.093180 0.530506
vt 0.093180 0.530506
vt 0.093180 0.530506
vt 0.093180 0.530506
vt 0.030733 0.530760
vt 0.030733 0.530760
vt 0.030733 0.530760
vt 0.030733 0.530760
vt 0.093180 0.530506
vt 0.218788 0.530432
vt 0.218788 0.530432
vt 0.030733 0.530760
vt 0.030733 0.530760
vt 0.030733 0.530760
vt 0.030733 0.530760
vt 0.030733 0.530760
vt 0.093180 0.530506
vt 0.093180 0.530506
vt 0.030733 0.530760
vt 0.030733 0.530760
vt 0.030733 0.530760
vt 0.218788 0.530432
vt 0.218788 0.530432
vt 0.093180 0.530506
vt 0.093180 0.530506
vt 0.218788 0.530432
vt 0.218788 0.530432
vt 0.218788 0.530432
vt 0.218788 0.530432
vt 0.218788 0.530432
vt 0.218788 0.530432
vt 0.218788 0.530432
vt 0.030733 0.530760
vt 0.218788 0.530432
vt 0.218788 0.530432
vt 0.218788 0.530432
vt 0.218788 0.530432
vt 0.030733 0.530760
vt 0.218788 0.530432
vt 0.030733 0.530760
vt 0.218788 0.530432
vt 0.093180 0.530506
vt 0.093180 0.530506
vt 0.093180 0.530506
vt 0.218788 0.530432
vt 0.218788 0.530432
vt 0.158619 0.529926
vt 0.158619 0.529926
vt 0.158619 0.529926
vt 0.158619 0.529926
vt 0.158619 0.529926
vt 0.158619 0.529926
vt 0.158619 0.529926
vt 0.158619 0.529926
vt 0.158619 0.529926
vt 0.158619 0.529926
vt 0.158619 0.529926
vt 0.158619 0.529926
vt 0.158619 0.529926
vt 0.158619 0.529926
vt 0.158619 0.529926
vt 0.158619 0.529926
vt 0.158619 0.529926
vt 0.158619 0.529926
vt 0.035748 0.028650
vt 0.035748 0.028650
vt 0.035748 0.028650
vt 0.035748 0.028650
vt 0.158619 0.529926
vt 0.158619 0.529926
vt 0.158619 0.529926
vt 0.158619 0.529926
vt 0.158619 0.529926
vt 0.158619 0.529926
vt 0.158619 0.529926
vt 0.158619 0.529926
vt 0.158619 0.529926
vt 0.158619 0.529926
vt 0.158619 0.529926
vt 0.158619 0.529926
vt 0.035748 0.028650
vt 0.035748 0.028650
vt 0.035748 0.028650
vt 0.035748 0.028650
vt 0.035748 0.028650
vt 0.035748 0.028650
vt 0.035748 0.028650
vt 0.035748 0.028650
vt 0.158619 0.529926
vt 0.158619 0.529926
vt 0.158619 0.529926
vt 0.158619 0.529926
vt 0.158619 0.529926
vt 0.158619 0.529926
vt 0.158619 0.529926
vt 0.158619 0.529926
vt 0.158619 0.529926
vt 0.158619 0.529926
vt 0.158619 0.529926
vt 0.158619 0.529926
vt 0.158619 0.529926
vt 0.158619 0.529926
vt 0.158619 0.529926
vt 0.158619 0.529926
vt 0.158619 0.529926
vt 0.158619 0.529926
vt 0.158619 0.529926
vt 0.158619 0.529926
vt 0.158619 0.529926
vt 0.158619 0.529926
vt 0.158619 0.529926
vt 0.158619 0.529926
vt 0.158619 0.529926
vt 0.158619 0.529926
vt 0.158619 0.529926
vt 0.158619 0.529926
vt 0.158619 0.529926
vt 0.158619 0.529926
vt 0.158619 0.529926
vt 0.158619 0.529926
vt 0.158619 0.529926
vt 0.158619 0.529926
vt 0.158619 0.529926
vt 0.158619 0.529926
vt 0.035748 0.028650
vt 0.035748 0.028650
vt 0.035748 0.028650
vt 0.035748 0.028650
vt 0.158619 0.529926
vt 0.158619 0.529926
vt 0.158619 0.529926
vt 0.158619 0.529926
vt 0.158619 0.529926
vt 0.158619 0.529926
vt 0.158619 0.529926
vt 0.158619 0.529926
vt 0.158619 0.529926
vt 0.158619 0.529926
vt 0.158619 0.529926
vt 0.158619 0.529926
vt 0.035748 0.028650
vt 0.035748 0.028650
vt 0.035748 0.028650
vt 0.035748 0.028650
vt 0.035748 0.028650
vt 0.035748 0.028650
vt 0.035748 0.028650
vt 0.035748 0.028650
vt 0.158619 0.529926
vt 0.158619 0.529926
vt 0.158619 0.529926
vt 0.158619 0.529926
vt 0.158619 0.529926
vt 0.158619 0.529926
vt 0.158619 0.529926
vt 0.158619 0.529926
vt 0.158619 0.529926
vt 0.158619 0.529926
vt 0.158619 0.529926
vt 0.158619 0.529926
vt 0.158619 0.529926
vt 0.158619 0.529926
vt 0.158619 0.529926
vt 0.158619 0.529926
vt 0.158619 0.529926
vt 0.158619 0.529926
vt 0.093180 0.530506
vt 0.093180 0.530506
vt 0.030733 0.530760
vt 0.030733 0.530760
vt 0.030733 0.530760
vt 0.030733 0.530760
vt 0.030733 0.530760
vt 0.030733 0.530760
vt 0.030733 0.530760
vt 0.030733 0.530760
vt 0.030733 0.530760
vt 0.030733 0.530760
vt 0.030733 0.530760
vt 0.030733 0.530760
vt 0.030733 0.530760
vt 0.030733 0.530760
vt 0.030733 0.530760
vt 0.030733 0.530760
vt 0.030732 0.530760
vt 0.030732 0.530760
vt 0.030732 0.530760
vt 0.030732 0.530760
vt 0.030733 0.530760
vt 0.030733 0.530760
vt 0.030733 0.530760
vt 0.030733 0.530760
vt 0.093180 0.530506
vt 0.093180 0.530506
vt 0.093180 0.530506
vt 0.093180 0.530506
vt 0.093180 0.530506
vt 0.093180 0.530506
vt 0.030733 0.530760
vt 0.030733 0.530760
vt 0.030733 0.530760
vt 0.093180 0.530506
vt 0.093180 0.530506
vt 0.030733 0.530760
vt 0.030733 0.530760
vt 0.030733 0.530760
vt 0.030733 0.530760
vt 0.093180 0.530506
vt 0.093180 0.530506
vt 0.094649 0.530216
vt 0.094649 0.530216
vt 0.094649 0.530216
vt 0.030733 0.530760
vt 0.030733 0.530760
vt 0.030733 0.530760
vt 0.030733 0.530760
vt 0.093180 0.530506
vt 0.093180 0.530506
vt 0.093180 0.530506
vt 0.093180 0.530506
vt 0.030733 0.530760
vt 0.030733 0.530760
vt 0.093180 0.530506
vt 0.093180 0.530506
vt 0.030733 0.530760
vt 0.030733 0.530760
vt 0.030733 0.530760
vt 0.030733 0.530760
vt 0.093180 0.530506
vt 0.093180 0.530506
vt 0.030733 0.530760
vt 0.093180 0.530506
vt 0.093180 0.530506
vt 0.093180 0.530506
vt 0.093180 0.530506
vt 0.093180 0.530506
vt 0.093180 0.530506
vt 0.030733 0.530760
vt 0.093180 0.530506
vt 0.030733 0.530760
vt 0.093180 0.530506
vt 0.093180 0.530506
vt 0.093180 0.530506
vt 0.093180 0.530506
vt 0.218788 0.530432
vt 0.218788 0.530432
vt 0.218788 0.530432
vt 0.218788 0.530432
vt 0.093180 0.530506
vt 0.093180 0.530506
vt 0.030733 0.530760
vt 0.030733 0.530760
vt 0.030733 0.530760
vt 0.030733 0.530760
vt 0.030733 0.530760
vt 0.030733 0.530760
vt 0.030733 0.530760
vt 0.218788 0.530432
vt 0.218788 0.530432
vt 0.093180 0.530506
vt 0.093180 0.530506
vt 0.093180 0.530506
vt 0.218788 0.530432
vt 0.093180 0.530506
vt 0.093180 0.530506
vt 0.093180 0.530506
vt 0.093180 0.530506
vt 0.093180 0.530506
vt 0.030733 0.530760
vt 0.030733 0.530760
vt 0.030733 0.530760
vt 0.030733 0.530760
vt 0.093180 0.530506
vt 0.218788 0.530432
vt 0.218788 0.530432
vt 0.030733 0.530760
vt 0.030733 0.530760
vt 0.030733 0.530760
vt 0.030733 0.530760
vt 0.030733 0.530760
vt 0.093180 0.530506
vt 0.093180 0.530506
vt 0.030733 0.530760
vt 0.030733 0.530760
vt 0.030733 0.530760
vt 0.218788 0.530432
vt 0.218788 0.530432
vt 0.093180 0.530506
vt 0.093180 0.530506
vt 0.218788 0.530432
vt 0.218788 0.530432
vt 0.218788 0.530432
vt 0.218788 0.530432
vt 0.218788 0.530432
vt 0.218788 0.530432
vt 0.218788 0.530432
vt 0.030733 0.530760
vt 0.218788 0.530432
vt 0.218788 0.530432
vt 0.218788 0.530432
vt 0.218788 0.530432
vt 0.030733 0.530760
vt 0.218788 0.530432
vt 0.030733 0.530760
vt 0.218788 0.530432
vt 0.093180 0.530506
vt 0.093180 0.530506
vt 0.093180 0.530506
vt 0.218788 0.530432
vt 0.218788 0.530432
vt 0.158619 0.529926
vt 0.158619 0.529926
vt 0.158619 0.529926
vt 0.158619 0.529926
vt 0.158619 0.529926
vt 0.158619 0.529926
vt 0.158619 0.529926
vt 0.158619 0.529926
vt 0.158619 0.529926
vt 0.158619 0.529926
vt 0.158619 0.529926
vt 0.158619 0.529926
vt 0.158619 0.529926
vt 0.158619 0.529926
vt 0.158619 0.529926
vt 0.158619 0.529926
vt 0.158619 0.529926
vt 0.158619 0.529926
vt 0.035748 0.028650
vt 0.035748 0.028650
vt 0.035748 0.028650
vt 0.035748 0.028650
vt 0.158619 0.529926
vt 0.158619 0.529926
vt 0.158619 0.529926
vt 0.158619 0.529926
vt 0.158619 0.529926
vt 0.158619 0.529926
vt 0.158619 0.529926
vt 0.158619 0.529926
vt 0.158619 0.529926
vt 0.158619 0.529926
vt 0.158619 0.529926
vt 0.158619 0.529926
vt 0.035748 0.028650
vt 0.035748 0.028650
vt 0.035748 0.028650
vt 0.035748 0.028650
vt 0.035748 0.028650
vt 0.035748 0.028650
vt 0.035748 0.028650
vt 0.035748 0.028650
vt 0.158619 0.529926
vt 0.158619 0.529926
vt 0.158619 0.529926
vt 0.158619 0.529926
vt 0.158619 0.529926
vt 0.158619 0.529926
vt 0.158619 0.529926
vt 0.158619 0.529926
vt 0.158619 0.529926
vt 0.158619 0.529926
vt 0.158619 0.529926
vt 0.158619 0.529926
vt 0.158619 0.529926
vt 0.158619 0.529926
vt 0.158619 0.529926
vt 0.158619 0.529926
vt 0.158619 0.529926
vt 0.158619 0.529926
vt 0.158619 0.529926
vt 0.158619 0.529926
vt 0.158619 0.529926
vt 0.158619 0.529926
vt 0.158619 0.529926
vt 0.158619 0.529926
vt 0.158619 0.529926
vt 0.158619 0.529926
vt 0.158619 0.529926
vt 0.158619 0.529926
vt 0.158619 0.529926
vt 0.158619 0.529926
vt 0.158619 0.529926
vt 0.158619 0.529926
vt 0.158619 0.529926
vt 0.158619 0.529926
vt 0.158619 0.529926
vt 0.158619 0.529926
vt 0.035748 0.028650
vt 0.035748 0.028650
vt 0.035748 0.028650
vt 0.035748 0.028650
vt 0.158619 0.529926
vt 0.158619 0.529926
vt 0.158619 0.529926
vt 0.158619 0.529926
vt 0.158619 0.529926
vt 0.158619 0.529926
vt 0.158619 0.529926
vt 0.158619 0.529926
vt 0.158619 0.529926
vt 0.158619 0.529926
vt 0.158619 0.529926
vt 0.158619 0.529926
vt 0.035748 0.028650
vt 0.035748 0.028650
vt 0.035748 0.028650
vt 0.035748 0.028650
vt 0.035748 0.028650
vt 0.035748 0.028650
vt 0.035748 0.028650
vt 0.035748 0.028650
vt 0.158619 0.529926
vt 0.158619 0.529926
vt 0.158619 0.529926
vt 0.158619 0.529926
vt 0.158619 0.529926
vt 0.158619 0.529926
vt 0.158619 0.529926
vt 0.158619 0.529926
vt 0.158619 0.529926
vt 0.158619 0.529926
vt 0.158619 0.529926
vt 0.158619 0.529926
vt 0.158619 0.529926
vt 0.158619 0.529926
vt 0.158619 0.529926
vt 0.158619 0.529926
vt 0.158619 0.529926
vt 0.158619 0.529926
vt 0.093180 0.530506
vt 0.093180 0.530506
vt 0.030733 0.530760
vt 0.030733 0.530760
vt 0.030733 0.530760
vt 0.030733 0.530760
vt 0.030733 0.530760
vt 0.030733 0.530760
vt 0.030733 0.530760
vt 0.030733 0.530760
vt 0.030733 0.530760
vt 0.030733 0.530760
vt 0.030733 0.530760
vt 0.030733 0.530760
vt 0.030733 0.530760
vt 0.030733 0.530760
vt 0.030733 0.530760
vt 0.030732 0.530760
vt 0.030732 0.530760
vt 0.030732 0.530760
vt 0.030732 0.530760
vt 0.030733 0.530760
vt 0.030733 0.530760
vt 0.030733 0.530760
vt 0.030733 0.530760
vt 0.093180 0.530506
vt 0.093180 0.530506
vt 0.093180 0.530506
vt 0.093180 0.530506
vt 0.093180 0.530506
vt 0.093180 0.530506
vt 0.030733 0.530760
vt 0.030733 0.530760
vt 0.030733 0.530760
vt 0.093180 0.530506
vt 0.093180 0.530506
vt 0.030733 0.530760
vt 0.030733 0.530760
vt 0.030733 0.530760
vt 0.030733 0.530760
vt 0.093180 0.530506
vt 0.093180 0.530506
vt 0.030733 0.530760
vt 0.030733 0.530760
vt 0.030733 0.530760
vt 0.030733 0.530760
vt 0.093180 0.530506
vt 0.093180 0.530506
vt 0.093180 0.530506
vt 0.093180 0.530506
vt 0.030733 0.530760
vt 0.030733 0.530760
vt 0.093180 0.530506
vt 0.093180 0.530506
vt 0.030733 0.530760
vt 0.030733 0.530760
vt 0.030733 0.530760
vt 0.030733 0.530760
vt 0.093180 0.530506
vt 0.093180 0.530506
vt 0.030733 0.530760
vt 0.093180 0.530506
vt 0.093180 0.530506
vt 0.093180 0.530506
vt 0.093180 0.530506
vt 0.093180 0.530506
vt 0.093180 0.530506
vt 0.030733 0.530760
vt 0.093180 0.530506
vt 0.093180 0.530506
vt 0.093180 0.530506
vt 0.093180 0.530506
vt 0.093180 0.530506
vt 0.030733 0.530760
vt 0.093180 0.530506
vt 0.093180 0.530506
vt 0.093180 0.530506
vt 0.093180 0.530506
vt 0.218788 0.530432
vt 0.218788 0.530432
vt 0.218788 0.530432
vt 0.218788 0.530432
vt 0.093180 0.530506
vt 0.093180 0.530506
vt 0.030733 0.530760
vt 0.030733 0.530760
vt 0.030733 0.530760
vt 0.030733 0.530760
vt 0.030733 0.530760
vt 0.030733 0.530760
vt 0.030733 0.530760
vt 0.218788 0.530432
vt 0.218788 0.530432
vt 0.093180 0.530506
vt 0.093180 0.530506
vt 0.093180 0.530506
vt 0.218788 0.530432
vt 0.093180 0.530506
vt 0.093180 0.530506
vt 0.093180 0.530506
vt 0.093180 0.530506
vt 0.093180 0.530506
vt 0.030733 0.530760
vt 0.030733 0.530760
vt 0.030733 0.530760
vt 0.030733 0.530760
vt 0.093180 0.530506
vt 0.218788 0.530432
vt 0.218788 0.530432
vt 0.030733 0.530760
vt 0.030733 0.530760
vt 0.030733 0.530760
vt 0.030733 0.530760
vt 0.030733 0.530760
vt 0.093180 0.530506
vt 0.093180 0.530506
vt 0.030733 0.530760
vt 0.030733 0.530760
vt 0.030733 0.530760
vt 0.218788 0.530432
vt 0.218788 0.530432
vt 0.093180 0.530506
vt 0.093180 0.530506
vt 0.218788 0.530432
vt 0.218788 0.530432
vt 0.218788 0.530432
vt 0.218788 0.530432
vt 0.218788 0.530432
vt 0.218788 0.530432
vt 0.218788 0.530432
vt 0.030733 0.530760
vt 0.218788 0.530432
vt 0.218788 0.530432
vt 0.218788 0.530432
vt 0.218788 0.530432
vt 0.030733 0.530760
vt 0.218788 0.530432
vt 0.030733 0.530760
vt 0.218788 0.530432
vt 0.093180 0.530506
vt 0.093180 0.530506
vt 0.093180 0.530506
vt 0.218788 0.530432
vt 0.218788 0.530432
vt 0.158619 0.529926
vt 0.158619 0.529926
vt 0.158619 0.529926
vt 0.158619 0.529926
vt 0.158619 0.529926
vt 0.158619 0.529926
vt 0.158619 0.529926
vt 0.158619 0.529926
vt 0.158619 0.529926
vt 0.158619 0.529926
vt 0.158619 0.529926
vt 0.158619 0.529926
vt 0.158619 0.529926
vt 0.158619 0.529926
vt 0.158619 0.529926
vt 0.158619 0.529926
vt 0.158619 0.529926
vt 0.158619 0.529926
vt 0.035748 0.028650
vt 0.035748 0.028650
vt 0.035748 0.028650
vt 0.035748 0.028650
vt 0.158619 0.529926
vt 0.158619 0.529926
vt 0.158619 0.529926
vt 0.158619 0.529926
vt 0.158619 0.529926
vt 0.158619 0.529926
vt 0.158619 0.529926
vt 0.158619 0.529926
vt 0.158619 0.529926
vt 0.158619 0.529926
vt 0.158619 0.529926
vt 0.158619 0.529926
vt 0.035748 0.028650
vt 0.035748 0.028650
vt 0.035748 0.028650
vt 0.035748 0.028650
vt 0.035748 0.028650
vt 0.035748 0.028650
vt 0.035748 0.028650
vt 0.035748 0.028650
vt 0.158619 0.529926
vt 0.158619 0.529926
vt 0.158619 0.529926
vt 0.158619 0.529926
vt 0.158619 0.529926
vt 0.158619 0.529926
vt 0.158619 0.529926
vt 0.158619 0.529926
vt 0.158619 0.529926
vt 0.158619 0.529926
vt 0.158619 0.529926
vt 0.158619 0.529926
vt 0.158619 0.529926
vt 0.158619 0.529926
vt 0.158619 0.529926
vt 0.158619 0.529926
vt 0.158619 0.529926
vt 0.158619 0.529926
vt 0.158619 0.529926
vt 0.158619 0.529926
vt 0.158619 0.529926
vt 0.158619 0.529926
vt 0.158619 0.529926
vt 0.158619 0.529926
vt 0.158619 0.529926
vt 0.158619 0.529926
vt 0.158619 0.529926
vt 0.158619 0.529926
vt 0.158619 0.529926
vt 0.158619 0.529926
vt 0.158619 0.529926
vt 0.158619 0.529926
vt 0.158619 0.529926
vt 0.158619 0.529926
vt 0.158619 0.529926
vt 0.158619 0.529926
vt 0.035748 0.028650
vt 0.035748 0.028650
vt 0.035748 0.028650
vt 0.035748 0.028650
vt 0.158619 0.529926
vt 0.158619 0.529926
vt 0.158619 0.529926
vt 0.158619 0.529926
vt 0.158619 0.529926
vt 0.158619 0.529926
vt 0.158619 0.529926
vt 0.158619 0.529926
vt 0.158619 0.529926
vt 0.158619 0.529926
vt 0.158619 0.529926
vt 0.158619 0.529926
vt 0.035748 0.028650
vt 0.035748 0.028650
vt 0.035748 0.028650
vt 0.035748 0.028650
vt 0.035748 0.028650
vt 0.035748 0.028650
vt 0.035748 0.028650
vt 0.035748 0.028650
vt 0.158619 0.529926
vt 0.158619 0.529926
vt 0.158619 0.529926
vt 0.158619 0.529926
vt 0.158619 0.529926
vt 0.158619 0.529926
vt 0.158619 0.529926
vt 0.158619 0.529926
vt 0.158619 0.529926
vt 0.158619 0.529926
vt 0.158619 0.529926
vt 0.158619 0.529926
vt 0.158619 0.529926
vt 0.158619 0.529926
vt 0.158619 0.529926
vt 0.158619 0.529926
vt 0.158619 0.529926
vt 0.158619 0.529926
vt 0.030733 0.530760
vt 0.030733 0.530760
vt 0.030733 0.530760
vt 0.030733 0.530760
vt 0.030733 0.530760
vt 0.030733 0.530760
vt 0.030733 0.530760
vt 0.030733 0.530760
vt 0.030733 0.530760
vt 0.030733 0.530760
vt 0.030732 0.530760
vt 0.030732 0.530760
vt 0.030732 0.530760
vt 0.030732 0.530760
vt 0.030733 0.530760
vt 0.030733 0.530760
vt 0.030733 0.530760
vt 0.030733 0.530760
vt 0.093180 0.530506
vt 0.093180 0.530506
vt 0.093180 0.530506
vt 0.093180 0.530506
vt 0.093180 0.530506
vt 0.093180 0.530506
vt 0.030733 0.530760
vt 0.030733 0.530760
vt 0.030733 0.530760
vt 0.093180 0.530506
vt 0.093180 0.530506
vt 0.030733 0.530760
vt 0.030733 0.530760
vt 0.030733 0.530760
vt 0.030733 0.530760
vt 0.093180 0.530506
vt 0.093180 0.530506
vt 0.094649 0.530216
vt 0.094649 0.530216
vt 0.094649 0.530216
vt 0.030733 0.530760
vt 0.030733 0.530760
vt 0.030733 0.530760
vt 0.030733 0.530760
vt 0.093180 0.530506
vt 0.093180 0.530506
vt 0.093180 0.530506
vt 0.093180 0.530506
vt 0.030733 0.530760
vt 0.030733 0.530760
vt 0.093180 0.530506
vt 0.093180 0.530506
vt 0.030733 0.530760
vt 0.030733 0.530760
vt 0.030733 0.530760
vt 0.030733 0.530760
vt 0.093180 0.530506
vt 0.093180 0.530506
vt 0.030733 0.530760
vt 0.093180 0.530506
vt 0.093180 0.530506
vt 0.093180 0.530506
vt 0.093180 0.530506
vt 0.093180 0.530506
vt 0.093180 0.530506
vt 0.030733 0.530760
vt 0.093180 0.530506
vt 0.093180 0.530506
vt 0.093180 0.530506
vt 0.030733 0.530760
vt 0.093180 0.530506
vt 0.093180 0.530506
vt 0.093180 0.530506
vt 0.093180 0.530506
vt 0.218788 0.530432
vt 0.218788 0.530432
vt 0.218788 0.530432
vt 0.218788 0.530432
vt 0.093180 0.530506
vt 0.093180 0.530506
vt 0.030733 0.530760
vt 0.030733 0.530760
vt 0.030733 0.530760
vt 0.030733 0.530760
vt 0.030733 0.530760
vt 0.030733 0.530760
vt 0.030733 0.530760
vt 0.218788 0.530432
vt 0.218788 0.530432
vt 0.093180 0.530506
vt 0.093180 0.530506
vt 0.093180 0.530506
vt 0.218788 0.530432
vt 0.093180 0.530506
vt 0.093180 0.530506
vt 0.093180 0.530506
vt 0.093180 0.530506
vt 0.093180 0.530506
vt 0.030733 0.530760
vt 0.030733 0.530760
vt 0.030733 0.530760
vt 0.030733 0.530760
vt 0.093180 0.530506
vt 0.218788 0.530432
vt 0.218788 0.530432
vt 0.030733 0.530760
vt 0.030733 0.530760
vt 0.030733 0.530760
vt 0.030733 0.530760
vt 0.030733 0.530760
vt 0.093180 0.530506
vt 0.093180 0.530506
vt 0.030733 0.530760
vt 0.030733 0.530760
vt 0.030733 0.530760
vt 0.218788 0.530432
vt 0.218788 0.530432
vt 0.093180 0.530506
vt 0.093180 0.530506
vt 0.218788 0.530432
vt 0.218788 0.530432
vt 0.218788 0.530432
vt 0.218788 0.530432
vt 0.218788 0.530432
vt 0.218788 0.530432
vt 0.218788 0.530432
vt 0.030733 0.530760
vt 0.218788 0.530432
vt 0.218788 0.530432
vt 0.218788 0.530432
vt 0.218788 0.530432
vt 0.030733 0.530760
vt 0.218788 0.530432
vt 0.030733 0.530760
vt 0.218788 0.530432
vt 0.093180 0.530506
vt 0.093180 0.530506
vt 0.093180 0.530506
vt 0.218788 0.530432
vt 0.218788 0.530432
vt 0.158619 0.529926
vt 0.158619 0.529926
vt 0.158619 0.529926
vt 0.158619 0.529926
vt 0.158619 0.529926
vt 0.158619 0.529926
vt 0.158619 0.529926
vt 0.158619 0.529926
vt 0.158619 0.529926
vt 0.158619 0.529926
vt 0.158619 0.529926
vt 0.158619 0.529926
vt 0.158619 0.529926
vt 0.158619 0.529926
vt 0.158619 0.529926
vt 0.158619 0.529926
vt 0.158619 0.529926
vt 0.158619 0.529926
vt 0.035748 0.028650
vt 0.035748 0.028650
vt 0.035748 0.028650
vt 0.035748 0.028650
vt 0.158619 0.529926
vt 0.158619 0.529926
vt 0.158619 0.529926
vt 0.158619 0.529926
vt 0.158619 0.529926
vt 0.158619 0.529926
vt 0.158619 0.529926
vt 0.158619 0.529926
vt 0.158619 0.529926
vt 0.158619 0.529926
vt 0.158619 0.529926
vt 0.158619 0.529926
vt 0.035748 0.028650
vt 0.035748 0.028650
vt 0.035748 0.028650
vt 0.035748 0.028650
vt 0.035748 0.028650
vt 0.035748 0.028650
vt 0.035748 0.028650
vt 0.035748 0.028650
vt 0.158619 0.529926
vt 0.158619 0.529926
vt 0.158619 0.529926
vt 0.158619 0.529926
vt 0.158619 0.529926
vt 0.158619 0.529926
vt 0.158619 0.529926
vt 0.158619 0.529926
vt 0.158619 0.529926
vt 0.158619 0.529926
vt 0.158619 0.529926
vt 0.158619 0.529926
vt 0.158619 0.529926
vt 0.158619 0.529926
vt 0.158619 0.529926
vt 0.158619 0.529926
vt 0.158619 0.529926
vt 0.158619 0.529926
vt 0.158619 0.529926
vt 0.158619 0.529926
vt 0.158619 0.529926
vt 0.158619 0.529926
vt 0.158619 0.529926
vt 0.158619 0.529926
vt 0.158619 0.529926
vt 0.158619 0.529926
vt 0.158619 0.529926
vt 0.158619 0.529926
vt 0.158619 0.529926
vt 0.158619 0.529926
vt 0.158619 0.529926
vt 0.158619 0.529926
vt 0.158619 0.529926
vt 0.158619 0.529926
vt 0.158619 0.529926
vt 0.158619 0.529926
vt 0.035748 0.028650
vt 0.035748 0.028650
vt 0.035748 0.028650
vt 0.035748 0.028650
vt 0.158619 0.529926
vt 0.158619 0.529926
vt 0.158619 0.529926
vt 0.158619 0.529926
vt 0.158619 0.529926
vt 0.158619 0.529926
vt 0.158619 0.529926
vt 0.158619 0.529926
vt 0.158619 0.529926
vt 0.158619 0.529926
vt 0.158619 0.529926
vt 0.158619 0.529926
vt 0.035748 0.028650
vt 0.035748 0.028650
vt 0.035748 0.028650
vt 0.035748 0.028650
vt 0.035748 0.028650
vt 0.035748 0.028650
vt 0.035748 0.028650
vt 0.035748 0.028650
vt 0.158619 0.529926
vt 0.158619 0.529926
vt 0.158619 0.529926
vt 0.158619 0.529926
vt 0.158619 0.529926
vt 0.158619 0.529926
vt 0.158619 0.529926
vt 0.158619 0.529926
vt 0.158619 0.529926
vt 0.158619 0.529926
vt 0.158619 0.529926
vt 0.158619 0.529926
vt 0.158619 0.529926
vt 0.158619 0.529926
vt 0.158619 0.529926
vt 0.158619 0.529926
vt 0.158619 0.529926
vt 0.158619 0.529926
vt 0.030733 0.530760
vt 0.030733 0.530760
vt 0.030733 0.530760
vt 0.030733 0.530760
vt 0.030733 0.530760
vt 0.030733 0.530760
vt 0.030733 0.530760
vt 0.030733 0.530760
vt 0.030733 0.530760
vt 0.030733 0.530760
vt 0.030733 0.530760
vt 0.030733 0.530760
vt 0.030733 0.530760
vt 0.030733 0.530760
vt 0.030732 0.530760
vt 0.030732 0.530760
vt 0.030733 0.530760
vt 0.030733 0.530760
vt 0.030733 0.530760
vt 0.030733 0.530760
vt 0.093180 0.530506
vt 0.093180 0.530506
vt 0.093180 0.530506
vt 0.093180 0.530506
vt 0.093180 0.530506
vt 0.093180 0.530506
vt 0.030733 0.530760
vt 0.030733 0.530760
vt 0.030733 0.530760
vt 0.093180 0.530506
vt 0.093180 0.530506
vt 0.030733 0.530760
vt 0.030733 0.530760
vt 0.030733 0.530760
vt 0.030733 0.530760
vt 0.093180 0.530506
vt 0.093180 0.530506
vt 0.030733 0.530760
vt 0.030733 0.530760
vt 0.030733 0.530760
vt 0.030733 0.530760
vt 0.093180 0.530506
vt 0.093180 0.530506
vt 0.093180 0.530506
vt 0.093180 0.530506
vt 0.030733 0.530760
vt 0.030733 0.530760
vt 0.093180 0.530506
vt 0.093180 0.530506
vt 0.030733 0.530760
vt 0.030733 0.530760
vt 0.030733 0.530760
vt 0.030733 0.530760
vt 0.093180 0.530506
vt 0.093180 0.530506
vt 0.030733 0.530760
vt 0.093180 0.530506
vt 0.093180 0.530506
vt 0.093180 0.530506
vt 0.093180 0.530506
vt 0.093180 0.530506
vt 0.093180 0.530506
vt 0.030733 0.530760
vt 0.093180 0.530506
vt 0.030733 0.530760
vt 0.030733 0.530760
vt 0.093180 0.530506
vt 0.093180 0.530506
vt 0.093180 0.530506
vt 0.093180 0.530506
vt 0.218788 0.530432
vt 0.218788 0.530432
vt 0.218788 0.530432
vt 0.218788 0.530432
vt 0.093180 0.530506
vt 0.093180 0.530506
vt 0.030733 0.530760
vt 0.030733 0.530760
vt 0.030733 0.530760
vt 0.030733 0.530760
vt 0.030733 0.530760
vt 0.030733 0.530760
vt 0.030733 0.530760
vt 0.218788 0.530432
vt 0.218788 0.530432
vt 0.093180 0.530506
vt 0.093180 0.530506
vt 0.093180 0.530506
vt 0.218788 0.530432
vt 0.093180 0.530506
vt 0.093180 0.530506
vt 0.093180 0.530506
vt 0.093180 0.530506
vt 0.093180 0.530506
vt 0.030733 0.530760
vt 0.030733 0.530760
vt 0.030733 0.530760
vt 0.030733 0.530760
vt 0.093180 0.530506
vt 0.218788 0.530432
vt 0.218788 0.530432
vt 0.030733 0.530760
vt 0.030733 0.530760
vt 0.030733 0.530760
vt 0.030733 0.530760
vt 0.030733 0.530760
vt 0.093180 0.530506
vt 0.093180 0.530506
vt 0.030733 0.530760
vt 0.030733 0.530760
vt 0.030733 0.530760
vt 0.218788 0.530432
vt 0.218788 0.530432
vt 0.093180 0.530506
vt 0.093180 0.530506
vt 0.218788 0.530432
vt 0.218788 0.530432
vt 0.218788 0.530432
vt 0.218788 0.530432
vt 0.218788 0.530432
vt 0.218788 0.530432
vt 0.218788 0.530432
vt 0.030733 0.530760
vt 0.218788 0.530432
vt 0.218788 0.530432
vt 0.218788 0.530432
vt 0.218788 0.530432
vt 0.030733 0.530760
vt 0.218788 0.530432
vt 0.030733 0.530760
vt 0.218788 0.530432
vt 0.093180 0.530506
vt 0.093180 0.530506
vt 0.093180 0.530506
vt 0.218788 0.530432
vt 0.218788 0.530432
vt 0.158619 0.529926
vt 0.158619 0.529926
vt 0.158619 0.529926
vt 0.158619 0.529926
vt 0.158619 0.529926
vt 0.158619 0.529926
vt 0.158619 0.529926
vt 0.158619 0.529926
vt 0.158619 0.529926
vt 0.158619 0.529926
vt 0.158619 0.529926
vt 0.158619 0.529926
vt 0.158619 0.529926
vt 0.158619 0.529926
vt 0.158619 0.529926
vt 0.158619 0.529926
vt 0.158619 0.529926
vt 0.158619 0.529926
vt 0.035748 0.028650
vt 0.035748 0.028650
vt 0.035748 0.028650
vt 0.035748 0.028650
vt 0.158619 0.529926
vt 0.158619 0.529926
vt 0.158619 0.529926
vt 0.158619 0.529926
vt 0.158619 0.529926
vt 0.158619 0.529926
vt 0.158619 0.529926
vt 0.158619 0.529926
vt 0.158619 0.529926
vt 0.158619 0.529926
vt 0.158619 0.529926
vt 0.158619 0.529926
vt 0.035748 0.028650
vt 0.035748 0.028650
vt 0.035748 0.028650
vt 0.035748 0.028650
vt 0.035748 0.028650
vt 0.035748 0.028650
vt 0.035748 0.028650
vt 0.035748 0.028650
vt 0.158619 0.529926
vt 0.158619 0.529926
vt 0.158619 0.529926
vt 0.158619 0.529926
vt 0.158619 0.529926
vt 0.158619 0.529926
vt 0.158619 0.529926
vt 0.158619 0.529926
vt 0.158619 0.529926
vt 0.158619 0.529926
vt 0.158619 0.529926
vt 0.158619 0.529926
vt 0.158619 0.529926
vt 0.158619 0.529926
vt 0.158619 0.529926
vt 0.158619 0.529926
vt 0.158619 0.529926
vt 0.158619 0.529926
vt 0.158619 0.529926
vt 0.158619 0.529926
vt 0.158619 0.529926
vt 0.158619 0.529926
vt 0.158619 0.529926
vt 0.158619 0.529926
vt 0.158619 0.529926
vt 0.158619 0.529926
vt 0.158619 0.529926
vt 0.158619 0.529926
vt 0.158619 0.529926
vt 0.158619 0.529926
vt 0.158619 0.529926
vt 0.158619 0.529926
vt 0.158619 0.529926
vt 0.158619 0.529926
vt 0.158619 0.529926
vt 0.158619 0.529926
vt 0.035748 0.028650
vt 0.035748 0.028650
vt 0.035748 0.028650
vt 0.035748 0.028650
vt 0.158619 0.529926
vt 0.158619 0.529926
vt 0.158619 0.529926
vt 0.158619 0.529926
vt 0.158619 0.529926
vt 0.158619 0.529926
vt 0.158619 0.529926
vt 0.158619 0.529926
vt 0.158619 0.529926
vt 0.158619 0.529926
vt 0.158619 0.529926
vt 0.158619 0.529926
vt 0.035748 0.028650
vt 0.035748 0.028650
vt 0.035748 0.028650
vt 0.035748 0.028650
vt 0.035748 0.028650
vt 0.035748 0.028650
vt 0.035748 0.028650
vt 0.035748 0.028650
vt 0.158619 0.529926
vt 0.158619 0.529926
vt 0.158619 0.529926
vt 0.158619 0.529926
vt 0.158619 0.529926
vt 0.158619 0.529926
vt 0.158619 0.529926
vt 0.158619 0.529926
vt 0.158619 0.529926
vt 0.158619 0.529926
vt 0.158619 0.529926
vt 0.158619 0.529926
vt 0.158619 0.529926
vt 0.158619 0.529926
vt 0.158619 0.529926
vt 0.158619 0.529926
vt 0.158619 0.529926
vt 0.158619 0.529926
vt 0.093180 0.530506
vt 0.093180 0.530506
vt 0.030733 0.530760
vt 0.030733 0.530760
vt 0.030733 0.530760
vt 0.030733 0.530760
vt 0.030733 0.530760
vt 0.030733 0.530760
vt 0.030733 0.530760
vt 0.030733 0.530760
vt 0.030733 0.530760
vt 0.030733 0.530760
vt 0.030733 0.530760
vt 0.030733 0.530760
vt 0.030733 0.530760
vt 0.030733 0.530760
vt 0.030732 0.530760
vt 0.030732 0.530760
vt 0.030733 0.530760
vt 0.030733 0.530760
vt 0.030733 0.530760
vt 0.030733 0.530760
vt 0.093180 0.530506
vt 0.093180 0.530506
vt 0.093180 0.530506
vt 0.093180 0.530506
vt 0.093180 0.530506
vt 0.093180 0.530506
vt 0.030733 0.530760
vt 0.030733 0.530760
vt 0.030733 0.530760
vt 0.093180 0.530506
vt 0.093180 0.530506
vt 0.030733 0.530760
vt 0.030733 0.530760
vt 0.030733 0.530760
vt 0.030733 0.530760
vt 0.093180 0.530506
vt 0.093180 0.530506
vt 0.094649 0.530216
vt 0.094649 0.530216
vt 0.030733 0.530760
vt 0.030733 0.530760
vt 0.030733 0.530760
vt 0.030733 0.530760
vt 0.093180 0.530506
vt 0.093180 0.530506
vt 0.093180 0.530506
vt 0.093180 0.530506
vt 0.030733 0.530760
vt 0.030733 0.530760
vt 0.093180 0.530506
vt 0.093180 0.530506
vt 0.030733 0.530760
vt 0.030733 0.530760
vt 0.030733 0.530760
vt 0.030733 0.530760
vt 0.093180 0.530506
vt 0.093180 0.530506
vt 0.030733 0.530760
vt 0.093180 0.530506
vt 0.093180 0.530506
vt 0.093180 0.530506
vt 0.093180 0.530506
vt 0.093180 0.530506
vt 0.093180 0.530506
vt 0.030733 0.530760
vt 0.093180 0.530506
vt 0.093180 0.530506
vt 0.093180 0.530506
vt 0.093180 0.530506
vt 0.093180 0.530506
vt 0.218788 0.530432
vt 0.218788 0.530432
vt 0.218788 0.530432
vt 0.218788 0.530432
vt 0.093180 0.530506
vt 0.093180 0.530506
vt 0.030733 0.530760
vt 0.030733 0.530760
vt 0.030733 0.530760
vt 0.030733 0.530760
vt 0.030733 0.530760
vt 0.030733 0.530760
vt 0.030733 0.530760
vt 0.218788 0.530432
vt 0.218788 0.530432
vt 0.093180 0.530506
vt 0.093180 0.530506
vt 0.093180 0.530506
vt 0.218788 0.530432
vt 0.093180 0.530506
vt 0.093180 0.530506
vt 0.093180 0.530506
vt 0.093180 0.530506
vt 0.093180 0.530506
vt 0.030733 0.530760
vt 0.030733 0.530760
vt 0.030733 0.530760
vt 0.030733 0.530760
vt 0.093180 0.530506
vt 0.218788 0.530432
vt 0.218788 0.530432
vt 0.030733 0.530760
vt 0.030733 0.530760
vt 0.030733 0.530760
vt 0.030733 0.530760
vt 0.030733 0.530760
vt 0.093180 0.530506
vt 0.093180 0.530506
vt 0.030733 0.530760
vt 0.030733 0.530760
vt 0.030733 0.530760
vt 0.218788 0.530432
vt 0.218788 0.530432
vt 0.093180 0.530506
vt 0.093180 0.530506
vt 0.218788 0.530432
vt 0.218788 0.530432
vt 0.218788 0.530432
vt 0.218788 0.530432
vt 0.218788 0.530432
vt 0.218788 0.530432
vt 0.218788 0.530432
vt 0.030733 0.530760
vt 0.218788 0.530432
vt 0.218788 0.530432
vt 0.218788 0.530432
vt 0.218788 0.530432
vt 0.030733 0.530760
vt 0.218788 0.530432
vt 0.030733 0.530760
vt 0.218788 0.530432
vt 0.093180 0.530506
vt 0.093180 0.530506
vt 0.093180 0.530506
vt 0.218788 0.530432
vt 0.218788 0.530432
vt 0.158619 0.529926
vt 0.158619 0.529926
vt 0.158619 0.529926
vt 0.158619 0.529926
vt 0.158619 0.529926
vt 0.158619 0.529926
vt 0.158619 0.529926
vt 0.158619 0.529926
vt 0.158619 0.529926
vt 0.158619 0.529926
vt 0.158619 0.529926
vt 0.158619 0.529926
vt 0.158619 0.529926
vt 0.158619 0.529926
vt 0.158619 0.529926
vt 0.158619 0.529926
vt 0.158619 0.529926
vt 0.158619 0.529926
vt 0.035748 0.028650
vt 0.035748 0.028650
vt 0.035748 0.028650
vt 0.035748 0.028650
vt 0.158619 0.529926
vt 0.158619 0.529926
vt 0.158619 0.529926
vt 0.158619 0.529926
vt 0.158619 0.529926
vt 0.158619 0.529926
vt 0.158619 0.529926
vt 0.158619 0.529926
vt 0.158619 0.529926
vt 0.158619 0.529926
vt 0.158619 0.529926
vt 0.158619 0.529926
vt 0.035748 0.028650
vt 0.035748 0.028650
vt 0.035748 0.028650
vt 0.035748 0.028650
vt 0.035748 0.028650
vt 0.035748 0.028650
vt 0.035748 0.028650
vt 0.035748 0.028650
vt 0.158619 0.529926
vt 0.158619 0.529926
vt 0.158619 0.529926
vt 0.158619 0.529926
vt 0.158619 0.529926
vt 0.158619 0.529926
vt 0.158619 0.529926
vt 0.158619 0.529926
vt 0.158619 0.529926
vt 0.158619 0.529926
vt 0.158619 0.529926
vt 0.158619 0.529926
vt 0.158619 0.529926
vt 0.158619 0.529926
vt 0.158619 0.529926
vt 0.158619 0.529926
vt 0.158619 0.529926
vt 0.158619 0.529926
vt 0.158619 0.529926
vt 0.158619 0.529926
vt 0.158619 0.529926
vt 0.158619 0.529926
vt 0.158619 0.529926
vt 0.158619 0.529926
vt 0.158619 0.529926
vt 0.158619 0.529926
vt 0.158619 0.529926
vt 0.158619 0.529926
vt 0.158619 0.529926
vt 0.158619 0.529926
vt 0.158619 0.529926
vt 0.158619 0.529926
vt 0.158619 0.529926
vt 0.158619 0.529926
vt 0.158619 0.529926
vt 0.158619 0.529926
vt 0.035748 0.028650
vt 0.035748 0.028650
vt 0.035748 0.028650
vt 0.035748 0.028650
vt 0.158619 0.529926
vt 0.158619 0.529926
vt 0.158619 0.529926
vt 0.158619 0.529926
vt 0.158619 0.529926
vt 0.158619 0.529926
vt 0.158619 0.529926
vt 0.158619 0.529926
vt 0.158619 0.529926
vt 0.158619 0.529926
vt 0.158619 0.529926
vt 0.158619 0.529926
vt 0.035748 0.028650
vt 0.035748 0.028650
vt 0.035748 0.028650
vt 0.035748 0.028650
vt 0.035748 0.028650
vt 0.035748 0.028650
vt 0.035748 0.028650
vt 0.035748 0.028650
vt 0.158619 0.529926
vt 0.158619 0.529926
vt 0.158619 0.529926
vt 0.158619 0.529926
vt 0.158619 0.529926
vt 0.158619 0.529926
vt 0.158619 0.529926
vt 0.158619 0.529926
vt 0.158619 0.529926
vt 0.158619 0.529926
vt 0.158619 0.529926
vt 0.158619 0.529926
vt 0.158619 0.529926
vt 0.158619 0.529926
vt 0.158619 0.529926
vt 0.158619 0.529926
vt 0.158619 0.529926
vt 0.158619 0.529926
vt 0.093180 0.530506
vt 0.093180 0.530506
vt 0.030733 0.530760
vt 0.030733 0.530760
vt 0.030733 0.530760
vt 0.030733 0.530760
vt 0.030733 0.530760
vt 0.030733 0.530760
vt 0.030733 0.530760
vt 0.030733 0.530760
vt 0.030733 0.530760
vt 0.030733 0.530760
vt 0.030733 0.530760
vt 0.030733 0.530760
vt 0.030733 0.530760
vt 0.030733 0.530760
vt 0.030732 0.530760
vt 0.030732 0.530760
vt 0.030733 0.530760
vt 0.030733 0.530760
vt 0.030733 0.530760
vt 0.030733 0.530760
vt 0.093180 0.530506
vt 0.093180 0.530506
vt 0.093180 0.530506
vt 0.093180 0.530506
vt 0.093180 0.530506
vt 0.093180 0.530506
vt 0.030733 0.530760
vt 0.030733 0.530760
vt 0.030733 0.530760
vt 0.093180 0.530506
vt 0.093180 0.530506
vt 0.030733 0.530760
vt 0.030733 0.530760
vt 0.030733 0.530760
vt 0.030733 0.530760
vt 0.093180 0.530506
vt 0.093180 0.530506
vt 0.030733 0.530760
vt 0.030733 0.530760
vt 0.030733 0.530760
vt 0.030733 0.530760
vt 0.093180 0.530506
vt 0.093180 0.530506
vt 0.093180 0.530506
vt 0.093180 0.530506
vt 0.030733 0.530760
vt 0.030733 0.530760
vt 0.093180 0.530506
vt 0.093180 0.530506
vt 0.030733 0.530760
vt 0.030733 0.530760
vt 0.030733 0.530760
vt 0.030733 0.530760
vt 0.093180 0.530506
vt 0.093180 0.530506
vt 0.030733 0.530760
vt 0.093180 0.530506
vt 0.093180 0.530506
vt 0.093180 0.530506
vt 0.093180 0.530506
vt 0.093180 0.530506
vt 0.093180 0.530506
vt 0.030733 0.530760
vt 0.093180 0.530506
vt 0.093180 0.530506
vt 0.093180 0.530506
vt 0.093180 0.530506
vt 0.093180 0.530506
vt 0.093180 0.530506
vt 0.093180 0.530506
vt 0.093180 0.530506
vt 0.093180 0.530506
vt 0.218788 0.530432
vt 0.218788 0.530432
vt 0.218788 0.530432
vt 0.218788 0.530432
vt 0.093180 0.530506
vt 0.093180 0.530506
vt 0.030733 0.530760
vt 0.030733 0.530760
vt 0.030733 0.530760
vt 0.030733 0.530760
vt 0.030733 0.530760
vt 0.030733 0.530760
vt 0.030733 0.530760
vt 0.218788 0.530432
vt 0.218788 0.530432
vt 0.093180 0.530506
vt 0.093180 0.530506
vt 0.093180 0.530506
vt 0.218788 0.530432
vt 0.093180 0.530506
vt 0.093180 0.530506
vt 0.093180 0.530506
vt 0.093180 0.530506
vt 0.093180 0.530506
vt 0.030733 0.530760
vt 0.030733 0.530760
vt 0.030733 0.530760
vt 0.030733 0.530760
vt 0.093180 0.530506
vt 0.218788 0.530432
vt 0.218788 0.530432
vt 0.030733 0.530760
vt 0.030733 0.530760
vt 0.030733 0.530760
vt 0.030733 0.530760
vt 0.030733 0.530760
vt 0.093180 0.530506
vt 0.093180 0.530506
vt 0.030733 0.530760
vt 0.030733 0.530760
vt 0.030733 0.530760
vt 0.218788 0.530432
vt 0.218788 0.530432
vt 0.093180 0.530506
vt 0.093180 0.530506
vt 0.218788 0.530432
vt 0.218788 0.530432
vt 0.218788 0.530432
vt 0.218788 0.530432
vt 0.218788 0.530432
vt 0.218788 0.530432
vt 0.218788 0.530432
vt 0.030733 0.530760
vt 0.218788 0.530432
vt 0.218788 0.530432
vt 0.218788 0.530432
vt 0.218788 0.530432
vt 0.030733 0.530760
vt 0.218788 0.530432
vt 0.030733 0.530760
vt 0.218788 0.530432
vt 0.093180 0.530506
vt 0.093180 0.530506
vt 0.093180 0.530506
vt 0.218788 0.530432
vt 0.218788 0.530432
vt 0.158619 0.529926
vt 0.158619 0.529926
vt 0.158619 0.529926
vt 0.158619 0.529926
vt 0.158619 0.529926
vt 0.158619 0.529926
vt 0.158619 0.529926
vt 0.158619 0.529926
vt 0.158619 0.529926
vt 0.158619 0.529926
vt 0.158619 0.529926
vt 0.158619 0.529926
vt 0.158619 0.529926
vt 0.158619 0.529926
vt 0.158619 0.529926
vt 0.158619 0.529926
vt 0.158619 0.529926
vt 0.158619 0.529926
vt 0.035748 0.028650
vt 0.035748 0.028650
vt 0.035748 0.028650
vt 0.035748 0.028650
vt 0.158619 0.529926
vt 0.158619 0.529926
vt 0.158619 0.529926
vt 0.158619 0.529926
vt 0.158619 0.529926
vt 0.158619 0.529926
vt 0.158619 0.529926
vt 0.158619 0.529926
vt 0.158619 0.529926
vt 0.158619 0.529926
vt 0.158619 0.529926
vt 0.158619 0.529926
vt 0.035748 0.028650
vt 0.035748 0.028650
vt 0.035748 0.028650
vt 0.035748 0.028650
vt 0.035748 0.028650
vt 0.035748 0.028650
vt 0.035748 0.028650
vt 0.035748 0.028650
vt 0.158619 0.529926
vt 0.158619 0.529926
vt 0.158619 0.529926
vt 0.158619 0.529926
vt 0.158619 0.529926
vt 0.158619 0.529926
vt 0.158619 0.529926
vt 0.158619 0.529926
vt 0.158619 0.529926
vt 0.158619 0.529926
vt 0.158619 0.529926
vt 0.158619 0.529926
vt 0.158619 0.529926
vt 0.158619 0.529926
vt 0.158619 0.529926
vt 0.158619 0.529926
vt 0.158619 0.529926
vt 0.158619 0.529926
vt 0.158619 0.529926
vt 0.158619 0.529926
vt 0.158619 0.529926
vt 0.158619 0.529926
vt 0.158619 0.529926
vt 0.158619 0.529926
vt 0.158619 0.529926
vt 0.158619 0.529926
vt 0.158619 0.529926
vt 0.158619 0.529926
vt 0.158619 0.529926
vt 0.158619 0.529926
vt 0.158619 0.529926
vt 0.158619 0.529926
vt 0.158619 0.529926
vt 0.158619 0.529926
vt 0.158619 0.529926
vt 0.158619 0.529926
vt 0.035748 0.028650
vt 0.035748 0.028650
vt 0.035748 0.028650
vt 0.035748 0.028650
vt 0.158619 0.529926
vt 0.158619 0.529926
vt 0.158619 0.529926
vt 0.158619 0.529926
vt 0.158619 0.529926
vt 0.158619 0.529926
vt 0.158619 0.529926
vt 0.158619 0.529926
vt 0.158619 0.529926
vt 0.158619 0.529926
vt 0.158619 0.529926
vt 0.158619 0.529926
vt 0.035748 0.028650
vt 0.035748 0.028650
vt 0.035748 0.028650
vt 0.035748 0.028650
vt 0.035748 0.028650
vt 0.035748 0.028650
vt 0.035748 0.028650
vt 0.035748 0.028650
vt 0.158619 0.529926
vt 0.158619 0.529926
vt 0.158619 0.529926
vt 0.158619 0.529926
vt 0.158619 0.529926
vt 0.158619 0.529926
vt 0.158619 0.529926
vt 0.158619 0.529926
vt 0.158619 0.529926
vt 0.158619 0.529926
vt 0.158619 0.529926
vt 0.158619 0.529926
vt 0.158619 0.529926
vt 0.158619 0.529926
vt 0.158619 0.529926
vt 0.158619 0.529926
vt 0.158619 0.529926
vt 0.158619 0.529926
vt 0.030733 0.530760
vt 0.030733 0.530760
vt 0.030733 0.530760
vt 0.030733 0.530760
vt 0.030733 0.530760
vt 0.030733 0.530760
vt 0.030733 0.530760
vt 0.030733 0.530760
vt 0.030733 0.530760
vt 0.030733 0.530760
vt 0.030732 0.530760
vt 0.030732 0.530760
vt 0.030733 0.530760
vt 0.030733 0.530760
vt 0.030733 0.530760
vt 0.030733 0.530760
vt 0.093180 0.530506
vt 0.093180 0.530506
vt 0.093180 0.530506
vt 0.093180 0.530506
vt 0.093180 0.530506
vt 0.093180 0.530506
vt 0.030733 0.530760
vt 0.030733 0.530760
vt 0.030733 0.530760
vt 0.093180 0.530506
vt 0.093180 0.530506
vt 0.030733 0.530760
vt 0.030733 0.530760
vt 0.030733 0.530760
vt 0.030733 0.530760
vt 0.093180 0.530506
vt 0.093180 0.530506
vt 0.094649 0.530216
vt 0.030733 0.530760
vt 0.030733 0.530760
vt 0.030733 0.530760
vt 0.030733 0.530760
vt 0.093180 0.530506
vt 0.093180 0.530506
vt 0.093180 0.530506
vt 0.093180 0.530506
vt 0.030733 0.530760
vt 0.030733 0.530760
vt 0.093180 0.530506
vt 0.093180 0.530506
vt 0.030733 0.530760
vt 0.030733 0.530760
vt 0.030733 0.530760
vt 0.030733 0.530760
vt 0.093180 0.530506
vt 0.093180 0.530506
vt 0.030733 0.530760
vt 0.093180 0.530506
vt 0.093180 0.530506
vt 0.093180 0.530506
vt 0.093180 0.530506
vt 0.093180 0.530506
vt 0.093180 0.530506
vt 0.030733 0.530760
vt 0.093180 0.530506
vt 0.093180 0.530506
vt 0.093180 0.530506
vt 0.093180 0.530506
vt 0.093180 0.530506
vt 0.093180 0.530506
vt 0.093180 0.530506
vt 0.218788 0.530432
vt 0.218788 0.530432
vt 0.218788 0.530432
vt 0.218788 0.530432
vt 0.093180 0.530506
vt 0.093180 0.530506
vt 0.030733 0.530760
vt 0.030733 0.530760
vt 0.030733 0.530760
vt 0.030733 0.530760
vt 0.030733 0.530760
vt 0.030733 0.530760
vt 0.030733 0.530760
vt 0.218788 0.530432
vt 0.218788 0.530432
vt 0.093180 0.530506
vt 0.093180 0.530506
vt 0.093180 0.530506
vt 0.218788 0.530432
vt 0.093180 0.530506
vt 0.093180 0.530506
vt 0.093180 0.530506
vt 0.093180 0.530506
vt 0.093180 0.530506
vt 0.030733 0.530760
vt 0.030733 0.530760
vt 0.030733 0.530760
vt 0.030733 0.530760
vt 0.093180 0.530506
vt 0.218788 0.530432
vt 0.218788 0.530432
vt 0.030733 0.530760
vt 0.030733 0.530760
vt 0.030733 0.530760
vt 0.030733 0.530760
vt 0.030733 0.530760
vt 0.093180 0.530506
vt 0.093180 0.530506
vt 0.030733 0.530760
vt 0.030733 0.530760
vt 0.030733 0.530760
vt 0.218788 0.530432
vt 0.218788 0.530432
vt 0.093180 0.530506
vt 0.093180 0.530506
vt 0.218788 0.530432
vt 0.218788 0.530432
vt 0.218788 0.530432
vt 0.218788 0.530432
vt 0.218788 0.530432
vt 0.218788 0.530432
vt 0.218788 0.530432
vt 0.030733 0.530760
vt 0.218788 0.530432
vt 0.218788 0.530432
vt 0.218788 0.530432
vt 0.218788 0.530432
vt 0.030733 0.530760
vt 0.218788 0.530432
vt 0.030733 0.530760
vt 0.218788 0.530432
vt 0.093180 0.530506
vt 0.093180 0.530506
vt 0.093180 0.530506
vt 0.218788 0.530432
vt 0.218788 0.530432
vt 0.158619 0.529926
vt 0.158619 0.529926
vt 0.158619 0.529926
vt 0.158619 0.529926
vt 0.158619 0.529926
vt 0.158619 0.529926
vt 0.158619 0.529926
vt 0.158619 0.529926
vt 0.158619 0.529926
vt 0.158619 0.529926
vt 0.158619 0.529926
vt 0.158619 0.529926
vt 0.158619 0.529926
vt 0.158619 0.529926
vt 0.158619 0.529926
vt 0.158619 0.529926
vt 0.158619 0.529926
vt 0.158619 0.529926
vt 0.035748 0.028650
vt 0.035748 0.028650
vt 0.035748 0.028650
vt 0.035748 0.028650
vt 0.158619 0.529926
vt 0.158619 0.529926
vt 0.158619 0.529926
vt 0.158619 0.529926
vt 0.158619 0.529926
vt 0.158619 0.529926
vt 0.158619 0.529926
vt 0.158619 0.529926
vt 0.158619 0.529926
vt 0.158619 0.529926
vt 0.158619 0.529926
vt 0.158619 0.529926
vt 0.035748 0.028650
vt 0.035748 0.028650
vt 0.035748 0.028650
vt 0.035748 0.028650
vt 0.035748 0.028650
vt 0.035748 0.028650
vt 0.035748 0.028650
vt 0.035748 0.028650
vt 0.158619 0.529926
vt 0.158619 0.529926
vt 0.158619 0.529926
vt 0.158619 0.529926
vt 0.158619 0.529926
vt 0.158619 0.529926
vt 0.158619 0.529926
vt 0.158619 0.529926
vt 0.158619 0.529926
vt 0.158619 0.529926
vt 0.158619 0.529926
vt 0.158619 0.529926
vt 0.158619 0.529926
vt 0.158619 0.529926
vt 0.158619 0.529926
vt 0.158619 0.529926
vt 0.158619 0.529926
vt 0.158619 0.529926
vt 0.158619 0.529926
vt 0.158619 0.529926
vt 0.158619 0.529926
vt 0.158619 0.529926
vt 0.158619 0.529926
vt 0.158619 0.529926
vt 0.158619 0.529926
vt 0.158619 0.529926
vt 0.158619 0.529926
vt 0.158619 0.529926
vt 0.158619 0.529926
vt 0.158619 0.529926
vt 0.158619 0.529926
vt 0.158619 0.529926
vt 0.158619 0.529926
vt 0.158619 0.529926
vt 0.158619 0.529926
vt 0.158619 0.529926
vt 0.035748 0.028650
vt 0.035748 0.028650
vt 0.035748 0.028650
vt 0.035748 0.028650
vt 0.158619 0.529926
vt 0.158619 0.529926
vt 0.158619 0.529926
vt 0.158619 0.529926
vt 0.158619 0.529926
vt 0.158619 0.529926
vt 0.158619 0.529926
vt 0.158619 0.529926
vt 0.158619 0.529926
vt 0.158619 0.529926
vt 0.158619 0.529926
vt 0.158619 0.529926
vt 0.035748 0.028650
vt 0.035748 0.028650
vt 0.035748 0.028650
vt 0.035748 0.028650
vt 0.035748 0.028650
vt 0.035748 0.028650
vt 0.035748 0.028650
vt 0.035748 0.028650
vt 0.158619 0.529926
vt 0.158619 0.529926
vt 0.158619 0.529926
vt 0.158619 0.529926
vt 0.158619 0.529926
vt 0.158619 0.529926
vt 0.158619 0.529926
vt 0.158619 0.529926
vt 0.158619 0.529926
vt 0.158619 0.529926
vt 0.158619 0.529926
vt 0.158619 0.529926
vt 0.158619 0.529926
vt 0.158619 0.529926
vt 0.158619 0.529926
vt 0.158619 0.529926
vt 0.158619 0.529926
vt 0.158619 0.529926
vt 0.030733 0.530760
vt 0.030733 0.530760
vt 0.030733 0.530760
vt 0.030733 0.530760
vt 0.030733 0.530760
vt 0.030733 0.530760
vt 0.030733 0.530760
vt 0.030733 0.530760
vt 0.218788 0.530432
vt 0.218788 0.530432
vt 0.218788 0.530432
vt 0.218788 0.530432
vt 0.218788 0.530432
vt 0.218788 0.530432
vt 0.218788 0.530432
vt 0.218788 0.530432
vt 0.218788 0.530432
vt 0.218788 0.530432
vt 0.030733 0.530760
vt 0.030733 0.530760
vt 0.030733 0.530760
vt 0.030733 0.530760
vt 0.030732 0.530760
vt 0.030732 0.530760
vt 0.030733 0.530760
vt 0.093180 0.530506
vt 0.093180 0.530506
vt 0.093180 0.530506
vt 0.093180 0.530506
vt 0.093180 0.530506
vt 0.093180 0.530506
vt 0.030733 0.530760
vt 0.030733 0.530760
vt 0.030733 0.530760
vt 0.030733 0.530760
vt 0.093180 0.530506
vt 0.093180 0.530506
vt 0.030733 0.530760
vt 0.030733 0.530760
vt 0.030733 0.530760
vt 0.030733 0.530760
vt 0.093180 0.530506
vt 0.093180 0.530506
vt 0.218788 0.530432
vt 0.218788 0.530432
vt 0.218788 0.530432
vt 0.218788 0.530432
vt 0.218788 0.530432
vt 0.218788 0.530432
vt 0.218788 0.530432
vt 0.030733 0.530760
vt 0.030733 0.530760
vt 0.030733 0.530760
vt 0.030733 0.530760
vt 0.093180 0.530506
vt 0.093180 0.530506
vt 0.093180 0.530506
vt 0.093180 0.530506
vt 0.030733 0.530760
vt 0.030733 0.530760
vt 0.030733 0.530760
vt 0.093180 0.530506
vt 0.093180 0.530506
vt 0.030733 0.530760
vt 0.030733 0.530760
vt 0.030733 0.530760
vt 0.030733 0.530760
vt 0.093180 0.530506
vt 0.093180 0.530506
vt 0.030733 0.530760
vt 0.093180 0.530506
vt 0.093180 0.530506
vt 0.093180 0.530506
vt 0.093180 0.530506
vt 0.093180 0.530506
vt 0.030733 0.530760
vt 0.093180 0.530506
vt 0.030733 0.530760
vt 0.030733 0.530760
vt 0.093180 0.530506
vt 0.093180 0.530506
vt 0.093180 0.530506
vt 0.093180 0.530506
vt 0.218788 0.530432
vt 0.218788 0.530432
vt 0.218788 0.530432
vt 0.218788 0.530432
vt 0.093180 0.530506
vt 0.093180 0.530506
vt 0.030733 0.530760
vt 0.030733 0.530760
vt 0.030733 0.530760
vt 0.030733 0.530760
vt 0.030733 0.530760
vt 0.030733 0.530760
vt 0.030733 0.530760
vt 0.218788 0.530432
vt 0.218788 0.530432
vt 0.093180 0.530506
vt 0.093180 0.530506
vt 0.093180 0.530506
vt 0.218788 0.530432
vt 0.093180 0.530506
vt 0.093180 0.530506
vt 0.093180 0.530506
vt 0.093180 0.530506
vt 0.093180 0.530506
vt 0.030733 0.530760
vt 0.030733 0.530760
vt 0.030733 0.530760
vt 0.030733 0.530760
vt 0.093180 0.530506
vt 0.218788 0.530432
vt 0.218788 0.530432
vt 0.030733 0.530760
vt 0.030733 0.530760
vt 0.030733 0.530760
vt 0.030733 0.530760
vt 0.030733 0.530760
vt 0.093180 0.530506
vt 0.093180 0.530506
vt 0.030733 0.530760
vt 0.030733 0.530760
vt 0.030733 0.530760
vt 0.218788 0.530432
vt 0.218788 0.530432
vt 0.093180 0.530506
vt 0.093180 0.530506
vt 0.218788 0.530432
vt 0.218788 0.530432
vt 0.218788 0.530432
vt 0.218788 0.530432
vt 0.218788 0.530432
vt 0.218788 0.530432
vt 0.218788 0.530432
vt 0.030733 0.530760
vt 0.218788 0.530432
vt 0.218788 0.530432
vt 0.218788 0.530432
vt 0.218788 0.530432
vt 0.030733 0.530760
vt 0.218788 0.530432
vt 0.030733 0.530760
vt 0.218788 0.530432
vt 0.093180 0.530506
vt 0.093180 0.530506
vt 0.093180 0.530506
vt 0.218788 0.530432
vt 0.218788 0.530432
vt 0.158619 0.529926
vt 0.158619 0.529926
vt 0.158619 0.529926
vt 0.158619 0.529926
vt 0.158619 0.529926
vt 0.158619 0.529926
vt 0.158619 0.529926
vt 0.158619 0.529926
vt 0.158619 0.529926
vt 0.158619 0.529926
vt 0.158619 0.529926
vt 0.158619 0.529926
vt 0.158619 0.529926
vt 0.158619 0.529926
vt 0.158619 0.529926
vt 0.158619 0.529926
vt 0.158619 0.529926
vt 0.158619 0.529926
vt 0.035748 0.028650
vt 0.035748 0.028650
vt 0.035748 0.028650
vt 0.035748 0.028650
vt 0.158619 0.529926
vt 0.158619 0.529926
vt 0.158619 0.529926
vt 0.158619 0.529926
vt 0.158619 0.529926
vt 0.158619 0.529926
vt 0.158619 0.529926
vt 0.158619 0.529926
vt 0.158619 0.529926
vt 0.158619 0.529926
vt 0.158619 0.529926
vt 0.158619 0.529926
vt 0.035748 0.028650
vt 0.035748 0.028650
vt 0.035748 0.028650
vt 0.035748 0.028650
vt 0.035748 0.028650
vt 0.035748 0.028650
vt 0.035748 0.028650
vt 0.035748 0.028650
vt 0.158619 0.529926
vt 0.158619 0.529926
vt 0.158619 0.529926
vt 0.158619 0.529926
vt 0.158619 0.529926
vt 0.158619 0.529926
vt 0.158619 0.529926
vt 0.158619 0.529926
vt 0.158619 0.529926
vt 0.158619 0.529926
vt 0.158619 0.529926
vt 0.158619 0.529926
vt 0.158619 0.529926
vt 0.158619 0.529926
vt 0.158619 0.529926
vt 0.158619 0.529926
vt 0.158619 0.529926
vt 0.158619 0.529926
vt 0.158619 0.529926
vt 0.158619 0.529926
vt 0.158619 0.529926
vt 0.158619 0.529926
vt 0.158619 0.529926
vt 0.158619 0.529926
vt 0.158619 0.529926
vt 0.158619 0.529926
vt 0.158619 0.529926
vt 0.158619 0.529926
vt 0.158619 0.529926
vt 0.158619 0.529926
vt 0.158619 0.529926
vt 0.158619 0.529926
vt 0.158619 0.529926
vt 0.158619 0.529926
vt 0.158619 0.529926
vt 0.158619 0.529926
vt 0.035748 0.028650
vt 0.035748 0.028650
vt 0.035748 0.028650
vt 0.035748 0.028650
vt 0.158619 0.529926
vt 0.158619 0.529926
vt 0.158619 0.529926
vt 0.158619 0.529926
vt 0.158619 0.529926
vt 0.158619 0.529926
vt 0.158619 0.529926
vt 0.158619 0.529926
vt 0.158619 0.529926
vt 0.158619 0.529926
vt 0.158619 0.529926
vt 0.158619 0.529926
vt 0.035748 0.028650
vt 0.035748 0.028650
vt 0.035748 0.028650
vt 0.035748 0.028650
vt 0.035748 0.028650
vt 0.035748 0.028650
vt 0.035748 0.028650
vt 0.035748 0.028650
vt 0.158619 0.529926
vt 0.158619 0.529926
vt 0.158619 0.529926
vt 0.158619 0.529926
vt 0.158619 0.529926
vt 0.158619 0.529926
vt 0.158619 0.529926
vt 0.158619 0.529926
vt 0.158619 0.529926
vt 0.158619 0.529926
vt 0.158619 0.529926
vt 0.158619 0.529926
vt 0.158619 0.529926
vt 0.158619 0.529926
vt 0.158619 0.529926
vt 0.158619 0.529926
vt 0.158619 0.529926
vt 0.158619 0.529926
vt 0.093180 0.530506
vt 0.093180 0.530506
vt 0.030733 0.530760
vt 0.030733 0.530760
vt 0.030733 0.530760
vt 0.030733 0.530760
vt 0.030733 0.530760
vt 0.030733 0.530760
vt 0.030733 0.530760
vt 0.030733 0.530760
vt 0.030733 0.530760
vt 0.030733 0.530760
vt 0.218788 0.530432
vt 0.218788 0.530432
vt 0.218788 0.530432
vt 0.218788 0.530432
vt 0.218788 0.530432
vt 0.218788 0.530432
vt 0.218788 0.530432
vt 0.218788 0.530432
vt 0.030733 0.530760
vt 0.030733 0.530760
vt 0.030733 0.530760
vt 0.030733 0.530760
vt 0.030732 0.530760
vt 0.030732 0.530760
vt 0.218788 0.530432
vt 0.218788 0.530432
vt 0.218788 0.530432
vt 0.030733 0.530760
vt 0.093180 0.530506
vt 0.093180 0.530506
vt 0.093180 0.530506
vt 0.093180 0.530506
vt 0.093180 0.530506
vt 0.093180 0.530506
vt 0.030733 0.530760
vt 0.030733 0.530760
vt 0.030733 0.530760
vt 0.030733 0.530760
vt 0.093180 0.530506
vt 0.093180 0.530506
vt 0.030733 0.530760
vt 0.030733 0.530760
vt 0.030733 0.530760
vt 0.030733 0.530760
vt 0.093180 0.530506
vt 0.093180 0.530506
vt 0.218788 0.530432
vt 0.218788 0.530432
vt 0.218788 0.530432
vt 0.218788 0.530432
vt 0.218788 0.530432
vt 0.218788 0.530432
vt 0.030733 0.530760
vt 0.030733 0.530760
vt 0.030733 0.530760
vt 0.030733 0.530760
vt 0.093180 0.530506
vt 0.093180 0.530506
vt 0.093180 0.530506
vt 0.093180 0.530506
vt 0.030733 0.530760
vt 0.030733 0.530760
vt 0.030733 0.530760
vt 0.093180 0.530506
vt 0.093180 0.530506
vt 0.030733 0.530760
vt 0.030733 0.530760
vt 0.030733 0.530760
vt 0.030733 0.530760
vt 0.093180 0.530506
vt 0.093180 0.530506
vt 0.030733 0.530760
vt 0.093180 0.530506
vt 0.093180 0.530506
vt 0.093180 0.530506
vt 0.093180 0.530506
vt 0.093180 0.530506
vt 0.030733 0.530760
vt 0.093180 0.530506
vt 0.093180 0.530506
vt 0.093180 0.530506
vt 0.093180 0.530506
vt 0.093180 0.530506
vt 0.218788 0.530432
vt 0.218788 0.530432
vt 0.218788 0.530432
vt 0.218788 0.530432
vt 0.093180 0.530506
vt 0.093180 0.530506
vt 0.030733 0.530760
vt 0.030733 0.530760
vt 0.030733 0.530760
vt 0.030733 0.530760
vt 0.030733 0.530760
vt 0.030733 0.530760
vt 0.030733 0.530760
vt 0.218788 0.530432
vt 0.218788 0.530432
vt 0.093180 0.530506
vt 0.093180 0.530506
vt 0.093180 0.530506
vt 0.218788 0.530432
vt 0.093180 0.530506
vt 0.093180 0.530506
vt 0.093180 0.530506
vt 0.093180 0.530506
vt 0.093180 0.530506
vt 0.030733 0.530760
vt 0.030733 0.530760
vt 0.030733 0.530760
vt 0.030733 0.530760
vt 0.093180 0.530506
vt 0.218788 0.530432
vt 0.218788 0.530432
vt 0.030733 0.530760
vt 0.030733 0.530760
vt 0.030733 0.530760
vt 0.030733 0.530760
vt 0.030733 0.530760
vt 0.093180 0.530506
vt 0.093180 0.530506
vt 0.030733 0.530760
vt 0.030733 0.530760
vt 0.030733 0.530760
vt 0.218788 0.530432
vt 0.218788 0.530432
vt 0.093180 0.530506
vt 0.093180 0.530506
vt 0.218788 0.530432
vt 0.218788 0.530432
vt 0.218788 0.530432
vt 0.218788 0.530432
vt 0.218788 0.530432
vt 0.218788 0.530432
vt 0.218788 0.530432
vt 0.030733 0.530760
vt 0.218788 0.530432
vt 0.218788 0.530432
vt 0.218788 0.530432
vt 0.218788 0.530432
vt 0.030733 0.530760
vt 0.218788 0.530432
vt 0.030733 0.530760
vt 0.218788 0.530432
vt 0.093180 0.530506
vt 0.093180 0.530506
vt 0.093180 0.530506
vt 0.218788 0.530432
vt 0.218788 0.530432
vt 0.158619 0.529926
vt 0.158619 0.529926
vt 0.158619 0.529926
vt 0.158619 0.529926
vt 0.158619 0.529926
vt 0.158619 0.529926
vt 0.158619 0.529926
vt 0.158619 0.529926
vt 0.158619 0.529926
vt 0.158619 0.529926
vt 0.158619 0.529926
vt 0.158619 0.529926
vt 0.158619 0.529926
vt 0.158619 0.529926
vt 0.158619 0.529926
vt 0.158619 0.529926
vt 0.158619 0.529926
vt 0.158619 0.529926
vt 0.035748 0.028650
vt 0.035748 0.028650
vt 0.035748 0.028650
vt 0.035748 0.028650
vt 0.158619 0.529926
vt 0.158619 0.529926
vt 0.158619 0.529926
vt 0.158619 0.529926
vt 0.158619 0.529926
vt 0.158619 0.529926
vt 0.158619 0.529926
vt 0.158619 0.529926
vt 0.158619 0.529926
vt 0.158619 0.529926
vt 0.158619 0.529926
vt 0.158619 0.529926
vt 0.035748 0.028650
vt 0.035748 0.028650
vt 0.035748 0.028650
vt 0.035748 0.028650
vt 0.035748 0.028650
vt 0.035748 0.028650
vt 0.035748 0.028650
vt 0.035748 0.028650
vt 0.158619 0.529926
vt 0.158619 0.529926
vt 0.158619 0.529926
vt 0.158619 0.529926
vt 0.158619 0.529926
vt 0.158619 0.529926
vt 0.158619 0.529926
vt 0.158619 0.529926
vt 0.158619 0.529926
vt 0.158619 0.529926
vt 0.158619 0.529926
vt 0.158619 0.529926
vt 0.158619 0.529926
vt 0.158619 0.529926
vt 0.158619 0.529926
vt 0.158619 0.529926
vt 0.158619 0.529926
vt 0.158619 0.529926
vt 0.158619 0.529926
vt 0.158619 0.529926
vt 0.158619 0.529926
vt 0.158619 0.529926
vt 0.158619 0.529926
vt 0.158619 0.529926
vt 0.158619 0.529926
vt 0.158619 0.529926
vt 0.158619 0.529926
vt 0.158619 0.529926
vt 0.158619 0.529926
vt 0.158619 0.529926
vt 0.158619 0.529926
vt 0.158619 0.529926
vt 0.158619 0.529926
vt 0.158619 0.529926
vt 0.158619 0.529926
vt 0.158619 0.529926
vt 0.035748 0.028650
vt 0.035748 0.028650
vt 0.035748 0.028650
vt 0.035748 0.028650
vt 0.158619 0.529926
vt 0.158619 0.529926
vt 0.158619 0.529926
vt 0.158619 0.529926
vt 0.158619 0.529926
vt 0.158619 0.529926
vt 0.158619 0.529926
vt 0.158619 0.529926
vt 0.158619 0.529926
vt 0.158619 0.529926
vt 0.158619 0.529926
vt 0.158619 0.529926
vt 0.035748 0.028650
vt 0.035748 0.028650
vt 0.035748 0.028650
vt 0.035748 0.028650
vt 0.035748 0.028650
vt 0.035748 0.028650
vt 0.035748 0.028650
vt 0.035748 0.028650
vt 0.158619 0.529926
vt 0.158619 0.529926
vt 0.158619 0.529926
vt 0.158619 0.529926
vt 0.158619 0.529926
vt 0.158619 0.529926
vt 0.158619 0.529926
vt 0.158619 0.529926
vt 0.158619 0.529926
vt 0.158619 0.529926
vt 0.158619 0.529926
vt 0.158619 0.529926
vt 0.158619 0.529926
vt 0.158619 0.529926
vt 0.158619 0.529926
vt 0.158619 0.529926
vt 0.158619 0.529926
vt 0.158619 0.529926
vt 0.093180 0.530506
vt 0.093180 0.530506
vt 0.030733 0.530760
vt 0.030733 0.530760
vt 0.030733 0.530760
vt 0.030733 0.530760
vt 0.030733 0.530760
vt 0.030733 0.530760
vt 0.030733 0.530760
vt 0.030733 0.530760
vt 0.218788 0.530432
vt 0.218788 0.530432
vt 0.218788 0.530432
vt 0.218788 0.530432
vt 0.218788 0.530432
vt 0.218788 0.530432
vt 0.030733 0.530760
vt 0.030733 0.530760
vt 0.030733 0.530760
vt 0.030733 0.530760
vt 0.030732 0.530760
vt 0.030732 0.530760
vt 0.218788 0.530432
vt 0.218788 0.530432
vt 0.030733 0.530760
vt 0.030733 0.530760
vt 0.030733 0.530760
vt 0.093180 0.530506
vt 0.093180 0.530506
vt 0.093180 0.530506
vt 0.093180 0.530506
vt 0.093180 0.530506
vt 0.093180 0.530506
vt 0.030733 0.530760
vt 0.030733 0.530760
vt 0.030733 0.530760
vt 0.030733 0.530760
vt 0.093180 0.530506
vt 0.093180 0.530506
vt 0.030733 0.530760
vt 0.030733 0.530760
vt 0.030733 0.530760
vt 0.030733 0.530760
vt 0.093180 0.530506
vt 0.093180 0.530506
vt 0.218788 0.530432
vt 0.218788 0.530432
vt 0.030733 0.530760
vt 0.030733 0.530760
vt 0.030733 0.530760
vt 0.030733 0.530760
vt 0.093180 0.530506
vt 0.093180 0.530506
vt 0.093180 0.530506
vt 0.093180 0.530506
vt 0.030733 0.530760
vt 0.030733 0.530760
vt 0.030733 0.530760
vt 0.093180 0.530506
vt 0.093180 0.530506
vt 0.030733 0.530760
vt 0.030733 0.530760
vt 0.030733 0.530760
vt 0.030733 0.530760
vt 0.093180 0.530506
vt 0.093180 0.530506
vt 0.030733 0.530760
vt 0.093180 0.530506
vt 0.093180 0.530506
vt 0.093180 0.530506
vt 0.093180 0.530506
vt 0.093180 0.530506
vt 0.093180 0.530506
vt 0.030733 0.530760
vt 0.093180 0.530506
vt 0.093180 0.530506
vt 0.093180 0.530506
vt 0.093180 0.530506
vt 0.093180 0.530506
vt 0.093180 0.530506
vt 0.093180 0.530506
vt 0.093180 0.530506
vt 0.093180 0.530506
vt 0.218788 0.530432
vt 0.218788 0.530432
vt 0.218788 0.530432
vt 0.218788 0.530432
vt 0.093180 0.530506
vt 0.093180 0.530506
vt 0.030733 0.530760
vt 0.030733 0.530760
vt 0.030733 0.530760
vt 0.030733 0.530760
vt 0.030733 0.530760
vt 0.030733 0.530760
vt 0.030733 0.530760
vt 0.218788 0.530432
vt 0.218788 0.530432
vt 0.093180 0.530506
vt 0.093180 0.530506
vt 0.093180 0.530506
vt 0.218788 0.530432
vt 0.093180 0.530506
vt 0.093180 0.530506
vt 0.093180 0.530506
vt 0.093180 0.530506
vt 0.093180 0.530506
vt 0.030733 0.530760
vt 0.030733 0.530760
vt 0.030733 0.530760
vt 0.030733 0.530760
vt 0.093180 0.530506
vt 0.218788 0.530432
vt 0.218788 0.530432
vt 0.030733 0.530760
vt 0.030733 0.530760
vt 0.030733 0.530760
vt 0.030733 0.530760
vt 0.030733 0.530760
vt 0.093180 0.530506
vt 0.093180 0.530506
vt 0.030733 0.530760
vt 0.030733 0.530760
vt 0.030733 0.530760
vt 0.218788 0.530432
vt 0.218788 0.530432
vt 0.093180 0.530506
vt 0.093180 0.530506
vt 0.218788 0.530432
vt 0.218788 0.530432
vt 0.218788 0.530432
vt 0.218788 0.530432
vt 0.218788 0.530432
vt 0.218788 0.530432
vt 0.218788 0.530432
vt 0.030733 0.530760
vt 0.218788 0.530432
vt 0.218788 0.530432
vt 0.218788 0.530432
vt 0.218788 0.530432
vt 0.030733 0.530760
vt 0.218788 0.530432
vt 0.030733 0.530760
vt 0.218788 0.530432
vt 0.093180 0.530506
vt 0.093180 0.530506
vt 0.093180 0.530506
vt 0.218788 0.530432
vt 0.218788 0.530432
vt 0.158619 0.529926
vt 0.158619 0.529926
vt 0.158619 0.529926
vt 0.158619 0.529926
vt 0.158619 0.529926
vt 0.158619 0.529926
vt 0.158619 0.529926
vt 0.158619 0.529926
vt 0.158619 0.529926
vt 0.158619 0.529926
vt 0.158619 0.529926
vt 0.158619 0.529926
vt 0.158619 0.529926
vt 0.158619 0.529926
vt 0.158619 0.529926
vt 0.158619 0.529926
vt 0.158619 0.529926
vt 0.158619 0.529926
vt 0.035748 0.028650
vt 0.035748 0.028650
vt 0.035748 0.028650
vt 0.035748 0.028650
vt 0.158619 0.529926
vt 0.158619 0.529926
vt 0.158619 0.529926
vt 0.158619 0.529926
vt 0.158619 0.529926
vt 0.158619 0.529926
vt 0.158619 0.529926
vt 0.158619 0.529926
vt 0.158619 0.529926
vt 0.158619 0.529926
vt 0.158619 0.529926
vt 0.158619 0.529926
vt 0.035748 0.028650
vt 0.035748 0.028650
vt 0.035748 0.028650
vt 0.035748 0.028650
vt 0.035748 0.028650
vt 0.035748 0.028650
vt 0.035748 0.028650
vt 0.035748 0.028650
vt 0.158619 0.529926
vt 0.158619 0.529926
vt 0.158619 0.529926
vt 0.158619 0.529926
vt 0.158619 0.529926
vt 0.158619 0.529926
vt 0.158619 0.529926
vt 0.158619 0.529926
vt 0.158619 0.529926
vt 0.158619 0.529926
vt 0.158619 0.529926
vt 0.158619 0.529926
vt 0.158619 0.529926
vt 0.158619 0.529926
vt 0.158619 0.529926
vt 0.158619 0.529926
vt 0.158619 0.529926
vt 0.158619 0.529926
vt 0.158619 0.529926
vt 0.158619 0.529926
vt 0.158619 0.529926
vt 0.158619 0.529926
vt 0.158619 0.529926
vt 0.158619 0.529926
vt 0.158619 0.529926
vt 0.158619 0.529926
vt 0.158619 0.529926
vt 0.158619 0.529926
vt 0.158619 0.529926
vt 0.158619 0.529926
vt 0.158619 0.529926
vt 0.158619 0.529926
vt 0.158619 0.529926
vt 0.158619 0.529926
vt 0.158619 0.529926
vt 0.158619 0.529926
vt 0.035748 0.028650
vt 0.035748 0.028650
vt 0.035748 0.028650
vt 0.035748 0.028650
vt 0.158619 0.529926
vt 0.158619 0.529926
vt 0.158619 0.529926
vt 0.158619 0.529926
vt 0.158619 0.529926
vt 0.158619 0.529926
vt 0.158619 0.529926
vt 0.158619 0.529926
vt 0.158619 0.529926
vt 0.158619 0.529926
vt 0.158619 0.529926
vt 0.158619 0.529926
vt 0.035748 0.028650
vt 0.035748 0.028650
vt 0.035748 0.028650
vt 0.035748 0.028650
vt 0.035748 0.028650
vt 0.035748 0.028650
vt 0.035748 0.028650
vt 0.035748 0.028650
vt 0.158619 0.529926
vt 0.158619 0.529926
vt 0.158619 0.529926
vt 0.158619 0.529926
vt 0.158619 0.529926
vt 0.158619 0.529926
vt 0.158619 0.529926
vt 0.158619 0.529926
vt 0.158619 0.529926
vt 0.158619 0.529926
vt 0.158619 0.529926
vt 0.158619 0.529926
vt 0.158619 0.529926
vt 0.158619 0.529926
vt 0.158619 0.529926
vt 0.158619 0.529926
vt 0.158619 0.529926
vt 0.158619 0.529926
vt 0.030733 0.530760
vt 0.030733 0.530760
vt 0.030733 0.530760
vt 0.030733 0.530760
vt 0.218788 0.530432
vt 0.030733 0.530760
vt 0.030733 0.530760
vt 0.030733 0.530760
vt 0.030733 0.530760
vt 0.030732 0.530760
vt 0.030732 0.530760
vt 0.218788 0.530432
vt 0.218788 0.530432
vt 0.218788 0.530432
vt 0.218788 0.530432
vt 0.030733 0.530760
vt 0.030733 0.530760
vt 0.030733 0.530760
vt 0.093180 0.530506
vt 0.093180 0.530506
vt 0.093180 0.530506
vt 0.093180 0.530506
vt 0.093180 0.530506
vt 0.093180 0.530506
vt 0.030733 0.530760
vt 0.030733 0.530760
vt 0.030733 0.530760
vt 0.030733 0.530760
vt 0.093180 0.530506
vt 0.093180 0.530506
vt 0.030733 0.530760
vt 0.030733 0.530760
vt 0.030733 0.530760
vt 0.030733 0.530760
vt 0.093180 0.530506
vt 0.093180 0.530506
vt 0.030733 0.530760
vt 0.030733 0.530760
vt 0.030733 0.530760
vt 0.030733 0.530760
vt 0.093180 0.530506
vt 0.093180 0.530506
vt 0.093180 0.530506
vt 0.093180 0.530506
vt 0.030733 0.530760
vt 0.030733 0.530760
vt 0.030733 0.530760
vt 0.093180 0.530506
vt 0.093180 0.530506
vt 0.030733 0.530760
vt 0.030733 0.530760
vt 0.030733 0.530760
vt 0.030733 0.530760
vt 0.093180 0.530506
vt 0.093180 0.530506
vt 0.030733 0.530760
vt 0.093180 0.530506
vt 0.093180 0.530506
vt 0.093180 0.530506
vt 0.093180 0.530506
vt 0.093180 0.530506
vt 0.093180 0.530506
vt 0.030733 0.530760
vt 0.093180 0.530506
vt 0.093180 0.530506
vt 0.093180 0.530506
vt 0.093180 0.530506
vt 0.093180 0.530506
vt 0.093180 0.530506
vt 0.093180 0.530506
vt 0.218788 0.530432
vt 0.218788 0.530432
vt 0.218788 0.530432
vt 0.218788 0.530432
vt 0.093180 0.530506
vt 0.093180 0.530506
vt 0.030733 0.530760
vt 0.030733 0.530760
vt 0.030733 0.530760
vt 0.030733 0.530760
vt 0.030733 0.530760
vt 0.030733 0.530760
vt 0.030733 0.530760
vt 0.218788 0.530432
vt 0.218788 0.530432
vt 0.093180 0.530506
vt 0.093180 0.530506
vt 0.093180 0.530506
vt 0.218788 0.530432
vt 0.093180 0.530506
vt 0.093180 0.530506
vt 0.093180 0.530506
vt 0.093180 0.530506
vt 0.093180 0.530506
vt 0.030733 0.530760
vt 0.030733 0.530760
vt 0.030733 0.530760
vt 0.030733 0.530760
vt 0.093180 0.530506
vt 0.218788 0.530432
vt 0.218788 0.530432
vt 0.030733 0.530760
vt 0.030733 0.530760
vt 0.030733 0.530760
vt 0.030733 0.530760
vt 0.030733 0.530760
vt 0.093180 0.530506
vt 0.093180 0.530506
vt 0.030733 0.530760
vt 0.030733 0.530760
vt 0.030733 0.530760
vt 0.218788 0.530432
vt 0.218788 0.530432
vt 0.093180 0.530506
vt 0.093180 0.530506
vt 0.218788 0.530432
vt 0.218788 0.530432
vt 0.218788 0.530432
vt 0.218788 0.530432
vt 0.218788 0.530432
vt 0.218788 0.530432
vt 0.218788 0.530432
vt 0.030733 0.530760
vt 0.218788 0.530432
vt 0.218788 0.530432
vt 0.218788 0.530432
vt 0.218788 0.530432
vt 0.030733 0.530760
vt 0.218788 0.530432
vt 0.030733 0.530760
vt 0.218788 0.530432
vt 0.093180 0.530506
vt 0.093180 0.530506
vt 0.093180 0.530506
vt 0.218788 0.530432
vt 0.218788 0.530432
vt 0.158619 0.529926
vt 0.158619 0.529926
vt 0.158619 0.529926
vt 0.158619 0.529926
vt 0.158619 0.529926
vt 0.158619 0.529926
vt 0.158619 0.529926
vt 0.158619 0.529926
vt 0.158619 0.529926
vt 0.158619 0.529926
vt 0.158619 0.529926
vt 0.158619 0.529926
vt 0.158619 0.529926
vt 0.158619 0.529926
vt 0.158619 0.529926
vt 0.158619 0.529926
vt 0.158619 0.529926
vt 0.158619 0.529926
vt 0.035748 0.028650
vt 0.035748 0.028650
vt 0.035748 0.028650
vt 0.035748 0.028650
vt 0.158619 0.529926
vt 0.158619 0.529926
vt 0.158619 0.529926
vt 0.158619 0.529926
vt 0.158619 0.529926
vt 0.158619 0.529926
vt 0.158619 0.529926
vt 0.158619 0.529926
vt 0.158619 0.529926
vt 0.158619 0.529926
vt 0.158619 0.529926
vt 0.158619 0.529926
vt 0.035748 0.028650
vt 0.035748 0.028650
vt 0.035748 0.028650
vt 0.035748 0.028650
vt 0.035748 0.028650
vt 0.035748 0.028650
vt 0.035748 0.028650
vt 0.035748 0.028650
vt 0.158619 0.529926
vt 0.158619 0.529926
vt 0.158619 0.529926
vt 0.158619 0.529926
vt 0.158619 0.529926
vt 0.158619 0.529926
vt 0.158619 0.529926
vt 0.158619 0.529926
vt 0.158619 0.529926
vt 0.158619 0.529926
vt 0.158619 0.529926
vt 0.158619 0.529926
vt 0.158619 0.529926
vt 0.158619 0.529926
vt 0.158619 0.529926
vt 0.158619 0.529926
vt 0.158619 0.529926
vt 0.158619 0.529926
vt 0.158619 0.529926
vt 0.158619 0.529926
vt 0.158619 0.529926
vt 0.158619 0.529926
vt 0.158619 0.529926
vt 0.158619 0.529926
vt 0.158619 0.529926
vt 0.158619 0.529926
vt 0.158619 0.529926
vt 0.158619 0.529926
vt 0.158619 0.529926
vt 0.158619 0.529926
vt 0.158619 0.529926
vt 0.158619 0.529926
vt 0.158619 0.529926
vt 0.158619 0.529926
vt 0.158619 0.529926
vt 0.158619 0.529926
vt 0.035748 0.028650
vt 0.035748 0.028650
vt 0.035748 0.028650
vt 0.035748 0.028650
vt 0.158619 0.529926
vt 0.158619 0.529926
vt 0.158619 0.529926
vt 0.158619 0.529926
vt 0.158619 0.529926
vt 0.158619 0.529926
vt 0.158619 0.529926
vt 0.158619 0.529926
vt 0.158619 0.529926
vt 0.158619 0.529926
vt 0.158619 0.529926
vt 0.158619 0.529926
vt 0.035748 0.028650
vt 0.035748 0.028650
vt 0.035748 0.028650
vt 0.035748 0.028650
vt 0.035748 0.028650
vt 0.035748 0.028650
vt 0.035748 0.028650
vt 0.035748 0.028650
vt 0.158619 0.529926
vt 0.158619 0.529926
vt 0.158619 0.529926
vt 0.158619 0.529926
vt 0.158619 0.529926
vt 0.158619 0.529926
vt 0.158619 0.529926
vt 0.158619 0.529926
vt 0.158619 0.529926
vt 0.158619 0.529926
vt 0.158619 0.529926
vt 0.158619 0.529926
vt 0.158619 0.529926
vt 0.158619 0.529926
vt 0.158619 0.529926
vt 0.158619 0.529926
vt 0.158619 0.529926
vt 0.158619 0.529926
vt 0.279601 0.529353
vt 0.279601 0.529353
vt 0.279601 0.529353
vt 0.279601 0.529353
vt 0.279601 0.529353
vt 0.279601 0.529353
vt 0.279601 0.529353
vt 0.279601 0.529353
vt 0.279601 0.529353
vt 0.279601 0.529353
vt 0.279601 0.529353
vt 0.279601 0.529353
vt 0.279601 0.529353
vt 0.279601 0.529353
vt 0.279601 0.529353
vt 0.030733 0.530760
vt 0.030733 0.530760
vt 0.030733 0.530760
vt 0.030733 0.530760
vt 0.279601 0.529353
vt 0.279601 0.529353
vt 0.279601 0.529353
vt 0.279601 0.529353
vt 0.279601 0.529353
vt 0.279601 0.529353
vt 0.279601 0.529353
vt 0.279601 0.529353
vt 0.279601 0.529353
vt 0.279601 0.529353
vt 0.218788 0.530432
vt 0.218788 0.530432
vt 0.218788 0.530432
vt 0.218788 0.530432
vt 0.218788 0.530432
vt 0.218788 0.530432
vt 0.218788 0.530432
vt 0.218788 0.530432
vt 0.218788 0.530432
vt 0.218788 0.530432
vt 0.218788 0.530432
vt 0.218788 0.530432
vt 0.218788 0.530432
vt 0.218788 0.530432
vt 0.218788 0.530432
vt 0.218788 0.530432
vt 0.218788 0.530432
vt 0.218788 0.530432
vt 0.218788 0.530432
vt 0.218788 0.530432
vt 0.218788 0.530432
vt 0.218788 0.530432
vt 0.218788 0.530432
vt 0.218788 0.530432
vt 0.218788 0.530432
vt 0.218788 0.530432
vt 0.218788 0.530432
vt 0.218788 0.530432
vt 0.218788 0.530432
vt 0.218788 0.530432
vt 0.218788 0.530432
vt 0.218788 0.530432
vt 0.218788 0.530432
vt 0.218788 0.530432
vt 0.218788 0.530432
vt 0.218788 0.530432
vt 0.218788 0.530432
vt 0.218788 0.530432
vt 0.218788 0.530432
vt 0.218788 0.530432
vt 0.218788 0.530432
vt 0.218788 0.530432
vt 0.218788 0.530432
vt 0.218788 0.530432
vt 0.218788 0.530432
vt 0.218788 0.530432
vt 0.218788 0.530432
vt 0.218788 0.530432
vt 0.218788 0.530432
vt 0.030733 0.530760
vt 0.030733 0.530760
vt 0.030733 0.530760
vt 0.030733 0.530760
vt 0.030733 0.530760
vt 0.030733 0.530760
vt 0.030733 0.530760
vt 0.030733 0.530760
vt 0.035748 0.028650
vt 0.035748 0.028650
vt 0.035748 0.028650
vt 0.035748 0.028650
vt 0.035748 0.028650
vt 0.035748 0.028650
vt 0.035748 0.028650
vt 0.035748 0.028650
vt 0.035748 0.028650
vt 0.035748 0.028650
vt 0.035748 0.028650
vt 0.035748 0.028650
vt 0.035748 0.028650
vt 0.035748 0.028650
vt 0.035748 0.028650
vt 0.035748 0.028650
vt 0.035748 0.028650
vt 0.035748 0.028650
vt 0.030733 0.530760
vt 0.030733 0.530760
vt 0.030733 0.530760
vt 0.030733 0.530760
vt 0.030733 0.530760
vt 0.030733 0.530760
vt 0.030733 0.530760
vt 0.218788 0.530432
vt 0.218788 0.530432
vt 0.218788 0.530432
vt 0.218788 0.530432
vt 0.218788 0.530432
vt 0.218788 0.530432
vt 0.218788 0.530432
vt 0.218788 0.530432
vt 0.218788 0.530432
vt 0.218788 0.530432
vt 0.218788 0.530432
vt 0.218788 0.530432
vt 0.030733 0.530760
vt 0.218788 0.530432
vt 0.218788 0.530432
vt 0.218788 0.530432
vt 0.218788 0.530432
vt 0.093180 0.530506
vt 0.093180 0.530506
vt 0.093180 0.530506
vt 0.093180 0.530506
vt 0.030733 0.530760
vt 0.030733 0.530760
vt 0.030733 0.530760
vt 0.030733 0.530760
vt 0.030733 0.530760
vt 0.030733 0.530760
vt 0.030733 0.530760
vt 0.030733 0.530760
vt 0.030733 0.530760
vt 0.030733 0.530760
vt 0.030733 0.530760
vt 0.030733 0.530760
vt 0.030733 0.530760
vt 0.030733 0.530760
vt 0.030733 0.530760
vt 0.030733 0.530760
vt 0.279601 0.529353
vt 0.279601 0.529353
vt 0.030733 0.530760
vt 0.093180 0.530506
vt 0.093180 0.530506
vt 0.093180 0.530506
vt 0.093180 0.530506
vt 0.030733 0.530760
vt 0.093180 0.530506
vt 0.093180 0.530506
vt 0.093180 0.530506
vt 0.093180 0.530506
vt 0.093180 0.530506
vt 0.093180 0.530506
vt 0.093180 0.530506
vt 0.093180 0.530506
vt 0.093180 0.530506
vt 0.093180 0.530506
vt 0.093180 0.530506
vt 0.093180 0.530506
vt 0.093180 0.530506
vt 0.093180 0.530506
vt 0.279601 0.529353
vt 0.279601 0.529353
vt 0.279601 0.529353
vt 0.279601 0.529353
vt 0.279601 0.529353
vt 0.279601 0.529353
vt 0.279601 0.529353
vt 0.279601 0.529353
vt 0.279601 0.529353
vt 0.218788 0.530432
vt 0.218788 0.530432
vt 0.218788 0.530432
vt 0.218788 0.530432
vt 0.218788 0.530432
vt 0.218788 0.530432
vt 0.218788 0.530432
vt 0.218788 0.530432
vt 0.158619 0.529926
vt 0.158619 0.529926
vt 0.158619 0.529926
vt 0.158619 0.529926
vt 0.158619 0.529926
vt 0.158619 0.529926
vt 0.158619 0.529926
vt 0.158619 0.529926
vt 0.158619 0.529926
vt 0.158619 0.529926
vt 0.158619 0.529926
vt 0.158619 0.529926
vt 0.158619 0.529926
vt 0.158619 0.529926
vt 0.158619 0.529926
vt 0.158619 0.529926
vt 0.158619 0.529926
vt 0.158619 0.529926
vt 0.158619 0.529926
vt 0.158619 0.529926
vt 0.158619 0.529926
vt 0.158619 0.529926
vt 0.158619 0.529926
vt 0.158619 0.529926
vt 0.158619 0.529926
vt 0.158619 0.529926
vt 0.158619 0.529926
vt 0.158619 0.529926
vt 0.158619 0.529926
vt 0.158619 0.529926
vt 0.158619 0.529926
vt 0.158619 0.529926
vt 0.158619 0.529926
vt 0.158619 0.529926
vt 0.158619 0.529926
vt 0.158619 0.529926
vt 0.158619 0.529926
vt 0.158619 0.529926
vt 0.158619 0.529926
vt 0.158619 0.529926
vt 0.158619 0.529926
vt 0.158619 0.529926
vt 0.158619 0.529926
vt 0.158619 0.529926
vt 0.158619 0.529926
vt 0.158619 0.529926
vt 0.035748 0.028650
vt 0.035748 0.028650
vt 0.035748 0.028650
vt 0.035748 0.028650
vt 0.158619 0.529926
vt 0.158619 0.529926
vt 0.158619 0.529926
vt 0.158619 0.529926
vt 0.158619 0.529926
vt 0.158619 0.529926
vt 0.158619 0.529926
vt 0.158619 0.529926
vt 0.158619 0.529926
vt 0.158619 0.529926
vt 0.158619 0.529926
vt 0.158619 0.529926
vt 0.158619 0.529926
vt 0.158619 0.529926
vt 0.158619 0.529926
vt 0.158619 0.529926
vt 0.158619 0.529926
vt 0.158619 0.529926
vt 0.158619 0.529926
vt 0.158619 0.529926
vt 0.158619 0.529926
vt 0.158619 0.529926
vt 0.035748 0.028650
vt 0.035748 0.028650
vt 0.035748 0.028650
vt 0.035748 0.028650
vt 0.158619 0.529926
vt 0.158619 0.529926
vt 0.158619 0.529926
vt 0.158619 0.529926
vt 0.035748 0.028650
vt 0.035748 0.028650
vt 0.035748 0.028650
vt 0.035748 0.028650
vt 0.158619 0.529926
vt 0.158619 0.529926
vt 0.158619 0.529926
vt 0.158619 0.529926
vt 0.158619 0.529926
vt 0.158619 0.529926
vt 0.158619 0.529926
vt 0.158619 0.529926
vt 0.158619 0.529926
vt 0.158619 0.529926
vt 0.158619 0.529926
vt 0.158619 0.529926
vt 0.158619 0.529926
vt 0.158619 0.529926
vt 0.158619 0.529926
vt 0.158619 0.529926
vt 0.158619 0.529926
vt 0.158619 0.529926
vt 0.158619 0.529926
vt 0.158619 0.529926
vt 0.035748 0.028650
vt 0.035748 0.028650
vt 0.035748 0.028650
vt 0.035748 0.028650
vt 0.158619 0.529926
vt 0.158619 0.529926
vt 0.158619 0.529926
vt 0.158619 0.529926
vt 0.035748 0.028650
vt 0.035748 0.028650
vt 0.035748 0.028650
vt 0.035748 0.028650
vt 0.158619 0.529926
vt 0.158619 0.529926
vt 0.158619 0.529926
vt 0.158619 0.529926
vt 0.158619 0.529926
vt 0.158619 0.529926
vt 0.158619 0.529926
vt 0.158619 0.529926
vt 0.158619 0.529926
vt 0.158619 0.529926
vt 0.158619 0.529926
vt 0.158619 0.529926
vt 0.158619 0.529926
vt 0.158619 0.529926
vt 0.158619 0.529926
vt 0.158619 0.529926
vt 0.158619 0.529926
vt 0.158619 0.529926
vt 0.158619 0.529926
vt 0.158619 0.529926
vt 0.035748 0.028650
vt 0.035748 0.028650
vt 0.035748 0.028650
vt 0.035748 0.028650
vt 0.158619 0.529926
vt 0.158619 0.529926
vt 0.158619 0.529926
vt 0.158619 0.529926
vt 0.035748 0.028650
vt 0.035748 0.028650
vt 0.035748 0.028650
vt 0.035748 0.028650
vt 0.158619 0.529926
vt 0.158619 0.529926
vt 0.158619 0.529926
vt 0.158619 0.529926
vt 0.158619 0.529926
vt 0.158619 0.529926
vt 0.158619 0.529926
vt 0.158619 0.529926
vt 0.158619 0.529926
vt 0.158619 0.529926
vt 0.158619 0.529926
vt 0.158619 0.529926
vt 0.158619 0.529926
vt 0.158619 0.529926
vt 0.158619 0.529926
vt 0.158619 0.529926
vt 0.158619 0.529926
vt 0.158619 0.529926
vt 0.158619 0.529926
vt 0.158619 0.529926
vt 0.035748 0.028650
vt 0.035748 0.028650
vt 0.035748 0.028650
vt 0.035748 0.028650
vt 0.158619 0.529926
vt 0.158619 0.529926
vt 0.158619 0.529926
vt 0.158619 0.529926
vt 0.035748 0.028650
vt 0.035748 0.028650
vt 0.035748 0.028650
vt 0.035748 0.028650
vt 0.158619 0.529926
vt 0.158619 0.529926
vt 0.158619 0.529926
vt 0.158619 0.529926
vt 0.158619 0.529926
vt 0.158619 0.529926
vt 0.158619 0.529926
vt 0.158619 0.529926
vt 0.158619 0.529926
vt 0.158619 0.529926
vt 0.158619 0.529926
vt 0.158619 0.529926
vt 0.158619 0.529926
vt 0.158619 0.529926
vt 0.158619 0.529926
vt 0.158619 0.529926
vt 0.158619 0.529926
vt 0.158619 0.529926
vt 0.158619 0.529926
vt 0.158619 0.529926
vt 0.035748 0.028650
vt 0.035748 0.028650
vt 0.035748 0.028650
vt 0.035748 0.028650
vt 0.158619 0.529926
vt 0.158619 0.529926
vt 0.158619 0.529926
vt 0.158619 0.529926
vt 0.035748 0.028650
vt 0.035748 0.028650
vt 0.035748 0.028650
vt 0.035748 0.028650
vt 0.158619 0.529926
vt 0.158619 0.529926
vt 0.158619 0.529926
vt 0.158619 0.529926
vt 0.158619 0.529926
vt 0.158619 0.529926
vt 0.158619 0.529926
vt 0.158619 0.529926
vt 0.158619 0.529926
vt 0.158619 0.529926
vt 0.158619 0.529926
vt 0.158619 0.529926
vt 0.158619 0.529926
vt 0.158619 0.529926
vt 0.158619 0.529926
vt 0.158619 0.529926
vt 0.158619 0.529926
vt 0.158619 0.529926
vt 0.158619 0.529926
vt 0.158619 0.529926
vt 0.035748 0.028650
vt 0.035748 0.028650
vt 0.035748 0.028650
vt 0.035748 0.028650
vt 0.158619 0.529926
vt 0.158619 0.529926
vt 0.158619 0.529926
vt 0.158619 0.529926
vt 0.035748 0.028650
vt 0.035748 0.028650
vt 0.035748 0.028650
vt 0.035748 0.028650
vn 0.0000 0.0000 -1.0000
vn 0.0000 -1.0000 -0.0000
vn -1.0000 0.0000 0.0000
vn 1.0000 0.0000 0.0000
vn 0.0000 -0.0000 1.0000
vn 0.0000 1.0000 0.0000
vn 0.2686 0.9633 0.0000
vn 0.2878 0.9577 0.0000
vn 0.0334 -0.9994 -0.0000
vn -0.0000 0.8267 -0.5627
vn -1.0000 0.0000 -0.0005
vn -0.9980 -0.0610 -0.0183
vn -1.0000 0.0017 0.0004
vn -1.0000 0.0012 0.0009
vn -1.0000 0.0018 0.0001
vn -0.0431 0.9437 0.3280
vn 1.0000 -0.0022 -0.0000
vn 1.0000 -0.0020 -0.0000
vn 1.0000 -0.0019 -0.0000
vn -1.0000 0.0018 0.0000
vn 1.0000 -0.0026 0.0000
vn 1.0000 -0.0024 -0.0001
vn -1.0000 0.0002 0.0024
vn -0.0000 -0.9859 -0.1676
vn -0.0000 0.9859 -0.1676
vn -0.1676 -0.9859 -0.0000
vn -0.1676 0.9859 0.0000
vn 0.0000 0.8267 0.5627
vn -1.0000 0.0000 0.0005
vn -0.9980 -0.0610 0.0183
vn -1.0000 0.0017 -0.0004
vn -1.0000 0.0018 -0.0001
vn -1.0000 0.0012 -0.0009
vn -0.0431 0.9437 -0.3280
vn 1.0000 -0.0024 0.0001
vn -1.0000 0.0002 -0.0024
vn -0.0000 -0.9859 0.1676
vn -0.0000 0.9859 0.1676
vn -0.0334 -0.9994 -0.0000
vn 1.0000 0.0000 -0.0005
vn 0.9980 -0.0610 -0.0183
vn 1.0000 0.0017 0.0004
vn 1.0000 0.0018 0.0001
vn 1.0000 0.0012 0.0009
vn 0.0431 0.9437 0.3280
vn -1.0000 -0.0022 -0.0000
vn -1.0000 -0.0019 -0.0000
vn -1.0000 -0.0020 -0.0000
vn 1.0000 0.0018 0.0000
vn -1.0000 -0.0026 0.0000
vn -1.0000 -0.0024 -0.0001
vn 1.0000 0.0002 0.0024
vn 0.1676 -0.9859 0.0000
vn 0.1676 0.9859 0.0000
vn 1.0000 0.0000 0.0005
vn 0.9980 -0.0610 0.0183
vn 1.0000 0.0017 -0.0004
vn 1.0000 0.0012 -0.0009
vn 1.0000 0.0018 -0.0001
vn 0.0431 0.9437 -0.3280
vn -1.0000 -0.0024 0.0001
vn 1.0000 0.0002 -0.0024
vn 1.0000 -0.0025 0.0001
vn -1.0000 -0.0025 -0.0001
vn -1.0000 -0.0026 0.0001
vn -1.0000 0.0017 0.0003
vn -1.0000 0.0009 0.0015
vn 0.0000 -0.9859 -0.1675
vn -1.0000 0.0017 -0.0003
vn -1.0000 0.0009 -0.0013
vn 0.0000 -0.9859 0.1675
vn 1.0000 0.0017 0.0003
vn 1.0000 0.0009 0.0015
vn 0.1676 0.9859 0.0001
vn 1.0000 0.0017 -0.0003
vn 1.0000 0.0009 -0.0013
vn 0.1675 -0.9859 0.0000
vn 0.1675 0.9859 0.0000
usemtl Pack3
s 1
f 1/1/1 2/2/1 3/3/1 4/4/1
f 5/5/2 6/6/2 7/7/2 8/8/2
f 9/9/2 10/10/2 11/11/2 12/12/2
f 12/12/2 11/11/2 13/13/2 14/14/2
f 15/15/3 16/16/3 17/17/3 18/18/3
f 19/19/4 20/20/4 21/21/4 22/22/4
f 23/23/5 12/24/5 14/25/5 24/26/5
f 25/27/1 26/28/1 20/20/1 19/19/1
f 27/29/1 25/27/1 19/19/1 28/30/1
f 29/31/5 22/22/5 21/21/5
f 30/32/1 31/33/1 32/34/1 33/35/1
f 34/36/3 15/15/3 18/18/3 35/37/3
f 27/38/4 11/39/4 36/40/4 37/41/4
f 38/42/5 35/43/5 39/44/5 40/45/5
f 41/46/4 42/47/4 13/48/4 28/49/4
f 42/47/4 31/33/4 14/25/4 13/48/4
f 43/50/4 44/51/4 22/22/4 45/52/4 46/53/4
f 44/51/4 47/54/4 19/19/4 22/22/4
f 41/55/5 47/54/5 48/56/5 49/57/5
f 47/54/2 44/51/2 50/58/2 48/56/2
f 31/33/6 42/47/6 51/59/6 32/34/6
f 30/60/4 43/50/4 46/53/4 24/61/4
f 52/62/2 53/63/2 54/64/2 55/65/2
f 44/51/1 43/50/1 56/66/1 50/58/1
f 57/67/2 58/68/2 59/69/2 60/70/2
f 61/71/4 62/72/4 12/24/4 23/23/4
f 53/63/4 52/62/4 57/67/4 60/70/4
f 61/73/5 52/62/5 55/65/5 63/74/5
f 42/47/5 41/46/5 49/75/5 51/59/5
f 47/54/4 41/55/4 28/30/4 19/19/4
f 64/76/3 65/77/3 66/78/3 4/4/3 67/79/3 68/80/3
f 2/2/3 1/1/3 69/81/3 70/82/3
f 71/83/3 34/84/3 35/43/3 38/42/3
f 11/39/1 27/38/1 28/49/1 13/48/1
f 62/72/5 61/71/5 63/85/5 72/86/5
f 52/62/4 61/73/4 23/87/4 57/67/4
f 31/33/4 30/32/4 24/26/4 14/25/4
f 43/50/1 30/60/1 33/88/1 56/66/1
f 57/67/5 23/87/5 24/61/5 46/53/5 58/68/5
f 73/89/3 67/79/3 4/4/3 3/3/3
f 6/6/2 38/90/2 40/91/2 74/92/2 75/93/2 76/94/2
f 77/95/1 1/1/1 4/4/1 66/78/1
f 17/17/6 77/95/6 66/78/6 65/77/6
f 18/18/5 17/17/5 65/77/5 64/76/5
f 35/37/5 18/18/5 64/76/5 39/96/5
f 2/97/1 6/98/1 76/99/1 3/100/1
f 46/53/5 45/52/5 78/101/5 58/68/5
f 29/102/6 79/103/6 80/104/6 81/105/6
f 82/106/1 83/107/1 84/108/1 85/109/1
f 86/110/1 82/106/1 85/109/1 37/111/1
f 87/112/1 88/113/1 86/114/1 37/41/1 36/40/1
f 1/1/3 77/95/3 89/115/3 69/81/3
f 25/27/4 27/29/4 37/111/4 85/109/4
f 90/116/6 26/28/6 84/108/6 83/107/6
f 26/28/4 25/27/4 85/109/4 84/108/4
f 6/98/3 2/97/3 70/117/3 7/118/3
f 22/119/7 29/102/7 81/105/7 91/120/7
f 92/121/6 90/116/6 83/107/6 93/122/6
f 94/123/1 95/124/1 88/113/1 87/112/1
f 96/125/4 97/126/4 98/127/4 99/128/4
f 100/129/1 93/122/1 83/107/1 82/106/1
f 101/130/2 102/131/2 10/10/2 9/9/2
f 11/11/2 10/10/2 87/132/2 36/133/2
f 103/134/2 5/5/2 104/135/2 105/136/2
f 106/137/1 107/138/1 108/139/1 109/140/1
f 97/141/4 106/137/4 110/142/4 98/143/4
f 8/144/1 96/125/1 111/145/1 112/146/1
f 113/147/6 114/148/6 108/139/6 107/138/6
f 102/131/2 104/135/2 112/149/2 94/150/2
f 10/10/2 102/131/2 94/150/2 87/132/2
f 105/136/2 104/135/2 102/131/2 101/130/2
f 109/140/1 108/139/1 93/122/1 100/129/1
f 115/151/1 109/140/1 100/129/1 116/152/1
f 112/146/1 111/145/1 95/124/1 94/123/1
f 114/148/6 92/121/6 93/122/6 108/139/6
f 77/95/6 113/147/6 107/138/6 89/115/6
f 7/118/1 70/117/1 97/126/1 96/125/1 8/144/1
f 70/82/1 69/81/1 106/137/1 97/141/1
f 69/81/1 89/115/1 107/138/1 106/137/1
f 38/90/2 6/6/2 5/5/2 103/134/2
f 104/135/2 5/5/2 8/8/2 112/149/2
f 95/124/4 116/153/4 117/154/4 118/155/4
f 111/145/6 96/125/6 99/128/6 119/156/6
f 95/124/1 111/145/1 115/157/1 116/153/1
f 115/157/3 111/145/3 119/156/3 120/158/3
f 106/137/2 109/140/2 121/159/2 110/142/2
f 88/113/6 95/124/6 118/155/6 122/160/6
f 100/129/2 82/106/2 123/161/2 124/162/2
f 109/140/3 115/151/3 120/163/3 121/159/3
f 116/152/4 100/129/4 124/162/4 117/164/4
f 86/114/3 88/113/3 122/160/3 125/165/3
f 82/106/3 86/110/3 125/166/3 123/161/3
f 40/45/3 39/44/3 126/167/3 127/168/3 74/169/3
f 39/96/3 64/76/3 68/80/3 126/170/3
f 126/170/1 68/80/1 128/171/1 129/172/1
f 130/173/6 127/168/6 131/174/6 132/175/6
f 75/176/3 130/173/3 73/177/3 3/100/3 76/99/3
f 127/168/3 130/173/3 75/176/3 74/169/3
f 67/79/5 73/89/5 133/178/5 134/179/5
f 73/177/5 130/173/5 132/175/5 133/180/5
f 127/168/1 126/167/1 129/181/1 131/174/1
f 68/80/2 67/79/2 134/179/2 128/171/2
f 135/182/4 136/183/4 137/184/4 138/185/4
f 139/186/2 78/187/2 45/188/2 136/183/2 135/182/2
f 22/119/8 91/120/8 138/185/8 137/184/8
f 45/188/1 22/119/1 137/184/1 136/183/1
f 58/68/4 78/101/4 139/189/4 59/69/4
f 140/190/5 141/191/5 142/192/5 143/193/5
f 144/194/2 145/195/2 146/196/2 147/197/2
f 148/198/2 149/199/2 150/200/2 151/201/2
f 149/199/2 152/202/2 153/203/2 150/200/2
f 15/15/3 154/204/3 155/205/3 16/16/3
f 156/206/4 157/207/4 158/208/4 159/209/4
f 160/210/1 161/211/1 152/212/1 149/213/1
f 162/214/5 156/206/5 159/209/5 163/215/5
f 164/216/5 165/217/5 156/206/5 162/214/5
f 166/218/1 158/208/1 157/207/1
f 167/219/5 168/220/5 169/221/5 170/222/5
f 34/36/3 171/223/3 154/204/3 15/15/3
f 164/224/4 172/225/4 173/226/4 150/227/4
f 174/228/1 175/229/1 176/230/1 171/231/1
f 177/232/4 165/233/4 153/234/4 178/235/4
f 178/235/4 153/234/4 152/212/4 170/222/4
f 179/236/4 180/237/4 181/238/4 157/207/4 182/239/4
f 182/239/4 157/207/4 156/206/4 183/240/4
f 177/241/1 184/242/1 185/243/1 183/240/1
f 183/240/2 185/243/2 186/244/2 182/239/2
f 170/222/6 169/221/6 187/245/6 178/235/6
f 167/246/4 161/247/4 180/237/4 179/236/4
f 188/248/2 189/249/2 54/64/2 53/63/2
f 182/239/5 186/244/5 190/250/5 179/236/5
f 191/251/2 60/70/2 59/69/2 192/252/2
f 193/253/4 160/210/4 149/213/4 194/254/4
f 53/63/4 60/70/4 191/251/4 188/248/4
f 193/255/1 195/256/1 189/249/1 188/248/1
f 178/235/1 187/245/1 184/257/1 177/232/1
f 183/240/4 156/206/4 165/217/4 177/241/4
f 196/258/3 197/259/3 198/260/3 141/191/3 199/261/3 200/262/3
f 143/193/3 201/263/3 202/264/3 140/190/3
f 71/83/3 174/228/3 171/231/3 34/84/3
f 150/227/5 153/234/5 165/233/5 164/224/5
f 194/254/1 203/265/1 195/266/1 193/253/1
f 188/248/4 191/251/4 160/267/4 193/255/4
f 170/222/4 152/212/4 161/211/4 167/219/4
f 179/236/5 190/250/5 168/268/5 167/246/5
f 191/251/1 192/252/1 180/237/1 161/247/1 160/267/1
f 204/269/3 142/192/3 141/191/3 198/260/3
f 147/197/2 205/270/2 206/271/2 207/272/2 175/273/2 174/274/2
f 208/275/5 199/261/5 141/191/5 140/190/5
f 155/205/6 200/262/6 199/261/6 208/275/6
f 154/204/1 196/258/1 200/262/1 155/205/1
f 171/223/1 176/276/1 196/258/1 154/204/1
f 143/277/5 142/278/5 205/279/5 147/280/5
f 180/237/1 192/252/1 209/281/1 181/238/1
f 166/282/6 81/105/6 80/104/6 210/283/6
f 211/284/5 212/285/5 213/286/5 214/287/5
f 215/288/5 172/289/5 212/285/5 211/284/5
f 216/290/5 173/226/5 172/225/5 215/291/5 217/292/5
f 140/190/3 202/264/3 218/293/3 208/275/3
f 162/214/4 212/285/4 172/289/4 164/216/4
f 219/294/6 214/287/6 213/286/6 163/215/6
f 163/215/4 213/286/4 212/285/4 162/214/4
f 147/280/3 146/295/3 201/296/3 143/277/3
f 157/297/7 91/120/7 81/105/7 166/282/7
f 220/298/6 221/299/6 214/287/6 219/294/6
f 222/300/5 216/290/5 217/292/5 223/301/5
f 224/302/4 225/303/4 226/304/4 227/305/4
f 228/306/5 211/284/5 214/287/5 221/299/5
f 229/307/2 148/198/2 151/201/2 230/308/2
f 150/200/2 173/309/2 216/310/2 151/201/2
f 231/311/2 232/312/2 233/313/2 144/194/2
f 234/314/5 235/315/5 236/316/5 237/317/5
f 227/318/4 226/319/4 238/320/4 234/314/4
f 145/321/5 239/322/5 240/323/5 224/302/5
f 241/324/6 237/317/6 236/316/6 242/325/6
f 230/308/2 222/326/2 239/327/2 233/313/2
f 151/201/2 216/310/2 222/326/2 230/308/2
f 232/312/2 229/307/2 230/308/2 233/313/2
f 235/315/5 228/306/5 221/299/5 236/316/5
f 243/328/5 244/329/5 228/306/5 235/315/5
f 239/322/5 222/300/5 223/301/5 240/323/5
f 242/325/6 236/316/6 221/299/6 220/298/6
f 208/275/6 218/293/6 237/317/6 241/324/6
f 146/295/5 145/321/5 224/302/5 227/305/5 201/296/5
f 201/263/5 227/318/5 234/314/5 202/264/5
f 202/264/5 234/314/5 237/317/5 218/293/5
f 174/274/2 231/311/2 144/194/2 147/197/2
f 233/313/2 239/327/2 145/195/2 144/194/2
f 223/301/4 245/330/4 246/331/4 244/332/4
f 240/323/6 247/333/6 225/303/6 224/302/6
f 223/301/5 244/332/5 243/334/5 240/323/5
f 243/334/3 248/335/3 247/333/3 240/323/3
f 234/314/2 238/320/2 249/336/2 235/315/2
f 217/292/6 250/337/6 245/330/6 223/301/6
f 228/306/2 251/338/2 252/339/2 211/284/2
f 235/315/3 249/336/3 248/340/3 243/328/3
f 244/329/4 246/341/4 251/338/4 228/306/4
f 215/291/3 253/342/3 250/337/3 217/292/3
f 211/284/3 252/339/3 253/343/3 215/288/3
f 175/229/3 207/344/3 254/345/3 255/346/3 176/230/3
f 176/276/3 255/347/3 197/259/3 196/258/3
f 255/347/5 256/348/5 257/349/5 197/259/5
f 258/350/6 259/351/6 260/352/6 254/345/6
f 206/353/3 205/279/3 142/278/3 204/354/3 258/350/3
f 254/345/3 207/344/3 206/353/3 258/350/3
f 198/260/1 261/355/1 262/356/1 204/269/1
f 204/354/1 262/357/1 259/351/1 258/350/1
f 254/345/5 260/352/5 256/358/5 255/346/5
f 197/259/2 257/349/2 261/355/2 198/260/2
f 135/182/4 138/185/4 263/359/4 264/360/4
f 139/186/2 135/182/2 264/360/2 181/361/2 209/362/2
f 157/297/8 263/359/8 138/185/8 91/120/8
f 181/361/5 264/360/5 263/359/5 157/297/5
f 192/252/4 59/69/4 139/189/4 209/281/4
f 265/363/4 266/364/4 267/365/4 268/366/4
f 269/367/4 270/368/4 271/369/4 272/370/4
f 273/371/4 274/372/4 267/365/4 266/364/4
f 270/368/4 275/373/4 276/374/4 271/369/4
f 277/375/6 273/371/6 266/364/6 278/376/6
f 279/377/2 280/378/2 281/379/2 265/363/2
f 279/377/4 282/380/4 276/374/4 275/373/4
f 282/380/4 279/377/4 265/363/4 268/366/4
f 283/381/4 284/382/4 274/372/4 273/371/4
f 275/373/4 283/381/4 273/371/4 279/377/4
f 283/381/4 269/367/4 272/370/4 284/382/4
f 285/383/4 286/384/4 287/385/4 288/386/4
f 269/367/6 283/381/6 285/387/6 288/388/6
f 270/368/1 269/367/1 288/388/1 287/389/1
f 283/381/5 275/373/5 286/390/5 285/387/5
f 275/373/2 270/368/2 287/389/2 286/390/2
f 266/364/5 265/363/5 281/379/5 278/376/5
f 279/377/1 273/371/1 277/375/1 280/378/1
f 281/391/4 280/392/4 277/393/4 278/394/4
f 289/395/4 290/396/4 291/397/4 292/398/4
f 293/399/4 294/400/4 295/401/4 296/402/4
f 297/403/4 292/398/4 291/397/4 298/404/4
f 296/402/4 295/401/4 299/405/4 300/406/4
f 301/407/6 302/408/6 292/398/6 297/403/6
f 303/409/2 289/395/2 304/410/2 305/411/2
f 303/409/4 300/406/4 299/405/4 306/412/4
f 306/412/4 290/396/4 289/395/4 303/409/4
f 307/413/4 297/403/4 298/404/4 308/414/4
f 300/406/4 303/409/4 297/403/4 307/413/4
f 307/413/4 308/414/4 294/400/4 293/399/4
f 309/415/4 310/416/4 311/417/4 312/418/4
f 293/399/6 310/419/6 309/420/6 307/413/6
f 296/402/5 311/421/5 310/419/5 293/399/5
f 307/413/1 309/420/1 312/422/1 300/406/1
f 300/406/2 312/422/2 311/421/2 296/402/2
f 292/398/1 302/408/1 304/410/1 289/395/1
f 303/409/5 305/411/5 301/407/5 297/403/5
f 304/423/4 302/424/4 301/425/4 305/426/4
f 313/427/5 314/428/5 315/429/5 316/430/5
f 317/431/4 318/432/4 319/433/4 320/434/4
f 313/427/4 317/431/4 320/434/4 321/435/4
f 314/428/4 313/427/4 321/435/4 322/436/4
f 318/432/4 314/428/4 322/436/4 319/433/4
f 316/437/4 315/438/4 323/439/4 324/440/4
f 318/432/1 317/431/1 324/441/1 323/442/1
f 314/428/2 318/432/2 323/442/2 315/429/2
f 317/431/6 313/427/6 316/430/6 324/441/6
f 325/443/1 326/444/1 327/445/1 328/446/1
f 329/447/4 320/434/4 319/433/4 330/448/4
f 325/443/4 331/449/4 320/434/4 329/447/4
f 328/446/4 332/450/4 331/449/4 325/443/4
f 330/448/4 319/433/4 332/450/4 328/446/4
f 326/451/4 333/452/4 334/453/4 327/454/4
f 330/448/5 334/455/5 333/456/5 329/447/5
f 328/446/2 327/445/2 334/455/2 330/448/2
f 329/447/6 333/456/6 326/444/6 325/443/6
f 335/457/5 336/458/5 337/459/5 338/460/5
f 339/461/5 340/462/5 341/463/5 342/464/5
f 105/136/2 232/312/2 231/311/2 103/134/2
f 345/465/6 343/466/6 338/460/6 346/467/6
f 346/467/6 338/460/6 337/459/6 347/468/6
f 348/469/1 349/470/1 346/467/1 347/468/1
f 350/471/9 351/472/9 352/473/9 353/474/9
f 347/468/6 337/459/6 354/475/6 355/476/6
f 348/469/1 347/468/1 355/476/1 356/477/1
f 336/458/5 350/471/5 353/474/5 357/478/5
f 358/479/6 359/480/6 360/481/6 361/482/6
f 359/480/4 358/479/4 353/483/4 352/484/4
f 362/485/4 363/486/4 355/476/4 354/475/4
f 364/487/4 362/485/4 354/475/4 357/478/4
f 365/488/4 359/480/4 352/484/4 356/489/4
f 365/490/5 363/486/5 366/491/5 367/492/5
f 363/486/2 362/485/2 368/493/2 366/491/2
f 364/494/1 358/479/1 361/482/1 369/495/1
f 371/496/4 372/497/4 373/498/4 374/499/4
f 375/500/1 376/501/1 377/502/1 378/503/1
f 379/504/1 372/497/1 345/465/1 346/467/1
f 380/505/1 379/504/1 346/467/1 349/470/1
f 371/506/1 375/500/1 378/503/1 381/507/1
f 372/497/2 379/504/2 382/508/2 373/498/2
f 380/505/3 376/509/3 383/510/3 384/511/3
f 376/501/6 375/500/6 385/512/6 383/513/6
f 379/504/3 380/505/3 384/511/3 382/508/3
f 372/497/1 371/496/1 381/514/1 345/465/1
f 376/501/1 380/515/1 349/516/1 377/502/1
f 375/500/4 371/506/4 374/517/4 385/512/4
f 359/480/5 365/488/5 367/518/5 360/481/5
f 363/486/4 365/490/4 356/477/4 355/476/4
f 351/519/1 348/520/1 356/489/1 352/484/1
f 351/519/1 377/502/1 349/516/1 348/520/1
f 362/485/1 364/487/1 369/521/1 368/493/1
f 358/479/4 364/494/4 357/522/4 353/483/4
f 337/459/5 336/458/5 357/478/5 354/475/5
f 386/523/4 387/524/4 335/457/4 388/525/4
f 387/524/5 350/471/5 336/458/5 335/457/5
f 389/526/5 392/527/5 391/528/5 390/529/5
f 393/530/6 396/531/6 395/532/6 394/533/6
f 390/529/6 391/528/6 398/534/6 397/535/6
f 399/536/3 402/537/3 401/538/3 400/539/3
f 403/540/3 398/541/3 404/542/3
f 395/532/6 401/543/6 402/544/6 394/533/6
f 405/545/2 403/546/2 404/547/2
f 395/532/1 400/548/1 401/543/1
f 406/549/5 399/550/5 403/546/5 405/545/5
f 404/547/2 409/551/2 408/552/2 407/553/2
f 410/554/10 407/555/10 391/556/10 390/557/10
f 405/545/2 404/547/2 407/553/2 410/558/2
f 393/530/6 412/559/6 411/560/6 396/531/6
f 409/561/11 413/562/11 408/563/11
f 414/564/12 415/565/12 408/563/12 413/562/12
f 407/553/13 415/566/14 416/567/15
f 398/541/5 417/568/5 409/561/5 404/542/5
f 418/569/16 414/564/16 413/562/16 417/568/16 419/570/16
f 412/559/6 414/571/6 418/572/6 411/560/6
f 392/527/17 419/573/18 417/574/19 391/528/19
f 417/574/6 398/534/6 391/528/6
f 417/568/5 413/562/5 409/561/5
f 420/575/3 395/532/3 396/531/3 389/576/3
f 421/577/2 423/578/2 422/579/2 406/580/2
f 420/575/1 424/581/1 400/548/1 395/532/1
f 399/536/3 400/539/3 424/582/3
f 422/579/4 423/578/4 393/530/4 394/533/4
f 423/578/1 425/583/1 412/559/1 393/530/1
f 394/533/5 402/544/5 426/584/5 422/579/5
f 427/585/20 414/571/20 412/559/20 425/583/20
f 406/580/2 422/579/2 426/584/2 399/586/2
f 399/536/3 426/587/3 402/537/3
f 416/588/2 425/583/2 423/578/2 421/577/2
f 414/564/5 427/589/5 415/565/5
f 415/590/2 427/585/2 425/583/2 416/588/2
f 403/540/3 399/536/3 424/582/3 398/541/3
f 397/535/1 398/534/1 424/591/1 420/592/1
f 405/545/4 410/558/4 421/593/4 406/549/4
f 397/535/3 420/592/3 389/526/3 390/529/3
f 410/558/1 407/553/1 416/567/1 421/593/1
f 411/560/21 418/572/22 392/594/17
f 396/531/5 411/560/5 392/594/5 389/576/5
f 415/566/14 407/553/13 408/552/23
f 419/595/18 392/594/17 418/572/22
f 428/596/4 429/597/4 430/598/4 431/599/4
f 432/600/4 433/601/4 434/602/4 435/603/4
f 436/604/4 437/605/4 438/606/4 439/607/4
f 440/608/4 441/609/4 442/610/4 443/611/4
f 433/601/4 444/612/4 445/613/4 434/602/4
f 446/614/4 447/615/4 448/616/4 449/617/4
f 441/609/4 450/618/4 451/619/4 442/610/4
f 436/604/1 429/597/1 446/620/1 449/621/1
f 440/608/6 452/622/6 453/623/6 454/624/6
f 452/622/4 440/608/4 443/611/4 455/625/4
f 428/596/5 437/605/5 448/626/5 447/627/5
f 436/604/4 439/607/4 451/619/4 450/618/4
f 432/600/4 435/603/4 438/606/4 437/605/4
f 428/596/4 431/599/4 456/628/4 457/629/4
f 452/622/4 455/625/4 430/598/4 429/597/4
f 429/597/4 436/604/4 450/618/4 452/622/4
f 457/629/4 432/600/4 437/605/4 428/596/4
f 444/612/4 457/629/4 456/628/4 445/613/4
f 454/630/4 453/631/4 458/632/4 459/633/4
f 460/634/4 461/635/4 462/636/4 463/637/4
f 437/605/2 436/604/2 449/621/2 448/626/2
f 457/629/6 444/612/6 461/638/6 460/639/6
f 450/618/2 441/609/2 459/640/2 458/641/2
f 441/609/1 440/608/1 454/624/1 459/640/1
f 452/622/5 450/618/5 458/641/5 453/623/5
f 433/601/2 432/600/2 463/642/2 462/643/2
f 444/612/5 433/601/5 462/643/5 461/638/5
f 432/600/1 457/629/1 460/639/1 463/642/1
f 429/597/6 428/596/6 447/627/6 446/620/6
f 464/644/1 467/645/1 466/646/1 465/647/1
f 468/648/24 464/644/24 470/649/24 469/650/24
f 469/650/1 470/649/1 472/651/1 471/652/1
f 471/652/25 472/651/25 465/647/25 473/653/25
f 470/649/3 464/644/3 465/647/3 472/651/3
f 469/650/4 471/652/4 473/653/4 468/648/4
f 473/653/5 475/654/5 474/655/5 468/648/5
f 468/648/24 474/655/24 467/645/24 464/644/24
f 465/647/25 466/646/25 475/654/25 473/653/25
f 476/656/1 477/657/1 478/658/1 479/659/1
f 480/660/1 481/661/1 482/662/1 483/663/1
f 484/664/1 485/665/1 486/666/1 487/667/1
f 488/668/1 489/669/1 490/670/1 491/671/1
f 481/661/1 492/672/1 493/673/1 482/662/1
f 494/674/1 495/675/1 496/676/1 497/677/1
f 489/669/1 498/678/1 499/679/1 490/670/1
f 484/664/3 477/657/3 494/680/3 497/681/3
f 488/668/6 500/682/6 501/683/6 502/684/6
f 500/682/1 488/668/1 491/671/1 503/685/1
f 476/656/4 485/665/4 496/686/4 495/687/4
f 484/664/1 487/667/1 499/679/1 498/678/1
f 480/660/1 483/663/1 486/666/1 485/665/1
f 476/656/1 479/659/1 504/688/1 505/689/1
f 500/682/1 503/685/1 478/658/1 477/657/1
f 477/657/1 484/664/1 498/678/1 500/682/1
f 505/689/1 480/660/1 485/665/1 476/656/1
f 492/672/1 505/689/1 504/688/1 493/673/1
f 502/690/1 501/691/1 506/692/1 507/693/1
f 508/694/1 509/695/1 510/696/1 511/697/1
f 485/665/2 484/664/2 497/681/2 496/686/2
f 505/689/6 492/672/6 509/698/6 508/699/6
f 498/678/2 489/669/2 507/700/2 506/701/2
f 489/669/3 488/668/3 502/684/3 507/700/3
f 500/682/4 498/678/4 506/701/4 501/683/4
f 481/661/2 480/660/2 511/702/2 510/703/2
f 492/672/4 481/661/4 510/703/4 509/698/4
f 480/660/3 505/689/3 508/699/3 511/702/3
f 477/657/6 476/656/6 495/687/6 494/680/6
f 512/704/3 515/705/3 514/706/3 513/707/3
f 516/708/26 512/704/26 518/709/26 517/710/26
f 517/710/3 518/709/3 520/711/3 519/712/3
f 519/712/27 520/711/27 513/707/27 521/713/27
f 518/709/5 512/704/5 513/707/5 520/711/5
f 517/710/1 519/712/1 521/713/1 516/708/1
f 521/713/4 523/714/4 522/715/4 516/708/4
f 516/708/26 522/715/26 515/705/26 512/704/26
f 513/707/27 514/706/27 523/714/27 521/713/27
f 378/503/1 524/716/1 525/717/1 381/507/1
f 381/514/1 525/718/1 370/719/1 345/465/1
f 526/720/1 527/721/1 528/722/1 529/723/1
f 530/724/2 531/725/2 532/726/2 533/727/2
f 105/136/2 101/130/2 229/307/2 232/312/2
f 535/728/6 536/729/6 527/721/6 534/730/6
f 536/729/6 537/731/6 528/722/6 527/721/6
f 538/732/5 537/731/5 536/729/5 539/733/5
f 540/734/9 541/735/9 542/736/9 543/737/9
f 537/731/6 544/738/6 545/739/6 528/722/6
f 538/732/5 546/740/5 544/738/5 537/731/5
f 529/723/1 547/741/1 541/735/1 540/734/1
f 548/742/6 549/743/6 550/744/6 551/745/6
f 551/745/4 542/746/4 541/747/4 548/742/4
f 552/748/4 545/739/4 544/738/4 553/749/4
f 554/750/4 547/741/4 545/739/4 552/748/4
f 555/751/4 546/752/4 542/746/4 551/745/4
f 555/753/1 556/754/1 557/755/1 553/749/1
f 553/749/2 557/755/2 558/756/2 552/748/2
f 554/757/5 559/758/5 549/743/5 548/742/5
f 194/759/2 149/760/2 148/198/2 203/761/2
f 561/762/4 562/763/4 563/764/4 564/765/4
f 565/766/5 566/767/5 567/768/5 568/769/5
f 569/770/5 536/729/5 535/728/5 564/765/5
f 570/771/5 539/733/5 536/729/5 569/770/5
f 561/772/5 571/773/5 566/767/5 565/766/5
f 564/765/2 563/764/2 572/774/2 569/770/2
f 570/771/3 573/775/3 574/776/3 568/777/3
f 568/769/6 574/778/6 575/779/6 565/766/6
f 569/770/3 572/774/3 573/775/3 570/771/3
f 564/765/5 535/728/5 571/780/5 561/762/5
f 568/769/5 567/768/5 539/781/5 570/782/5
f 565/766/4 575/779/4 562/783/4 561/772/4
f 551/745/1 550/744/1 556/784/1 555/751/1
f 553/749/4 544/738/4 546/740/4 555/753/4
f 543/785/5 542/746/5 546/752/5 538/786/5
f 543/785/5 538/786/5 539/781/5 567/768/5
f 552/748/5 558/756/5 559/787/5 554/750/5
f 548/742/4 541/747/4 547/788/4 554/757/4
f 528/722/1 545/739/1 547/741/1 529/723/1
f 386/523/4 388/525/4 526/720/4 576/789/4
f 576/789/1 526/720/1 529/723/1 540/734/1
f 577/790/1 580/791/1 579/792/1 578/793/1
f 581/794/6 584/795/6 583/796/6 582/797/6
f 580/791/6 586/798/6 585/799/6 579/792/6
f 587/800/3 590/801/3 589/802/3 588/803/3
f 591/804/3 592/805/3 585/806/3
f 583/796/6 584/795/6 588/807/6 589/808/6
f 593/809/2 592/810/2 591/811/2
f 583/796/5 589/808/5 590/812/5
f 594/813/1 593/809/1 591/811/1 587/814/1
f 592/810/2 597/815/2 596/816/2 595/817/2
f 598/818/28 580/819/28 579/820/28 597/821/28
f 593/809/2 598/822/2 597/815/2 592/810/2
f 581/794/6 582/797/6 600/823/6 599/824/6
f 595/825/29 596/826/29 601/827/29
f 602/828/30 601/827/30 596/826/30 603/829/30
f 597/815/31 604/830/32 603/831/33
f 585/806/1 592/805/1 595/825/1 605/832/1
f 606/833/34 607/834/34 605/832/34 601/827/34 602/828/34
f 599/824/6 600/823/6 606/835/6 602/836/6
f 578/793/17 579/792/19 605/837/19 607/838/18
f 605/837/6 579/792/6 585/799/6
f 605/832/1 595/825/1 601/827/1
f 608/839/3 577/840/3 582/797/3 583/796/3
f 609/841/2 594/842/2 611/843/2 610/844/2
f 608/839/5 583/796/5 590/812/5 612/845/5
f 587/800/3 612/846/3 590/801/3
f 611/843/4 584/795/4 581/794/4 610/844/4
f 610/844/5 581/794/5 599/824/5 613/847/5
f 584/795/1 611/843/1 614/848/1 588/807/1
f 615/849/20 613/847/20 599/824/20 602/836/20
f 594/842/2 587/850/2 614/848/2 611/843/2
f 587/800/3 588/803/3 614/851/3
f 604/852/2 609/841/2 610/844/2 613/847/2
f 602/828/1 603/829/1 615/853/1
f 603/854/2 604/852/2 613/847/2 615/849/2
f 591/804/3 585/806/3 612/846/3 587/800/3
f 586/798/5 608/855/5 612/856/5 585/799/5
f 593/809/4 594/813/4 609/857/4 598/822/4
f 586/798/3 580/791/3 577/790/3 608/855/3
f 598/822/5 609/857/5 604/830/5 597/815/5
f 600/823/21 578/858/17 606/835/35
f 582/797/1 577/840/1 578/858/1 600/823/1
f 603/831/33 596/816/36 597/815/31
f 607/859/18 606/835/35 578/858/17
f 616/860/4 617/861/4 618/862/4 619/863/4
f 620/864/4 621/865/4 622/866/4 623/867/4
f 624/868/4 625/869/4 626/870/4 627/871/4
f 628/872/4 629/873/4 630/874/4 631/875/4
f 623/867/4 622/866/4 632/876/4 633/877/4
f 634/878/4 635/879/4 636/880/4 637/881/4
f 631/875/4 630/874/4 638/882/4 639/883/4
f 624/868/5 635/884/5 634/885/5 619/863/5
f 628/872/6 640/886/6 641/887/6 642/888/6
f 642/888/4 643/889/4 629/873/4 628/872/4
f 616/860/1 637/890/1 636/891/1 627/871/1
f 624/868/4 639/883/4 638/882/4 625/869/4
f 620/864/4 627/871/4 626/870/4 621/865/4
f 616/860/4 644/892/4 645/893/4 617/861/4
f 642/888/4 619/863/4 618/862/4 643/889/4
f 619/863/4 642/888/4 639/883/4 624/868/4
f 644/892/4 616/860/4 627/871/4 620/864/4
f 633/877/4 632/876/4 645/893/4 644/892/4
f 640/894/4 646/895/4 647/896/4 641/897/4
f 648/898/4 649/899/4 650/900/4 651/901/4
f 627/871/2 636/891/2 635/884/2 624/868/2
f 644/892/6 648/902/6 651/903/6 633/877/6
f 639/883/2 647/904/2 646/905/2 631/875/2
f 631/875/5 646/905/5 640/886/5 628/872/5
f 642/888/1 641/887/1 647/904/1 639/883/1
f 623/867/2 650/906/2 649/907/2 620/864/2
f 633/877/1 651/903/1 650/906/1 623/867/1
f 620/864/5 649/907/5 648/902/5 644/892/5
f 619/863/6 634/885/6 637/890/6 616/860/6
f 652/908/5 655/909/5 654/910/5 653/911/5
f 656/912/37 658/913/37 657/914/37 652/908/37
f 658/913/5 660/915/5 659/916/5 657/914/5
f 660/915/38 661/917/38 655/909/38 659/916/38
f 657/914/3 659/916/3 655/909/3 652/908/3
f 658/913/4 656/912/4 661/917/4 660/915/4
f 661/917/1 656/912/1 663/918/1 662/919/1
f 656/912/37 652/908/37 653/911/37 663/918/37
f 655/909/38 661/917/38 662/919/38 654/910/38
f 664/920/5 665/921/5 666/922/5 667/923/5
f 668/924/5 669/925/5 670/926/5 671/927/5
f 672/928/5 673/929/5 674/930/5 675/931/5
f 676/932/5 677/933/5 678/934/5 679/935/5
f 671/927/5 670/926/5 680/936/5 681/937/5
f 682/938/5 683/939/5 684/940/5 685/941/5
f 679/935/5 678/934/5 686/942/5 687/943/5
f 672/928/3 683/944/3 682/945/3 667/923/3
f 676/932/6 688/946/6 689/947/6 690/948/6
f 690/948/5 691/949/5 677/933/5 676/932/5
f 664/920/4 685/950/4 684/951/4 675/931/4
f 672/928/5 687/943/5 686/942/5 673/929/5
f 668/924/5 675/931/5 674/930/5 669/925/5
f 664/920/5 692/952/5 693/953/5 665/921/5
f 690/948/5 667/923/5 666/922/5 691/949/5
f 667/923/5 690/948/5 687/943/5 672/928/5
f 692/952/5 664/920/5 675/931/5 668/924/5
f 681/937/5 680/936/5 693/953/5 692/952/5
f 688/954/5 694/955/5 695/956/5 689/957/5
f 696/958/5 697/959/5 698/960/5 699/961/5
f 675/931/2 684/951/2 683/944/2 672/928/2
f 692/952/6 696/962/6 699/963/6 681/937/6
f 687/943/2 695/964/2 694/965/2 679/935/2
f 679/935/3 694/965/3 688/946/3 676/932/3
f 690/948/4 689/947/4 695/964/4 687/943/4
f 671/927/2 698/966/2 697/967/2 668/924/2
f 681/937/4 699/963/4 698/966/4 671/927/4
f 668/924/3 697/967/3 696/962/3 692/952/3
f 667/923/6 682/945/6 685/950/6 664/920/6
f 700/968/3 703/969/3 702/970/3 701/971/3
f 704/972/26 706/973/26 705/974/26 700/968/26
f 706/973/3 708/975/3 707/976/3 705/974/3
f 708/975/27 709/977/27 703/969/27 707/976/27
f 705/974/1 707/976/1 703/969/1 700/968/1
f 706/973/5 704/972/5 709/977/5 708/975/5
f 709/977/4 704/972/4 711/978/4 710/979/4
f 704/972/26 700/968/26 701/971/26 711/978/26
f 703/969/27 709/977/27 710/979/27 702/970/27
f 566/767/5 571/773/5 712/980/5 713/981/5
f 571/780/5 535/728/5 560/982/5 712/983/5
f 714/984/5 715/985/5 716/986/5 717/987/5
f 718/988/3 719/989/3 715/985/3 714/984/3
f 720/990/6 715/985/6 719/989/6 721/991/6
f 722/992/6 723/993/6 715/985/6 720/990/6
f 723/993/6 724/994/6 716/986/6 715/985/6
f 725/995/1 724/994/1 723/993/1 726/996/1
f 727/997/39 728/998/39 729/999/39 730/1000/39
f 724/994/6 731/1001/6 732/1002/6 716/986/6
f 725/995/1 733/1003/1 731/1001/1 724/994/1
f 717/987/5 734/1004/5 728/998/5 727/997/5
f 735/1005/6 736/1006/6 737/1007/6 738/1008/6
f 738/1008/3 729/1009/3 728/1010/3 735/1005/3
f 739/1011/3 732/1002/3 731/1001/3 740/1012/3
f 741/1013/3 734/1004/3 732/1002/3 739/1011/3
f 742/1014/3 733/1015/3 729/1009/3 738/1008/3
f 742/1016/5 743/1017/5 744/1018/5 740/1012/5
f 740/1012/2 744/1018/2 745/1019/2 739/1011/2
f 741/1020/1 746/1021/1 736/1006/1 735/1005/1
f 747/1022/3 748/1023/3 749/1024/3 750/1025/3
f 751/1026/1 752/1027/1 753/1028/1 754/1029/1
f 755/1030/1 723/993/1 722/992/1 750/1025/1
f 756/1031/1 726/996/1 723/993/1 755/1030/1
f 747/1032/1 757/1033/1 752/1027/1 751/1026/1
f 750/1025/2 749/1024/2 758/1034/2 755/1030/2
f 756/1031/4 759/1035/4 760/1036/4 754/1037/4
f 754/1029/6 760/1038/6 761/1039/6 751/1026/6
f 755/1030/4 758/1034/4 759/1035/4 756/1031/4
f 750/1025/1 722/992/1 757/1040/1 747/1022/1
f 754/1029/1 753/1028/1 726/1041/1 756/1042/1
f 751/1026/3 761/1039/3 748/1043/3 747/1032/3
f 738/1008/5 737/1007/5 743/1044/5 742/1014/5
f 740/1012/3 731/1001/3 733/1003/3 742/1016/3
f 730/1045/1 729/1009/1 733/1015/1 725/1046/1
f 730/1045/1 725/1046/1 726/1041/1 753/1028/1
f 739/1011/1 745/1019/1 746/1047/1 741/1013/1
f 735/1005/3 728/1010/3 734/1048/3 741/1020/3
f 716/986/5 732/1002/5 734/1004/5 717/987/5
f 762/1049/3 718/1050/3 714/1051/3 763/1052/3
f 763/1053/5 714/984/5 717/987/5 727/997/5
f 764/1054/5 767/1055/5 766/1056/5 765/1057/5
f 768/1058/6 771/1059/6 770/1060/6 769/1061/6
f 767/1055/6 773/1062/6 772/1063/6 766/1056/6
f 774/1064/4 777/1065/4 776/1066/4 775/1067/4
f 778/1068/4 779/1069/4 772/1070/4
f 770/1060/6 771/1059/6 775/1071/6 776/1072/6
f 780/1073/2 779/1074/2 778/1075/2
f 770/1060/1 776/1072/1 777/1076/1
f 781/1077/5 780/1073/5 778/1075/5 774/1078/5
f 779/1074/2 784/1079/2 783/1080/2 782/1081/2
f 785/1082/10 767/1083/10 766/1084/10 784/1085/10
f 780/1073/2 785/1086/2 784/1079/2 779/1074/2
f 768/1058/6 769/1061/6 787/1087/6 786/1088/6
f 782/1089/40 783/1090/40 788/1091/40
f 789/1092/41 788/1091/41 783/1090/41 790/1093/41
f 784/1079/42 791/1094/43 790/1095/44
f 772/1070/5 779/1069/5 782/1089/5 792/1096/5
f 793/1097/45 794/1098/45 792/1096/45 788/1091/45 789/1092/45
f 786/1088/6 787/1087/6 793/1099/6 789/1100/6
f 765/1057/46 766/1056/47 792/1101/47 794/1102/48
f 792/1101/6 766/1056/6 772/1063/6
f 792/1096/5 782/1089/5 788/1091/5
f 795/1103/4 764/1104/4 769/1061/4 770/1060/4
f 796/1105/2 781/1106/2 798/1107/2 797/1108/2
f 795/1103/1 770/1060/1 777/1076/1 799/1109/1
f 774/1064/4 799/1110/4 777/1065/4
f 798/1107/3 771/1059/3 768/1058/3 797/1108/3
f 797/1108/1 768/1058/1 786/1088/1 800/1111/1
f 771/1059/5 798/1107/5 801/1112/5 775/1071/5
f 802/1113/49 800/1111/49 786/1088/49 789/1100/49
f 781/1106/2 774/1114/2 801/1112/2 798/1107/2
f 774/1064/4 775/1067/4 801/1115/4
f 791/1116/2 796/1105/2 797/1108/2 800/1111/2
f 789/1092/5 790/1093/5 802/1117/5
f 790/1118/2 791/1116/2 800/1111/2 802/1113/2
f 778/1068/4 772/1070/4 799/1110/4 774/1064/4
f 773/1062/1 795/1119/1 799/1120/1 772/1063/1
f 780/1073/3 781/1077/3 796/1121/3 785/1086/3
f 773/1062/4 767/1055/4 764/1054/4 795/1119/4
f 785/1086/1 796/1121/1 791/1094/1 784/1079/1
f 787/1087/50 765/1122/46 793/1099/51
f 769/1061/5 764/1104/5 765/1122/5 787/1087/5
f 790/1095/44 783/1080/52 784/1079/42
f 794/1123/48 793/1099/51 765/1122/46
f 803/1124/3 804/1125/3 805/1126/3 806/1127/3
f 807/1128/3 808/1129/3 809/1130/3 810/1131/3
f 811/1132/3 812/1133/3 813/1134/3 814/1135/3
f 815/1136/3 816/1137/3 817/1138/3 818/1139/3
f 810/1131/3 809/1130/3 819/1140/3 820/1141/3
f 821/1142/3 822/1143/3 823/1144/3 824/1145/3
f 818/1139/3 817/1138/3 825/1146/3 826/1147/3
f 811/1132/1 822/1148/1 821/1149/1 806/1127/1
f 815/1136/6 827/1150/6 828/1151/6 829/1152/6
f 829/1152/3 830/1153/3 816/1137/3 815/1136/3
f 803/1124/5 824/1154/5 823/1155/5 814/1135/5
f 811/1132/3 826/1147/3 825/1146/3 812/1133/3
f 807/1128/3 814/1135/3 813/1134/3 808/1129/3
f 803/1124/3 831/1156/3 832/1157/3 804/1125/3
f 829/1152/3 806/1127/3 805/1126/3 830/1153/3
f 806/1127/3 829/1152/3 826/1147/3 811/1132/3
f 831/1156/3 803/1124/3 814/1135/3 807/1128/3
f 820/1141/3 819/1140/3 832/1157/3 831/1156/3
f 827/1158/3 833/1159/3 834/1160/3 828/1161/3
f 835/1162/3 836/1163/3 837/1164/3 838/1165/3
f 814/1135/2 823/1155/2 822/1148/2 811/1132/2
f 831/1156/6 835/1166/6 838/1167/6 820/1141/6
f 826/1147/2 834/1168/2 833/1169/2 818/1139/2
f 818/1139/1 833/1169/1 827/1150/1 815/1136/1
f 829/1152/5 828/1151/5 834/1168/5 826/1147/5
f 810/1131/2 837/1170/2 836/1171/2 807/1128/2
f 820/1141/5 838/1167/5 837/1170/5 810/1131/5
f 807/1128/1 836/1171/1 835/1166/1 831/1156/1
f 806/1127/6 821/1149/6 824/1154/6 803/1124/6
f 839/1172/1 842/1173/1 841/1174/1 840/1175/1
f 843/1176/24 845/1177/24 844/1178/24 839/1172/24
f 845/1177/1 847/1179/1 846/1180/1 844/1178/1
f 847/1179/25 848/1181/25 842/1173/25 846/1180/25
f 844/1178/4 846/1180/4 842/1173/4 839/1172/4
f 845/1177/3 843/1176/3 848/1181/3 847/1179/3
f 848/1181/5 843/1176/5 850/1182/5 849/1183/5
f 843/1176/24 839/1172/24 840/1175/24 850/1182/24
f 842/1173/25 848/1181/25 849/1183/25 841/1174/25
f 851/1184/1 852/1185/1 853/1186/1 854/1187/1
f 855/1188/1 856/1189/1 857/1190/1 858/1191/1
f 859/1192/1 860/1193/1 861/1194/1 862/1195/1
f 863/1196/1 864/1197/1 865/1198/1 866/1199/1
f 858/1191/1 857/1190/1 867/1200/1 868/1201/1
f 869/1202/1 870/1203/1 871/1204/1 872/1205/1
f 866/1199/1 865/1198/1 873/1206/1 874/1207/1
f 859/1192/4 870/1208/4 869/1209/4 854/1187/4
f 863/1196/6 875/1210/6 876/1211/6 877/1212/6
f 877/1212/1 878/1213/1 864/1197/1 863/1196/1
f 851/1184/3 872/1214/3 871/1215/3 862/1195/3
f 859/1192/1 874/1207/1 873/1206/1 860/1193/1
f 855/1188/1 862/1195/1 861/1194/1 856/1189/1
f 851/1184/1 879/1216/1 880/1217/1 852/1185/1
f 877/1212/1 854/1187/1 853/1186/1 878/1213/1
f 854/1187/1 877/1212/1 874/1207/1 859/1192/1
f 879/1216/1 851/1184/1 862/1195/1 855/1188/1
f 868/1201/1 867/1200/1 880/1217/1 879/1216/1
f 875/1218/1 881/1219/1 882/1220/1 876/1221/1
f 883/1222/1 884/1223/1 885/1224/1 886/1225/1
f 862/1195/2 871/1215/2 870/1208/2 859/1192/2
f 879/1216/6 883/1226/6 886/1227/6 868/1201/6
f 874/1207/2 882/1228/2 881/1229/2 866/1199/2
f 866/1199/4 881/1229/4 875/1210/4 863/1196/4
f 877/1212/3 876/1211/3 882/1228/3 874/1207/3
f 858/1191/2 885/1230/2 884/1231/2 855/1188/2
f 868/1201/3 886/1227/3 885/1230/3 858/1191/3
f 855/1188/4 884/1231/4 883/1226/4 879/1216/4
f 854/1187/6 869/1209/6 872/1214/6 851/1184/6
f 887/1232/4 890/1233/4 889/1234/4 888/1235/4
f 891/1236/53 893/1237/53 892/1238/53 887/1232/53
f 893/1237/4 895/1239/4 894/1240/4 892/1238/4
f 895/1239/54 896/1241/54 890/1233/54 894/1240/54
f 892/1238/5 894/1240/5 890/1233/5 887/1232/5
f 893/1237/1 891/1236/1 896/1241/1 895/1239/1
f 896/1241/3 891/1236/3 898/1242/3 897/1243/3
f 891/1236/53 887/1232/53 888/1235/53 898/1242/53
f 890/1233/54 896/1241/54 897/1243/54 889/1234/54
f 752/1027/1 757/1033/1 525/717/1 524/716/1
f 757/1040/1 722/992/1 370/719/1 525/718/1
f 899/1244/1 900/1245/1 901/1246/1 902/1247/1
f 718/988/3 899/1244/3 902/1247/3 719/989/3
f 903/1248/6 721/991/6 719/989/6 902/1247/6
f 904/1249/6 903/1248/6 902/1247/6 905/1250/6
f 905/1250/6 902/1247/6 901/1246/6 906/1251/6
f 907/1252/5 908/1253/5 905/1250/5 906/1251/5
f 909/1254/39 910/1255/39 911/1256/39 912/1257/39
f 906/1251/6 901/1246/6 913/1258/6 914/1259/6
f 907/1252/5 906/1251/5 914/1259/5 915/1260/5
f 900/1245/1 909/1254/1 912/1257/1 916/1261/1
f 917/1262/6 918/1263/6 919/1264/6 920/1265/6
f 918/1263/3 917/1262/3 912/1266/3 911/1267/3
f 921/1268/3 922/1269/3 914/1259/3 913/1258/3
f 923/1270/3 921/1268/3 913/1258/3 916/1261/3
f 924/1271/3 918/1263/3 911/1267/3 915/1272/3
f 924/1273/1 922/1269/1 925/1274/1 926/1275/1
f 922/1269/2 921/1268/2 927/1276/2 925/1274/2
f 923/1277/5 917/1262/5 920/1265/5 928/1278/5
f 9/9/2 12/1279/2 62/1280/2 72/1281/2
f 929/1282/3 930/1283/3 931/1284/3 932/1285/3
f 933/1286/5 934/1287/5 935/1288/5 936/1289/5
f 937/1290/5 930/1283/5 904/1249/5 905/1250/5
f 938/1291/5 937/1290/5 905/1250/5 908/1253/5
f 929/1292/5 933/1286/5 936/1289/5 939/1293/5
f 930/1283/2 937/1290/2 940/1294/2 931/1284/2
f 938/1291/4 934/1295/4 941/1296/4 942/1297/4
f 934/1287/6 933/1286/6 943/1298/6 941/1299/6
f 937/1290/4 938/1291/4 942/1297/4 940/1294/4
f 930/1283/5 929/1282/5 939/1300/5 904/1249/5
f 934/1287/5 938/1301/5 908/1302/5 935/1288/5
f 933/1286/3 929/1292/3 932/1303/3 943/1298/3
f 918/1263/1 924/1271/1 926/1304/1 919/1264/1
f 922/1269/3 924/1273/3 915/1260/3 914/1259/3
f 910/1305/5 907/1306/5 915/1272/5 911/1267/5
f 910/1305/5 935/1288/5 908/1302/5 907/1306/5
f 921/1268/5 923/1270/5 928/1307/5 927/1276/5
f 917/1262/3 923/1277/3 916/1308/3 912/1266/3
f 901/1246/1 900/1245/1 916/1261/1 913/1258/1
f 762/1049/3 944/1309/3 899/1310/3 718/1050/3
f 944/1311/1 909/1254/1 900/1245/1 899/1244/1
f 945/1312/1 948/1313/1 947/1314/1 946/1315/1
f 949/1316/6 952/1317/6 951/1318/6 950/1319/6
f 946/1315/6 947/1314/6 954/1320/6 953/1321/6
f 955/1322/4 958/1323/4 957/1324/4 956/1325/4
f 959/1326/4 954/1327/4 960/1328/4
f 951/1318/6 957/1329/6 958/1330/6 950/1319/6
f 961/1331/2 959/1332/2 960/1333/2
f 951/1318/5 956/1334/5 957/1329/5
f 962/1335/1 955/1336/1 959/1332/1 961/1331/1
f 960/1333/2 965/1337/2 964/1338/2 963/1339/2
f 966/1340/28 963/1341/28 947/1342/28 946/1343/28
f 961/1331/2 960/1333/2 963/1339/2 966/1344/2
f 949/1316/6 968/1345/6 967/1346/6 952/1317/6
f 965/1347/55 969/1348/55 964/1349/55
f 970/1350/56 971/1351/56 964/1349/56 969/1348/56
f 963/1339/57 971/1352/58 972/1353/59
f 954/1327/1 973/1354/1 965/1347/1 960/1328/1
f 974/1355/60 970/1350/60 969/1348/60 973/1354/60 975/1356/60
f 968/1345/6 970/1357/6 974/1358/6 967/1346/6
f 948/1313/46 975/1359/48 973/1360/47 947/1314/47
f 973/1360/6 954/1320/6 947/1314/6
f 973/1354/1 969/1348/1 965/1347/1
f 976/1361/4 951/1318/4 952/1317/4 945/1362/4
f 977/1363/2 979/1364/2 978/1365/2 962/1366/2
f 976/1361/5 980/1367/5 956/1334/5 951/1318/5
f 955/1322/4 956/1325/4 980/1368/4
f 978/1365/3 979/1364/3 949/1316/3 950/1319/3
f 979/1364/5 981/1369/5 968/1345/5 949/1316/5
f 950/1319/1 958/1330/1 982/1370/1 978/1365/1
f 983/1371/49 970/1357/49 968/1345/49 981/1369/49
f 962/1366/2 978/1365/2 982/1370/2 955/1372/2
f 955/1322/4 982/1373/4 958/1323/4
f 972/1374/2 981/1369/2 979/1364/2 977/1363/2
f 970/1350/1 983/1375/1 971/1351/1
f 971/1376/2 983/1371/2 981/1369/2 972/1374/2
f 959/1326/4 955/1322/4 980/1368/4 954/1327/4
f 953/1321/5 954/1320/5 980/1377/5 976/1378/5
f 961/1331/3 966/1344/3 977/1379/3 962/1335/3
f 953/1321/4 976/1378/4 945/1312/4 946/1315/4
f 966/1344/5 963/1339/5 972/1353/5 977/1379/5
f 967/1346/50 974/1358/61 948/1380/46
f 952/1317/1 967/1346/1 948/1380/1 945/1362/1
f 971/1352/58 963/1339/57 964/1338/62
f 975/1381/48 948/1380/46 974/1358/61
f 984/1382/3 985/1383/3 986/1384/3 987/1385/3
f 988/1386/3 989/1387/3 990/1388/3 991/1389/3
f 992/1390/3 993/1391/3 994/1392/3 995/1393/3
f 996/1394/3 997/1395/3 998/1396/3 999/1397/3
f 989/1387/3 1000/1398/3 1001/1399/3 990/1388/3
f 1002/1400/3 1003/1401/3 1004/1402/3 1005/1403/3
f 997/1395/3 1006/1404/3 1007/1405/3 998/1396/3
f 992/1390/5 985/1383/5 1002/1406/5 1005/1407/5
f 996/1394/6 1008/1408/6 1009/1409/6 1010/1410/6
f 1008/1408/3 996/1394/3 999/1397/3 1011/1411/3
f 984/1382/1 993/1391/1 1004/1412/1 1003/1413/1
f 992/1390/3 995/1393/3 1007/1405/3 1006/1404/3
f 988/1386/3 991/1389/3 994/1392/3 993/1391/3
f 984/1382/3 987/1385/3 1012/1414/3 1013/1415/3
f 1008/1408/3 1011/1411/3 986/1384/3 985/1383/3
f 985/1383/3 992/1390/3 1006/1404/3 1008/1408/3
f 1013/1415/3 988/1386/3 993/1391/3 984/1382/3
f 1000/1398/3 1013/1415/3 1012/1414/3 1001/1399/3
f 1010/1416/3 1009/1417/3 1014/1418/3 1015/1419/3
f 1016/1420/3 1017/1421/3 1018/1422/3 1019/1423/3
f 993/1391/2 992/1390/2 1005/1407/2 1004/1412/2
f 1013/1415/6 1000/1398/6 1017/1424/6 1016/1425/6
f 1006/1404/2 997/1395/2 1015/1426/2 1014/1427/2
f 997/1395/5 996/1394/5 1010/1410/5 1015/1426/5
f 1008/1408/1 1006/1404/1 1014/1427/1 1009/1409/1
f 989/1387/2 988/1386/2 1019/1428/2 1018/1429/2
f 1000/1398/1 989/1387/1 1018/1429/1 1017/1424/1
f 988/1386/5 1013/1415/5 1016/1425/5 1019/1428/5
f 985/1383/6 984/1382/6 1003/1413/6 1002/1406/6
f 1020/1430/5 1023/1431/5 1022/1432/5 1021/1433/5
f 1024/1434/37 1020/1430/37 1026/1435/37 1025/1436/37
f 1025/1436/5 1026/1435/5 1028/1437/5 1027/1438/5
f 1027/1438/38 1028/1437/38 1021/1433/38 1029/1439/38
f 1026/1435/4 1020/1430/4 1021/1433/4 1028/1437/4
f 1025/1436/3 1027/1438/3 1029/1439/3 1024/1434/3
f 1029/1439/1 1031/1440/1 1030/1441/1 1024/1434/1
f 1024/1434/37 1030/1441/37 1023/1431/37 1020/1430/37
f 1021/1433/38 1022/1432/38 1031/1440/38 1029/1439/38
f 1032/1442/5 1033/1443/5 1034/1444/5 1035/1445/5
f 1036/1446/5 1037/1447/5 1038/1448/5 1039/1449/5
f 1040/1450/5 1041/1451/5 1042/1452/5 1043/1453/5
f 1044/1454/5 1045/1455/5 1046/1456/5 1047/1457/5
f 1037/1447/5 1048/1458/5 1049/1459/5 1038/1448/5
f 1050/1460/5 1051/1461/5 1052/1462/5 1053/1463/5
f 1045/1455/5 1054/1464/5 1055/1465/5 1046/1456/5
f 1040/1450/4 1033/1443/4 1050/1466/4 1053/1467/4
f 1044/1454/6 1056/1468/6 1057/1469/6 1058/1470/6
f 1056/1468/5 1044/1454/5 1047/1457/5 1059/1471/5
f 1032/1442/3 1041/1451/3 1052/1472/3 1051/1473/3
f 1040/1450/5 1043/1453/5 1055/1465/5 1054/1464/5
f 1036/1446/5 1039/1449/5 1042/1452/5 1041/1451/5
f 1032/1442/5 1035/1445/5 1060/1474/5 1061/1475/5
f 1056/1468/5 1059/1471/5 1034/1444/5 1033/1443/5
f 1033/1443/5 1040/1450/5 1054/1464/5 1056/1468/5
f 1061/1475/5 1036/1446/5 1041/1451/5 1032/1442/5
f 1048/1458/5 1061/1475/5 1060/1474/5 1049/1459/5
f 1058/1476/5 1057/1477/5 1062/1478/5 1063/1479/5
f 1064/1480/5 1065/1481/5 1066/1482/5 1067/1483/5
f 1041/1451/2 1040/1450/2 1053/1467/2 1052/1472/2
f 1061/1475/6 1048/1458/6 1065/1484/6 1064/1485/6
f 1054/1464/2 1045/1455/2 1063/1486/2 1062/1487/2
f 1045/1455/4 1044/1454/4 1058/1470/4 1063/1486/4
f 1056/1468/3 1054/1464/3 1062/1487/3 1057/1469/3
f 1037/1447/2 1036/1446/2 1067/1488/2 1066/1489/2
f 1048/1458/3 1037/1447/3 1066/1489/3 1065/1484/3
f 1036/1446/4 1061/1475/4 1064/1485/4 1067/1488/4
f 1033/1443/6 1032/1442/6 1051/1473/6 1050/1466/6
f 1068/1490/4 1071/1491/4 1070/1492/4 1069/1493/4
f 1072/1494/53 1068/1490/53 1074/1495/53 1073/1496/53
f 1073/1496/4 1074/1495/4 1076/1497/4 1075/1498/4
f 1075/1498/54 1076/1497/54 1069/1493/54 1077/1499/54
f 1074/1495/1 1068/1490/1 1069/1493/1 1076/1497/1
f 1073/1496/5 1075/1498/5 1077/1499/5 1072/1494/5
f 1077/1499/3 1079/1500/3 1078/1501/3 1072/1494/3
f 1072/1494/53 1078/1501/53 1071/1491/53 1068/1490/53
f 1069/1493/54 1070/1492/54 1079/1500/54 1077/1499/54
f 936/1289/5 713/981/5 712/980/5 939/1293/5
f 939/1300/5 712/983/5 560/982/5 904/1249/5
f 1080/1502/5 1081/1503/5 1082/1504/5 1083/1505/5
f 1084/1506/6 1085/1507/6 1086/1508/6 1087/1509/6
f 174/274/2 38/90/2 103/134/2 231/311/2
f 1090/1510/6 1088/1511/6 1083/1505/6 1091/1512/6
f 1091/1512/6 1083/1505/6 1082/1504/6 1092/1513/6
f 1093/1514/1 1094/1515/1 1091/1512/1 1092/1513/1
f 337/459/9 347/468/9 1095/1516/9 1096/1517/9
f 1092/1513/6 1082/1504/6 1097/1518/6 1098/1519/6
f 1093/1514/1 1092/1513/1 1098/1519/1 1099/1520/1
f 1081/1503/5 337/459/5 1096/1517/5 1100/1521/5
f 1101/1522/6 1102/1523/6 1103/1524/6 1104/1525/6
f 1102/1523/4 1101/1522/4 1096/1526/4 1095/1527/4
f 1105/1528/4 1106/1529/4 1098/1519/4 1097/1518/4
f 1107/1530/4 1105/1528/4 1097/1518/4 1100/1521/4
f 1108/1531/4 1102/1523/4 1095/1527/4 1099/1532/4
f 1108/1533/5 1106/1529/5 1109/1534/5 1110/1535/5
f 1106/1529/2 1105/1528/2 1111/1536/2 1109/1534/2
f 1107/1537/1 1101/1522/1 1104/1525/1 1112/1538/1
f 1114/1539/4 1115/1540/4 1116/1541/4 1117/1542/4
f 1118/1543/1 1119/1544/1 346/1545/1 345/1546/1
f 1120/1547/1 1115/1540/1 1090/1510/1 1091/1512/1
f 1121/1548/1 1120/1547/1 1091/1512/1 1094/1515/1
f 1114/1549/1 1118/1543/1 345/1546/1 1122/1550/1
f 1115/1540/2 1120/1547/2 1123/1551/2 1116/1541/2
f 1121/1548/3 1119/1552/3 1124/1553/3 1125/1554/3
f 1119/1544/6 1118/1543/6 1126/1555/6 1124/1556/6
f 1120/1547/3 1121/1548/3 1125/1554/3 1123/1551/3
f 1115/1540/1 1114/1539/1 1122/1557/1 1090/1510/1
f 1119/1544/1 1121/1558/1 1094/1559/1 346/1545/1
f 1118/1543/4 1114/1549/4 1117/1560/4 1126/1555/4
f 1102/1523/5 1108/1531/5 1110/1561/5 1103/1524/5
f 1106/1529/4 1108/1533/4 1099/1520/4 1098/1519/4
f 347/1562/1 1093/1563/1 1099/1532/1 1095/1527/1
f 347/1562/1 346/1545/1 1094/1559/1 1093/1563/1
f 1105/1528/1 1107/1530/1 1112/1564/1 1111/1536/1
f 1101/1522/4 1107/1537/4 1100/1565/4 1096/1526/4
f 1082/1504/5 1081/1503/5 1100/1521/5 1097/1518/5
f 344/1566/4 338/460/4 1080/1502/4 1127/1567/4
f 338/460/5 337/459/5 1081/1503/5 1080/1502/5
f 1128/1568/5 1131/1569/5 1130/1570/5 1129/1571/5
f 1132/1572/6 1135/1573/6 1134/1574/6 1133/1575/6
f 1129/1571/6 1130/1570/6 1137/1576/6 1136/1577/6
f 1138/1578/3 1141/1579/3 1140/1580/3 1139/1581/3
f 1142/1582/3 1137/1583/3 1143/1584/3
f 1134/1574/6 1140/1585/6 1141/1586/6 1133/1575/6
f 1144/1587/2 1142/1588/2 1143/1589/2
f 1134/1574/1 1139/1590/1 1140/1585/1
f 1145/1591/5 1138/1592/5 1142/1588/5 1144/1587/5
f 1143/1589/2 1148/1593/2 1147/1594/2 1146/1595/2
f 1149/1596/10 1146/1597/10 1130/1598/10 1129/1599/10
f 1144/1587/2 1143/1589/2 1146/1595/2 1149/1600/2
f 1132/1572/6 1151/1601/6 1150/1602/6 1135/1573/6
f 1148/1603/11 1152/1604/11 1147/1605/11
f 1153/1606/12 1154/1607/12 1147/1605/12 1152/1604/12
f 1146/1595/13 1154/1608/14 1155/1609/15
f 1137/1583/5 1156/1610/5 1148/1603/5 1143/1584/5
f 1157/1611/16 1153/1606/16 1152/1604/16 1156/1610/16 1158/1612/16
f 1151/1601/6 1153/1613/6 1157/1614/6 1150/1602/6
f 1131/1569/17 1158/1615/22 1156/1616/19 1130/1570/19
f 1156/1616/6 1137/1576/6 1130/1570/6
f 1156/1610/5 1152/1604/5 1148/1603/5
f 1159/1617/3 1134/1574/3 1135/1573/3 1128/1618/3
f 1160/1619/2 1162/1620/2 1161/1621/2 1145/1622/2
f 1159/1617/1 1163/1623/1 1139/1590/1 1134/1574/1
f 1138/1578/3 1139/1581/3 1163/1624/3
f 1161/1621/4 1162/1620/4 1132/1572/4 1133/1575/4
f 1162/1620/1 1164/1625/1 1151/1601/1 1132/1572/1
f 1133/1575/5 1141/1586/5 1165/1626/5 1161/1621/5
f 1166/1627/20 1153/1613/20 1151/1601/20 1164/1625/20
f 1145/1622/2 1161/1621/2 1165/1626/2 1138/1628/2
f 1138/1578/3 1165/1629/3 1141/1579/3
f 1155/1630/2 1164/1625/2 1162/1620/2 1160/1619/2
f 1153/1606/5 1166/1631/5 1154/1607/5
f 1154/1632/2 1166/1627/2 1164/1625/2 1155/1630/2
f 1142/1582/3 1138/1578/3 1163/1624/3 1137/1583/3
f 1136/1577/1 1137/1576/1 1163/1633/1 1159/1634/1
f 1144/1587/4 1149/1600/4 1160/1635/4 1145/1591/4
f 1136/1577/3 1159/1634/3 1128/1568/3 1129/1571/3
f 1149/1600/1 1146/1595/1 1155/1609/1 1160/1635/1
f 1150/1602/21 1157/1614/22 1131/1636/17
f 1135/1573/5 1150/1602/5 1131/1636/5 1128/1618/5
f 1154/1608/14 1146/1595/13 1147/1594/23
f 1158/1637/22 1131/1636/17 1157/1614/22
f 1167/1638/4 1168/1639/4 1169/1640/4 1170/1641/4
f 1171/1642/4 1172/1643/4 1173/1644/4 1174/1645/4
f 1175/1646/4 1176/1647/4 1177/1648/4 1178/1649/4
f 1179/1650/4 1180/1651/4 1181/1652/4 1182/1653/4
f 1172/1643/4 1183/1654/4 1184/1655/4 1173/1644/4
f 1185/1656/4 1186/1657/4 1187/1658/4 1188/1659/4
f 1180/1651/4 1189/1660/4 1190/1661/4 1181/1652/4
f 1175/1646/1 1168/1639/1 1185/1662/1 1188/1663/1
f 1179/1650/6 1191/1664/6 1192/1665/6 1193/1666/6
f 1191/1664/4 1179/1650/4 1182/1653/4 1194/1667/4
f 1167/1638/5 1176/1647/5 1187/1668/5 1186/1669/5
f 1175/1646/4 1178/1649/4 1190/1661/4 1189/1660/4
f 1171/1642/4 1174/1645/4 1177/1648/4 1176/1647/4
f 1167/1638/4 1170/1641/4 1195/1670/4 1196/1671/4
f 1191/1664/4 1194/1667/4 1169/1640/4 1168/1639/4
f 1168/1639/4 1175/1646/4 1189/1660/4 1191/1664/4
f 1196/1671/4 1171/1642/4 1176/1647/4 1167/1638/4
f 1183/1654/4 1196/1671/4 1195/1670/4 1184/1655/4
f 1193/1672/4 1192/1673/4 1197/1674/4 1198/1675/4
f 1199/1676/4 1200/1677/4 1201/1678/4 1202/1679/4
f 1176/1647/2 1175/1646/2 1188/1663/2 1187/1668/2
f 1196/1671/6 1183/1654/6 1200/1680/6 1199/1681/6
f 1189/1660/2 1180/1651/2 1198/1682/2 1197/1683/2
f 1180/1651/1 1179/1650/1 1193/1666/1 1198/1682/1
f 1191/1664/5 1189/1660/5 1197/1683/5 1192/1665/5
f 1172/1643/2 1171/1642/2 1202/1684/2 1201/1685/2
f 1183/1654/5 1172/1643/5 1201/1685/5 1200/1680/5
f 1171/1642/1 1196/1671/1 1199/1681/1 1202/1684/1
f 1168/1639/6 1167/1638/6 1186/1669/6 1185/1662/6
f 1203/1686/1 1206/1687/1 1205/1688/1 1204/1689/1
f 1207/1690/24 1203/1686/24 1209/1691/24 1208/1692/24
f 1208/1692/1 1209/1691/1 1211/1693/1 1210/1694/1
f 1210/1694/25 1211/1693/25 1204/1689/25 1212/1695/25
f 1209/1691/3 1203/1686/3 1204/1689/3 1211/1693/3
f 1208/1692/4 1210/1694/4 1212/1695/4 1207/1690/4
f 1212/1695/5 1214/1696/5 1213/1697/5 1207/1690/5
f 1207/1690/24 1213/1697/24 1206/1687/24 1203/1686/24
f 1204/1689/25 1205/1688/25 1214/1696/25 1212/1695/25
f 1215/1698/1 1216/1699/1 1217/1700/1 1218/1701/1
f 1219/1702/1 1220/1703/1 1221/1704/1 1222/1705/1
f 1223/1706/1 1224/1707/1 1225/1708/1 1226/1709/1
f 1227/1710/1 1228/1711/1 1229/1712/1 1230/1713/1
f 1220/1703/1 1231/1714/1 1232/1715/1 1221/1704/1
f 1233/1716/1 1234/1717/1 1235/1718/1 1236/1719/1
f 1228/1711/1 1237/1720/1 1238/1721/1 1229/1712/1
f 1223/1706/3 1216/1699/3 1233/1722/3 1236/1723/3
f 1227/1710/6 1239/1724/6 1240/1725/6 1241/1726/6
f 1239/1724/1 1227/1710/1 1230/1713/1 1242/1727/1
f 1215/1698/4 1224/1707/4 1235/1728/4 1234/1729/4
f 1223/1706/1 1226/1709/1 1238/1721/1 1237/1720/1
f 1219/1702/1 1222/1705/1 1225/1708/1 1224/1707/1
f 1215/1698/1 1218/1701/1 1243/1730/1 1244/1731/1
f 1239/1724/1 1242/1727/1 1217/1700/1 1216/1699/1
f 1216/1699/1 1223/1706/1 1237/1720/1 1239/1724/1
f 1244/1731/1 1219/1702/1 1224/1707/1 1215/1698/1
f 1231/1714/1 1244/1731/1 1243/1730/1 1232/1715/1
f 1241/1732/1 1240/1733/1 1245/1734/1 1246/1735/1
f 1247/1736/1 1248/1737/1 1249/1738/1 1250/1739/1
f 1224/1707/2 1223/1706/2 1236/1723/2 1235/1728/2
f 1244/1731/6 1231/1714/6 1248/1740/6 1247/1741/6
f 1237/1720/2 1228/1711/2 1246/1742/2 1245/1743/2
f 1228/1711/3 1227/1710/3 1241/1726/3 1246/1742/3
f 1239/1724/4 1237/1720/4 1245/1743/4 1240/1725/4
f 1220/1703/2 1219/1702/2 1250/1744/2 1249/1745/2
f 1231/1714/4 1220/1703/4 1249/1745/4 1248/1740/4
f 1219/1702/3 1244/1731/3 1247/1741/3 1250/1744/3
f 1216/1699/6 1215/1698/6 1234/1729/6 1233/1722/6
f 1251/1746/3 1254/1747/3 1253/1748/3 1252/1749/3
f 1255/1750/26 1251/1746/26 1257/1751/26 1256/1752/26
f 1256/1752/3 1257/1751/3 1259/1753/3 1258/1754/3
f 1258/1754/27 1259/1753/27 1252/1749/27 1260/1755/27
f 1257/1751/5 1251/1746/5 1252/1749/5 1259/1753/5
f 1256/1752/1 1258/1754/1 1260/1755/1 1255/1750/1
f 1260/1755/4 1262/1756/4 1261/1757/4 1255/1750/4
f 1255/1750/26 1261/1757/26 1254/1747/26 1251/1746/26
f 1252/1749/27 1253/1748/27 1262/1756/27 1260/1755/27
f 345/1546/1 370/1758/1 1263/1759/1 1122/1550/1
f 1122/1557/1 1263/1760/1 1113/1761/1 1090/1510/1
f 1264/1762/1 1265/1763/1 1266/1764/1 1267/1765/1
f 1268/1766/5 530/724/5 533/727/5 1269/1767/5
f 101/130/2 9/9/2 148/198/2 229/307/2
f 1271/1768/6 1272/1769/6 1265/1763/6 1270/1770/6
f 1272/1769/6 1273/1771/6 1266/1764/6 1265/1763/6
f 1274/1772/5 1273/1771/5 1272/1769/5 1275/1773/5
f 528/722/9 1276/1774/9 1277/1775/9 537/731/9
f 1273/1771/6 1278/1776/6 1279/1777/6 1266/1764/6
f 1274/1772/5 1280/1778/5 1278/1776/5 1273/1771/5
f 1267/1765/1 1281/1779/1 1276/1774/1 528/722/1
f 1282/1780/6 1283/1781/6 1284/1782/6 1285/1783/6
f 1285/1783/4 1277/1784/4 1276/1785/4 1282/1780/4
f 1286/1786/4 1279/1777/4 1278/1776/4 1287/1787/4
f 1288/1788/4 1281/1779/4 1279/1777/4 1286/1786/4
f 1289/1789/4 1280/1790/4 1277/1784/4 1285/1783/4
f 1289/1791/1 1290/1792/1 1291/1793/1 1287/1787/1
f 1287/1787/2 1291/1793/2 1292/1794/2 1286/1786/2
f 1288/1795/5 1293/1796/5 1283/1781/5 1282/1780/5
f 320/1797/2 9/9/2 321/1798/2
f 1295/1799/4 1296/1800/4 1297/1801/4 1298/1802/4
f 1299/1803/5 535/1804/5 536/1805/5 1300/1806/5
f 1301/1807/5 1272/1769/5 1271/1768/5 1298/1802/5
f 1302/1808/5 1275/1773/5 1272/1769/5 1301/1807/5
f 1295/1809/5 1303/1810/5 535/1804/5 1299/1803/5
f 1298/1802/2 1297/1801/2 1304/1811/2 1301/1807/2
f 1302/1808/3 1305/1812/3 1306/1813/3 1300/1814/3
f 1300/1806/6 1306/1815/6 1307/1816/6 1299/1803/6
f 1301/1807/3 1304/1811/3 1305/1812/3 1302/1808/3
f 1298/1802/5 1271/1768/5 1303/1817/5 1295/1799/5
f 1300/1806/5 536/1805/5 1275/1818/5 1302/1819/5
f 1299/1803/4 1307/1816/4 1296/1820/4 1295/1809/4
f 1285/1783/1 1284/1782/1 1290/1821/1 1289/1789/1
f 1287/1787/4 1278/1776/4 1280/1778/4 1289/1791/4
f 537/1822/5 1277/1784/5 1280/1790/5 1274/1823/5
f 537/1822/5 1274/1823/5 1275/1818/5 536/1805/5
f 1286/1786/5 1292/1794/5 1293/1824/5 1288/1788/5
f 1282/1780/4 1276/1785/4 1281/1825/4 1288/1795/4
f 1266/1764/1 1279/1777/1 1281/1779/1 1267/1765/1
f 344/1566/4 1127/1567/4 1264/1762/4 527/721/4
f 527/721/1 1264/1762/1 1267/1765/1 528/722/1
f 1308/1826/1 1311/1827/1 1310/1828/1 1309/1829/1
f 1312/1830/6 1315/1831/6 1314/1832/6 1313/1833/6
f 1311/1827/6 1317/1834/6 1316/1835/6 1310/1828/6
f 1318/1836/3 1321/1837/3 1320/1838/3 1319/1839/3
f 1322/1840/3 1323/1841/3 1316/1842/3
f 1314/1832/6 1315/1831/6 1319/1843/6 1320/1844/6
f 1324/1845/2 1323/1846/2 1322/1847/2
f 1314/1832/5 1320/1844/5 1321/1848/5
f 1325/1849/1 1324/1845/1 1322/1847/1 1318/1850/1
f 1323/1846/2 1328/1851/2 1327/1852/2 1326/1853/2
f 1329/1854/28 1311/1855/28 1310/1856/28 1328/1857/28
f 1324/1845/2 1329/1858/2 1328/1851/2 1323/1846/2
f 1312/1830/6 1313/1833/6 1331/1859/6 1330/1860/6
f 1326/1861/29 1327/1862/29 1332/1863/29
f 1333/1864/30 1332/1863/30 1327/1862/30 1334/1865/30
f 1328/1851/31 1335/1866/32 1334/1867/33
f 1316/1842/1 1323/1841/1 1326/1861/1 1336/1868/1
f 1337/1869/34 1338/1870/34 1336/1868/34 1332/1863/34 1333/1864/34
f 1330/1860/6 1331/1859/6 1337/1871/6 1333/1872/6
f 1309/1829/17 1310/1828/19 1336/1873/19 1338/1874/63
f 1336/1873/6 1310/1828/6 1316/1835/6
f 1336/1868/1 1326/1861/1 1332/1863/1
f 1339/1875/3 1308/1876/3 1313/1833/3 1314/1832/3
f 1340/1877/2 1325/1878/2 1342/1879/2 1341/1880/2
f 1339/1875/5 1314/1832/5 1321/1848/5 1343/1881/5
f 1318/1836/3 1343/1882/3 1321/1837/3
f 1342/1879/4 1315/1831/4 1312/1830/4 1341/1880/4
f 1341/1880/5 1312/1830/5 1330/1860/5 1344/1883/5
f 1315/1831/1 1342/1879/1 1345/1884/1 1319/1843/1
f 1346/1885/20 1344/1883/20 1330/1860/20 1333/1872/20
f 1325/1878/2 1318/1886/2 1345/1884/2 1342/1879/2
f 1318/1836/3 1319/1839/3 1345/1887/3
f 1335/1888/2 1340/1877/2 1341/1880/2 1344/1883/2
f 1333/1864/1 1334/1865/1 1346/1889/1
f 1334/1890/2 1335/1888/2 1344/1883/2 1346/1885/2
f 1322/1840/3 1316/1842/3 1343/1882/3 1318/1836/3
f 1317/1834/5 1339/1891/5 1343/1892/5 1316/1835/5
f 1324/1845/4 1325/1849/4 1340/1893/4 1329/1858/4
f 1317/1834/3 1311/1827/3 1308/1826/3 1339/1891/3
f 1329/1858/5 1340/1893/5 1335/1866/5 1328/1851/5
f 1331/1859/21 1309/1894/17 1337/1871/35
f 1313/1833/1 1308/1876/1 1309/1894/1 1331/1859/1
f 1334/1867/33 1327/1852/36 1328/1851/31
f 1338/1895/63 1337/1871/35 1309/1894/17
f 1347/1896/4 1348/1897/4 1349/1898/4 1350/1899/4
f 1351/1900/4 1352/1901/4 1353/1902/4 1354/1903/4
f 1355/1904/4 1356/1905/4 1357/1906/4 1358/1907/4
f 1359/1908/4 1360/1909/4 1361/1910/4 1362/1911/4
f 1354/1903/4 1353/1902/4 1363/1912/4 1364/1913/4
f 1365/1914/4 1366/1915/4 1367/1916/4 1368/1917/4
f 1362/1911/4 1361/1910/4 1369/1918/4 1370/1919/4
f 1355/1904/5 1366/1920/5 1365/1921/5 1350/1899/5
f 1359/1908/6 1371/1922/6 1372/1923/6 1373/1924/6
f 1373/1924/4 1374/1925/4 1360/1909/4 1359/1908/4
f 1347/1896/1 1368/1926/1 1367/1927/1 1358/1907/1
f 1355/1904/4 1370/1919/4 1369/1918/4 1356/1905/4
f 1351/1900/4 1358/1907/4 1357/1906/4 1352/1901/4
f 1347/1896/4 1375/1928/4 1376/1929/4 1348/1897/4
f 1373/1924/4 1350/1899/4 1349/1898/4 1374/1925/4
f 1350/1899/4 1373/1924/4 1370/1919/4 1355/1904/4
f 1375/1928/4 1347/1896/4 1358/1907/4 1351/1900/4
f 1364/1913/4 1363/1912/4 1376/1929/4 1375/1928/4
f 1371/1930/4 1377/1931/4 1378/1932/4 1372/1933/4
f 1379/1934/4 1380/1935/4 1381/1936/4 1382/1937/4
f 1358/1907/2 1367/1927/2 1366/1920/2 1355/1904/2
f 1375/1928/6 1379/1938/6 1382/1939/6 1364/1913/6
f 1370/1919/2 1378/1940/2 1377/1941/2 1362/1911/2
f 1362/1911/5 1377/1941/5 1371/1922/5 1359/1908/5
f 1373/1924/1 1372/1923/1 1378/1940/1 1370/1919/1
f 1354/1903/2 1381/1942/2 1380/1943/2 1351/1900/2
f 1364/1913/1 1382/1939/1 1381/1942/1 1354/1903/1
f 1351/1900/5 1380/1943/5 1379/1938/5 1375/1928/5
f 1350/1899/6 1365/1921/6 1368/1926/6 1347/1896/6
f 1383/1944/5 1386/1945/5 1385/1946/5 1384/1947/5
f 1387/1948/37 1389/1949/37 1388/1950/37 1383/1944/37
f 1389/1949/5 1391/1951/5 1390/1952/5 1388/1950/5
f 1391/1951/38 1392/1953/38 1386/1945/38 1390/1952/38
f 1388/1950/3 1390/1952/3 1386/1945/3 1383/1944/3
f 1389/1949/4 1387/1948/4 1392/1953/4 1391/1951/4
f 1392/1953/1 1387/1948/1 1394/1954/1 1393/1955/1
f 1387/1948/37 1383/1944/37 1384/1947/37 1394/1954/37
f 1386/1945/38 1392/1953/38 1393/1955/38 1385/1946/38
f 1395/1956/5 1396/1957/5 1397/1958/5 1398/1959/5
f 1399/1960/5 1400/1961/5 1401/1962/5 1402/1963/5
f 1403/1964/5 1404/1965/5 1405/1966/5 1406/1967/5
f 1407/1968/5 1408/1969/5 1409/1970/5 1410/1971/5
f 1402/1963/5 1401/1962/5 1411/1972/5 1412/1973/5
f 1413/1974/5 1414/1975/5 1415/1976/5 1416/1977/5
f 1410/1971/5 1409/1970/5 1417/1978/5 1418/1979/5
f 1403/1964/3 1414/1980/3 1413/1981/3 1398/1959/3
f 1407/1968/6 1419/1982/6 1420/1983/6 1421/1984/6
f 1421/1984/5 1422/1985/5 1408/1969/5 1407/1968/5
f 1395/1956/4 1416/1986/4 1415/1987/4 1406/1967/4
f 1403/1964/5 1418/1979/5 1417/1978/5 1404/1965/5
f 1399/1960/5 1406/1967/5 1405/1966/5 1400/1961/5
f 1395/1956/5 1423/1988/5 1424/1989/5 1396/1957/5
f 1421/1984/5 1398/1959/5 1397/1958/5 1422/1985/5
f 1398/1959/5 1421/1984/5 1418/1979/5 1403/1964/5
f 1423/1988/5 1395/1956/5 1406/1967/5 1399/1960/5
f 1412/1973/5 1411/1972/5 1424/1989/5 1423/1988/5
f 1419/1990/5 1425/1991/5 1426/1992/5 1420/1993/5
f 1427/1994/5 1428/1995/5 1429/1996/5 1430/1997/5
f 1406/1967/2 1415/1987/2 1414/1980/2 1403/1964/2
f 1423/1988/6 1427/1998/6 1430/1999/6 1412/1973/6
f 1418/1979/2 1426/2000/2 1425/2001/2 1410/1971/2
f 1410/1971/3 1425/2001/3 1419/1982/3 1407/1968/3
f 1421/1984/4 1420/1983/4 1426/2000/4 1418/1979/4
f 1402/1963/2 1429/2002/2 1428/2003/2 1399/1960/2
f 1412/1973/4 1430/1999/4 1429/2002/4 1402/1963/4
f 1399/1960/3 1428/2003/3 1427/1998/3 1423/1988/3
f 1398/1959/6 1413/1981/6 1416/1986/6 1395/1956/6
f 1431/2004/3 1434/2005/3 1433/2006/3 1432/2007/3
f 1435/2008/26 1437/2009/26 1436/2010/26 1431/2004/26
f 1437/2009/3 1439/2011/3 1438/2012/3 1436/2010/3
f 1439/2011/27 1440/2013/27 1434/2005/27 1438/2012/27
f 1436/2010/1 1438/2012/1 1434/2005/1 1431/2004/1
f 1437/2009/5 1435/2008/5 1440/2013/5 1439/2011/5
f 1440/2013/4 1435/2008/4 1442/2014/4 1441/2015/4
f 1435/2008/26 1431/2004/26 1432/2007/26 1442/2014/26
f 1434/2005/27 1440/2013/27 1441/2015/27 1433/2006/27
f 535/1804/5 1303/1810/5 1443/2016/5 560/2017/5
f 1303/1817/5 1271/1768/5 1294/2018/5 1443/2019/5
f 1444/2020/5 1445/2021/5 1446/2022/5 1447/2023/5
f 1448/2024/3 1449/2025/3 1445/2021/3 1444/2020/3
f 1451/2026/6 1452/2027/6 1445/2021/6 1450/2028/6
f 1452/2027/6 1453/2029/6 1446/2022/6 1445/2021/6
f 1454/2030/1 1453/2029/1 1452/2027/1 1455/2031/1
f 716/986/39 1456/2032/39 1457/2033/39 724/994/39
f 1453/2029/6 1458/2034/6 1459/2035/6 1446/2022/6
f 1454/2030/1 1460/2036/1 1458/2034/1 1453/2029/1
f 1447/2023/5 1461/2037/5 1456/2032/5 716/986/5
f 1462/2038/6 1463/2039/6 1464/2040/6 1465/2041/6
f 1465/2041/3 1457/2042/3 1456/2043/3 1462/2038/3
f 1466/2044/3 1459/2035/3 1458/2034/3 1467/2045/3
f 1468/2046/3 1461/2037/3 1459/2035/3 1466/2044/3
f 1469/2047/3 1460/2048/3 1457/2042/3 1465/2041/3
f 1469/2049/5 1470/2050/5 1471/2051/5 1467/2045/5
f 1467/2045/2 1471/2051/2 1472/2052/2 1466/2044/2
f 1468/2053/1 1473/2054/1 1463/2039/1 1462/2038/1
f 1474/2055/3 1475/2056/3 1476/2057/3 1477/2058/3
f 1478/2059/1 722/2060/1 723/2061/1 1479/2062/1
f 1480/2063/1 1452/2027/1 1451/2026/1 1477/2058/1
f 1481/2064/1 1455/2031/1 1452/2027/1 1480/2063/1
f 1474/2065/1 1482/2066/1 722/2060/1 1478/2059/1
f 1477/2058/2 1476/2057/2 1483/2067/2 1480/2063/2
f 1481/2064/4 1484/2068/4 1485/2069/4 1479/2070/4
f 1479/2062/6 1485/2071/6 1486/2072/6 1478/2059/6
f 1480/2063/4 1483/2067/4 1484/2068/4 1481/2064/4
f 1477/2058/1 1451/2026/1 1482/2073/1 1474/2055/1
f 1479/2062/1 723/2061/1 1455/2074/1 1481/2075/1
f 1478/2059/3 1486/2072/3 1475/2076/3 1474/2065/3
f 1465/2041/5 1464/2040/5 1470/2077/5 1469/2047/5
f 1467/2045/3 1458/2034/3 1460/2036/3 1469/2049/3
f 724/2078/1 1457/2042/1 1460/2048/1 1454/2079/1
f 724/2078/1 1454/2079/1 1455/2074/1 723/2061/1
f 1466/2044/1 1472/2052/1 1473/2080/1 1468/2046/1
f 1462/2038/3 1456/2043/3 1461/2081/3 1468/2053/3
f 1446/2022/5 1459/2035/5 1461/2037/5 1447/2023/5
f 719/2082/3 1448/2083/3 1444/2084/3 715/2085/3
f 715/985/5 1444/2020/5 1447/2023/5 716/986/5
f 1487/2086/5 1490/2087/5 1489/2088/5 1488/2089/5
f 1491/2090/6 1494/2091/6 1493/2092/6 1492/2093/6
f 1490/2087/6 1496/2094/6 1495/2095/6 1489/2088/6
f 1497/2096/4 1500/2097/4 1499/2098/4 1498/2099/4
f 1501/2100/4 1502/2101/4 1495/2102/4
f 1493/2092/6 1494/2091/6 1498/2103/6 1499/2104/6
f 1503/2105/2 1502/2106/2 1501/2107/2
f 1493/2092/1 1499/2104/1 1500/2108/1
f 1504/2109/5 1503/2105/5 1501/2107/5 1497/2110/5
f 1502/2106/2 1507/2111/2 1506/2112/2 1505/2113/2
f 1508/2114/10 1490/2115/10 1489/2116/10 1507/2117/10
f 1503/2105/2 1508/2118/2 1507/2111/2 1502/2106/2
f 1491/2090/6 1492/2093/6 1510/2119/6 1509/2120/6
f 1505/2121/40 1506/2122/40 1511/2123/40
f 1512/2124/41 1511/2123/41 1506/2122/41 1513/2125/41
f 1507/2111/42 1514/2126/43 1513/2127/44
f 1495/2102/5 1502/2101/5 1505/2121/5 1515/2128/5
f 1516/2129/45 1517/2130/45 1515/2128/45 1511/2123/45 1512/2124/45
f 1509/2120/6 1510/2119/6 1516/2131/6 1512/2132/6
f 1488/2089/46 1489/2088/47 1515/2133/47 1517/2134/64
f 1515/2133/6 1489/2088/6 1495/2095/6
f 1515/2128/5 1505/2121/5 1511/2123/5
f 1518/2135/4 1487/2136/4 1492/2093/4 1493/2092/4
f 1519/2137/2 1504/2138/2 1521/2139/2 1520/2140/2
f 1518/2135/1 1493/2092/1 1500/2108/1 1522/2141/1
f 1497/2096/4 1522/2142/4 1500/2097/4
f 1521/2139/3 1494/2091/3 1491/2090/3 1520/2140/3
f 1520/2140/1 1491/2090/1 1509/2120/1 1523/2143/1
f 1494/2091/5 1521/2139/5 1524/2144/5 1498/2103/5
f 1525/2145/49 1523/2143/49 1509/2120/49 1512/2132/49
f 1504/2138/2 1497/2146/2 1524/2144/2 1521/2139/2
f 1497/2096/4 1498/2099/4 1524/2147/4
f 1514/2148/2 1519/2137/2 1520/2140/2 1523/2143/2
f 1512/2124/5 1513/2125/5 1525/2149/5
f 1513/2150/2 1514/2148/2 1523/2143/2 1525/2145/2
f 1501/2100/4 1495/2102/4 1522/2142/4 1497/2096/4
f 1496/2094/1 1518/2151/1 1522/2152/1 1495/2095/1
f 1503/2105/3 1504/2109/3 1519/2153/3 1508/2118/3
f 1496/2094/4 1490/2087/4 1487/2086/4 1518/2151/4
f 1508/2118/1 1519/2153/1 1514/2126/1 1507/2111/1
f 1510/2119/50 1488/2154/46 1516/2131/51
f 1492/2093/5 1487/2136/5 1488/2154/5 1510/2119/5
f 1513/2127/44 1506/2112/52 1507/2111/42
f 1517/2155/64 1516/2131/51 1488/2154/46
f 1526/2156/3 1527/2157/3 1528/2158/3 1529/2159/3
f 1530/2160/3 1531/2161/3 1532/2162/3 1533/2163/3
f 1534/2164/3 1535/2165/3 1536/2166/3 1537/2167/3
f 1538/2168/3 1539/2169/3 1540/2170/3 1541/2171/3
f 1533/2163/3 1532/2162/3 1542/2172/3 1543/2173/3
f 1544/2174/3 1545/2175/3 1546/2176/3 1547/2177/3
f 1541/2171/3 1540/2170/3 1548/2178/3 1549/2179/3
f 1534/2164/1 1545/2180/1 1544/2181/1 1529/2159/1
f 1538/2168/6 1550/2182/6 1551/2183/6 1552/2184/6
f 1552/2184/3 1553/2185/3 1539/2169/3 1538/2168/3
f 1526/2156/5 1547/2186/5 1546/2187/5 1537/2167/5
f 1534/2164/3 1549/2179/3 1548/2178/3 1535/2165/3
f 1530/2160/3 1537/2167/3 1536/2166/3 1531/2161/3
f 1526/2156/3 1554/2188/3 1555/2189/3 1527/2157/3
f 1552/2184/3 1529/2159/3 1528/2158/3 1553/2185/3
f 1529/2159/3 1552/2184/3 1549/2179/3 1534/2164/3
f 1554/2188/3 1526/2156/3 1537/2167/3 1530/2160/3
f 1543/2173/3 1542/2172/3 1555/2189/3 1554/2188/3
f 1550/2190/3 1556/2191/3 1557/2192/3 1551/2193/3
f 1558/2194/3 1559/2195/3 1560/2196/3 1561/2197/3
f 1537/2167/2 1546/2187/2 1545/2180/2 1534/2164/2
f 1554/2188/6 1558/2198/6 1561/2199/6 1543/2173/6
f 1549/2179/2 1557/2200/2 1556/2201/2 1541/2171/2
f 1541/2171/1 1556/2201/1 1550/2182/1 1538/2168/1
f 1552/2184/5 1551/2183/5 1557/2200/5 1549/2179/5
f 1533/2163/2 1560/2202/2 1559/2203/2 1530/2160/2
f 1543/2173/5 1561/2199/5 1560/2202/5 1533/2163/5
f 1530/2160/1 1559/2203/1 1558/2198/1 1554/2188/1
f 1529/2159/6 1544/2181/6 1547/2186/6 1526/2156/6
f 1562/2204/1 1565/2205/1 1564/2206/1 1563/2207/1
f 1566/2208/24 1568/2209/24 1567/2210/24 1562/2204/24
f 1568/2209/1 1570/2211/1 1569/2212/1 1567/2210/1
f 1570/2211/25 1571/2213/25 1565/2205/25 1569/2212/25
f 1567/2210/4 1569/2212/4 1565/2205/4 1562/2204/4
f 1568/2209/3 1566/2208/3 1571/2213/3 1570/2211/3
f 1571/2213/5 1566/2208/5 1573/2214/5 1572/2215/5
f 1566/2208/24 1562/2204/24 1563/2207/24 1573/2214/24
f 1565/2205/25 1571/2213/25 1572/2215/25 1564/2206/25
f 1574/2216/1 1575/2217/1 1576/2218/1 1577/2219/1
f 1578/2220/1 1579/2221/1 1580/2222/1 1581/2223/1
f 1582/2224/1 1583/2225/1 1584/2226/1 1585/2227/1
f 1586/2228/1 1587/2229/1 1588/2230/1 1589/2231/1
f 1581/2223/1 1580/2222/1 1590/2232/1 1591/2233/1
f 1592/2234/1 1593/2235/1 1594/2236/1 1595/2237/1
f 1589/2231/1 1588/2230/1 1596/2238/1 1597/2239/1
f 1582/2224/4 1593/2240/4 1592/2241/4 1577/2219/4
f 1586/2228/6 1598/2242/6 1599/2243/6 1600/2244/6
f 1600/2244/1 1601/2245/1 1587/2229/1 1586/2228/1
f 1574/2216/3 1595/2246/3 1594/2247/3 1585/2227/3
f 1582/2224/1 1597/2239/1 1596/2238/1 1583/2225/1
f 1578/2220/1 1585/2227/1 1584/2226/1 1579/2221/1
f 1574/2216/1 1602/2248/1 1603/2249/1 1575/2217/1
f 1600/2244/1 1577/2219/1 1576/2218/1 1601/2245/1
f 1577/2219/1 1600/2244/1 1597/2239/1 1582/2224/1
f 1602/2248/1 1574/2216/1 1585/2227/1 1578/2220/1
f 1591/2233/1 1590/2232/1 1603/2249/1 1602/2248/1
f 1598/2250/1 1604/2251/1 1605/2252/1 1599/2253/1
f 1606/2254/1 1607/2255/1 1608/2256/1 1609/2257/1
f 1585/2227/2 1594/2247/2 1593/2240/2 1582/2224/2
f 1602/2248/6 1606/2258/6 1609/2259/6 1591/2233/6
f 1597/2239/2 1605/2260/2 1604/2261/2 1589/2231/2
f 1589/2231/4 1604/2261/4 1598/2242/4 1586/2228/4
f 1600/2244/3 1599/2243/3 1605/2260/3 1597/2239/3
f 1581/2223/2 1608/2262/2 1607/2263/2 1578/2220/2
f 1591/2233/3 1609/2259/3 1608/2262/3 1581/2223/3
f 1578/2220/4 1607/2263/4 1606/2258/4 1602/2248/4
f 1577/2219/6 1592/2241/6 1595/2246/6 1574/2216/6
f 1610/2264/4 1613/2265/4 1612/2266/4 1611/2267/4
f 1614/2268/53 1616/2269/53 1615/2270/53 1610/2264/53
f 1616/2269/4 1618/2271/4 1617/2272/4 1615/2270/4
f 1618/2271/54 1619/2273/54 1613/2265/54 1617/2272/54
f 1615/2270/5 1617/2272/5 1613/2265/5 1610/2264/5
f 1616/2269/1 1614/2268/1 1619/2273/1 1618/2271/1
f 1619/2273/3 1614/2268/3 1621/2274/3 1620/2275/3
f 1614/2268/53 1610/2264/53 1611/2267/53 1621/2274/53
f 1613/2265/54 1619/2273/54 1620/2275/54 1612/2266/54
f 722/2060/1 1482/2066/1 1263/1759/1 370/1758/1
f 1482/2073/1 1451/2026/1 1113/1761/1 1263/1760/1
f 1622/2276/1 1623/2277/1 1624/2278/1 1625/2279/1
f 1448/2024/3 1622/2276/3 1625/2279/3 1449/2025/3
f 1627/2280/6 1626/2281/6 1625/2279/6 1628/2282/6
f 1628/2282/6 1625/2279/6 1624/2278/6 1629/2283/6
f 1630/2284/5 1631/2285/5 1628/2282/5 1629/2283/5
f 901/1246/39 906/1251/39 1632/2286/39 1633/2287/39
f 1629/2283/6 1624/2278/6 1634/2288/6 1635/2289/6
f 1630/2284/5 1629/2283/5 1635/2289/5 1636/2290/5
f 1623/2277/1 901/1246/1 1633/2287/1 1637/2291/1
f 1638/2292/6 1639/2293/6 1640/2294/6 1641/2295/6
f 1639/2293/3 1638/2292/3 1633/2296/3 1632/2297/3
f 1642/2298/3 1643/2299/3 1635/2289/3 1634/2288/3
f 1644/2300/3 1642/2298/3 1634/2288/3 1637/2291/3
f 1645/2301/3 1639/2293/3 1632/2297/3 1636/2302/3
f 1645/2303/1 1643/2299/1 1646/2304/1 1647/2305/1
f 1643/2299/2 1642/2298/2 1648/2306/2 1646/2304/2
f 1644/2307/5 1638/2292/5 1641/2295/5 1649/2308/5
f 320/1797/2 331/2309/2 148/198/2 9/9/2
f 1650/2310/3 1651/2311/3 1652/2312/3 1653/2313/3
f 1654/2314/5 1655/2315/5 905/2316/5 904/2317/5
f 1656/2318/5 1651/2311/5 1627/2280/5 1628/2282/5
f 1657/2319/5 1656/2318/5 1628/2282/5 1631/2285/5
f 1650/2320/5 1654/2314/5 904/2317/5 1658/2321/5
f 1651/2311/2 1656/2318/2 1659/2322/2 1652/2312/2
f 1657/2319/4 1655/2323/4 1660/2324/4 1661/2325/4
f 1655/2315/6 1654/2314/6 1662/2326/6 1660/2327/6
f 1656/2318/4 1657/2319/4 1661/2325/4 1659/2322/4
f 1651/2311/5 1650/2310/5 1658/2328/5 1627/2280/5
f 1655/2315/5 1657/2329/5 1631/2330/5 905/2316/5
f 1654/2314/3 1650/2320/3 1653/2331/3 1662/2326/3
f 1639/2293/1 1645/2301/1 1647/2332/1 1640/2294/1
f 1643/2299/3 1645/2303/3 1636/2290/3 1635/2289/3
f 906/2333/5 1630/2334/5 1636/2302/5 1632/2297/5
f 906/2333/5 905/2316/5 1631/2330/5 1630/2334/5
f 1642/2298/5 1644/2300/5 1649/2335/5 1648/2306/5
f 1638/2292/3 1644/2307/3 1637/2336/3 1633/2296/3
f 1624/2278/1 1623/2277/1 1637/2291/1 1634/2288/1
f 719/2082/3 902/2337/3 1622/2338/3 1448/2083/3
f 902/1247/1 901/1246/1 1623/2277/1 1622/2276/1
f 1663/2339/1 1666/2340/1 1665/2341/1 1664/2342/1
f 1667/2343/6 1670/2344/6 1669/2345/6 1668/2346/6
f 1664/2342/6 1665/2341/6 1672/2347/6 1671/2348/6
f 1673/2349/4 1676/2350/4 1675/2351/4 1674/2352/4
f 1677/2353/4 1672/2354/4 1678/2355/4
f 1669/2345/6 1675/2356/6 1676/2357/6 1668/2346/6
f 1679/2358/2 1677/2359/2 1678/2360/2
f 1669/2345/5 1674/2361/5 1675/2356/5
f 1680/2362/1 1673/2363/1 1677/2359/1 1679/2358/1
f 1678/2360/2 1683/2364/2 1682/2365/2 1681/2366/2
f 1684/2367/28 1681/2368/28 1665/2369/28 1664/2370/28
f 1679/2358/2 1678/2360/2 1681/2366/2 1684/2371/2
f 1667/2343/6 1686/2372/6 1685/2373/6 1670/2344/6
f 1683/2374/55 1687/2375/55 1682/2376/55
f 1688/2377/56 1689/2378/56 1682/2376/56 1687/2375/56
f 1681/2366/57 1689/2379/58 1690/2380/59
f 1672/2354/1 1691/2381/1 1683/2374/1 1678/2355/1
f 1692/2382/60 1688/2377/60 1687/2375/60 1691/2381/60 1693/2383/60
f 1686/2372/6 1688/2384/6 1692/2385/6 1685/2373/6
f 1666/2340/46 1693/2386/65 1691/2387/47 1665/2341/47
f 1691/2387/6 1672/2347/6 1665/2341/6
f 1691/2381/1 1687/2375/1 1683/2374/1
f 1694/2388/4 1669/2345/4 1670/2344/4 1663/2389/4
f 1695/2390/2 1697/2391/2 1696/2392/2 1680/2393/2
f 1694/2388/5 1698/2394/5 1674/2361/5 1669/2345/5
f 1673/2349/4 1674/2352/4 1698/2395/4
f 1696/2392/3 1697/2391/3 1667/2343/3 1668/2346/3
f 1697/2391/5 1699/2396/5 1686/2372/5 1667/2343/5
f 1668/2346/1 1676/2357/1 1700/2397/1 1696/2392/1
f 1701/2398/49 1688/2384/49 1686/2372/49 1699/2396/49
f 1680/2393/2 1696/2392/2 1700/2397/2 1673/2399/2
f 1673/2349/4 1700/2400/4 1676/2350/4
f 1690/2401/2 1699/2396/2 1697/2391/2 1695/2390/2
f 1688/2377/1 1701/2402/1 1689/2378/1
f 1689/2403/2 1701/2398/2 1699/2396/2 1690/2401/2
f 1677/2353/4 1673/2349/4 1698/2395/4 1672/2354/4
f 1671/2348/5 1672/2347/5 1698/2404/5 1694/2405/5
f 1679/2358/3 1684/2371/3 1695/2406/3 1680/2362/3
f 1671/2348/4 1694/2405/4 1663/2339/4 1664/2342/4
f 1684/2371/5 1681/2366/5 1690/2380/5 1695/2406/5
f 1685/2373/50 1692/2385/61 1666/2407/46
f 1670/2344/1 1685/2373/1 1666/2407/1 1663/2389/1
f 1689/2379/58 1681/2366/57 1682/2365/62
f 1693/2408/65 1666/2407/46 1692/2385/61
f 1702/2409/3 1703/2410/3 1704/2411/3 1705/2412/3
f 1706/2413/3 1707/2414/3 1708/2415/3 1709/2416/3
f 1710/2417/3 1711/2418/3 1712/2419/3 1713/2420/3
f 1714/2421/3 1715/2422/3 1716/2423/3 1717/2424/3
f 1707/2414/3 1718/2425/3 1719/2426/3 1708/2415/3
f 1720/2427/3 1721/2428/3 1722/2429/3 1723/2430/3
f 1715/2422/3 1724/2431/3 1725/2432/3 1716/2423/3
f 1710/2417/5 1703/2410/5 1720/2433/5 1723/2434/5
f 1714/2421/6 1726/2435/6 1727/2436/6 1728/2437/6
f 1726/2435/3 1714/2421/3 1717/2424/3 1729/2438/3
f 1702/2409/1 1711/2418/1 1722/2439/1 1721/2440/1
f 1710/2417/3 1713/2420/3 1725/2432/3 1724/2431/3
f 1706/2413/3 1709/2416/3 1712/2419/3 1711/2418/3
f 1702/2409/3 1705/2412/3 1730/2441/3 1731/2442/3
f 1726/2435/3 1729/2438/3 1704/2411/3 1703/2410/3
f 1703/2410/3 1710/2417/3 1724/2431/3 1726/2435/3
f 1731/2442/3 1706/2413/3 1711/2418/3 1702/2409/3
f 1718/2425/3 1731/2442/3 1730/2441/3 1719/2426/3
f 1728/2443/3 1727/2444/3 1732/2445/3 1733/2446/3
f 1734/2447/3 1735/2448/3 1736/2449/3 1737/2450/3
f 1711/2418/2 1710/2417/2 1723/2434/2 1722/2439/2
f 1731/2442/6 1718/2425/6 1735/2451/6 1734/2452/6
f 1724/2431/2 1715/2422/2 1733/2453/2 1732/2454/2
f 1715/2422/5 1714/2421/5 1728/2437/5 1733/2453/5
f 1726/2435/1 1724/2431/1 1732/2454/1 1727/2436/1
f 1707/2414/2 1706/2413/2 1737/2455/2 1736/2456/2
f 1718/2425/1 1707/2414/1 1736/2456/1 1735/2451/1
f 1706/2413/5 1731/2442/5 1734/2452/5 1737/2455/5
f 1703/2410/6 1702/2409/6 1721/2440/6 1720/2433/6
f 1738/2457/5 1741/2458/5 1740/2459/5 1739/2460/5
f 1742/2461/37 1738/2457/37 1744/2462/37 1743/2463/37
f 1743/2463/5 1744/2462/5 1746/2464/5 1745/2465/5
f 1745/2465/38 1746/2464/38 1739/2460/38 1747/2466/38
f 1744/2462/4 1738/2457/4 1739/2460/4 1746/2464/4
f 1743/2463/3 1745/2465/3 1747/2466/3 1742/2461/3
f 1747/2466/1 1749/2467/1 1748/2468/1 1742/2461/1
f 1742/2461/37 1748/2468/37 1741/2458/37 1738/2457/37
f 1739/2460/38 1740/2459/38 1749/2467/38 1747/2466/38
f 1750/2469/5 1751/2470/5 1752/2471/5 1753/2472/5
f 1754/2473/5 1755/2474/5 1756/2475/5 1757/2476/5
f 1758/2477/5 1759/2478/5 1760/2479/5 1761/2480/5
f 1762/2481/5 1763/2482/5 1764/2483/5 1765/2484/5
f 1755/2474/5 1766/2485/5 1767/2486/5 1756/2475/5
f 1768/2487/5 1769/2488/5 1770/2489/5 1771/2490/5
f 1763/2482/5 1772/2491/5 1773/2492/5 1764/2483/5
f 1758/2477/4 1751/2470/4 1768/2493/4 1771/2494/4
f 1762/2481/6 1774/2495/6 1775/2496/6 1776/2497/6
f 1774/2495/5 1762/2481/5 1765/2484/5 1777/2498/5
f 1750/2469/3 1759/2478/3 1770/2499/3 1769/2500/3
f 1758/2477/5 1761/2480/5 1773/2492/5 1772/2491/5
f 1754/2473/5 1757/2476/5 1760/2479/5 1759/2478/5
f 1750/2469/5 1753/2472/5 1778/2501/5 1779/2502/5
f 1774/2495/5 1777/2498/5 1752/2471/5 1751/2470/5
f 1751/2470/5 1758/2477/5 1772/2491/5 1774/2495/5
f 1779/2502/5 1754/2473/5 1759/2478/5 1750/2469/5
f 1766/2485/5 1779/2502/5 1778/2501/5 1767/2486/5
f 1776/2503/5 1775/2504/5 1780/2505/5 1781/2506/5
f 1782/2507/5 1783/2508/5 1784/2509/5 1785/2510/5
f 1759/2478/2 1758/2477/2 1771/2494/2 1770/2499/2
f 1779/2502/6 1766/2485/6 1783/2511/6 1782/2512/6
f 1772/2491/2 1763/2482/2 1781/2513/2 1780/2514/2
f 1763/2482/4 1762/2481/4 1776/2497/4 1781/2513/4
f 1774/2495/3 1772/2491/3 1780/2514/3 1775/2496/3
f 1755/2474/2 1754/2473/2 1785/2515/2 1784/2516/2
f 1766/2485/3 1755/2474/3 1784/2516/3 1783/2511/3
f 1754/2473/4 1779/2502/4 1782/2512/4 1785/2515/4
f 1751/2470/6 1750/2469/6 1769/2500/6 1768/2493/6
f 1786/2517/4 1789/2518/4 1788/2519/4 1787/2520/4
f 1790/2521/53 1786/2517/53 1792/2522/53 1791/2523/53
f 1791/2523/4 1792/2522/4 1794/2524/4 1793/2525/4
f 1793/2525/54 1794/2524/54 1787/2520/54 1795/2526/54
f 1792/2522/1 1786/2517/1 1787/2520/1 1794/2524/1
f 1791/2523/5 1793/2525/5 1795/2526/5 1790/2521/5
f 1795/2526/3 1797/2527/3 1796/2528/3 1790/2521/3
f 1790/2521/53 1796/2528/53 1789/2518/53 1786/2517/53
f 1787/2520/54 1788/2519/54 1797/2527/54 1795/2526/54
f 904/2317/5 560/2017/5 1443/2016/5 1658/2321/5
f 1658/2328/5 1443/2019/5 1294/2018/5 1627/2280/5
f 1798/2529/5 1799/2530/5 1800/2531/5 1801/2532/5
f 1802/2533/2 1803/2534/2 1804/2535/2 1805/2536/2
f 1806/2537/3 1807/2538/3 1808/2539/3 1809/2540/3
f 1810/2541/2 1811/2542/2 1812/2543/2
f 1813/2544/2 1814/2545/2 1815/2546/2
f 1816/2547/1 1817/2548/1 1810/2549/1 1818/2550/1
f 1082/1504/9 1092/1513/9 1819/2551/9 1820/2552/9
f 1799/2530/5 1082/1504/5 1820/2552/5 1821/2553/5
f 1822/2554/6 1823/2555/6 1824/2556/6 1825/2557/6
f 1823/2555/4 1822/2554/4 1820/2558/4 1819/2559/4
f 1826/2560/4 1827/2561/4 1818/2550/4 1828/2562/4
f 1829/2563/4 1826/2560/4 1828/2562/4 1821/2553/4
f 1830/2564/4 1823/2555/4 1819/2559/4 1816/2565/4
f 1830/2566/5 1827/2561/5 1831/2567/5 1832/2568/5
f 1827/2561/2 1826/2560/2 1833/2569/2 1831/2567/2
f 1829/2570/1 1822/2554/1 1825/2557/1 1834/2571/1
f 1835/2572/3 1836/2573/3 1837/2574/3 1838/2575/3
f 1839/2576/1 1815/2546/1 1840/2577/1 1841/2578/1
f 1842/2579/4 1843/2580/4 1844/2581/4 1845/2582/4
f 1846/2583/1 1847/2584/1 1091/2585/1 1090/2586/1
f 1848/2587/1 1843/2580/1 1811/2588/1 1810/2549/1
f 1849/2589/1 1848/2587/1 1810/2549/1 1817/2548/1
f 1842/2590/1 1846/2583/1 1090/2586/1 1850/2591/1
f 1843/2580/2 1848/2587/2 1851/2592/2 1844/2581/2
f 1849/2589/3 1847/2593/3 1852/2594/3 1853/2595/3
f 1847/2584/6 1846/2583/6 1854/2596/6 1852/2597/6
f 1848/2587/3 1849/2589/3 1853/2595/3 1851/2592/3
f 1843/2580/1 1842/2579/1 1850/2598/1 1811/2588/1
f 1847/2584/1 1849/2599/1 1817/2600/1 1091/2585/1
f 1846/2583/4 1842/2590/4 1845/2601/4 1854/2596/4
f 1823/2555/5 1830/2564/5 1832/2602/5 1824/2556/5
f 1827/2561/4 1830/2566/4 1816/2547/4 1818/2550/4
f 1092/2603/1 1816/2565/1 1819/2559/1
f 1092/2603/1 1091/2585/1 1817/2600/1 1816/2565/1
f 1826/2560/1 1829/2563/1 1834/2604/1 1833/2569/1
f 1822/2554/4 1829/2570/4 1821/2605/4 1820/2558/4
f 1800/2531/5 1799/2530/5 1821/2553/5 1828/2562/5
f 1089/2606/4 1083/1505/4 1798/2529/4 1855/2607/4
f 1083/1505/5 1082/1504/5 1799/2530/5 1798/2529/5
f 1856/2608/5 1859/2609/5 1858/2610/5 1857/2611/5
f 1860/2612/6 1863/2613/6 1862/2614/6 1861/2615/6
f 1857/2611/6 1858/2610/6 1865/2616/6 1864/2617/6
f 1866/2618/3 1869/2619/3 1868/2620/3 1867/2621/3
f 1870/2622/3 1865/2623/3 1871/2624/3
f 1862/2614/6 1868/2625/6 1869/2626/6 1861/2615/6
f 1872/2627/2 1870/2628/2 1871/2629/2
f 1862/2614/1 1867/2630/1 1868/2625/1
f 1873/2631/5 1866/2632/5 1870/2628/5 1872/2627/5
f 1871/2629/2 1876/2633/2 1875/2634/2 1874/2635/2
f 1877/2636/10 1874/2637/10 1858/2638/10 1857/2639/10
f 1872/2627/2 1871/2629/2 1874/2635/2 1877/2640/2
f 1860/2612/6 1879/2641/6 1878/2642/6 1863/2613/6
f 1876/2643/11 1880/2644/11 1875/2645/11
f 1881/2646/12 1882/2647/12 1875/2645/12 1880/2644/12
f 1874/2635/66 1882/2648/67 1883/2649/15
f 1865/2623/5 1884/2650/5 1876/2643/5 1871/2624/5
f 1885/2651/16 1881/2646/16 1880/2644/16 1884/2650/16 1886/2652/16
f 1879/2641/6 1881/2653/6 1885/2654/6 1878/2642/6
f 1859/2609/17 1886/2655/18 1884/2656/19 1858/2610/19
f 1884/2656/6 1865/2616/6 1858/2610/6
f 1884/2650/5 1880/2644/5 1876/2643/5
f 1887/2657/3 1862/2614/3 1863/2613/3 1856/2658/3
f 1888/2659/2 1890/2660/2 1889/2661/2 1873/2662/2
f 1887/2657/1 1891/2663/1 1867/2630/1 1862/2614/1
f 1866/2618/3 1867/2621/3 1891/2664/3
f 1889/2661/4 1890/2660/4 1860/2612/4 1861/2615/4
f 1890/2660/1 1892/2665/1 1879/2641/1 1860/2612/1
f 1861/2615/5 1869/2626/5 1893/2666/5 1889/2661/5
f 1894/2667/20 1881/2653/20 1879/2641/20 1892/2665/20
f 1873/2662/2 1889/2661/2 1893/2666/2 1866/2668/2
f 1866/2618/3 1893/2669/3 1869/2619/3
f 1883/2670/2 1892/2665/2 1890/2660/2 1888/2659/2
f 1881/2646/5 1894/2671/5 1882/2647/5
f 1882/2672/2 1894/2667/2 1892/2665/2 1883/2670/2
f 1870/2622/3 1866/2618/3 1891/2664/3 1865/2623/3
f 1864/2617/1 1865/2616/1 1891/2673/1 1887/2674/1
f 1872/2627/4 1877/2640/4 1888/2675/4 1873/2631/4
f 1864/2617/3 1887/2674/3 1856/2608/3 1857/2611/3
f 1877/2640/1 1874/2635/1 1883/2649/1 1888/2675/1
f 1878/2642/21 1885/2654/22 1859/2676/17
f 1863/2613/5 1878/2642/5 1859/2676/5 1856/2658/5
f 1882/2648/67 1874/2635/66 1875/2634/23
f 1886/2677/18 1859/2676/17 1885/2654/22
f 1895/2678/4 1896/2679/4 1897/2680/4 1898/2681/4
f 1899/2682/4 1900/2683/4 1901/2684/4 1902/2685/4
f 1903/2686/4 1904/2687/4 1905/2688/4 1906/2689/4
f 1907/2690/4 1908/2691/4 1909/2692/4 1910/2693/4
f 1900/2683/4 1911/2694/4 1912/2695/4 1901/2684/4
f 1913/2696/4 1914/2697/4 1915/2698/4 1916/2699/4
f 1908/2691/4 1917/2700/4 1918/2701/4 1909/2692/4
f 1903/2686/1 1896/2679/1 1913/2702/1 1916/2703/1
f 1907/2690/6 1919/2704/6 1920/2705/6 1921/2706/6
f 1919/2704/4 1907/2690/4 1910/2693/4 1922/2707/4
f 1895/2678/5 1904/2687/5 1915/2708/5 1914/2709/5
f 1903/2686/4 1906/2689/4 1918/2701/4 1917/2700/4
f 1899/2682/4 1902/2685/4 1905/2688/4 1904/2687/4
f 1895/2678/4 1898/2681/4 1923/2710/4 1924/2711/4
f 1919/2704/4 1922/2707/4 1897/2680/4 1896/2679/4
f 1896/2679/4 1903/2686/4 1917/2700/4 1919/2704/4
f 1924/2711/4 1899/2682/4 1904/2687/4 1895/2678/4
f 1911/2694/4 1924/2711/4 1923/2710/4 1912/2695/4
f 1921/2712/4 1920/2713/4 1925/2714/4 1926/2715/4
f 1927/2716/4 1928/2717/4 1929/2718/4 1930/2719/4
f 1904/2687/2 1903/2686/2 1916/2703/2 1915/2708/2
f 1924/2711/6 1911/2694/6 1928/2720/6 1927/2721/6
f 1917/2700/2 1908/2691/2 1926/2722/2 1925/2723/2
f 1908/2691/1 1907/2690/1 1921/2706/1 1926/2722/1
f 1919/2704/5 1917/2700/5 1925/2723/5 1920/2705/5
f 1900/2683/2 1899/2682/2 1930/2724/2 1929/2725/2
f 1911/2694/5 1900/2683/5 1929/2725/5 1928/2720/5
f 1899/2682/1 1924/2711/1 1927/2721/1 1930/2724/1
f 1896/2679/6 1895/2678/6 1914/2709/6 1913/2702/6
f 1931/2726/1 1934/2727/1 1933/2728/1 1932/2729/1
f 1935/2730/68 1931/2726/68 1937/2731/24 1936/2732/24
f 1936/2732/1 1937/2731/1 1939/2733/1 1938/2734/1
f 1938/2734/25 1939/2733/25 1932/2729/25 1940/2735/25
f 1937/2731/3 1931/2726/3 1932/2729/3 1939/2733/3
f 1936/2732/4 1938/2734/4 1940/2735/4 1935/2730/4
f 1940/2735/5 1942/2736/5 1941/2737/5 1935/2730/5
f 1935/2730/68 1941/2737/68 1934/2727/68 1931/2726/68
f 1932/2729/25 1933/2728/25 1942/2736/25 1940/2735/25
f 1943/2738/1 1944/2739/1 1945/2740/1 1946/2741/1
f 1947/2742/1 1948/2743/1 1949/2744/1 1950/2745/1
f 1951/2746/1 1952/2747/1 1953/2748/1 1954/2749/1
f 1955/2750/1 1956/2751/1 1957/2752/1 1958/2753/1
f 1948/2743/1 1959/2754/1 1960/2755/1 1949/2744/1
f 1961/2756/1 1962/2757/1 1963/2758/1 1964/2759/1
f 1956/2751/1 1965/2760/1 1966/2761/1 1957/2752/1
f 1951/2746/3 1944/2739/3 1961/2762/3 1964/2763/3
f 1955/2750/6 1967/2764/6 1968/2765/6 1969/2766/6
f 1967/2764/1 1955/2750/1 1958/2753/1 1970/2767/1
f 1943/2738/4 1952/2747/4 1963/2768/4 1962/2769/4
f 1951/2746/1 1954/2749/1 1966/2761/1 1965/2760/1
f 1947/2742/1 1950/2745/1 1953/2748/1 1952/2747/1
f 1943/2738/1 1946/2741/1 1971/2770/1 1972/2771/1
f 1967/2764/1 1970/2767/1 1945/2740/1 1944/2739/1
f 1944/2739/1 1951/2746/1 1965/2760/1 1967/2764/1
f 1972/2771/1 1947/2742/1 1952/2747/1 1943/2738/1
f 1959/2754/1 1972/2771/1 1971/2770/1 1960/2755/1
f 1969/2772/1 1968/2773/1 1973/2774/1 1974/2775/1
f 1975/2776/1 1976/2777/1 1977/2778/1 1978/2779/1
f 1952/2747/2 1951/2746/2 1964/2763/2 1963/2768/2
f 1972/2771/6 1959/2754/6 1976/2780/6 1975/2781/6
f 1965/2760/2 1956/2751/2 1974/2782/2 1973/2783/2
f 1956/2751/3 1955/2750/3 1969/2766/3 1974/2782/3
f 1967/2764/4 1965/2760/4 1973/2783/4 1968/2765/4
f 1948/2743/2 1947/2742/2 1978/2784/2 1977/2785/2
f 1959/2754/4 1948/2743/4 1977/2785/4 1976/2780/4
f 1947/2742/3 1972/2771/3 1975/2781/3 1978/2784/3
f 1944/2739/6 1943/2738/6 1962/2769/6 1961/2762/6
f 1979/2786/3 1982/2787/3 1981/2788/3 1980/2789/3
f 1983/2790/26 1979/2786/26 1985/2791/26 1984/2792/26
f 1984/2792/3 1985/2791/3 1987/2793/3 1986/2794/3
f 1986/2794/27 1987/2793/27 1980/2789/27 1988/2795/27
f 1985/2791/5 1979/2786/5 1980/2789/5 1987/2793/5
f 1984/2792/1 1986/2794/1 1988/2795/1 1983/2790/1
f 1988/2795/4 1990/2796/4 1989/2797/4 1983/2790/4
f 1983/2790/26 1989/2797/26 1982/2787/26 1979/2786/26
f 1980/2789/27 1981/2788/27 1990/2796/27 1988/2795/27
f 1090/2586/1 1113/2798/1 1991/2799/1 1850/2591/1
f 1850/2598/1 1991/2800/1 1992/2801/1 1811/2588/1
f 1993/2802/1 1994/2803/1 1995/2804/1 1996/2805/1
f 1997/2806/6 1998/2807/6 1999/2808/6 2000/2809/6
f 2001/2810/2 2002/2811/2 2003/2812/2
f 2004/2813/2 1813/2544/2 1815/2546/2
f 1995/2814/2 1994/2815/2 2005/2816/2 2006/2817/2
f 2007/2818/5 2002/2819/5 2001/2820/5 2008/2821/5
f 1266/1764/9 2009/2822/9 2010/2823/9 1273/1771/9
f 2011/2824/2 2012/2825/2 2003/2812/2 2013/2826/2
f 1996/2805/1 2014/2827/1 2009/2822/1 1266/1764/1
f 2015/2828/6 2016/2829/6 2017/2830/6 2018/2831/6
f 2018/2831/4 2010/2832/4 2009/2833/4 2015/2828/4
f 2019/2834/4 2020/2835/4 2002/2819/4 2021/2836/4
f 2022/2837/4 2014/2827/4 2020/2835/4 2019/2834/4
f 2023/2838/4 2007/2839/4 2010/2832/4 2018/2831/4
f 2023/2840/1 2024/2841/1 2025/2842/1 2021/2836/1
f 2021/2836/2 2025/2842/2 2026/2843/2 2019/2834/2
f 2022/2844/5 2027/2845/5 2016/2829/5 2015/2828/5
f 2028/2846/2 2029/2847/2 2030/2848/2 2031/2849/2
f 1992/2850/2 2032/2851/2 1815/2546/2 1839/2576/2
f 2033/2852/4 2034/2853/4 2035/2854/4 2036/2855/4
f 2037/2856/5 1271/2857/5 1272/2858/5 2038/2859/5
f 2039/2860/5 2001/2820/5 2012/2861/5 2036/2855/5
f 2040/2862/5 2008/2821/5 2001/2820/5 2039/2860/5
f 2033/2863/5 2041/2864/5 1271/2857/5 2037/2856/5
f 2036/2855/2 2035/2854/2 2042/2865/2 2039/2860/2
f 2040/2862/3 2043/2866/3 2044/2867/3 2038/2868/3
f 2038/2859/6 2044/2869/6 2045/2870/6 2037/2856/6
f 2039/2860/3 2042/2865/3 2043/2866/3 2040/2862/3
f 2036/2855/5 2012/2861/5 2041/2871/5 2033/2852/5
f 2038/2859/5 1272/2858/5 2008/2872/5 2040/2873/5
f 2037/2856/4 2045/2870/4 2034/2874/4 2033/2863/4
f 2018/2831/1 2017/2830/1 2024/2875/1 2023/2838/1
f 2021/2836/4 2002/2819/4 2007/2818/4 2023/2840/4
f 1273/2876/5 2010/2832/5 2007/2839/5
f 1273/2876/5 2007/2839/5 2008/2872/5 1272/2858/5
f 2019/2834/5 2026/2843/5 2027/2877/5 2022/2837/5
f 2015/2828/4 2009/2833/4 2014/2878/4 2022/2844/4
f 1995/2804/1 2020/2835/1 2014/2827/1 1996/2805/1
f 1089/2606/4 1855/2607/4 1993/2802/4 1265/1763/4
f 1265/1763/1 1993/2802/1 1996/2805/1 1266/1764/1
f 2046/2879/1 2049/2880/1 2048/2881/1 2047/2882/1
f 2050/2883/6 2053/2884/6 2052/2885/6 2051/2886/6
f 2049/2880/6 2055/2887/6 2054/2888/6 2048/2881/6
f 2056/2889/3 2059/2890/3 2058/2891/3 2057/2892/3
f 2060/2893/3 2061/2894/3 2054/2895/3
f 2052/2885/6 2053/2884/6 2057/2896/6 2058/2897/6
f 2062/2898/2 2061/2899/2 2060/2900/2
f 2052/2885/5 2058/2897/5 2059/2901/5
f 2063/2902/1 2062/2898/1 2060/2900/1 2056/2903/1
f 2061/2899/2 2066/2904/2 2065/2905/2 2064/2906/2
f 2067/2907/28 2049/2908/28 2048/2909/28 2066/2910/28
f 2062/2898/2 2067/2911/2 2066/2904/2 2061/2899/2
f 2050/2883/6 2051/2886/6 2069/2912/6 2068/2913/6
f 2064/2914/29 2065/2915/29 2070/2916/29
f 2071/2917/30 2070/2916/30 2065/2915/30 2072/2918/30
f 2066/2904/69 2073/2919/32 2072/2920/70
f 2054/2895/1 2061/2894/1 2064/2914/1 2074/2921/1
f 2075/2922/34 2076/2923/34 2074/2921/34 2070/2916/34 2071/2917/34
f 2068/2913/6 2069/2912/6 2075/2924/6 2071/2925/6
f 2047/2882/17 2048/2881/19 2074/2926/19 2076/2927/18
f 2074/2926/6 2048/2881/6 2054/2888/6
f 2074/2921/1 2064/2914/1 2070/2916/1
f 2077/2928/3 2046/2929/3 2051/2886/3 2052/2885/3
f 2078/2930/2 2063/2931/2 2080/2932/2 2079/2933/2
f 2077/2928/5 2052/2885/5 2059/2901/5 2081/2934/5
f 2056/2889/3 2081/2935/3 2059/2890/3
f 2080/2932/4 2053/2884/4 2050/2883/4 2079/2933/4
f 2079/2933/5 2050/2883/5 2068/2913/5 2082/2936/5
f 2053/2884/1 2080/2932/1 2083/2937/1 2057/2896/1
f 2084/2938/20 2082/2936/20 2068/2913/20 2071/2925/20
f 2063/2931/2 2056/2939/2 2083/2937/2 2080/2932/2
f 2056/2889/3 2057/2892/3 2083/2940/3
f 2073/2941/2 2078/2930/2 2079/2933/2 2082/2936/2
f 2071/2917/1 2072/2918/1 2084/2942/1
f 2072/2943/2 2073/2941/2 2082/2936/2 2084/2938/2
f 2060/2893/3 2054/2895/3 2081/2935/3 2056/2889/3
f 2055/2887/5 2077/2944/5 2081/2945/5 2054/2888/5
f 2062/2898/4 2063/2902/4 2078/2946/4 2067/2911/4
f 2055/2887/3 2049/2880/3 2046/2879/3 2077/2944/3
f 2067/2911/5 2078/2946/5 2073/2919/5 2066/2904/5
f 2069/2912/21 2047/2947/17 2075/2924/35
f 2051/2886/1 2046/2929/1 2047/2947/1 2069/2912/1
f 2072/2920/70 2065/2905/36 2066/2904/69
f 2076/2948/18 2075/2924/35 2047/2947/17
f 2085/2949/4 2086/2950/4 2087/2951/4 2088/2952/4
f 2089/2953/4 2090/2954/4 2091/2955/4 2092/2956/4
f 2093/2957/4 2094/2958/4 2095/2959/4 2096/2960/4
f 2097/2961/4 2098/2962/4 2099/2963/4 2100/2964/4
f 2092/2956/4 2091/2955/4 2101/2965/4 2102/2966/4
f 2103/2967/4 2104/2968/4 2105/2969/4 2106/2970/4
f 2100/2964/4 2099/2963/4 2107/2971/4 2108/2972/4
f 2093/2957/5 2104/2973/5 2103/2974/5 2088/2952/5
f 2097/2961/6 2109/2975/6 2110/2976/6 2111/2977/6
f 2111/2977/4 2112/2978/4 2098/2962/4 2097/2961/4
f 2085/2949/1 2106/2979/1 2105/2980/1 2096/2960/1
f 2093/2957/4 2108/2972/4 2107/2971/4 2094/2958/4
f 2089/2953/4 2096/2960/4 2095/2959/4 2090/2954/4
f 2085/2949/4 2113/2981/4 2114/2982/4 2086/2950/4
f 2111/2977/4 2088/2952/4 2087/2951/4 2112/2978/4
f 2088/2952/4 2111/2977/4 2108/2972/4 2093/2957/4
f 2113/2981/4 2085/2949/4 2096/2960/4 2089/2953/4
f 2102/2966/4 2101/2965/4 2114/2982/4 2113/2981/4
f 2109/2983/4 2115/2984/4 2116/2985/4 2110/2986/4
f 2117/2987/4 2118/2988/4 2119/2989/4 2120/2990/4
f 2096/2960/2 2105/2980/2 2104/2973/2 2093/2957/2
f 2113/2981/6 2117/2991/6 2120/2992/6 2102/2966/6
f 2108/2972/2 2116/2993/2 2115/2994/2 2100/2964/2
f 2100/2964/5 2115/2994/5 2109/2975/5 2097/2961/5
f 2111/2977/1 2110/2976/1 2116/2993/1 2108/2972/1
f 2092/2956/2 2119/2995/2 2118/2996/2 2089/2953/2
f 2102/2966/1 2120/2992/1 2119/2995/1 2092/2956/1
f 2089/2953/5 2118/2996/5 2117/2991/5 2113/2981/5
f 2088/2952/6 2103/2974/6 2106/2979/6 2085/2949/6
f 2121/2997/5 2124/2998/5 2123/2999/5 2122/3000/5
f 2125/3001/71 2127/3002/37 2126/3003/37 2121/2997/71
f 2127/3002/5 2129/3004/5 2128/3005/5 2126/3003/5
f 2129/3004/38 2130/3006/38 2124/2998/38 2128/3005/38
f 2126/3003/3 2128/3005/3 2124/2998/3 2121/2997/3
f 2127/3002/4 2125/3001/4 2130/3006/4 2129/3004/4
f 2130/3006/1 2125/3001/1 2132/3007/1 2131/3008/1
f 2125/3001/71 2121/2997/71 2122/3000/71 2132/3007/71
f 2124/2998/38 2130/3006/38 2131/3008/38 2123/2999/38
f 2133/3009/5 2134/3010/5 2135/3011/5 2136/3012/5
f 2137/3013/5 2138/3014/5 2139/3015/5 2140/3016/5
f 2141/3017/5 2142/3018/5 2143/3019/5 2144/3020/5
f 2145/3021/5 2146/3022/5 2147/3023/5 2148/3024/5
f 2140/3016/5 2139/3015/5 2149/3025/5 2150/3026/5
f 2151/3027/5 2152/3028/5 2153/3029/5 2154/3030/5
f 2148/3024/5 2147/3023/5 2155/3031/5 2156/3032/5
f 2141/3017/3 2152/3033/3 2151/3034/3 2136/3012/3
f 2145/3021/6 2157/3035/6 2158/3036/6 2159/3037/6
f 2159/3037/5 2160/3038/5 2146/3022/5 2145/3021/5
f 2133/3009/4 2154/3039/4 2153/3040/4 2144/3020/4
f 2141/3017/5 2156/3032/5 2155/3031/5 2142/3018/5
f 2137/3013/5 2144/3020/5 2143/3019/5 2138/3014/5
f 2133/3009/5 2161/3041/5 2162/3042/5 2134/3010/5
f 2159/3037/5 2136/3012/5 2135/3011/5 2160/3038/5
f 2136/3012/5 2159/3037/5 2156/3032/5 2141/3017/5
f 2161/3041/5 2133/3009/5 2144/3020/5 2137/3013/5
f 2150/3026/5 2149/3025/5 2162/3042/5 2161/3041/5
f 2157/3043/5 2163/3044/5 2164/3045/5 2158/3046/5
f 2165/3047/5 2166/3048/5 2167/3049/5 2168/3050/5
f 2144/3020/2 2153/3040/2 2152/3033/2 2141/3017/2
f 2161/3041/6 2165/3051/6 2168/3052/6 2150/3026/6
f 2156/3032/2 2164/3053/2 2163/3054/2 2148/3024/2
f 2148/3024/3 2163/3054/3 2157/3035/3 2145/3021/3
f 2159/3037/4 2158/3036/4 2164/3053/4 2156/3032/4
f 2140/3016/2 2167/3055/2 2166/3056/2 2137/3013/2
f 2150/3026/4 2168/3052/4 2167/3055/4 2140/3016/4
f 2137/3013/3 2166/3056/3 2165/3051/3 2161/3041/3
f 2136/3012/6 2151/3034/6 2154/3039/6 2133/3009/6
f 2169/3057/3 2172/3058/3 2171/3059/3 2170/3060/3
f 2173/3061/26 2175/3062/26 2174/3063/26 2169/3057/26
f 2175/3062/3 2177/3064/3 2176/3065/3 2174/3063/3
f 2177/3064/27 2178/3066/27 2172/3058/27 2176/3065/27
f 2174/3063/1 2176/3065/1 2172/3058/1 2169/3057/1
f 2175/3062/5 2173/3061/5 2178/3066/5 2177/3064/5
f 2178/3066/4 2173/3061/4 2180/3067/4 2179/3068/4
f 2173/3061/26 2169/3057/26 2170/3060/26 2180/3067/26
f 2172/3058/27 2178/3066/27 2179/3068/27 2171/3059/27
f 1271/2857/5 2041/2864/5 2181/3069/5 1294/3070/5
f 2041/2871/5 2012/2861/5 2011/3071/5 2181/3072/5
f 2182/3073/5 2029/3074/5 2028/3075/5 2183/3076/5
f 2184/3077/3 2185/3078/3 2029/3074/3 2182/3073/3
f 2186/3079/5 2187/3080/5 2188/3081/5 2189/3082/5
f 1815/2546/3 2190/3083/3 2191/3084/3 1840/2577/3
f 2192/3085/1 1813/3086/1 2004/3087/1 2193/3088/1
f 1446/2022/39 2194/3089/39 2195/3090/39 1453/2029/39
f 2196/3091/4 2186/3079/4 2189/3082/4 2197/3092/4
f 2192/3085/1 2198/3093/1 1814/3094/1 1813/3086/1
f 2183/3076/5 2199/3095/5 2194/3089/5 1446/2022/5
f 2200/3096/6 2201/3097/6 2202/3098/6 2203/3099/6
f 2203/3099/3 2195/3100/3 2194/3101/3 2200/3096/3
f 2204/3102/3 2205/3103/3 1814/3094/3 2206/3104/3
f 2207/3105/3 2199/3095/3 2205/3103/3 2204/3102/3
f 2208/3106/3 2198/3107/3 2195/3100/3 2203/3099/3
f 2208/3108/5 2209/3109/5 2210/3110/5 2206/3104/5
f 2206/3104/2 2210/3110/2 2211/3111/2 2204/3102/2
f 2207/3112/1 2212/3113/1 2201/3097/1 2200/3096/1
f 1994/2815/2 2213/3114/2 2214/3115/2 2005/2816/2
f 2190/3083/5 2031/2849/5 2191/3084/5
f 2215/3116/3 2216/3117/3 2217/3118/3 2218/3119/3
f 2219/3120/1 1451/3121/1 1452/3122/1 2220/3123/1
f 2221/3124/1 2004/3087/1 2032/3125/1 2218/3119/1
f 2222/3126/1 2193/3088/1 2004/3087/1 2221/3124/1
f 2215/3127/1 2223/3128/1 1451/3121/1 2219/3120/1
f 2218/3119/2 2217/3118/2 2224/3129/2 2221/3124/2
f 2222/3126/4 2225/3130/4 2226/3131/4 2220/3132/4
f 2220/3123/6 2226/3133/6 2227/3134/6 2219/3120/6
f 2221/3124/4 2224/3129/4 2225/3130/4 2222/3126/4
f 2218/3119/1 2032/3125/1 2223/3135/1 2215/3116/1
f 2220/3123/1 1452/3122/1 2193/3136/1 2222/3137/1
f 2219/3120/3 2227/3134/3 2216/3138/3 2215/3127/3
f 2203/3099/5 2202/3098/5 2209/3139/5 2208/3106/5
f 2206/3104/3 1814/3094/3 2198/3093/3 2208/3108/3
f 1453/3140/1 2195/3100/1 2198/3107/1 2192/3141/1
f 1453/3140/1 2192/3141/1 2193/3136/1 1452/3122/1
f 2204/3102/1 2211/3111/1 2212/3142/1 2207/3105/1
f 2200/3096/3 2194/3101/3 2199/3143/3 2207/3112/3
f 2028/3075/5 2205/3103/5 2199/3095/5 2183/3076/5
f 1449/3144/3 2184/3145/3 2182/3146/3 1445/3147/3
f 1445/2021/5 2182/3073/5 2183/3076/5 1446/2022/5
f 2228/3148/5 2231/3149/5 2230/3150/5 2229/3151/5
f 2232/3152/6 2235/3153/6 2234/3154/6 2233/3155/6
f 2231/3149/6 2237/3156/6 2236/3157/6 2230/3150/6
f 2238/3158/4 2241/3159/4 2240/3160/4 2239/3161/4
f 2242/3162/4 2243/3163/4 2236/3164/4
f 2234/3154/6 2235/3153/6 2239/3165/6 2240/3166/6
f 2244/3167/2 2243/3168/2 2242/3169/2
f 2234/3154/1 2240/3166/1 2241/3170/1
f 2245/3171/5 2244/3167/5 2242/3169/5 2238/3172/5
f 2243/3168/2 2248/3173/2 2247/3174/2 2246/3175/2
f 2249/3176/10 2231/3177/10 2230/3178/10 2248/3179/10
f 2244/3167/2 2249/3180/2 2248/3173/2 2243/3168/2
f 2232/3152/6 2233/3155/6 2251/3181/6 2250/3182/6
f 2246/3183/40 2247/3184/40 2252/3185/40
f 2253/3186/41 2252/3185/41 2247/3184/41 2254/3187/41
f 2248/3173/72 2255/3188/43 2254/3189/73
f 2236/3164/5 2243/3163/5 2246/3183/5 2256/3190/5
f 2257/3191/45 2258/3192/45 2256/3190/45 2252/3185/45 2253/3186/45
f 2250/3182/6 2251/3181/6 2257/3193/6 2253/3194/6
f 2229/3151/46 2230/3150/47 2256/3195/47 2258/3196/48
f 2256/3195/6 2230/3150/6 2236/3157/6
f 2256/3190/5 2246/3183/5 2252/3185/5
f 2259/3197/4 2228/3198/4 2233/3155/4 2234/3154/4
f 2260/3199/2 2245/3200/2 2262/3201/2 2261/3202/2
f 2259/3197/1 2234/3154/1 2241/3170/1 2263/3203/1
f 2238/3158/4 2263/3204/4 2241/3159/4
f 2262/3201/3 2235/3153/3 2232/3152/3 2261/3202/3
f 2261/3202/1 2232/3152/1 2250/3182/1 2264/3205/1
f 2235/3153/5 2262/3201/5 2265/3206/5 2239/3165/5
f 2266/3207/49 2264/3205/49 2250/3182/49 2253/3194/49
f 2245/3200/2 2238/3208/2 2265/3206/2 2262/3201/2
f 2238/3158/4 2239/3161/4 2265/3209/4
f 2255/3210/2 2260/3199/2 2261/3202/2 2264/3205/2
f 2253/3186/5 2254/3187/5 2266/3211/5
f 2254/3212/2 2255/3210/2 2264/3205/2 2266/3207/2
f 2242/3162/4 2236/3164/4 2263/3204/4 2238/3158/4
f 2237/3156/1 2259/3213/1 2263/3214/1 2236/3157/1
f 2244/3167/3 2245/3171/3 2260/3215/3 2249/3180/3
f 2237/3156/4 2231/3149/4 2228/3148/4 2259/3213/4
f 2249/3180/1 2260/3215/1 2255/3188/1 2248/3173/1
f 2251/3181/50 2229/3216/46 2257/3193/51
f 2233/3155/5 2228/3198/5 2229/3216/5 2251/3181/5
f 2254/3189/73 2247/3174/52 2248/3173/72
f 2258/3217/48 2257/3193/51 2229/3216/46
f 2267/3218/3 2268/3219/3 2269/3220/3 2270/3221/3
f 2271/3222/3 2272/3223/3 2273/3224/3 2274/3225/3
f 2275/3226/3 2276/3227/3 2277/3228/3 2278/3229/3
f 2279/3230/3 2280/3231/3 2281/3232/3 2282/3233/3
f 2274/3225/3 2273/3224/3 2283/3234/3 2284/3235/3
f 2285/3236/3 2286/3237/3 2287/3238/3 2288/3239/3
f 2282/3233/3 2281/3232/3 2289/3240/3 2290/3241/3
f 2275/3226/1 2286/3242/1 2285/3243/1 2270/3221/1
f 2279/3230/6 2291/3244/6 2292/3245/6 2293/3246/6
f 2293/3246/3 2294/3247/3 2280/3231/3 2279/3230/3
f 2267/3218/5 2288/3248/5 2287/3249/5 2278/3229/5
f 2275/3226/3 2290/3241/3 2289/3240/3 2276/3227/3
f 2271/3222/3 2278/3229/3 2277/3228/3 2272/3223/3
f 2267/3218/3 2295/3250/3 2296/3251/3 2268/3219/3
f 2293/3246/3 2270/3221/3 2269/3220/3 2294/3247/3
f 2270/3221/3 2293/3246/3 2290/3241/3 2275/3226/3
f 2295/3250/3 2267/3218/3 2278/3229/3 2271/3222/3
f 2284/3235/3 2283/3234/3 2296/3251/3 2295/3250/3
f 2291/3252/3 2297/3253/3 2298/3254/3 2292/3255/3
f 2299/3256/3 2300/3257/3 2301/3258/3 2302/3259/3
f 2278/3229/2 2287/3249/2 2286/3242/2 2275/3226/2
f 2295/3250/6 2299/3260/6 2302/3261/6 2284/3235/6
f 2290/3241/2 2298/3262/2 2297/3263/2 2282/3233/2
f 2282/3233/1 2297/3263/1 2291/3244/1 2279/3230/1
f 2293/3246/5 2292/3245/5 2298/3262/5 2290/3241/5
f 2274/3225/2 2301/3264/2 2300/3265/2 2271/3222/2
f 2284/3235/5 2302/3261/5 2301/3264/5 2274/3225/5
f 2271/3222/1 2300/3265/1 2299/3260/1 2295/3250/1
f 2270/3221/6 2285/3243/6 2288/3248/6 2267/3218/6
f 2303/3266/1 2306/3267/1 2305/3268/1 2304/3269/1
f 2307/3270/68 2309/3271/24 2308/3272/24 2303/3266/68
f 2309/3271/1 2311/3273/1 2310/3274/1 2308/3272/1
f 2311/3273/25 2312/3275/25 2306/3267/25 2310/3274/25
f 2308/3272/4 2310/3274/4 2306/3267/4 2303/3266/4
f 2309/3271/3 2307/3270/3 2312/3275/3 2311/3273/3
f 2312/3275/5 2307/3270/5 2314/3276/5 2313/3277/5
f 2307/3270/68 2303/3266/68 2304/3269/68 2314/3276/68
f 2306/3267/25 2312/3275/25 2313/3277/25 2305/3268/25
f 2315/3278/1 2316/3279/1 2317/3280/1 2318/3281/1
f 2319/3282/1 2320/3283/1 2321/3284/1 2322/3285/1
f 2323/3286/1 2324/3287/1 2325/3288/1 2326/3289/1
f 2327/3290/1 2328/3291/1 2329/3292/1 2330/3293/1
f 2322/3285/1 2321/3284/1 2331/3294/1 2332/3295/1
f 2333/3296/1 2334/3297/1 2335/3298/1 2336/3299/1
f 2330/3293/1 2329/3292/1 2337/3300/1 2338/3301/1
f 2323/3286/4 2334/3302/4 2333/3303/4 2318/3281/4
f 2327/3290/6 2339/3304/6 2340/3305/6 2341/3306/6
f 2341/3306/1 2342/3307/1 2328/3291/1 2327/3290/1
f 2315/3278/3 2336/3308/3 2335/3309/3 2326/3289/3
f 2323/3286/1 2338/3301/1 2337/3300/1 2324/3287/1
f 2319/3282/1 2326/3289/1 2325/3288/1 2320/3283/1
f 2315/3278/1 2343/3310/1 2344/3311/1 2316/3279/1
f 2341/3306/1 2318/3281/1 2317/3280/1 2342/3307/1
f 2318/3281/1 2341/3306/1 2338/3301/1 2323/3286/1
f 2343/3310/1 2315/3278/1 2326/3289/1 2319/3282/1
f 2332/3295/1 2331/3294/1 2344/3311/1 2343/3310/1
f 2339/3312/1 2345/3313/1 2346/3314/1 2340/3315/1
f 2347/3316/1 2348/3317/1 2349/3318/1 2350/3319/1
f 2326/3289/2 2335/3309/2 2334/3302/2 2323/3286/2
f 2343/3310/6 2347/3320/6 2350/3321/6 2332/3295/6
f 2338/3301/2 2346/3322/2 2345/3323/2 2330/3293/2
f 2330/3293/4 2345/3323/4 2339/3304/4 2327/3290/4
f 2341/3306/3 2340/3305/3 2346/3322/3 2338/3301/3
f 2322/3285/2 2349/3324/2 2348/3325/2 2319/3282/2
f 2332/3295/3 2350/3321/3 2349/3324/3 2322/3285/3
f 2319/3282/4 2348/3325/4 2347/3320/4 2343/3310/4
f 2318/3281/6 2333/3303/6 2336/3308/6 2315/3278/6
f 2351/3326/4 2354/3327/4 2353/3328/4 2352/3329/4
f 2355/3330/53 2357/3331/53 2356/3332/53 2351/3326/53
f 2357/3331/4 2359/3333/4 2358/3334/4 2356/3332/4
f 2359/3333/74 2360/3335/54 2354/3327/54 2358/3334/74
f 2356/3332/5 2358/3334/5 2354/3327/5 2351/3326/5
f 2357/3331/1 2355/3330/1 2360/3335/1 2359/3333/1
f 2360/3335/3 2355/3330/3 2362/3336/3 2361/3337/3
f 2355/3330/53 2351/3326/53 2352/3329/53 2362/3336/53
f 2354/3327/54 2360/3335/54 2361/3337/54 2353/3328/54
f 1451/3121/1 2223/3128/1 1991/2799/1 1113/2798/1
f 2223/3135/1 2032/3125/1 1992/2801/1 1991/2800/1
f 2363/3338/1 2364/3339/1 2365/3340/1 2366/3341/1
f 2184/3077/3 2363/3338/3 2366/3341/3 2185/3078/3
f 2012/2825/2 2001/2810/2 2003/2812/2
f 2029/2847/2 2185/3342/2 1809/2540/2 2030/2848/2
f 2367/3343/5 2368/3344/5 2369/3345/5 2370/3346/5
f 1624/2278/39 1629/2283/39 2371/3347/39 2372/3348/39
f 2373/3349/2 2374/3350/2 2375/3351/2 2376/3352/2
f 2367/3343/5 2370/3346/5 2374/3353/5 2377/3354/5
f 2364/3339/1 1624/2278/1 2372/3348/1 2378/3355/1
f 2379/3356/6 2380/3357/6 2381/3358/6 2382/3359/6
f 2380/3357/3 2379/3356/3 2372/3360/3 2371/3361/3
f 2383/3362/3 2384/3363/3 2374/3353/3 2373/3364/3
f 2385/3365/3 2383/3362/3 2373/3364/3 2378/3355/3
f 2386/3366/3 2380/3357/3 2371/3361/3 2377/3367/3
f 2386/3368/1 2384/3363/1 2387/3369/1 2388/3370/1
f 2384/3363/2 2383/3362/2 2389/3371/2 2387/3369/2
f 2385/3372/5 2379/3356/5 2382/3359/5 2390/3373/5
f 2032/2851/2 2004/2813/2 1815/2546/2
f 2391/3374/3 2392/3375/3 2393/3376/3 2394/3377/3
f 2395/3378/5 2396/3379/5 1628/3380/5 1627/3381/5
f 2397/3382/5 2392/3375/5 2398/3383/5 2369/3345/5
f 2399/3384/5 2397/3382/5 2369/3345/5 2368/3344/5
f 2391/3385/5 2395/3378/5 1627/3381/5 2400/3386/5
f 2392/3375/2 2397/3382/2 2401/3387/2 2393/3376/2
f 2399/3384/4 2396/3388/4 2402/3389/4 2403/3390/4
f 2396/3379/6 2395/3378/6 2404/3391/6 2402/3392/6
f 2397/3382/4 2399/3384/4 2403/3390/4 2401/3387/4
f 2392/3375/5 2391/3374/5 2400/3393/5 2398/3383/5
f 2396/3379/5 2399/3394/5 2368/3395/5 1628/3380/5
f 2395/3378/3 2391/3385/3 2394/3396/3 2404/3391/3
f 2380/3357/1 2386/3366/1 2388/3397/1 2381/3358/1
f 2384/3363/3 2386/3368/3 2377/3354/3 2374/3353/3
f 1629/3398/5 2367/3399/5 2377/3367/5 2371/3361/5
f 1629/3398/5 1628/3380/5 2368/3395/5 2367/3399/5
f 2383/3362/5 2385/3365/5 2390/3400/5 2389/3371/5
f 2379/3356/3 2385/3372/3 2378/3401/3 2372/3360/3
f 2365/3340/1 2364/3339/1 2378/3355/1 2373/3364/1
f 1449/3144/3 1625/3402/3 2363/3403/3 2184/3145/3
f 1625/2279/1 1624/2278/1 2364/3339/1 2363/3338/1
f 2405/3404/1 2408/3405/1 2407/3406/1 2406/3407/1
f 2409/3408/6 2412/3409/6 2411/3410/6 2410/3411/6
f 2406/3407/6 2407/3406/6 2414/3412/6 2413/3413/6
f 2415/3414/4 2418/3415/4 2417/3416/4 2416/3417/4
f 2419/3418/4 2414/3419/4 2420/3420/4
f 2411/3410/6 2417/3421/6 2418/3422/6 2410/3411/6
f 2421/3423/2 2419/3424/2 2420/3425/2
f 2411/3410/5 2416/3426/5 2417/3421/5
f 2422/3427/1 2415/3428/1 2419/3424/1 2421/3423/1
f 2420/3425/2 2425/3429/2 2424/3430/2 2423/3431/2
f 2426/3432/28 2423/3433/28 2407/3434/28 2406/3435/28
f 2421/3423/2 2420/3425/2 2423/3431/2 2426/3436/2
f 2409/3408/6 2428/3437/6 2427/3438/6 2412/3409/6
f 2425/3439/55 2429/3440/55 2424/3441/55
f 2430/3442/56 2431/3443/56 2424/3441/56 2429/3440/56
f 2423/3431/75 2431/3444/76 2432/3445/59
f 2414/3419/1 2433/3446/1 2425/3439/1 2420/3420/1
f 2434/3447/60 2430/3442/60 2429/3440/60 2433/3446/60 2435/3448/60
f 2428/3437/6 2430/3449/6 2434/3450/6 2427/3438/6
f 2408/3405/46 2435/3451/48 2433/3452/47 2407/3406/47
f 2433/3452/6 2414/3412/6 2407/3406/6
f 2433/3446/1 2429/3440/1 2425/3439/1
f 2436/3453/4 2411/3410/4 2412/3409/4 2405/3454/4
f 2437/3455/2 2439/3456/2 2438/3457/2 2422/3458/2
f 2436/3453/5 2440/3459/5 2416/3426/5 2411/3410/5
f 2415/3414/4 2416/3417/4 2440/3460/4
f 2438/3457/3 2439/3456/3 2409/3408/3 2410/3411/3
f 2439/3456/5 2441/3461/5 2428/3437/5 2409/3408/5
f 2410/3411/1 2418/3422/1 2442/3462/1 2438/3457/1
f 2443/3463/49 2430/3449/49 2428/3437/49 2441/3461/49
f 2422/3458/2 2438/3457/2 2442/3462/2 2415/3464/2
f 2415/3414/4 2442/3465/4 2418/3415/4
f 2432/3466/2 2441/3461/2 2439/3456/2 2437/3455/2
f 2430/3442/1 2443/3467/1 2431/3443/1
f 2431/3468/2 2443/3463/2 2441/3461/2 2432/3466/2
f 2419/3418/4 2415/3414/4 2440/3460/4 2414/3419/4
f 2413/3413/5 2414/3412/5 2440/3469/5 2436/3470/5
f 2421/3423/3 2426/3436/3 2437/3471/3 2422/3427/3
f 2413/3413/4 2436/3470/4 2405/3404/4 2406/3407/4
f 2426/3436/5 2423/3431/5 2432/3445/5 2437/3471/5
f 2427/3438/50 2434/3450/61 2408/3472/46
f 2412/3409/1 2427/3438/1 2408/3472/1 2405/3454/1
f 2431/3444/76 2423/3431/75 2424/3430/62
f 2435/3473/48 2408/3472/46 2434/3450/61
f 2444/3474/3 2445/3475/3 2446/3476/3 2447/3477/3
f 2448/3478/3 2449/3479/3 2450/3480/3 2451/3481/3
f 2452/3482/3 2453/3483/3 2454/3484/3 2455/3485/3
f 2456/3486/3 2457/3487/3 2458/3488/3 2459/3489/3
f 2449/3479/3 2460/3490/3 2461/3491/3 2450/3480/3
f 2462/3492/3 2463/3493/3 2464/3494/3 2465/3495/3
f 2457/3487/3 2466/3496/3 2467/3497/3 2458/3488/3
f 2452/3482/5 2445/3475/5 2462/3498/5 2465/3499/5
f 2456/3486/6 2468/3500/6 2469/3501/6 2470/3502/6
f 2468/3500/3 2456/3486/3 2459/3489/3 2471/3503/3
f 2444/3474/1 2453/3483/1 2464/3504/1 2463/3505/1
f 2452/3482/3 2455/3485/3 2467/3497/3 2466/3496/3
f 2448/3478/3 2451/3481/3 2454/3484/3 2453/3483/3
f 2444/3474/3 2447/3477/3 2472/3506/3 2473/3507/3
f 2468/3500/3 2471/3503/3 2446/3476/3 2445/3475/3
f 2445/3475/3 2452/3482/3 2466/3496/3 2468/3500/3
f 2473/3507/3 2448/3478/3 2453/3483/3 2444/3474/3
f 2460/3490/3 2473/3507/3 2472/3506/3 2461/3491/3
f 2470/3508/3 2469/3509/3 2474/3510/3 2475/3511/3
f 2476/3512/3 2477/3513/3 2478/3514/3 2479/3515/3
f 2453/3483/2 2452/3482/2 2465/3499/2 2464/3504/2
f 2473/3507/6 2460/3490/6 2477/3516/6 2476/3517/6
f 2466/3496/2 2457/3487/2 2475/3518/2 2474/3519/2
f 2457/3487/5 2456/3486/5 2470/3502/5 2475/3518/5
f 2468/3500/1 2466/3496/1 2474/3519/1 2469/3501/1
f 2449/3479/2 2448/3478/2 2479/3520/2 2478/3521/2
f 2460/3490/1 2449/3479/1 2478/3521/1 2477/3516/1
f 2448/3478/5 2473/3507/5 2476/3517/5 2479/3520/5
f 2445/3475/6 2444/3474/6 2463/3505/6 2462/3498/6
f 2480/3522/5 2483/3523/5 2482/3524/5 2481/3525/5
f 2484/3526/71 2480/3522/71 2486/3527/37 2485/3528/37
f 2485/3528/5 2486/3527/5 2488/3529/5 2487/3530/5
f 2487/3530/38 2488/3529/38 2481/3525/38 2489/3531/38
f 2486/3527/4 2480/3522/4 2481/3525/4 2488/3529/4
f 2485/3528/3 2487/3530/3 2489/3531/3 2484/3526/3
f 2489/3531/1 2491/3532/1 2490/3533/1 2484/3526/1
f 2484/3526/71 2490/3533/71 2483/3523/71 2480/3522/71
f 2481/3525/38 2482/3524/38 2491/3532/38 2489/3531/38
f 2492/3534/5 2493/3535/5 2494/3536/5 2495/3537/5
f 2496/3538/5 2497/3539/5 2498/3540/5 2499/3541/5
f 2500/3542/5 2501/3543/5 2502/3544/5 2503/3545/5
f 2504/3546/5 2505/3547/5 2506/3548/5 2507/3549/5
f 2497/3539/5 2508/3550/5 2509/3551/5 2498/3540/5
f 2510/3552/5 2511/3553/5 2512/3554/5 2513/3555/5
f 2505/3547/5 2514/3556/5 2515/3557/5 2506/3548/5
f 2500/3542/4 2493/3535/4 2510/3558/4 2513/3559/4
f 2504/3546/6 2516/3560/6 2517/3561/6 2518/3562/6
f 2516/3560/5 2504/3546/5 2507/3549/5 2519/3563/5
f 2492/3534/3 2501/3543/3 2512/3564/3 2511/3565/3
f 2500/3542/5 2503/3545/5 2515/3557/5 2514/3556/5
f 2496/3538/5 2499/3541/5 2502/3544/5 2501/3543/5
f 2492/3534/5 2495/3537/5 2520/3566/5 2521/3567/5
f 2516/3560/5 2519/3563/5 2494/3536/5 2493/3535/5
f 2493/3535/5 2500/3542/5 2514/3556/5 2516/3560/5
f 2521/3567/5 2496/3538/5 2501/3543/5 2492/3534/5
f 2508/3550/5 2521/3567/5 2520/3566/5 2509/3551/5
f 2518/3568/5 2517/3569/5 2522/3570/5 2523/3571/5
f 2524/3572/5 2525/3573/5 2526/3574/5 2527/3575/5
f 2501/3543/2 2500/3542/2 2513/3559/2 2512/3564/2
f 2521/3567/6 2508/3550/6 2525/3576/6 2524/3577/6
f 2514/3556/2 2505/3547/2 2523/3578/2 2522/3579/2
f 2505/3547/4 2504/3546/4 2518/3562/4 2523/3578/4
f 2516/3560/3 2514/3556/3 2522/3579/3 2517/3561/3
f 2497/3539/2 2496/3538/2 2527/3580/2 2526/3581/2
f 2508/3550/3 2497/3539/3 2526/3581/3 2525/3576/3
f 2496/3538/4 2521/3567/4 2524/3577/4 2527/3580/4
f 2493/3535/6 2492/3534/6 2511/3565/6 2510/3558/6
f 2528/3582/4 2531/3583/4 2530/3584/4 2529/3585/4
f 2532/3586/53 2528/3582/53 2534/3587/53 2533/3588/53
f 2533/3588/4 2534/3587/4 2536/3589/4 2535/3590/4
f 2535/3590/54 2536/3589/54 2529/3585/54 2537/3591/54
f 2534/3587/1 2528/3582/1 2529/3585/1 2536/3589/1
f 2533/3588/5 2535/3590/5 2537/3591/5 2532/3586/5
f 2537/3591/3 2539/3592/3 2538/3593/3 2532/3586/3
f 2532/3586/53 2538/3593/77 2531/3583/77 2528/3582/53
f 2529/3585/54 2530/3584/78 2539/3592/78 2537/3591/54
f 1627/3381/5 1294/3070/5 2181/3069/5 2400/3386/5
f 2400/3393/5 2181/3072/5 2011/3071/5 2398/3383/5
f 2540/3594/6 2541/3595/6 2542/3596/6
f 2543/3597/6 2540/3594/6 2542/3596/6
f 2543/3597/6 2542/3596/6 2544/3598/6
f 2187/3599/6 2545/3600/6 2540/3594/6 2543/3597/6
f 2546/3601/6 1836/3602/6 1835/3603/6 2547/3604/6
f 2548/3605/6 1836/3602/6 2546/3601/6
f 2548/3605/6 2549/3606/6 1836/3602/6
f 2550/3607/6 2548/3605/6 2546/3601/6 2551/3608/6
f 2552/3609/4 2553/3610/4 2554/3611/4 2555/3612/4
f 2556/3613/6 2557/3614/6 2558/3615/6 2559/3616/6
f 2186/3617/6 2557/3614/6 2556/3613/6
f 2186/3617/6 2196/3618/6 2557/3614/6
f 2187/3599/6 2186/3617/6 2556/3613/6 2545/3600/6
f 2560/3619/6 2559/3616/6 2558/3615/6 2561/3620/6
f 2562/3621/6 2560/3619/6 2561/3620/6
f 2562/3621/6 2561/3620/6 2563/3622/6
f 2550/3607/6 2551/3608/6 2560/3619/6 2562/3621/6
f 2365/3623/2 2373/3349/2 2376/3352/2 2564/3624/2
f 2374/3350/2 2370/3625/2 2565/3626/2 2375/3351/2
f 1828/3627/2 1818/3628/2 1812/2543/2 2566/3629/2
f 1800/3630/2 1828/3627/2 2566/3629/2
f 2031/2849/5 2030/2848/5 2567/3631/5 2191/3084/5
f 2568/3632/4 2569/3633/4 2003/2812/4 2006/2817/4
f 2030/2848/3 1809/2540/3 1808/2539/3 2567/3631/3
f 2565/3626/5 2570/3634/5 2375/3351/5
f 2571/3635/5 2570/3634/5 2565/3626/5
f 2566/3629/5 2572/3636/5 2573/3637/5 2574/3638/5
f 2564/3624/1 2575/3639/1 1807/2538/1 1806/2537/1
f 1812/2543/4 2576/3640/4 2572/3636/4 2566/3629/4
f 2574/3638/4 2573/3637/4 2577/3641/4 2214/3115/4
f 1839/2576/1 1841/2578/1 2576/3640/1 1812/2543/1
f 2578/3642/5 2570/3634/5 2571/3635/5 2013/2826/5
f 2569/3633/5 2578/3642/5 2013/2826/5 2003/2812/5
f 2376/3352/1 2575/3639/1 2564/3624/1
f 2375/3351/3 2570/3634/3 2575/3639/3 2376/3352/3
f 2214/3115/4 2577/3641/4 2579/3643/4 2005/2816/4
f 2005/2816/1 2579/3643/1 2568/3632/1 2006/2817/1
f 2557/3644/1 2196/3091/1 2197/3092/1 2580/3645/1
f 2205/3646/2 2028/2846/2 2031/2849/2 2190/3083/2
f 2213/3114/2 1801/3647/2 2574/3638/2 2214/3115/2
f 2020/3648/2 1995/2814/2 2006/2817/2
f 2187/3080/5 2543/3649/5 2581/3650/5 2188/3081/5
f 1814/2545/2 2205/3646/2 2190/3083/2 1815/2546/2
f 2002/2811/2 2020/3648/2 2006/2817/2 2003/2812/2
f 2543/3649/3 2544/3651/3 2582/3652/3 2581/3650/3
f 2369/3653/2 2398/3654/2 2571/3635/2
f 2185/3342/2 2366/3655/2 1806/2537/2 1809/2540/2
f 1811/2542/2 1992/2850/2 1839/2576/2 1812/2543/2
f 1801/3647/2 1800/3630/2 2566/3629/2 2574/3638/2
f 1818/3628/2 1810/2541/2 1812/2543/2
f 2558/3656/4 2557/3644/4 2580/3645/4 2583/3657/4
f 2550/3658/1 2562/3659/1 2584/3660/1 2585/3661/1
f 2398/3654/2 2011/2824/2 2013/2826/2 2571/3635/2
f 2366/3655/2 2365/3623/2 2564/3624/2 1806/2537/2
f 2562/3659/4 2563/3662/4 2586/3663/4 2584/3660/4
f 2370/3625/2 2369/3653/2 2571/3635/2 2565/3626/2
f 2587/3664/6 2583/3657/6 1808/2539/6 1807/2538/6
f 1837/2574/6 2588/3665/6 2568/3632/6 2579/3643/6
f 1838/2575/6 1837/2574/6 2579/3643/6 2577/3641/6
f 2189/3082/6 2188/3081/6 1841/2578/6 1840/2577/6
f 2197/3092/6 2189/3082/6 1840/2577/6 2191/3084/6
f 2580/3645/6 2197/3092/6 2191/3084/6 2567/3631/6
f 2188/3081/6 2581/3650/6 2576/3640/6 1841/2578/6
f 2581/3650/6 2582/3652/6 2572/3636/6 2576/3640/6
f 2588/3665/6 2589/3666/6 2569/3633/6 2568/3632/6
f 2590/3667/6 1838/2575/6 2577/3641/6 2573/3637/6
f 2589/3666/6 2585/3661/6 2578/3642/6 2569/3633/6
f 2586/3663/6 2587/3664/6 1807/2538/6 2575/3639/6
f 2582/3652/6 2590/3667/6 2573/3637/6 2572/3636/6
f 2584/3660/6 2586/3663/6 2575/3639/6 2570/3634/6
f 2585/3661/6 2584/3660/6 2570/3634/6 2578/3642/6
f 2583/3657/6 2580/3645/6 2567/3631/6 1808/2539/6
f 1836/2573/5 2549/3668/5 2588/3665/5 1837/2574/5
f 2561/3669/4 2558/3656/4 2583/3657/4 2587/3664/4
f 2549/3668/3 2548/3670/3 2589/3666/3 2588/3665/3
f 2542/3671/3 1835/2572/3 1838/2575/3 2590/3667/3
f 2548/3670/1 2550/3658/1 2585/3661/1 2589/3666/1
f 2563/3662/5 2561/3669/5 2587/3664/5 2586/3663/5
f 2544/3651/1 2542/3671/1 2590/3667/1 2582/3652/1
f 340/462/4 339/461/4 335/457/4 338/460/4
f 2591/3672/4 340/462/4 338/460/4 344/1566/4
f 339/461/4 1998/2807/4 388/525/4 335/457/4
f 1997/2806/4 2592/3673/4 527/721/4 526/720/4
f 2592/3673/4 2591/3672/4 344/1566/4 527/721/4
f 1998/2807/4 1997/2806/4 526/720/4 388/525/4
f 530/724/4 1268/1766/4 1080/1502/4 1083/1505/4
f 531/725/4 530/724/4 1083/1505/4 1089/2606/4
f 1268/1766/4 2593/3674/4 1127/1567/4 1080/1502/4
f 2594/3675/4 2595/3676/4 1265/1763/4 1264/1762/4
f 2595/3676/4 531/725/4 1089/2606/4 1265/1763/4
f 2593/3674/4 2594/3675/4 1264/1762/4 1127/1567/4
f 1802/2533/4 1085/1507/4 1798/2529/4 1801/2532/4
f 1803/2534/4 1802/2533/4 1801/2532/4 2213/3677/4
f 1085/1507/4 1084/1506/4 1855/2607/4 1798/2529/4
f 2596/3678/4 2597/3679/4 1994/2803/4 1993/2802/4
f 2597/3679/4 1803/2534/4 2213/3677/4 1994/2803/4
f 1084/1506/4 2596/3678/4 1993/2802/4 1855/2607/4
f 1999/3680/4 342/3681/4 341/3682/4 2598/3683/4
f 1999/3680/4 2598/3683/4 2599/3684/4 2000/3685/4
f 2600/3686/4 1269/3687/4 533/3688/4 532/3689/4
f 2600/3686/4 532/3689/4 2601/3690/4 2602/3691/4
f 1087/3692/4 1086/3693/4 1805/3694/4 1804/3695/4
f 1087/3692/4 1804/3695/4 2603/3696/4 2604/3697/4
f 2597/3679/1 2596/3678/1 2604/3698/1 2603/3699/1
f 2593/3674/6 1268/1766/6 1269/1767/6 2600/3700/6
f 340/462/2 2591/3672/2 2598/3701/2 341/463/2
f 1803/2534/2 2597/3679/2 2603/3699/2 1804/2535/2
f 2595/3676/1 2594/3675/1 2602/3702/1 2601/3703/1
f 1998/2807/6 339/461/6 342/464/6 1999/2808/6
f 2596/3678/6 1084/1506/6 1087/1509/6 2604/3698/6
f 531/725/2 2595/3676/2 2601/3703/2 532/726/2
f 2592/3673/1 1997/2806/1 2000/2809/1 2599/3704/1
f 2594/3675/6 2593/3674/6 2600/3700/6 2602/3702/6
f 2591/3672/2 2592/3673/2 2599/3704/2 2598/3701/2
f 1085/1507/5 1802/2533/5 1805/2536/5 1086/1508/5
f 2605/3705/5 2606/3706/5 2607/3707/5 2608/3708/5
f 2554/3709/1 2609/3710/1 2610/3711/1 2611/3712/1
f 2612/3713/4 2555/3714/4 2613/3715/4 2614/3716/4
f 2612/3717/4 2552/3609/4 2555/3612/4
f 2615/3718/3 2616/3719/3 2617/3720/3 2618/3721/3
f 2542/3596/6 2541/3595/6 2547/3604/6 1835/3603/6
f 2619/3722/4 2541/3723/4 2540/3724/4 2620/3725/4
f 2621/3726/1 2622/3727/1 2615/3728/1 2609/3729/1
f 2622/3727/3 2623/3730/3 2616/3731/3 2615/3728/3
f 2624/3732/5 2625/3733/5 2612/3717/5 2606/3734/5
f 2625/3733/4 2626/3735/4 2552/3609/4 2612/3717/4
f 2623/3730/3 2627/3736/3 2605/3737/3 2616/3731/3
f 2627/3736/5 2624/3732/5 2606/3734/5 2605/3737/5
f 2619/3738/5 2553/3610/5 2628/3739/5 2629/3740/5
f 2620/3741/1 2621/3726/1 2609/3729/1 2554/3611/1
f 2547/3604/6 2541/3595/6 2630/3742/6 2631/3743/6
f 2553/3610/2 2552/3609/2 2632/3744/2 2628/3739/2
f 2626/3745/1 2547/3746/1 2631/3747/1 2633/3748/1
f 2552/3609/1 2626/3735/1 2633/3749/1 2632/3744/1
f 2540/3724/1 2545/3750/1 2621/3751/1 2620/3725/1
f 2541/3723/5 2619/3722/5 2629/3752/5 2630/3753/5
f 2560/3754/5 2551/3755/5 2624/3756/5 2627/3757/5
f 2559/3758/3 2560/3754/3 2627/3757/3 2623/3759/3
f 2546/3760/4 2547/3746/4 2626/3745/4 2625/3761/4
f 2551/3755/5 2546/3760/5 2625/3761/5 2624/3756/5
f 2556/3762/3 2559/3758/3 2623/3759/3 2622/3763/3
f 2545/3750/1 2556/3762/1 2622/3763/1 2621/3751/1
f 2553/3610/4 2619/3738/4 2620/3741/4 2554/3611/4
f 2634/3764/6 2635/3765/6 2636/3766/6 2637/3767/6
f 2638/3768/6 2639/3769/6 2640/3770/6 2637/3767/6
f 2634/3764/6 2637/3767/6 2640/3770/6 2641/3771/6
f 2637/3767/6 2636/3766/6 2642/3772/6 2638/3768/6
f 2609/3710/1 2615/3718/1 2618/3721/1 2610/3711/1
f 2606/3706/5 2612/3713/5 2614/3716/5 2607/3707/5
f 2555/3714/4 2554/3709/4 2611/3712/4 2613/3715/4
f 2616/3719/3 2605/3705/3 2608/3708/3 2617/3720/3
f 2638/3773/6 2642/3774/6 2611/3712/6 2610/3711/6
f 2635/3775/6 2634/3776/6 2607/3707/6 2614/3716/6
f 2636/3777/6 2635/3775/6 2614/3716/6 2613/3715/6
f 2639/3778/6 2638/3773/6 2610/3711/6 2618/3721/6
f 2640/3779/6 2639/3778/6 2618/3721/6 2617/3720/6
f 2634/3776/6 2641/3780/6 2608/3708/6 2607/3707/6
f 2641/3780/6 2640/3779/6 2617/3720/6 2608/3708/6
f 2642/3774/6 2636/3777/6 2613/3715/6 2611/3712/6
f 2643/3781/4 2644/3782/4 2645/3783/4 2646/3784/4
f 2647/3785/4 2648/3786/4 2649/3787/4 2650/3788/4
f 2647/3785/4 2650/3788/4 2645/3783/4 2644/3782/4
f 2651/3789/6 2643/3781/6 2648/3786/6 2652/3790/6
f 2653/3791/2 2647/3785/2 2644/3782/2 2654/3792/2
f 2644/3782/1 2643/3781/1 2651/3789/1 2654/3792/1
f 2643/3781/4 2646/3784/4 2649/3787/4 2648/3786/4
f 2648/3786/5 2647/3785/5 2653/3791/5 2652/3790/5
f 2655/3793/4 2656/3794/4 2657/3795/4 2658/3796/4
f 2659/3797/4 2660/3798/4 2661/3799/4 2662/3800/4
f 2659/3797/4 2662/3800/4 2657/3795/4 2656/3794/4
f 2663/3801/6 2655/3793/6 2660/3798/6 2664/3802/6
f 2665/3803/2 2659/3797/2 2656/3794/2 2666/3804/2
f 2656/3794/1 2655/3793/1 2663/3801/1 2666/3804/1
f 2655/3793/4 2658/3796/4 2661/3799/4 2660/3798/4
f 2660/3798/5 2659/3797/5 2665/3803/5 2664/3802/5
f 2667/3805/4 2668/3806/4 2669/3807/4 2670/3808/4
f 2671/3809/4 2672/3810/4 2673/3811/4 2674/3812/4
f 2671/3809/4 2674/3812/4 2669/3807/4 2668/3806/4
f 2675/3813/6 2667/3805/6 2672/3810/6 2676/3814/6
f 2677/3815/2 2671/3809/2 2668/3806/2 2678/3816/2
f 2668/3806/1 2667/3805/1 2675/3813/1 2678/3816/1
f 2667/3805/4 2670/3808/4 2673/3811/4 2672/3810/4
f 2672/3810/5 2671/3809/5 2677/3815/5 2676/3814/5
f 2679/3817/5 2680/3818/5 2681/3819/5 2682/3820/5
f 2683/3821/4 2684/3822/4 2685/3823/4 2686/3824/4
f 2679/3817/4 2683/3821/4 2686/3824/4 2687/3825/4
f 2680/3818/4 2679/3817/4 2687/3825/4 2688/3826/4
f 2684/3822/4 2680/3818/4 2688/3826/4 2685/3823/4
f 2682/3827/4 2681/3828/4 2689/3829/4 2690/3830/4
f 2684/3822/1 2683/3821/1 2690/3831/1 2689/3832/1
f 2680/3818/2 2684/3822/2 2689/3832/2 2681/3819/2
f 2683/3821/6 2679/3817/6 2682/3820/6 2690/3831/6
f 2691/3833/1 2692/3834/1 2693/3835/1 2694/3836/1
f 2695/3837/1 2696/3838/1 2697/3839/1 2698/3840/1
f 2699/3841/1 2700/3842/1 2693/3835/1 2692/3834/1
f 2696/3838/1 2701/3843/1 2702/3844/1 2697/3839/1
f 2703/3845/6 2699/3841/6 2692/3834/6 2704/3846/6
f 2705/3847/2 2706/3848/2 2707/3849/2 2691/3833/2
f 2705/3847/1 2708/3850/1 2702/3844/1 2701/3843/1
f 2708/3850/1 2705/3847/1 2691/3833/1 2694/3836/1
f 2709/3851/1 2710/3852/1 2700/3842/1 2699/3841/1
f 2701/3843/1 2709/3851/1 2699/3841/1 2705/3847/1
f 2709/3851/1 2695/3837/1 2698/3840/1 2710/3852/1
f 2711/3853/1 2712/3854/1 2713/3855/1 2714/3856/1
f 2695/3837/6 2709/3851/6 2711/3857/6 2714/3858/6
f 2696/3838/3 2695/3837/3 2714/3858/3 2713/3859/3
f 2709/3851/4 2701/3843/4 2712/3860/4 2711/3857/4
f 2701/3843/2 2696/3838/2 2713/3859/2 2712/3860/2
f 2692/3834/4 2691/3833/4 2707/3849/4 2704/3846/4
f 2705/3847/3 2699/3841/3 2703/3845/3 2706/3848/3
f 2707/3861/1 2706/3862/1 2703/3863/1 2704/3864/1
f 2715/3865/1 2716/3866/1 2717/3867/1 2718/3868/1
f 2719/3869/1 2720/3870/1 2721/3871/1 2722/3872/1
f 2723/3873/1 2724/3874/1 2717/3867/1 2716/3866/1
f 2720/3870/1 2725/3875/1 2726/3876/1 2721/3871/1
f 2727/3877/6 2723/3873/6 2716/3866/6 2728/3878/6
f 2729/3879/2 2730/3880/2 2731/3881/2 2715/3865/2
f 2729/3879/1 2732/3882/1 2726/3876/1 2725/3875/1
f 2732/3882/1 2729/3879/1 2715/3865/1 2718/3868/1
f 2733/3883/1 2734/3884/1 2724/3874/1 2723/3873/1
f 2725/3875/1 2733/3883/1 2723/3873/1 2729/3879/1
f 2733/3883/1 2719/3869/1 2722/3872/1 2734/3884/1
f 2735/3885/1 2736/3886/1 2737/3887/1 2738/3888/1
f 2719/3869/6 2733/3883/6 2735/3889/6 2738/3890/6
f 2720/3870/3 2719/3869/3 2738/3890/3 2737/3891/3
f 2733/3883/4 2725/3875/4 2736/3892/4 2735/3889/4
f 2725/3875/2 2720/3870/2 2737/3891/2 2736/3892/2
f 2716/3866/4 2715/3865/4 2731/3881/4 2728/3878/4
f 2729/3879/3 2723/3873/3 2727/3877/3 2730/3880/3
f 2731/3893/1 2730/3894/1 2727/3895/1 2728/3896/1
f 2739/3897/5 2740/3898/5 2741/3899/5 2742/3900/5
f 2743/3901/5 2744/3902/5 2745/3903/5 2746/3904/5
f 2747/3905/5 2742/3900/5 2741/3899/5 2748/3906/5
f 2746/3904/5 2745/3903/5 2749/3907/5 2750/3908/5
f 2751/3909/6 2752/3910/6 2742/3900/6 2747/3905/6
f 2753/3911/2 2739/3897/2 2754/3912/2 2755/3913/2
f 2753/3911/5 2750/3908/5 2749/3907/5 2756/3914/5
f 2756/3914/5 2740/3898/5 2739/3897/5 2753/3911/5
f 2757/3915/5 2747/3905/5 2748/3906/5 2758/3916/5
f 2750/3908/5 2753/3911/5 2747/3905/5 2757/3915/5
f 2757/3915/5 2758/3916/5 2744/3902/5 2743/3901/5
f 2759/3917/5 2760/3918/5 2761/3919/5 2762/3920/5
f 2743/3901/6 2760/3921/6 2759/3922/6 2757/3915/6
f 2746/3904/3 2761/3923/3 2760/3921/3 2743/3901/3
f 2757/3915/4 2759/3922/4 2762/3924/4 2750/3908/4
f 2750/3908/2 2762/3924/2 2761/3923/2 2746/3904/2
f 2742/3900/4 2752/3910/4 2754/3912/4 2739/3897/4
f 2753/3911/3 2755/3913/3 2751/3909/3 2747/3905/3
f 2754/3925/5 2752/3926/5 2751/3927/5 2755/3928/5
f 2763/3929/5 2764/3930/5 2765/3931/5 2766/3932/5
f 2767/3933/5 2768/3934/5 2769/3935/5 2770/3936/5
f 2771/3937/5 2766/3932/5 2765/3931/5 2772/3938/5
f 2770/3936/5 2769/3935/5 2773/3939/5 2774/3940/5
f 2775/3941/6 2776/3942/6 2766/3932/6 2771/3937/6
f 2777/3943/2 2763/3929/2 2778/3944/2 2779/3945/2
f 2777/3943/5 2774/3940/5 2773/3939/5 2780/3946/5
f 2780/3946/5 2764/3930/5 2763/3929/5 2777/3943/5
f 2781/3947/5 2771/3937/5 2772/3938/5 2782/3948/5
f 2774/3940/5 2777/3943/5 2771/3937/5 2781/3947/5
f 2781/3947/5 2782/3948/5 2768/3934/5 2767/3933/5
f 2783/3949/5 2784/3950/5 2785/3951/5 2786/3952/5
f 2767/3933/6 2784/3953/6 2783/3954/6 2781/3947/6
f 2770/3936/3 2785/3955/3 2784/3953/3 2767/3933/3
f 2781/3947/4 2783/3954/4 2786/3956/4 2774/3940/4
f 2774/3940/2 2786/3956/2 2785/3955/2 2770/3936/2
f 2766/3932/4 2776/3942/4 2778/3944/4 2763/3929/4
f 2777/3943/3 2779/3945/3 2775/3941/3 2771/3937/3
f 2778/3957/5 2776/3958/5 2775/3959/5 2779/3960/5
f 2787/3961/3 2788/3962/3 2789/3963/3 2790/3964/3
f 2791/3965/3 2792/3966/3 2793/3967/3 2794/3968/3
f 2795/3969/3 2796/3970/3 2789/3963/3 2788/3962/3
f 2792/3966/3 2797/3971/3 2798/3972/3 2793/3967/3
f 2799/3973/6 2795/3969/6 2788/3962/6 2800/3974/6
f 2801/3975/2 2802/3976/2 2803/3977/2 2787/3961/2
f 2801/3975/3 2804/3978/3 2798/3972/3 2797/3971/3
f 2804/3978/3 2801/3975/3 2787/3961/3 2790/3964/3
f 2805/3979/3 2806/3980/3 2796/3970/3 2795/3969/3
f 2797/3971/3 2805/3979/3 2795/3969/3 2801/3975/3
f 2805/3979/3 2791/3965/3 2794/3968/3 2806/3980/3
f 2807/3981/3 2808/3982/3 2809/3983/3 2810/3984/3
f 2791/3965/6 2805/3979/6 2807/3985/6 2810/3986/6
f 2792/3966/5 2791/3965/5 2810/3986/5 2809/3987/5
f 2805/3979/1 2797/3971/1 2808/3988/1 2807/3985/1
f 2797/3971/2 2792/3966/2 2809/3987/2 2808/3988/2
f 2788/3962/1 2787/3961/1 2803/3977/1 2800/3974/1
f 2801/3975/5 2795/3969/5 2799/3973/5 2802/3976/5
f 2803/3989/3 2802/3990/3 2799/3991/3 2800/3992/3
f 2811/3993/3 2812/3994/3 2813/3995/3 2814/3996/3
f 2815/3997/3 2816/3998/3 2817/3999/3 2818/4000/3
f 2819/4001/3 2814/3996/3 2813/3995/3 2820/4002/3
f 2818/4000/3 2817/3999/3 2821/4003/3 2822/4004/3
f 2823/4005/6 2824/4006/6 2814/3996/6 2819/4001/6
f 2825/4007/2 2811/3993/2 2826/4008/2 2827/4009/2
f 2825/4007/3 2822/4004/3 2821/4003/3 2828/4010/3
f 2828/4010/3 2812/3994/3 2811/3993/3 2825/4007/3
f 2829/4011/3 2819/4001/3 2820/4002/3 2830/4012/3
f 2822/4004/3 2825/4007/3 2819/4001/3 2829/4011/3
f 2829/4011/3 2830/4012/3 2816/3998/3 2815/3997/3
f 2831/4013/3 2832/4014/3 2833/4015/3 2834/4016/3
f 2815/3997/6 2832/4017/6 2831/4018/6 2829/4011/6
f 2818/4000/1 2833/4019/1 2832/4017/1 2815/3997/1
f 2829/4011/5 2831/4018/5 2834/4020/5 2822/4004/5
f 2822/4004/2 2834/4020/2 2833/4019/2 2818/4000/2
f 2814/3996/5 2824/4006/5 2826/4008/5 2811/3993/5
f 2825/4007/1 2827/4009/1 2823/4005/1 2819/4001/1
f 2826/4021/3 2824/4022/3 2823/4023/3 2827/4024/3
o Collider
v 1.847645 0.000000 -0.659019
v 1.847645 1.623341 -0.659019
v 1.951635 1.623341 -2.590867
v 1.951635 0.000000 -2.590867
v 1.951635 0.000000 -2.357197
v 1.951635 1.623341 -2.357197
v 2.723076 1.623341 -0.659019
v 2.723076 0.000000 -0.659019
v 2.723076 1.623341 -2.357197
v 2.723076 0.000000 -2.357197
v -1.984362 0.000000 -0.659019
v -1.984362 1.623341 -0.659019
v -1.951635 1.623341 -2.590867
v -1.951635 0.000000 -2.590867
v -1.951635 0.000000 -2.357197
v -1.951635 1.623341 -2.357197
v -2.723076 1.623341 -0.659019
v -2.723076 0.000000 -0.659019
v -2.723076 1.623341 -2.357197
v -2.723076 0.000000 -2.357197
v 1.847645 0.000000 0.659019
v 1.847645 1.623341 0.659019
v 1.951635 1.623341 2.590867
v 1.951635 0.000000 2.590867
v 1.847645 1.623341 2.368544
v 1.951635 0.000000 2.357197
v 1.951635 1.623341 2.357197
v 2.723076 1.623341 0.659019
v 2.723076 0.000000 0.659019
v 2.723076 1.623341 2.357197
v 2.723076 0.000000 2.357197
v -1.984362 0.000000 0.659019
v -1.984362 1.623341 0.659019
v -1.951635 1.623341 2.590867
v -1.951635 0.000000 2.590867
v -1.847645 1.623341 2.368544
v -1.951635 0.000000 2.357197
v -1.951635 1.623341 2.357197
v -2.723076 1.623341 0.659019
v -2.723076 0.000000 0.659019
v -2.723076 1.623341 2.357197
v -2.723076 0.000000 2.357197
v 1.953364 1.618646 -0.659019
v 1.953364 5.765726 -0.659019
v 2.535410 5.765726 -0.659019
v 2.535410 1.618646 -0.659019
v 2.535410 5.765726 -2.359847
v 2.535410 1.618646 -2.359847
v -1.986017 1.618646 -0.659019
v -1.986017 5.765726 -0.659019
v -2.535410 5.765726 -0.659019
v -2.535410 1.618646 -0.659019
v -2.535410 5.765726 -2.359847
v -2.535410 1.618646 -2.359847
v 1.953364 1.618646 0.659019
v 1.953364 5.765726 0.659019
v 2.535410 5.765726 0.659019
v 2.535410 1.618646 0.659019
v 2.535410 5.765726 2.360837
v 2.535410 1.618646 2.360837
v -1.986017 1.618646 0.659019
v -1.986017 5.765726 0.659019
v -2.535410 5.765726 0.659019
v -2.535410 1.618646 0.659019
v -2.535410 5.765726 2.360837
v -2.535410 1.618646 2.360837
v 1.938898 1.114885 0.663510
v 1.938898 1.657305 0.663510
v 1.938898 1.114885 -0.663510
v 1.938898 1.657305 -0.663510
v 2.801187 1.292872 0.663510
v 2.801187 1.412122 0.663510
v 2.801187 1.292872 -0.663510
v 2.801187 1.412122 -0.663510
v -0.797119 5.743420 1.190816
v -0.797119 6.725211 1.190816
v -0.797119 5.743420 -1.190816
v -0.797119 6.725211 -1.190816
v 0.761885 5.743420 1.190816
v 0.761885 6.725211 1.190816
v 0.761885 5.743420 -1.190816
v 0.761885 6.725211 -1.190816
v -2.075057 5.605742 0.555456
v -2.075057 6.180082 0.555456
v 2.640569 5.605742 -2.468923
v -2.669987 5.605742 -2.468923
v 1.949884 5.781612 0.661613
v 1.949884 6.180082 0.661613
v -2.669987 6.180082 -2.468923
v 2.640569 5.605742 2.468925
v 2.044649 5.605742 0.555455
v 2.640569 5.605742 0.555455
v -2.075057 5.605742 -0.555453
v -2.669987 5.605742 -0.555453
v -2.547852 5.781612 -2.355338
v -2.547852 6.180082 -2.355338
v -2.669987 6.180082 -0.555453
v -2.547852 5.781612 -0.661611
v -2.547852 6.180082 -0.661611
v -2.669987 5.605742 2.468925
v -2.669987 5.605742 0.555456
v 1.949884 5.781612 -0.661611
v 2.517444 5.781612 -2.355338
v 2.517444 5.781612 -0.661611
v 2.517444 5.781611 2.355340
v 2.517444 5.781612 0.661613
v -1.980292 5.781612 -0.661611
v -1.980292 5.781612 0.661613
v -2.547852 5.781611 2.355340
v -2.547852 5.781612 0.661613
v 2.640569 5.605742 -0.555453
v -2.075057 6.180082 -0.555453
v 2.640569 6.180082 0.555455
v 2.640569 6.180081 2.468925
v -2.669987 6.180081 2.468925
v 2.640569 6.180082 -0.555453
v 2.044649 6.180082 -0.555453
v 2.044649 5.605742 -0.555453
v -2.669987 6.180082 0.555456
v 2.640569 6.180082 -2.468923
v 2.044649 6.180082 0.555455
v -1.980292 6.180082 -0.661611
v 2.517444 6.180082 -2.355338
v 2.517444 6.180082 -0.661611
v -2.547852 6.180081 2.355340
v -2.547852 6.180082 0.661613
v -1.980292 6.180082 0.661613
v 2.517444 6.180082 0.661613
v 2.517444 6.180081 2.355340
v 1.949884 6.180082 -0.661611
v 2.733439 2.218897 -2.593944
v 2.733439 1.639501 -2.593944
v 0.745921 1.639501 -2.593944
v 0.747073 2.218897 -2.593944
v 2.852424 2.218897 -2.739192
v 2.852424 2.218897 -0.549650
v 2.733439 2.218897 -0.662560
v 2.733439 1.639501 -0.662560
v 1.936822 1.639501 -0.662560
v 1.936822 2.122607 -0.549650
v 1.936822 2.218897 -0.662560
v 1.936822 2.218897 -0.549650
v 1.936822 1.569782 -0.581777
v 1.936822 1.569782 -0.662560
v 2.817069 1.569782 -0.581777
v 2.852424 2.122607 -0.549650
v 0.650215 1.569782 -2.696372
v 0.651082 1.569782 -2.327947
v 0.650215 1.569782 -0.662560
v 2.817069 1.569782 -2.696373
v 0.611437 2.218897 -2.739191
v 0.650215 1.639501 -0.662560
v 0.611437 2.218897 -2.326957
v 0.611276 2.122607 -2.326957
v 0.611249 2.122607 -2.739191
v 0.745921 1.639501 -0.662560
v 0.747073 2.218897 -2.325500
v 2.852424 2.122607 -2.739192
v 2.733439 3.563863 -2.593944
v 2.733439 2.984467 -2.593944
v 0.745921 2.984467 -2.593944
v 0.747073 3.563863 -2.593944
v 2.852424 3.563863 -2.739192
v 2.852424 3.563862 -0.549649
v 2.733439 3.563862 -0.662559
v 2.733439 2.984467 -0.662560
v 1.936822 2.984467 -0.662560
v 1.936822 3.467572 -0.549649
v 1.936822 3.563862 -0.662559
v 1.936822 3.563862 -0.549649
v 1.936822 2.914747 -0.581776
v 1.936822 2.914747 -0.662560
v 2.817069 2.914747 -0.581776
v 2.852424 3.467572 -0.549649
v 0.650215 2.914748 -2.696372
v 0.651082 2.914748 -2.327946
v 0.650215 2.914747 -0.662560
v 2.817069 2.914748 -2.696373
v 0.611437 3.563863 -2.739191
v 0.650215 2.984467 -0.662560
v 0.611437 3.563863 -2.326957
v 0.611276 3.467573 -2.326957
v 0.611249 3.467573 -2.739191
v 0.745921 2.984467 -0.662560
v 0.747073 3.563863 -2.325500
v 2.852424 3.467573 -2.739192
v 2.733439 4.908828 -2.593943
v 2.733439 4.329432 -2.593943
v 0.745921 4.329432 -2.593943
v 0.747073 4.908828 -2.593943
v 2.852424 4.908828 -2.739191
v 2.852424 4.908828 -0.549649
v 2.733439 4.908828 -0.662559
v 2.733439 4.329432 -0.662559
v 1.936822 4.329432 -0.662559
v 1.936822 4.812538 -0.549649
v 1.936822 4.908828 -0.662559
v 1.936822 4.908828 -0.549649
v 1.936822 4.259713 -0.581776
v 1.936822 4.259713 -0.662559
v 2.817069 4.259713 -0.581776
v 2.852424 4.812538 -0.549649
v 0.650215 4.259714 -2.696371
v 0.651082 4.259714 -2.327946
v 0.650215 4.259713 -0.662559
v 2.817069 4.259714 -2.696372
v 0.611437 4.908828 -2.739190
v 0.650215 4.329432 -0.662559
v 0.611437 4.908828 -2.326956
v 0.611276 4.812539 -2.326956
v 0.611249 4.812539 -2.739190
v 0.745921 4.329432 -0.662559
v 0.747073 4.908828 -2.325500
v 2.852424 4.812539 -2.739191
v -2.763213 2.218897 -2.593944
v -2.763213 1.639501 -2.593944
v -0.775695 1.639501 -2.593944
v -0.776847 2.218897 -2.593944
v -2.882198 2.218897 -2.739192
v -2.882198 2.218897 -0.549650
v -2.763213 2.218897 -0.662560
v -2.763213 1.639501 -0.662560
v -1.966596 1.639501 -0.662560
v -1.966596 2.122607 -0.549650
v -1.966596 2.218897 -0.662560
v -1.966596 2.218897 -0.549650
v -1.966596 1.569782 -0.581777
v -1.966596 1.569782 -0.662560
v -2.846843 1.569782 -0.581777
v -2.882198 2.122607 -0.549650
v -0.679989 1.569782 -2.696372
v -0.680856 1.569782 -2.327947
v -0.679989 1.569782 -0.662560
v -2.846843 1.569782 -2.696373
v -0.641211 2.218897 -2.739191
v -0.679989 1.639501 -0.662560
v -0.641211 2.218897 -2.326957
v -0.641050 2.122607 -2.326957
v -0.641023 2.122607 -2.739191
v -0.775695 1.639501 -0.662560
v -0.776847 2.218897 -2.325500
v -2.882198 2.122607 -2.739192
v -2.763213 3.563863 -2.593944
v -2.763213 2.984467 -2.593944
v -0.775695 2.984467 -2.593944
v -0.776847 3.563863 -2.593944
v -2.882198 3.563863 -2.739192
v -2.882198 3.563862 -0.549649
v -2.763213 3.563862 -0.662559
v -2.763213 2.984467 -0.662560
v -1.966596 2.984467 -0.662560
v -1.966596 3.467572 -0.549649
v -1.966596 3.563862 -0.662559
v -1.966596 3.563862 -0.549649
v -1.966596 2.914747 -0.581776
v -1.966596 2.914747 -0.662560
v -2.846843 2.914747 -0.581776
v -2.882198 3.467572 -0.549649
v -0.679989 2.914748 -2.696372
v -0.680856 2.914748 -2.327946
v -0.679989 2.914747 -0.662560
v -2.846843 2.914748 -2.696373
v -0.641211 3.563863 -2.739191
v -0.679989 2.984467 -0.662560
v -0.641211 3.563863 -2.326957
v -0.641050 3.467573 -2.326957
v -0.641023 3.467573 -2.739191
v -0.775695 2.984467 -0.662560
v -0.776847 3.563863 -2.325500
v -2.882198 3.467573 -2.739192
v -2.763213 4.908828 -2.593943
v -2.763213 4.329432 -2.593943
v -0.775695 4.329432 -2.593943
v -0.776847 4.908828 -2.593943
v -2.882198 4.908828 -2.739191
v -2.882198 4.908828 -0.549649
v -2.763213 4.908828 -0.662559
v -2.763213 4.329432 -0.662559
v -1.966596 4.329432 -0.662559
v -1.966596 4.812538 -0.549649
v -1.966596 4.908828 -0.662559
v -1.966596 4.908828 -0.549649
v -1.966596 4.259713 -0.581776
v -1.966596 4.259713 -0.662559
v -2.846843 4.259713 -0.581776
v -2.882198 4.812538 -0.549649
v -0.679989 4.259714 -2.696371
v -0.680856 4.259714 -2.327946
v -0.679989 4.259713 -0.662559
v -2.846843 4.259714 -2.696372
v -0.641211 4.908828 -2.739190
v -0.679989 4.329432 -0.662559
v -0.641211 4.908828 -2.326956
v -0.641050 4.812539 -2.326956
v -0.641023 4.812539 -2.739190
v -0.775695 4.329432 -0.662559
v -0.776847 4.908828 -2.325500
v -2.882198 4.812539 -2.739191
v 2.733439 2.218897 2.593944
v 2.733439 1.639501 2.593944
v 0.745921 1.639501 2.593944
v 0.747073 2.218897 2.593944
v 2.852424 2.218897 2.739192
v 2.852424 2.218897 0.549650
v 2.733439 2.218897 0.662560
v 2.733439 1.639501 0.662560
v 1.936822 1.639501 0.662560
v 1.936822 2.122607 0.549650
v 1.936822 2.218897 0.662560
v 1.936822 2.218897 0.549650
v 1.936822 1.569782 0.581777
v 1.936822 1.569782 0.662560
v 2.817069 1.569782 0.581777
v 2.852424 2.122607 0.549650
v 0.650215 1.569782 2.696372
v 0.651082 1.569782 2.327947
v 0.650215 1.569782 0.662560
v 2.817069 1.569782 2.696373
v 0.611437 2.218897 2.739191
v 0.650215 1.639501 0.662560
v 0.611437 2.218897 2.326957
v 0.611276 2.122607 2.326957
v 0.611249 2.122607 2.739191
v 0.745921 1.639501 0.662560
v 0.747073 2.218897 2.325501
v 2.852424 2.122607 2.739192
v 2.733439 3.563863 2.593943
v 2.733439 2.984467 2.593944
v 0.745921 2.984467 2.593944
v 0.747073 3.563863 2.593943
v 2.852424 3.563863 2.739191
v 2.852424 3.563862 0.549649
v 2.733439 3.563862 0.662559
v 2.733439 2.984467 0.662560
v 1.936822 2.984467 0.662560
v 1.936822 3.467573 0.549649
v 1.936822 3.563862 0.662559
v 1.936822 3.563862 0.549649
v 1.936822 2.914748 0.581776
v 1.936822 2.914748 0.662560
v 2.817069 2.914748 0.581776
v 2.852424 3.467573 0.549649
v 0.650215 2.914748 2.696372
v 0.651082 2.914748 2.327946
v 0.650215 2.914748 0.662560
v 2.817069 2.914748 2.696373
v 0.611437 3.563863 2.739190
v 0.650215 2.984467 0.662560
v 0.611437 3.563862 2.326956
v 0.611276 3.467573 2.326956
v 0.611249 3.467573 2.739190
v 0.745921 2.984467 0.662560
v 0.747073 3.563862 2.325500
v 2.852424 3.467573 2.739191
v 2.733439 4.908828 2.593943
v 2.733439 4.329432 2.593943
v 0.745921 4.329432 2.593943
v 0.747073 4.908828 2.593943
v 2.852424 4.908828 2.739191
v 2.852424 4.908828 0.549649
v 2.733439 4.908828 0.662559
v 2.733439 4.329432 0.662559
v 1.936822 4.329432 0.662559
v 1.936822 4.812538 0.549649
v 1.936822 4.908828 0.662559
v 1.936822 4.908828 0.549649
v 1.936822 4.259713 0.581776
v 1.936822 4.259713 0.662559
v 2.817069 4.259713 0.581776
v 2.852424 4.812538 0.549649
v 0.650215 4.259714 2.696371
v 0.651082 4.259714 2.327946
v 0.650215 4.259713 0.662559
v 2.817069 4.259714 2.696372
v 0.611437 4.908828 2.739190
v 0.650215 4.329432 0.662559
v 0.611437 4.908828 2.326956
v 0.611276 4.812539 2.326956
v 0.611249 4.812539 2.739190
v 0.745921 4.329432 0.662559
v 0.747073 4.908828 2.325500
v 2.852424 4.812539 2.739191
v -2.763213 2.218897 2.593944
v -2.763213 1.639501 2.593944
v -0.775695 1.639501 2.593944
v -0.776847 2.218897 2.593944
v -2.882198 2.218897 2.739192
v -2.882198 2.218897 0.549650
v -2.763213 2.218897 0.662560
v -2.763213 1.639501 0.662560
v -1.966596 1.639501 0.662560
v -1.966596 2.122607 0.549650
v -1.966596 2.218897 0.662560
v -1.966596 2.218897 0.549650
v -1.966596 1.569782 0.581777
v -1.966596 1.569782 0.662560
v -2.846843 1.569782 0.581777
v -2.882198 2.122607 0.549650
v -0.679989 1.569782 2.696372
v -0.680856 1.569782 2.327947
v -0.679989 1.569782 0.662560
v -2.846843 1.569782 2.696373
v -0.641211 2.218897 2.739191
v -0.679989 1.639501 0.662560
v -0.641211 2.218897 2.326957
v -0.641050 2.122607 2.326957
v -0.641023 2.122607 2.739191
v -0.775695 1.639501 0.662560
v -0.776847 2.218897 2.325501
v -2.882198 2.122607 2.739192
v -2.763213 3.563863 2.593943
v -2.763213 2.984467 2.593944
v -0.775695 2.984467 2.593944
v -0.776847 3.563863 2.593943
v -2.882198 3.563863 2.739191
v -2.882198 3.563862 0.549649
v -2.763213 3.563862 0.662559
v -2.763213 2.984467 0.662560
v -1.966596 2.984467 0.662560
v -1.966596 3.467573 0.549649
v -1.966596 3.563862 0.662559
v -1.966596 3.563862 0.549649
v -1.966596 2.914748 0.581776
v -1.966596 2.914748 0.662560
v -2.846843 2.914748 0.581776
v -2.882198 3.467573 0.549649
v -0.679989 2.914748 2.696372
v -0.680856 2.914748 2.327946
v -0.679989 2.914748 0.662560
v -2.846843 2.914748 2.696373
v -0.641211 3.563863 2.739190
v -0.679989 2.984467 0.662560
v -0.641211 3.563862 2.326956
v -0.641050 3.467573 2.326956
v -0.641023 3.467573 2.739190
v -0.775695 2.984467 0.662560
v -0.776847 3.563862 2.325500
v -2.882198 3.467573 2.739191
v -2.763213 4.908828 2.593943
v -2.763213 4.329432 2.593943
v -0.775695 4.329432 2.593943
v -0.776847 4.908828 2.593943
v -2.882198 4.908828 2.739191
v -2.882198 4.908828 0.549649
v -2.763213 4.908828 0.662559
v -2.763213 4.329432 0.662559
v -1.966596 4.329432 0.662559
v -1.966596 4.812538 0.549649
v -1.966596 4.908828 0.662559
v -1.966596 4.908828 0.549649
v -1.966596 4.259713 0.581776
v -1.966596 4.259713 0.662559
v -2.846843 4.259713 0.581776
v -2.882198 4.812538 0.549649
v -0.679989 4.259714 2.696371
v -0.680856 4.259714 2.327946
v -0.679989 4.259713 0.662559
v -2.846843 4.259714 2.696372
v -0.641211 4.908828 2.739190
v -0.679989 4.329432 0.662559
v -0.641211 4.908828 2.326956
v -0.641050 4.812539 2.326956
v -0.641023 4.812539 2.739190
v -0.775695 4.329432 0.662559
v -0.776847 4.908828 2.325500
v -2.882198 4.812539 2.739191
vt 0.375000 0.375000
vt 0.625000 0.375000
vt 0.625000 0.500000
vt 0.375000 0.500000
vt 0.375000 0.500000
vt -0.129192 0.500000
vt 0.375000 0.500000
vt 1.129192 0.500000
vt 0.625000 0.500000
vt 0.625000 0.500000
vt 0.625000 0.500000
vt 0.375000 0.500000
vt 0.375000 0.250000
vt 0.625000 0.250000
vt 0.625000 0.250000
vt 0.375000 0.250000
vt 0.625000 0.500000
vt 0.625000 0.500000
vt 0.375000 0.500000
vt 0.375000 0.500000
vt 0.625000 0.500000
vt 0.375000 0.500000
vt 0.625000 0.500000
vt 0.375000 0.500000
vt 0.375000 0.500000
vt 0.625000 0.500000
vt 0.625000 0.500000
vt 0.375000 0.500000
vt 0.625000 0.500000
vt 0.625000 0.500000
vt 0.625000 0.500000
vt 1.125000 0.500000
vt 0.375000 0.500000
vt 0.375000 0.500000
vt 0.375000 0.375000
vt 0.375000 0.500000
vt 0.625000 0.500000
vt 0.625000 0.374999
vt 0.375000 0.500000
vt 0.375000 0.500000
vt -0.129192 0.500000
vt 1.120487 0.500000
vt 1.134192 0.500000
vt 0.375000 0.250000
vt 0.625000 0.250000
vt 0.375000 0.500000
vt 0.625000 0.500000
vt 0.375000 0.250000
vt 0.625000 0.250000
vt 0.625000 0.500000
vt 0.375000 0.500000
vt 0.625000 0.500000
vt 0.625000 0.500000
vt 0.625000 0.500000
vt 0.375000 0.500000
vt 0.625000 0.500000
vt 0.625000 0.500000
vt 0.375000 0.500000
vt 0.625000 0.500000
vt 0.375000 0.500000
vt 0.375066 0.355376
vt 0.624934 0.355386
vt 0.625000 0.500000
vt 0.375000 0.500000
vt 0.375000 0.500000
vt 0.375000 0.500000
vt -0.131394 0.500000
vt 0.625000 0.500000
vt 0.375000 0.500000
vt 0.625000 0.500000
vt 0.625000 0.500000
vt 0.625000 0.500000
vt 0.375000 0.500000
vt 0.375000 0.500000
vt 0.625000 0.500000
vt 0.375000 0.500000
vt 0.375000 0.500000
vt 0.625000 0.500000
vt 0.375000 0.500000
vt 0.375000 0.500000
vt 0.625000 0.500000
vt 0.625000 0.500000
vt 0.625000 0.500000
vt 0.375000 0.500000
vt 0.625000 0.500000
vt 0.625000 0.500000
vt 0.375000 0.500000
vt 0.375000 0.000000
vt 0.625000 0.000000
vt 0.625000 0.250000
vt 0.375000 0.250000
vt 0.625000 0.500000
vt 0.375000 0.500000
vt 0.625000 0.750000
vt 0.375000 0.750000
vt 0.625000 1.000000
vt 0.375000 1.000000
vt 0.125000 0.500000
vt 0.125000 0.750000
vt 0.875000 0.500000
vt 0.875000 0.750000
vt 0.375000 0.000000
vt 0.625000 0.000000
vt 0.625000 0.250000
vt 0.375000 0.250000
vt 0.625000 0.500000
vt 0.375000 0.500000
vt 0.625000 0.750000
vt 0.375000 0.750000
vt 0.625000 1.000000
vt 0.375000 1.000000
vt 0.125000 0.500000
vt 0.125000 0.750000
vt 0.875000 0.500000
vt 0.875000 0.750000
vt 0.218788 0.530432
vt 0.218788 0.530432
vt 0.218788 0.530432
vt 0.218788 0.530432
vt 0.218788 0.530432
vt 0.218788 0.530432
vt 0.218788 0.530432
vt 0.218788 0.530432
vt 0.218788 0.530432
vt 0.218788 0.530432
vt 0.218788 0.530432
vt 0.218788 0.530432
vt 0.218788 0.530432
vt 0.218788 0.530432
vt 0.218788 0.530432
vt 0.218788 0.530432
vt 0.218788 0.530432
vt 0.218788 0.530432
vt 0.218788 0.530432
vt 0.218788 0.530432
vt 0.218788 0.530432
vt 0.218788 0.530432
vt 0.218788 0.530432
vt 0.218788 0.530432
vt 0.218788 0.530432
vt 0.218788 0.530432
vt 0.218788 0.530432
vt 0.218788 0.530432
vt 0.218788 0.530432
vt 0.218788 0.530432
vt 0.218788 0.530432
vt 0.218788 0.530432
vt 0.218788 0.530432
vt 0.218788 0.530432
vt 0.218788 0.530432
vt 0.218788 0.530432
vt 0.218788 0.530432
vt 0.218788 0.530432
vt 0.218788 0.530432
vt 0.218788 0.530432
vt 0.218788 0.530432
vt 0.218788 0.530432
vt 0.218788 0.530432
vt 0.218788 0.530432
vt 0.218788 0.530432
vt 0.218788 0.530432
vt 0.218788 0.530432
vt 0.218788 0.530432
vt 0.093180 0.530506
vt 0.093180 0.530506
vt 0.093180 0.530506
vt 0.093180 0.530506
vt 0.218788 0.530432
vt 0.218788 0.530432
vt 0.218788 0.530432
vt 0.218788 0.530432
vt 0.093180 0.530506
vt 0.093180 0.530506
vt 0.030733 0.530760
vt 0.030733 0.530760
vt 0.030733 0.530760
vt 0.030733 0.530760
vt 0.030733 0.530760
vt 0.030733 0.530760
vt 0.218788 0.530432
vt 0.218788 0.530432
vt 0.093180 0.530506
vt 0.093180 0.530506
vt 0.093180 0.530506
vt 0.093180 0.530506
vt 0.093180 0.530506
vt 0.093180 0.530506
vt 0.093180 0.530506
vt 0.093180 0.530506
vt 0.093180 0.530506
vt 0.093180 0.530506
vt 0.093180 0.530506
vt 0.218788 0.530432
vt 0.218788 0.530432
vt 0.030733 0.530760
vt 0.030733 0.530760
vt 0.030733 0.530760
vt 0.030733 0.530760
vt 0.030733 0.530760
vt 0.030733 0.530760
vt 0.030733 0.530760
vt 0.218788 0.530432
vt 0.218788 0.530432
vt 0.093180 0.530506
vt 0.093180 0.530506
vt 0.218788 0.530432
vt 0.218788 0.530432
vt 0.218788 0.530432
vt 0.218788 0.530432
vt 0.218788 0.530432
vt 0.093180 0.530506
vt 0.093180 0.530506
vt 0.093180 0.530506
vt 0.093180 0.530506
vt 0.093180 0.530506
vt 0.093180 0.530506
vt 0.093180 0.530506
vt 0.218788 0.530432
vt 0.218788 0.530432
vt 0.218788 0.530432
vt 0.218788 0.530432
vt 0.093180 0.530506
vt 0.093180 0.530506
vt 0.030733 0.530760
vt 0.030733 0.530760
vt 0.030733 0.530760
vt 0.030733 0.530760
vt 0.030733 0.530760
vt 0.030733 0.530760
vt 0.218788 0.530432
vt 0.218788 0.530432
vt 0.093180 0.530506
vt 0.093180 0.530506
vt 0.093180 0.530506
vt 0.093180 0.530506
vt 0.093180 0.530506
vt 0.093180 0.530506
vt 0.093180 0.530506
vt 0.093180 0.530506
vt 0.093180 0.530506
vt 0.093180 0.530506
vt 0.093180 0.530506
vt 0.218788 0.530432
vt 0.218788 0.530432
vt 0.030733 0.530760
vt 0.030733 0.530760
vt 0.030733 0.530760
vt 0.030733 0.530760
vt 0.030733 0.530760
vt 0.030733 0.530760
vt 0.030733 0.530760
vt 0.218788 0.530432
vt 0.218788 0.530432
vt 0.093180 0.530506
vt 0.093180 0.530506
vt 0.218788 0.530432
vt 0.218788 0.530432
vt 0.218788 0.530432
vt 0.218788 0.530432
vt 0.218788 0.530432
vt 0.093180 0.530506
vt 0.093180 0.530506
vt 0.093180 0.530506
vt 0.093180 0.530506
vt 0.093180 0.530506
vt 0.093180 0.530506
vt 0.093180 0.530506
vt 0.218788 0.530432
vt 0.218788 0.530432
vt 0.218788 0.530432
vt 0.218788 0.530432
vt 0.093180 0.530506
vt 0.093180 0.530506
vt 0.030733 0.530760
vt 0.030733 0.530760
vt 0.030733 0.530760
vt 0.030733 0.530760
vt 0.030733 0.530760
vt 0.030733 0.530760
vt 0.218788 0.530432
vt 0.218788 0.530432
vt 0.093180 0.530506
vt 0.093180 0.530506
vt 0.093180 0.530506
vt 0.093180 0.530506
vt 0.093180 0.530506
vt 0.093180 0.530506
vt 0.093180 0.530506
vt 0.093180 0.530506
vt 0.093180 0.530506
vt 0.093180 0.530506
vt 0.093180 0.530506
vt 0.218788 0.530432
vt 0.218788 0.530432
vt 0.030733 0.530760
vt 0.030733 0.530760
vt 0.030733 0.530760
vt 0.030733 0.530760
vt 0.030733 0.530760
vt 0.030733 0.530760
vt 0.030733 0.530760
vt 0.218788 0.530432
vt 0.218788 0.530432
vt 0.093180 0.530506
vt 0.093180 0.530506
vt 0.218788 0.530432
vt 0.218788 0.530432
vt 0.218788 0.530432
vt 0.218788 0.530432
vt 0.218788 0.530432
vt 0.093180 0.530506
vt 0.093180 0.530506
vt 0.093180 0.530506
vt 0.093180 0.530506
vt 0.093180 0.530506
vt 0.093180 0.530506
vt 0.093180 0.530506
vt 0.218788 0.530432
vt 0.218788 0.530432
vt 0.218788 0.530432
vt 0.218788 0.530432
vt 0.093180 0.530506
vt 0.093180 0.530506
vt 0.030733 0.530760
vt 0.030733 0.530760
vt 0.030733 0.530760
vt 0.030733 0.530760
vt 0.030733 0.530760
vt 0.030733 0.530760
vt 0.218788 0.530432
vt 0.218788 0.530432
vt 0.093180 0.530506
vt 0.093180 0.530506
vt 0.093180 0.530506
vt 0.093180 0.530506
vt 0.093180 0.530506
vt 0.093180 0.530506
vt 0.093180 0.530506
vt 0.093180 0.530506
vt 0.093180 0.530506
vt 0.093180 0.530506
vt 0.093180 0.530506
vt 0.218788 0.530432
vt 0.218788 0.530432
vt 0.030733 0.530760
vt 0.030733 0.530760
vt 0.030733 0.530760
vt 0.030733 0.530760
vt 0.030733 0.530760
vt 0.030733 0.530760
vt 0.030733 0.530760
vt 0.218788 0.530432
vt 0.218788 0.530432
vt 0.093180 0.530506
vt 0.093180 0.530506
vt 0.218788 0.530432
vt 0.218788 0.530432
vt 0.218788 0.530432
vt 0.218788 0.530432
vt 0.218788 0.530432
vt 0.093180 0.530506
vt 0.093180 0.530506
vt 0.093180 0.530506
vt 0.093180 0.530506
vt 0.093180 0.530506
vt 0.093180 0.530506
vt 0.093180 0.530506
vt 0.218788 0.530432
vt 0.218788 0.530432
vt 0.218788 0.530432
vt 0.218788 0.530432
vt 0.093180 0.530506
vt 0.093180 0.530506
vt 0.030733 0.530760
vt 0.030733 0.530760
vt 0.030733 0.530760
vt 0.030733 0.530760
vt 0.030733 0.530760
vt 0.030733 0.530760
vt 0.218788 0.530432
vt 0.218788 0.530432
vt 0.093180 0.530506
vt 0.093180 0.530506
vt 0.093180 0.530506
vt 0.093180 0.530506
vt 0.093180 0.530506
vt 0.093180 0.530506
vt 0.093180 0.530506
vt 0.093180 0.530506
vt 0.093180 0.530506
vt 0.093180 0.530506
vt 0.093180 0.530506
vt 0.218788 0.530432
vt 0.218788 0.530432
vt 0.030733 0.530760
vt 0.030733 0.530760
vt 0.030733 0.530760
vt 0.030733 0.530760
vt 0.030733 0.530760
vt 0.030733 0.530760
vt 0.030733 0.530760
vt 0.218788 0.530432
vt 0.218788 0.530432
vt 0.093180 0.530506
vt 0.093180 0.530506
vt 0.218788 0.530432
vt 0.218788 0.530432
vt 0.218788 0.530432
vt 0.218788 0.530432
vt 0.218788 0.530432
vt 0.093180 0.530506
vt 0.093180 0.530506
vt 0.093180 0.530506
vt 0.093180 0.530506
vt 0.093180 0.530506
vt 0.093180 0.530506
vt 0.093180 0.530506
vt 0.218788 0.530432
vt 0.218788 0.530432
vt 0.218788 0.530432
vt 0.218788 0.530432
vt 0.093180 0.530506
vt 0.093180 0.530506
vt 0.030733 0.530760
vt 0.030733 0.530760
vt 0.030733 0.530760
vt 0.030733 0.530760
vt 0.030733 0.530760
vt 0.030733 0.530760
vt 0.218788 0.530432
vt 0.218788 0.530432
vt 0.093180 0.530506
vt 0.093180 0.530506
vt 0.093180 0.530506
vt 0.093180 0.530506
vt 0.093180 0.530506
vt 0.093180 0.530506
vt 0.093180 0.530506
vt 0.093180 0.530506
vt 0.093180 0.530506
vt 0.093180 0.530506
vt 0.093180 0.530506
vt 0.218788 0.530432
vt 0.218788 0.530432
vt 0.030733 0.530760
vt 0.030733 0.530760
vt 0.030733 0.530760
vt 0.030733 0.530760
vt 0.030733 0.530760
vt 0.030733 0.530760
vt 0.030733 0.530760
vt 0.218788 0.530432
vt 0.218788 0.530432
vt 0.093180 0.530506
vt 0.093180 0.530506
vt 0.218788 0.530432
vt 0.218788 0.530432
vt 0.218788 0.530432
vt 0.218788 0.530432
vt 0.218788 0.530432
vt 0.093180 0.530506
vt 0.093180 0.530506
vt 0.093180 0.530506
vt 0.093180 0.530506
vt 0.093180 0.530506
vt 0.093180 0.530506
vt 0.093180 0.530506
vt 0.218788 0.530432
vt 0.218788 0.530432
vt 0.218788 0.530432
vt 0.218788 0.530432
vt 0.093180 0.530506
vt 0.093180 0.530506
vt 0.030733 0.530760
vt 0.030733 0.530760
vt 0.030733 0.530760
vt 0.030733 0.530760
vt 0.030733 0.530760
vt 0.030733 0.530760
vt 0.218788 0.530432
vt 0.218788 0.530432
vt 0.093180 0.530506
vt 0.093180 0.530506
vt 0.093180 0.530506
vt 0.093180 0.530506
vt 0.093180 0.530506
vt 0.093180 0.530506
vt 0.093180 0.530506
vt 0.093180 0.530506
vt 0.093180 0.530506
vt 0.093180 0.530506
vt 0.093180 0.530506
vt 0.218788 0.530432
vt 0.218788 0.530432
vt 0.030733 0.530760
vt 0.030733 0.530760
vt 0.030733 0.530760
vt 0.030733 0.530760
vt 0.030733 0.530760
vt 0.030733 0.530760
vt 0.030733 0.530760
vt 0.218788 0.530432
vt 0.218788 0.530432
vt 0.093180 0.530506
vt 0.093180 0.530506
vt 0.218788 0.530432
vt 0.218788 0.530432
vt 0.218788 0.530432
vt 0.218788 0.530432
vt 0.218788 0.530432
vt 0.093180 0.530506
vt 0.093180 0.530506
vt 0.093180 0.530506
vt 0.093180 0.530506
vt 0.093180 0.530506
vt 0.093180 0.530506
vt 0.093180 0.530506
vt 0.218788 0.530432
vt 0.218788 0.530432
vt 0.218788 0.530432
vt 0.218788 0.530432
vt 0.093180 0.530506
vt 0.093180 0.530506
vt 0.030733 0.530760
vt 0.030733 0.530760
vt 0.030733 0.530760
vt 0.030733 0.530760
vt 0.030733 0.530760
vt 0.030733 0.530760
vt 0.218788 0.530432
vt 0.218788 0.530432
vt 0.093180 0.530506
vt 0.093180 0.530506
vt 0.093180 0.530506
vt 0.093180 0.530506
vt 0.093180 0.530506
vt 0.093180 0.530506
vt 0.093180 0.530506
vt 0.093180 0.530506
vt 0.093180 0.530506
vt 0.093180 0.530506
vt 0.093180 0.530506
vt 0.218788 0.530432
vt 0.218788 0.530432
vt 0.030733 0.530760
vt 0.030733 0.530760
vt 0.030733 0.530760
vt 0.030733 0.530760
vt 0.030733 0.530760
vt 0.030733 0.530760
vt 0.030733 0.530760
vt 0.218788 0.530432
vt 0.218788 0.530432
vt 0.093180 0.530506
vt 0.093180 0.530506
vt 0.218788 0.530432
vt 0.218788 0.530432
vt 0.218788 0.530432
vt 0.218788 0.530432
vt 0.218788 0.530432
vt 0.093180 0.530506
vt 0.093180 0.530506
vt 0.093180 0.530506
vt 0.093180 0.530506
vt 0.093180 0.530506
vt 0.093180 0.530506
vt 0.093180 0.530506
vt 0.218788 0.530432
vt 0.218788 0.530432
vt 0.218788 0.530432
vt 0.218788 0.530432
vt 0.093180 0.530506
vt 0.093180 0.530506
vt 0.030733 0.530760
vt 0.030733 0.530760
vt 0.030733 0.530760
vt 0.030733 0.530760
vt 0.030733 0.530760
vt 0.030733 0.530760
vt 0.218788 0.530432
vt 0.218788 0.530432
vt 0.093180 0.530506
vt 0.093180 0.530506
vt 0.093180 0.530506
vt 0.093180 0.530506
vt 0.093180 0.530506
vt 0.093180 0.530506
vt 0.093180 0.530506
vt 0.093180 0.530506
vt 0.093180 0.530506
vt 0.093180 0.530506
vt 0.093180 0.530506
vt 0.218788 0.530432
vt 0.218788 0.530432
vt 0.030733 0.530760
vt 0.030733 0.530760
vt 0.030733 0.530760
vt 0.030733 0.530760
vt 0.030733 0.530760
vt 0.030733 0.530760
vt 0.030733 0.530760
vt 0.218788 0.530432
vt 0.218788 0.530432
vt 0.093180 0.530506
vt 0.093180 0.530506
vt 0.218788 0.530432
vt 0.218788 0.530432
vt 0.218788 0.530432
vt 0.218788 0.530432
vt 0.218788 0.530432
vt 0.093180 0.530506
vt 0.093180 0.530506
vt 0.093180 0.530506
vt 0.093180 0.530506
vt 0.093180 0.530506
vt 0.093180 0.530506
vt 0.093180 0.530506
vt 0.218788 0.530432
vt 0.218788 0.530432
vt 0.218788 0.530432
vt 0.218788 0.530432
vt 0.093180 0.530506
vt 0.093180 0.530506
vt 0.030733 0.530760
vt 0.030733 0.530760
vt 0.030733 0.530760
vt 0.030733 0.530760
vt 0.030733 0.530760
vt 0.030733 0.530760
vt 0.218788 0.530432
vt 0.218788 0.530432
vt 0.093180 0.530506
vt 0.093180 0.530506
vt 0.093180 0.530506
vt 0.093180 0.530506
vt 0.093180 0.530506
vt 0.093180 0.530506
vt 0.093180 0.530506
vt 0.093180 0.530506
vt 0.093180 0.530506
vt 0.093180 0.530506
vt 0.093180 0.530506
vt 0.218788 0.530432
vt 0.218788 0.530432
vt 0.030733 0.530760
vt 0.030733 0.530760
vt 0.030733 0.530760
vt 0.030733 0.530760
vt 0.030733 0.530760
vt 0.030733 0.530760
vt 0.030733 0.530760
vt 0.218788 0.530432
vt 0.218788 0.530432
vt 0.093180 0.530506
vt 0.093180 0.530506
vt 0.218788 0.530432
vt 0.218788 0.530432
vt 0.218788 0.530432
vt 0.218788 0.530432
vt 0.218788 0.530432
vt 0.093180 0.530506
vt 0.093180 0.530506
vt 0.093180 0.530506
vt 0.093180 0.530506
vt 0.093180 0.530506
vt 0.093180 0.530506
vt 0.093180 0.530506
vt 0.218788 0.530432
vt 0.218788 0.530432
vt 0.218788 0.530432
vt 0.218788 0.530432
vt 0.093180 0.530506
vt 0.093180 0.530506
vt 0.030733 0.530760
vt 0.030733 0.530760
vt 0.030733 0.530760
vt 0.030733 0.530760
vt 0.030733 0.530760
vt 0.030733 0.530760
vt 0.218788 0.530432
vt 0.218788 0.530432
vt 0.093180 0.530506
vt 0.093180 0.530506
vt 0.093180 0.530506
vt 0.093180 0.530506
vt 0.093180 0.530506
vt 0.093180 0.530506
vt 0.093180 0.530506
vt 0.093180 0.530506
vt 0.093180 0.530506
vt 0.093180 0.530506
vt 0.093180 0.530506
vt 0.218788 0.530432
vt 0.218788 0.530432
vt 0.030733 0.530760
vt 0.030733 0.530760
vt 0.030733 0.530760
vt 0.030733 0.530760
vt 0.030733 0.530760
vt 0.030733 0.530760
vt 0.030733 0.530760
vt 0.218788 0.530432
vt 0.218788 0.530432
vt 0.093180 0.530506
vt 0.093180 0.530506
vt 0.218788 0.530432
vt 0.218788 0.530432
vt 0.218788 0.530432
vt 0.218788 0.530432
vt 0.218788 0.530432
vt 0.093180 0.530506
vt 0.093180 0.530506
vt 0.093180 0.530506
vt 0.093180 0.530506
vt 0.093180 0.530506
vt 0.093180 0.530506
vt 0.093180 0.530506
vt 0.218788 0.530432
vt 0.218788 0.530432
vt 0.218788 0.530432
vt 0.218788 0.530432
vt 0.093180 0.530506
vt 0.093180 0.530506
vt 0.030733 0.530760
vt 0.030733 0.530760
vt 0.030733 0.530760
vt 0.030733 0.530760
vt 0.030733 0.530760
vt 0.030733 0.530760
vt 0.218788 0.530432
vt 0.218788 0.530432
vt 0.093180 0.530506
vt 0.093180 0.530506
vt 0.093180 0.530506
vt 0.093180 0.530506
vt 0.093180 0.530506
vt 0.093180 0.530506
vt 0.093180 0.530506
vt 0.093180 0.530506
vt 0.093180 0.530506
vt 0.093180 0.530506
vt 0.093180 0.530506
vt 0.218788 0.530432
vt 0.218788 0.530432
vt 0.030733 0.530760
vt 0.030733 0.530760
vt 0.030733 0.530760
vt 0.030733 0.530760
vt 0.030733 0.530760
vt 0.030733 0.530760
vt 0.030733 0.530760
vt 0.218788 0.530432
vt 0.218788 0.530432
vt 0.093180 0.530506
vt 0.093180 0.530506
vt 0.218788 0.530432
vt 0.218788 0.530432
vt 0.218788 0.530432
vt 0.218788 0.530432
vt 0.218788 0.530432
vt 0.093180 0.530506
vt 0.093180 0.530506
vt 0.093180 0.530506
vn 0.0000 0.0000 -1.0000
vn 0.0000 -1.0000 0.0000
vn 0.0000 1.0000 0.0000
vn 1.0000 0.0000 0.0000
vn -0.9998 0.0000 -0.0193
vn 0.0000 0.0000 1.0000
vn -1.0000 0.0000 0.0000
vn -0.9745 0.0320 -0.2222
vn -0.9983 0.0318 0.0496
vn 0.2022 -0.9794 0.0000
vn 0.2735 0.9619 0.0000
vn 0.0000 -0.0580 0.9983
vn -0.9975 -0.0710 0.0011
vn -1.0000 0.0000 -0.0005
vn -0.9981 -0.0610 0.0057
vn -0.0021 0.9444 0.3289
vn 1.0000 -0.0020 0.0000
vn -1.0000 0.0018 0.0000
vn 0.9980 -0.0638 -0.0000
vn -0.0000 -0.0772 -0.9970
vn 0.9975 -0.0710 0.0011
vn 1.0000 0.0000 -0.0005
vn 0.9981 -0.0610 0.0057
vn 0.0021 0.9444 0.3289
vn -1.0000 -0.0020 0.0000
vn 1.0000 0.0018 0.0000
vn -0.9980 -0.0638 -0.0000
vn 0.0000 -0.0580 -0.9983
vn -0.9975 -0.0710 -0.0011
vn -1.0000 0.0000 0.0005
vn -0.9981 -0.0610 -0.0057
vn -0.0021 0.9444 -0.3289
vn -0.0000 -0.0772 0.9970
vn 0.9975 -0.0710 -0.0011
vn 1.0000 0.0000 0.0005
vn 0.9981 -0.0610 -0.0057
vn 0.0021 0.9444 -0.3289
usemtl Collider
s off
f 2848/4025/79 2847/4026/79 2837/4027/79 2838/4028/79
f 2839/4029/80 2849/4030/80 2848/4031/80 2838/4028/80
f 2850/4032/81 2840/4033/81 2837/4027/81 2847/4034/81
f 2840/4033/82 2839/4029/82 2838/4028/82 2837/4027/82
f 2839/4029/79 2840/4033/79 2843/4035/79 2844/4036/79
f 2845/4037/83 2846/4038/83 2850/4039/83 2849/4040/83
f 2846/4041/81 2836/4042/81 2840/4033/81 2850/4032/81
f 2835/4043/80 2845/4044/80 2849/4030/80 2839/4029/80
f 2841/4045/82 2842/4046/82 2844/4036/82 2843/4035/82
f 2836/4042/84 2835/4043/84 2842/4046/84 2841/4045/84
f 2840/4033/81 2836/4042/81 2841/4045/81 2843/4035/81
f 2835/4043/80 2839/4029/80 2844/4036/80 2842/4046/80
f 2850/4047/85 2847/4034/85 2848/4031/85 2849/4048/85
f 2849/4048/79 2854/4049/79 2853/4050/79 2850/4047/79
f 2851/4051/85 2853/4050/85 2854/4049/85 2852/4052/85
f 2846/4041/84 2851/4051/84 2852/4052/84 2845/4044/84
f 2850/4047/81 2853/4050/81 2851/4051/81 2846/4041/81
f 2845/4044/80 2852/4052/80 2854/4049/80 2849/4048/80
f 2859/4053/81 2861/4054/81 2856/4055/81
f 2856/4055/81 2836/4042/81 2846/4041/81 2867/4056/81
f 2866/4057/80 2845/4044/80 2835/4043/80 2855/4058/80
f 2855/4058/82 2835/4043/82 2836/4042/82 2856/4055/82
f 2869/4059/84 2858/4060/84 2857/4061/84 2868/4062/84
f 2860/4063/80 2858/4060/80 2869/4064/80 2871/4065/80
f 2870/4066/81 2868/4067/81 2857/4061/81 2859/4053/81
f 2871/4068/86 2869/4059/86 2868/4062/86 2870/4069/86
f 2861/4054/82 2857/4061/82 2858/4060/82 2860/4063/82
f 2860/4063/84 2865/4070/84 2864/4071/84 2861/4054/84
f 2866/4072/87 2871/4068/87 2870/4069/87 2867/4073/87
f 2867/4056/81 2870/4066/81 2859/4053/81 2856/4055/81
f 2855/4058/80 2860/4063/80 2871/4065/80 2866/4057/80
f 2857/4061/81 2861/4054/81 2859/4053/81
f 2862/4074/82 2864/4071/82 2865/4070/82 2863/4075/82
f 2856/4055/79 2862/4074/79 2863/4075/79 2855/4058/79
f 2861/4054/81 2864/4071/81 2862/4074/81 2856/4055/81
f 2855/4058/80 2863/4075/80 2865/4070/80 2860/4063/80
f 2870/4076/81 2867/4077/81 2872/4078/81
f 2866/4057/85 2867/4077/85 2846/4041/85 2845/4044/85
f 2872/4078/85 2871/4079/85 2869/4064/85 2868/4080/85
f 2871/4079/84 2872/4078/84 2875/4081/84 2876/4082/84
f 2868/4080/81 2870/4076/81 2872/4078/81
f 2873/4083/85 2874/4084/85 2876/4082/85 2875/4081/85
f 2867/4077/79 2866/4057/79 2874/4084/79 2873/4083/79
f 2872/4078/81 2867/4077/81 2873/4083/81 2875/4081/81
f 2866/4057/80 2871/4079/80 2876/4082/80 2874/4084/80
f 2888/4085/79 2887/4086/79 2881/4087/79 2882/4088/79
f 2877/4089/80 2883/4090/80 2888/4091/80 2882/4088/80
f 2879/4092/82 2880/4093/82 2882/4088/82 2881/4087/82
f 2878/4094/84 2877/4089/84 2880/4093/84 2879/4092/84
f 2877/4089/80 2882/4088/80 2880/4093/80
f 2885/4095/85 2887/4096/85 2888/4097/85 2886/4098/85
f 2884/4099/84 2885/4095/84 2886/4098/84 2883/4090/84
f 2883/4090/80 2886/4098/80 2888/4097/80
f 2895/4100/80 2883/4090/80 2877/4089/80 2889/4101/80
f 2889/4101/82 2877/4089/82 2878/4094/82 2890/4102/82
f 2900/4103/84 2894/4104/84 2893/4105/84 2899/4106/84
f 2889/4101/80 2894/4104/80 2900/4103/80 2895/4100/80
f 2891/4107/82 2893/4105/82 2894/4104/82 2892/4108/82
f 2890/4102/79 2891/4107/79 2892/4108/79 2889/4101/79
f 2889/4101/80 2892/4108/80 2894/4104/80
f 2895/4100/85 2896/4109/85 2884/4099/85 2883/4090/85
f 2897/4110/85 2898/4111/85 2900/4103/85 2899/4106/85
f 2896/4109/79 2895/4100/79 2898/4111/79 2897/4110/79
f 2895/4100/80 2900/4103/80 2898/4111/80
f 2901/4112/85 2902/4113/85 2904/4114/85 2903/4115/85
f 2903/4115/79 2904/4114/79 2908/4116/79 2907/4117/79
f 2907/4117/82 2908/4116/82 2906/4118/82 2905/4119/82
f 2905/4119/84 2906/4118/84 2902/4120/84 2901/4121/84
f 2903/4122/88 2907/4117/88 2905/4119/88 2901/4123/88
f 2908/4116/89 2904/4124/89 2902/4125/89 2906/4118/89
f 2909/4126/85 2910/4127/85 2912/4128/85 2911/4129/85
f 2911/4129/79 2912/4128/79 2916/4130/79 2915/4131/79
f 2915/4131/82 2916/4130/82 2914/4132/82 2913/4133/82
f 2913/4133/84 2914/4132/84 2910/4134/84 2909/4135/84
f 2911/4136/80 2915/4131/80 2913/4133/80 2909/4137/80
f 2916/4130/81 2912/4138/81 2910/4139/81 2914/4132/81
f 2952/4140/80 2919/4141/80 2945/4142/80
f 2927/4143/80 2920/4144/80 2919/4141/80 2952/4140/80
f 2920/4144/85 2928/4145/85 2931/4146/85 2923/4147/85
f 2932/4148/82 2929/4149/82 2930/4150/82 2933/4151/82
f 2928/4145/84 2927/4143/84 2946/4152/84 2931/4146/84
f 2947/4153/82 2948/4154/82 2924/4155/82 2926/4156/82
f 2927/4143/85 2917/4157/85 2918/4158/85 2946/4152/85
f 2917/4157/80 2934/4159/80 2935/4160/80
f 2927/4143/80 2928/4145/80 2920/4144/80
f 2945/4142/84 2950/4161/84 2951/4162/84 2952/4140/84
f 2935/4160/79 2953/4163/79 2918/4158/79 2917/4157/79
f 2919/4141/82 2954/4164/82 2950/4161/82 2945/4142/82
f 2952/4140/82 2951/4162/82 2955/4165/82 2925/4166/82
f 2920/4144/79 2923/4147/79 2954/4164/79 2919/4141/79
f 2948/4154/84 2949/4167/84 2934/4159/84 2924/4155/84
f 2934/4159/85 2949/4167/85 2953/4163/85 2935/4160/85
f 2925/4166/79 2955/4165/79 2947/4153/79 2926/4156/79
f 2941/4168/79 2932/4148/79 2933/4151/79 2956/4169/79
f 2929/4149/84 2937/4170/84 2957/4171/84 2930/4150/84
f 2937/4170/85 2938/4172/85 2958/4173/85 2957/4171/85
f 2942/4174/82 2941/4168/82 2956/4169/82 2961/4175/82
f 2939/4176/79 2943/4177/79 2959/4178/79 2963/4179/79
f 2943/4177/82 2944/4180/82 2960/4181/82 2959/4178/82
f 2922/4182/81 2962/4183/81 2947/4153/81 2955/4165/81
f 2927/4143/80 2952/4140/80 2925/4166/80 2917/4157/80
f 2933/4151/81 2930/4150/81 2923/4147/81 2931/4146/81
f 2956/4169/81 2933/4151/81 2931/4146/81 2946/4152/81
f 2930/4150/81 2957/4171/81 2954/4164/81 2923/4147/81
f 2957/4171/81 2958/4173/81 2950/4161/81 2954/4164/81
f 2962/4183/81 2963/4179/81 2948/4154/81 2947/4153/81
f 2964/4184/81 2922/4182/81 2955/4165/81 2951/4162/81
f 2926/4156/80 2924/4155/80 2925/4166/80
f 2960/4181/81 2961/4175/81 2918/4158/81 2953/4163/81
f 2958/4173/81 2964/4184/81 2951/4162/81 2950/4161/81
f 2959/4178/81 2960/4181/81 2953/4163/81 2949/4167/81
f 2963/4179/81 2959/4178/81 2949/4167/81 2948/4154/81
f 2961/4175/81 2956/4169/81 2946/4152/81 2918/4158/81
f 2921/4185/84 2940/4186/84 2962/4183/84 2922/4182/84
f 2940/4186/85 2939/4176/85 2963/4179/85 2962/4183/85
f 2936/4187/85 2921/4185/85 2922/4182/85 2964/4184/85
f 2917/4157/80 2925/4166/80 2924/4155/80 2934/4159/80
f 2944/4180/84 2942/4174/84 2961/4175/84 2960/4181/84
f 2938/4172/79 2936/4187/79 2964/4184/79 2958/4173/79
f 2941/4168/81 2942/4174/81 2921/4185/81 2936/4187/81
f 2937/4170/81 2929/4149/81 2941/4168/81 2936/4187/81
f 2932/4148/81 2941/4168/81 2929/4149/81
f 2939/4176/81 2921/4185/81 2942/4174/81 2943/4177/81
f 2942/4174/81 2944/4180/81 2943/4177/81
f 2921/4185/81 2939/4176/81 2940/4186/81
f 2936/4187/81 2938/4172/81 2937/4170/81
f 2965/4188/84 2968/4189/84 2967/4190/84 2966/4191/84
f 2969/4192/81 2965/4193/81 2971/4194/81 2970/4195/81
f 2966/4191/81 2967/4190/81 2973/4196/81 2972/4197/81
f 2974/4198/85 2976/4199/85 2975/4200/85
f 2977/4201/85 2973/4202/85 2978/4203/85
f 2971/4194/81 2975/4204/81 2976/4205/81 2970/4195/81
f 2979/4206/80 2977/4207/80 2978/4208/80
f 2980/4209/90 2974/4210/90 2977/4207/90 2979/4206/90
f 2978/4208/80 2983/4211/80 2982/4212/80 2981/4213/80
f 2981/4213/91 2982/4212/91 2988/4214/91 2989/4215/91
f 2979/4206/80 2978/4208/80 2981/4213/80 2984/4216/80
f 2969/4192/81 2985/4217/81 2968/4218/81 2965/4193/81
f 2983/4219/92 2986/4220/92 2982/4221/92
f 2987/4222/93 2988/4223/93 2982/4221/93 2986/4220/93
f 2973/4202/84 2990/4224/84 2983/4219/84 2978/4203/84
f 2991/4225/94 2987/4222/94 2986/4220/94 2990/4224/94
f 2985/4217/81 2987/4226/81 2991/4227/81 2968/4218/81
f 2968/4189/95 2991/4228/95 2967/4190/95
f 2990/4229/81 2973/4196/81 2967/4190/81
f 2990/4224/84 2986/4220/84 2983/4219/84
f 2980/4230/82 2992/4231/82 2969/4192/82 2970/4195/82
f 2992/4231/79 2989/4232/79 2985/4217/79 2969/4192/79
f 2970/4195/84 2976/4205/84 2974/4233/84 2980/4230/84
f 2988/4234/96 2987/4226/96 2985/4217/96 2989/4232/96
f 2967/4190/95 2991/4228/95 2990/4229/95
f 2977/4201/85 2974/4198/85 2975/4200/85 2973/4202/85
f 2972/4197/79 2973/4196/79 2975/4235/79 2971/4236/79
f 2979/4206/97 2984/4216/97 2992/4237/97 2980/4209/97
f 2972/4197/85 2971/4236/85 2965/4188/85 2966/4191/85
f 2984/4216/98 2981/4213/98 2989/4215/98 2992/4237/98
f 2993/4238/84 2996/4239/84 2995/4240/84 2994/4241/84
f 2997/4242/81 2993/4243/81 2999/4244/81 2998/4245/81
f 2994/4241/81 2995/4240/81 3001/4246/81 3000/4247/81
f 3002/4248/85 3004/4249/85 3003/4250/85
f 3005/4251/85 3001/4252/85 3006/4253/85
f 2999/4244/81 3003/4254/81 3004/4255/81 2998/4245/81
f 3007/4256/80 3005/4257/80 3006/4258/80
f 3008/4259/90 3002/4260/90 3005/4257/90 3007/4256/90
f 3006/4258/80 3011/4261/80 3010/4262/80 3009/4263/80
f 3009/4263/91 3010/4262/91 3016/4264/91 3017/4265/91
f 3007/4256/80 3006/4258/80 3009/4263/80 3012/4266/80
f 2997/4242/81 3013/4267/81 2996/4268/81 2993/4243/81
f 3011/4269/92 3014/4270/92 3010/4271/92
f 3015/4272/93 3016/4273/93 3010/4271/93 3014/4270/93
f 3001/4252/84 3018/4274/84 3011/4269/84 3006/4253/84
f 3019/4275/94 3015/4272/94 3014/4270/94 3018/4274/94
f 3013/4267/81 3015/4276/81 3019/4277/81 2996/4268/81
f 2996/4239/95 3019/4278/95 2995/4240/95
f 3018/4279/81 3001/4246/81 2995/4240/81
f 3018/4274/84 3014/4270/84 3011/4269/84
f 3008/4280/82 3020/4281/82 2997/4242/82 2998/4245/82
f 3020/4281/79 3017/4282/79 3013/4267/79 2997/4242/79
f 2998/4245/84 3004/4255/84 3002/4283/84 3008/4280/84
f 3016/4284/96 3015/4276/96 3013/4267/96 3017/4282/96
f 2995/4240/95 3019/4278/95 3018/4279/95
f 3005/4251/85 3002/4248/85 3003/4250/85 3001/4252/85
f 3000/4247/79 3001/4246/79 3003/4285/79 2999/4286/79
f 3007/4256/97 3012/4266/97 3020/4287/97 3008/4259/97
f 3000/4247/85 2999/4286/85 2993/4238/85 2994/4241/85
f 3012/4266/98 3009/4263/98 3017/4265/98 3020/4287/98
f 3021/4288/84 3024/4289/84 3023/4290/84 3022/4291/84
f 3025/4292/81 3021/4293/81 3027/4294/81 3026/4295/81
f 3022/4291/81 3023/4290/81 3029/4296/81 3028/4297/81
f 3030/4298/85 3032/4299/85 3031/4300/85
f 3033/4301/85 3029/4302/85 3034/4303/85
f 3027/4294/81 3031/4304/81 3032/4305/81 3026/4295/81
f 3035/4306/80 3033/4307/80 3034/4308/80
f 3036/4309/90 3030/4310/90 3033/4307/90 3035/4306/90
f 3034/4308/80 3039/4311/80 3038/4312/80 3037/4313/80
f 3037/4313/91 3038/4312/91 3044/4314/91 3045/4315/91
f 3035/4306/80 3034/4308/80 3037/4313/80 3040/4316/80
f 3025/4292/81 3041/4317/81 3024/4318/81 3021/4293/81
f 3039/4319/92 3042/4320/92 3038/4321/92
f 3043/4322/93 3044/4323/93 3038/4321/93 3042/4320/93
f 3029/4302/84 3046/4324/84 3039/4319/84 3034/4303/84
f 3047/4325/94 3043/4322/94 3042/4320/94 3046/4324/94
f 3041/4317/81 3043/4326/81 3047/4327/81 3024/4318/81
f 3024/4289/95 3047/4328/95 3023/4290/95
f 3046/4329/81 3029/4296/81 3023/4290/81
f 3046/4324/84 3042/4320/84 3039/4319/84
f 3036/4330/82 3048/4331/82 3025/4292/82 3026/4295/82
f 3048/4331/79 3045/4332/79 3041/4317/79 3025/4292/79
f 3026/4295/84 3032/4305/84 3030/4333/84 3036/4330/84
f 3044/4334/96 3043/4326/96 3041/4317/96 3045/4332/96
f 3023/4290/95 3047/4328/95 3046/4329/95
f 3033/4301/85 3030/4298/85 3031/4300/85 3029/4302/85
f 3028/4297/79 3029/4296/79 3031/4335/79 3027/4336/79
f 3035/4306/97 3040/4316/97 3048/4337/97 3036/4309/97
f 3028/4297/85 3027/4336/85 3021/4288/85 3022/4291/85
f 3040/4316/98 3037/4313/98 3045/4315/98 3048/4337/98
f 3049/4338/84 3050/4339/84 3051/4340/84 3052/4341/84
f 3053/4342/81 3054/4343/81 3055/4344/81 3049/4345/81
f 3050/4339/81 3056/4346/81 3057/4347/81 3051/4340/81
f 3058/4348/82 3059/4349/82 3060/4350/82
f 3061/4351/82 3062/4352/82 3057/4353/82
f 3055/4344/81 3054/4343/81 3060/4354/81 3059/4355/81
f 3063/4356/80 3062/4357/80 3061/4358/80
f 3064/4359/90 3063/4356/90 3061/4358/90 3058/4360/90
f 3062/4357/80 3065/4361/80 3066/4362/80 3067/4363/80
f 3065/4361/99 3073/4364/99 3072/4365/99 3066/4362/99
f 3063/4356/80 3068/4366/80 3065/4361/80 3062/4357/80
f 3053/4342/81 3049/4345/81 3052/4367/81 3069/4368/81
f 3067/4369/100 3066/4370/100 3070/4371/100
f 3071/4372/101 3070/4371/101 3066/4370/101 3072/4373/101
f 3057/4353/84 3062/4352/84 3067/4369/84 3074/4374/84
f 3075/4375/102 3074/4374/102 3070/4371/102 3071/4372/102
f 3069/4368/81 3052/4367/81 3075/4376/81 3071/4377/81
f 3052/4341/103 3051/4340/103 3075/4378/103
f 3074/4379/81 3051/4340/81 3057/4347/81
f 3074/4374/84 3067/4369/84 3070/4371/84
f 3064/4380/85 3054/4343/85 3053/4342/85 3076/4381/85
f 3076/4381/79 3053/4342/79 3069/4368/79 3073/4382/79
f 3054/4343/84 3064/4380/84 3058/4383/84 3060/4354/84
f 3072/4384/104 3073/4382/104 3069/4368/104 3071/4377/104
f 3051/4340/103 3074/4379/103 3075/4378/103
f 3061/4351/82 3057/4353/82 3059/4349/82 3058/4348/82
f 3056/4346/79 3055/4385/79 3059/4386/79 3057/4347/79
f 3063/4356/105 3064/4359/105 3076/4387/105 3068/4366/105
f 3056/4346/82 3050/4339/82 3049/4338/82 3055/4385/82
f 3068/4366/98 3076/4387/98 3073/4364/98 3065/4361/98
f 3077/4388/84 3078/4389/84 3079/4390/84 3080/4391/84
f 3081/4392/81 3082/4393/81 3083/4394/81 3077/4395/81
f 3078/4389/81 3084/4396/81 3085/4397/81 3079/4390/81
f 3086/4398/82 3087/4399/82 3088/4400/82
f 3089/4401/82 3090/4402/82 3085/4403/82
f 3083/4394/81 3082/4393/81 3088/4404/81 3087/4405/81
f 3091/4406/80 3090/4407/80 3089/4408/80
f 3092/4409/90 3091/4406/90 3089/4408/90 3086/4410/90
f 3090/4407/80 3093/4411/80 3094/4412/80 3095/4413/80
f 3093/4411/99 3101/4414/99 3100/4415/99 3094/4412/99
f 3091/4406/80 3096/4416/80 3093/4411/80 3090/4407/80
f 3081/4392/81 3077/4395/81 3080/4417/81 3097/4418/81
f 3095/4419/100 3094/4420/100 3098/4421/100
f 3099/4422/101 3098/4421/101 3094/4420/101 3100/4423/101
f 3085/4403/84 3090/4402/84 3095/4419/84 3102/4424/84
f 3103/4425/102 3102/4424/102 3098/4421/102 3099/4422/102
f 3097/4418/81 3080/4417/81 3103/4426/81 3099/4427/81
f 3080/4391/103 3079/4390/103 3103/4428/103
f 3102/4429/81 3079/4390/81 3085/4397/81
f 3102/4424/84 3095/4419/84 3098/4421/84
f 3092/4430/85 3082/4393/85 3081/4392/85 3104/4431/85
f 3104/4431/79 3081/4392/79 3097/4418/79 3101/4432/79
f 3082/4393/84 3092/4430/84 3086/4433/84 3088/4404/84
f 3100/4434/104 3101/4432/104 3097/4418/104 3099/4427/104
f 3079/4390/103 3102/4429/103 3103/4428/103
f 3089/4401/82 3085/4403/82 3087/4399/82 3086/4398/82
f 3084/4396/79 3083/4435/79 3087/4436/79 3085/4397/79
f 3091/4406/105 3092/4409/105 3104/4437/105 3096/4416/105
f 3084/4396/82 3078/4389/82 3077/4388/82 3083/4435/82
f 3096/4416/98 3104/4437/98 3101/4414/98 3093/4411/98
f 3105/4438/84 3106/4439/84 3107/4440/84 3108/4441/84
f 3109/4442/81 3110/4443/81 3111/4444/81 3105/4445/81
f 3106/4439/81 3112/4446/81 3113/4447/81 3107/4440/81
f 3114/4448/82 3115/4449/82 3116/4450/82
f 3117/4451/82 3118/4452/82 3113/4453/82
f 3111/4444/81 3110/4443/81 3116/4454/81 3115/4455/81
f 3119/4456/80 3118/4457/80 3117/4458/80
f 3120/4459/90 3119/4456/90 3117/4458/90 3114/4460/90
f 3118/4457/80 3121/4461/80 3122/4462/80 3123/4463/80
f 3121/4461/99 3129/4464/99 3128/4465/99 3122/4462/99
f 3119/4456/80 3124/4466/80 3121/4461/80 3118/4457/80
f 3109/4442/81 3105/4445/81 3108/4467/81 3125/4468/81
f 3123/4469/100 3122/4470/100 3126/4471/100
f 3127/4472/101 3126/4471/101 3122/4470/101 3128/4473/101
f 3113/4453/84 3118/4452/84 3123/4469/84 3130/4474/84
f 3131/4475/102 3130/4474/102 3126/4471/102 3127/4472/102
f 3125/4468/81 3108/4467/81 3131/4476/81 3127/4477/81
f 3108/4441/103 3107/4440/103 3131/4478/103
f 3130/4479/81 3107/4440/81 3113/4447/81
f 3130/4474/84 3123/4469/84 3126/4471/84
f 3120/4480/85 3110/4443/85 3109/4442/85 3132/4481/85
f 3132/4481/79 3109/4442/79 3125/4468/79 3129/4482/79
f 3110/4443/84 3120/4480/84 3114/4483/84 3116/4454/84
f 3128/4484/104 3129/4482/104 3125/4468/104 3127/4477/104
f 3107/4440/103 3130/4479/103 3131/4478/103
f 3117/4451/82 3113/4453/82 3115/4449/82 3114/4448/82
f 3112/4446/79 3111/4485/79 3115/4486/79 3113/4447/79
f 3119/4456/105 3120/4459/105 3132/4487/105 3124/4466/105
f 3112/4446/82 3106/4439/82 3105/4438/82 3111/4485/82
f 3124/4466/98 3132/4487/98 3129/4464/98 3121/4461/98
f 3133/4488/79 3134/4489/79 3135/4490/79 3136/4491/79
f 3137/4492/81 3138/4493/81 3139/4494/81 3133/4495/81
f 3134/4489/81 3140/4496/81 3141/4497/81 3135/4490/81
f 3142/4498/85 3143/4499/85 3144/4500/85
f 3145/4501/85 3146/4502/85 3141/4503/85
f 3139/4494/81 3138/4493/81 3144/4504/81 3143/4505/81
f 3147/4506/80 3146/4507/80 3145/4508/80
f 3148/4509/106 3147/4506/106 3145/4508/106 3142/4510/106
f 3146/4507/80 3149/4511/80 3150/4512/80 3151/4513/80
f 3149/4511/107 3157/4514/107 3156/4515/107 3150/4512/107
f 3147/4506/80 3152/4516/80 3149/4511/80 3146/4507/80
f 3137/4492/81 3133/4495/81 3136/4517/81 3153/4518/81
f 3151/4519/108 3150/4520/108 3154/4521/108
f 3155/4522/109 3154/4521/109 3150/4520/109 3156/4523/109
f 3141/4503/79 3146/4502/79 3151/4519/79 3158/4524/79
f 3159/4525/110 3158/4524/110 3154/4521/110 3155/4522/110
f 3153/4518/81 3136/4517/81 3159/4526/81 3155/4527/81
f 3136/4491/95 3135/4490/95 3159/4528/95
f 3158/4529/81 3135/4490/81 3141/4497/81
f 3158/4524/79 3151/4519/79 3154/4521/79
f 3148/4530/82 3138/4493/82 3137/4492/82 3160/4531/82
f 3160/4531/84 3137/4492/84 3153/4518/84 3157/4532/84
f 3138/4493/79 3148/4530/79 3142/4533/79 3144/4504/79
f 3156/4534/96 3157/4532/96 3153/4518/96 3155/4527/96
f 3135/4490/95 3158/4529/95 3159/4528/95
f 3145/4501/85 3141/4503/85 3143/4499/85 3142/4498/85
f 3140/4496/84 3139/4535/84 3143/4536/84 3141/4497/84
f 3147/4506/97 3148/4509/97 3160/4537/97 3152/4516/97
f 3140/4496/85 3134/4489/85 3133/4488/85 3139/4535/85
f 3152/4516/111 3160/4537/111 3157/4514/111 3149/4511/111
f 3161/4538/79 3162/4539/79 3163/4540/79 3164/4541/79
f 3165/4542/81 3166/4543/81 3167/4544/81 3161/4545/81
f 3162/4539/81 3168/4546/81 3169/4547/81 3163/4540/81
f 3170/4548/85 3171/4549/85 3172/4550/85
f 3173/4551/85 3174/4552/85 3169/4553/85
f 3167/4544/81 3166/4543/81 3172/4554/81 3171/4555/81
f 3175/4556/80 3174/4557/80 3173/4558/80
f 3176/4559/106 3175/4556/106 3173/4558/106 3170/4560/106
f 3174/4557/80 3177/4561/80 3178/4562/80 3179/4563/80
f 3177/4561/107 3185/4564/107 3184/4565/107 3178/4562/107
f 3175/4556/80 3180/4566/80 3177/4561/80 3174/4557/80
f 3165/4542/81 3161/4545/81 3164/4567/81 3181/4568/81
f 3179/4569/108 3178/4570/108 3182/4571/108
f 3183/4572/109 3182/4571/109 3178/4570/109 3184/4573/109
f 3169/4553/79 3174/4552/79 3179/4569/79 3186/4574/79
f 3187/4575/110 3186/4574/110 3182/4571/110 3183/4572/110
f 3181/4568/81 3164/4567/81 3187/4576/81 3183/4577/81
f 3164/4541/95 3163/4540/95 3187/4578/95
f 3186/4579/81 3163/4540/81 3169/4547/81
f 3186/4574/79 3179/4569/79 3182/4571/79
f 3176/4580/82 3166/4543/82 3165/4542/82 3188/4581/82
f 3188/4581/84 3165/4542/84 3181/4568/84 3185/4582/84
f 3166/4543/79 3176/4580/79 3170/4583/79 3172/4554/79
f 3184/4584/96 3185/4582/96 3181/4568/96 3183/4577/96
f 3163/4540/95 3186/4579/95 3187/4578/95
f 3173/4551/85 3169/4553/85 3171/4549/85 3170/4548/85
f 3168/4546/84 3167/4585/84 3171/4586/84 3169/4547/84
f 3175/4556/97 3176/4559/97 3188/4587/97 3180/4566/97
f 3168/4546/85 3162/4539/85 3161/4538/85 3167/4585/85
f 3180/4566/111 3188/4587/111 3185/4564/111 3177/4561/111
f 3189/4588/79 3190/4589/79 3191/4590/79 3192/4591/79
f 3193/4592/81 3194/4593/81 3195/4594/81 3189/4595/81
f 3190/4589/81 3196/4596/81 3197/4597/81 3191/4590/81
f 3198/4598/85 3199/4599/85 3200/4600/85
f 3201/4601/85 3202/4602/85 3197/4603/85
f 3195/4594/81 3194/4593/81 3200/4604/81 3199/4605/81
f 3203/4606/80 3202/4607/80 3201/4608/80
f 3204/4609/106 3203/4606/106 3201/4608/106 3198/4610/106
f 3202/4607/80 3205/4611/80 3206/4612/80 3207/4613/80
f 3205/4611/107 3213/4614/107 3212/4615/107 3206/4612/107
f 3203/4606/80 3208/4616/80 3205/4611/80 3202/4607/80
f 3193/4592/81 3189/4595/81 3192/4617/81 3209/4618/81
f 3207/4619/108 3206/4620/108 3210/4621/108
f 3211/4622/109 3210/4621/109 3206/4620/109 3212/4623/109
f 3197/4603/79 3202/4602/79 3207/4619/79 3214/4624/79
f 3215/4625/110 3214/4624/110 3210/4621/110 3211/4622/110
f 3209/4618/81 3192/4617/81 3215/4626/81 3211/4627/81
f 3192/4591/95 3191/4590/95 3215/4628/95
f 3214/4629/81 3191/4590/81 3197/4597/81
f 3214/4624/79 3207/4619/79 3210/4621/79
f 3204/4630/82 3194/4593/82 3193/4592/82 3216/4631/82
f 3216/4631/84 3193/4592/84 3209/4618/84 3213/4632/84
f 3194/4593/79 3204/4630/79 3198/4633/79 3200/4604/79
f 3212/4634/96 3213/4632/96 3209/4618/96 3211/4627/96
f 3191/4590/95 3214/4629/95 3215/4628/95
f 3201/4601/85 3197/4603/85 3199/4599/85 3198/4598/85
f 3196/4596/84 3195/4635/84 3199/4636/84 3197/4597/84
f 3203/4606/97 3204/4609/97 3216/4637/97 3208/4616/97
f 3196/4596/85 3190/4589/85 3189/4588/85 3195/4635/85
f 3208/4616/111 3216/4637/111 3213/4614/111 3205/4611/111
f 3217/4638/79 3220/4639/79 3219/4640/79 3218/4641/79
f 3221/4642/81 3217/4643/81 3223/4644/81 3222/4645/81
f 3218/4641/81 3219/4640/81 3225/4646/81 3224/4647/81
f 3226/4648/82 3228/4649/82 3227/4650/82
f 3229/4651/82 3225/4652/82 3230/4653/82
f 3223/4644/81 3227/4654/81 3228/4655/81 3222/4645/81
f 3231/4656/80 3229/4657/80 3230/4658/80
f 3232/4659/106 3226/4660/106 3229/4657/106 3231/4656/106
f 3230/4658/80 3235/4661/80 3234/4662/80 3233/4663/80
f 3233/4663/112 3234/4662/112 3240/4664/112 3241/4665/112
f 3231/4656/80 3230/4658/80 3233/4663/80 3236/4666/80
f 3221/4642/81 3237/4667/81 3220/4668/81 3217/4643/81
f 3235/4669/113 3238/4670/113 3234/4671/113
f 3239/4672/114 3240/4673/114 3234/4671/114 3238/4670/114
f 3225/4652/79 3242/4674/79 3235/4669/79 3230/4653/79
f 3243/4675/115 3239/4672/115 3238/4670/115 3242/4674/115
f 3237/4667/81 3239/4676/81 3243/4677/81 3220/4668/81
f 3220/4639/103 3243/4678/103 3219/4640/103
f 3242/4679/81 3225/4646/81 3219/4640/81
f 3242/4674/79 3238/4670/79 3235/4669/79
f 3232/4680/85 3244/4681/85 3221/4642/85 3222/4645/85
f 3244/4681/84 3241/4682/84 3237/4667/84 3221/4642/84
f 3222/4645/79 3228/4655/79 3226/4683/79 3232/4680/79
f 3240/4684/104 3239/4676/104 3237/4667/104 3241/4682/104
f 3219/4640/103 3243/4678/103 3242/4679/103
f 3229/4651/82 3226/4648/82 3227/4650/82 3225/4652/82
f 3224/4647/84 3225/4646/84 3227/4685/84 3223/4686/84
f 3231/4656/105 3236/4666/105 3244/4687/105 3232/4659/105
f 3224/4647/82 3223/4686/82 3217/4638/82 3218/4641/82
f 3236/4666/111 3233/4663/111 3241/4665/111 3244/4687/111
f 3245/4688/79 3248/4689/79 3247/4690/79 3246/4691/79
f 3249/4692/81 3245/4693/81 3251/4694/81 3250/4695/81
f 3246/4691/81 3247/4690/81 3253/4696/81 3252/4697/81
f 3254/4698/82 3256/4699/82 3255/4700/82
f 3257/4701/82 3253/4702/82 3258/4703/82
f 3251/4694/81 3255/4704/81 3256/4705/81 3250/4695/81
f 3259/4706/80 3257/4707/80 3258/4708/80
f 3260/4709/106 3254/4710/106 3257/4707/106 3259/4706/106
f 3258/4708/80 3263/4711/80 3262/4712/80 3261/4713/80
f 3261/4713/112 3262/4712/112 3268/4714/112 3269/4715/112
f 3259/4706/80 3258/4708/80 3261/4713/80 3264/4716/80
f 3249/4692/81 3265/4717/81 3248/4718/81 3245/4693/81
f 3263/4719/113 3266/4720/113 3262/4721/113
f 3267/4722/114 3268/4723/114 3262/4721/114 3266/4720/114
f 3253/4702/79 3270/4724/79 3263/4719/79 3258/4703/79
f 3271/4725/115 3267/4722/115 3266/4720/115 3270/4724/115
f 3265/4717/81 3267/4726/81 3271/4727/81 3248/4718/81
f 3248/4689/103 3271/4728/103 3247/4690/103
f 3270/4729/81 3253/4696/81 3247/4690/81
f 3270/4724/79 3266/4720/79 3263/4719/79
f 3260/4730/85 3272/4731/85 3249/4692/85 3250/4695/85
f 3272/4731/84 3269/4732/84 3265/4717/84 3249/4692/84
f 3250/4695/79 3256/4705/79 3254/4733/79 3260/4730/79
f 3268/4734/104 3267/4726/104 3265/4717/104 3269/4732/104
f 3247/4690/103 3271/4728/103 3270/4729/103
f 3257/4701/82 3254/4698/82 3255/4700/82 3253/4702/82
f 3252/4697/84 3253/4696/84 3255/4735/84 3251/4736/84
f 3259/4706/105 3264/4716/105 3272/4737/105 3260/4709/105
f 3252/4697/82 3251/4736/82 3245/4688/82 3246/4691/82
f 3264/4716/111 3261/4713/111 3269/4715/111 3272/4737/111
f 3273/4738/79 3276/4739/79 3275/4740/79 3274/4741/79
f 3277/4742/81 3273/4743/81 3279/4744/81 3278/4745/81
f 3274/4741/81 3275/4740/81 3281/4746/81 3280/4747/81
f 3282/4748/82 3284/4749/82 3283/4750/82
f 3285/4751/82 3281/4752/82 3286/4753/82
f 3279/4744/81 3283/4754/81 3284/4755/81 3278/4745/81
f 3287/4756/80 3285/4757/80 3286/4758/80
f 3288/4759/106 3282/4760/106 3285/4757/106 3287/4756/106
f 3286/4758/80 3291/4761/80 3290/4762/80 3289/4763/80
f 3289/4763/112 3290/4762/112 3296/4764/112 3297/4765/112
f 3287/4756/80 3286/4758/80 3289/4763/80 3292/4766/80
f 3277/4742/81 3293/4767/81 3276/4768/81 3273/4743/81
f 3291/4769/113 3294/4770/113 3290/4771/113
f 3295/4772/114 3296/4773/114 3290/4771/114 3294/4770/114
f 3281/4752/79 3298/4774/79 3291/4769/79 3286/4753/79
f 3299/4775/115 3295/4772/115 3294/4770/115 3298/4774/115
f 3293/4767/81 3295/4776/81 3299/4777/81 3276/4768/81
f 3276/4739/103 3299/4778/103 3275/4740/103
f 3298/4779/81 3281/4746/81 3275/4740/81
f 3298/4774/79 3294/4770/79 3291/4769/79
f 3288/4780/85 3300/4781/85 3277/4742/85 3278/4745/85
f 3300/4781/84 3297/4782/84 3293/4767/84 3277/4742/84
f 3278/4745/79 3284/4755/79 3282/4783/79 3288/4780/79
f 3296/4784/104 3295/4776/104 3293/4767/104 3297/4782/104
f 3275/4740/103 3299/4778/103 3298/4779/103
f 3285/4751/82 3282/4748/82 3283/4750/82 3281/4752/82
f 3280/4747/84 3281/4746/84 3283/4785/84 3279/4786/84
f 3287/4756/105 3292/4766/105 3300/4787/105 3288/4759/105
f 3280/4747/82 3279/4786/82 3273/4738/82 3274/4741/82
f 3292/4766/111 3289/4763/111 3297/4765/111 3300/4787/111
