# Blender v3.0.1 OBJ File: 'Transport1C.blend'
# www.blender.org
mtllib Transport1C.mtl
o Transport1_Cylinder.046_Cylinder.030
v 1.026266 0.397862 -0.553046
v 1.026266 0.397862 -0.562777
v 1.046281 0.386306 -0.562777
v 1.046281 0.386306 -0.553046
v 1.066296 0.397862 -0.562777
v 1.066296 0.397862 -0.553046
v 1.066296 0.420973 -0.562777
v 1.066296 0.420973 -0.553046
v 1.046281 0.432529 -0.562777
v 1.046281 0.432529 -0.553046
v 1.026266 0.420973 -0.562777
v 1.026266 0.420973 -0.553046
v 0.985950 0.351474 -0.553046
v 0.985950 0.351474 -0.562777
v 1.005965 0.363030 -0.562777
v 1.005965 0.363030 -0.553046
v 1.005965 0.386141 -0.562777
v 1.005965 0.386141 -0.553046
v 0.985950 0.397697 -0.562777
v 0.985950 0.397697 -0.553046
v 0.965935 0.386141 -0.562777
v 0.965935 0.386141 -0.553046
v 0.965935 0.363030 -0.562777
v 0.965935 0.363030 -0.553046
v 1.005965 0.293366 -0.553046
v 1.005965 0.293366 -0.562777
v 1.005965 0.316477 -0.562777
v 1.005965 0.316477 -0.553046
v 0.985950 0.328033 -0.562777
v 0.985950 0.328033 -0.553046
v 0.965935 0.316477 -0.562777
v 0.965935 0.316477 -0.553046
v 0.965935 0.293366 -0.562777
v 0.965935 0.293366 -0.553046
v 0.985950 0.281810 -0.562777
v 0.985950 0.281810 -0.553046
v 1.066296 0.281645 -0.553046
v 1.066296 0.281645 -0.562777
v 1.046281 0.293201 -0.562777
v 1.046281 0.293201 -0.553046
v 1.026266 0.281645 -0.562777
v 1.026266 0.281645 -0.553046
v 1.026266 0.258534 -0.562777
v 1.026266 0.258534 -0.553046
v 1.046281 0.246978 -0.562777
v 1.046281 0.246978 -0.553046
v 1.066296 0.258534 -0.562777
v 1.066296 0.258534 -0.553046
v 1.106612 0.328033 -0.553046
v 1.106612 0.328033 -0.562777
v 1.086597 0.316477 -0.562777
v 1.086597 0.316477 -0.553046
v 1.086597 0.293366 -0.562777
v 1.086597 0.293366 -0.553046
v 1.106612 0.281810 -0.562777
v 1.106612 0.281810 -0.553046
v 1.126627 0.293366 -0.562777
v 1.126627 0.293366 -0.553046
v 1.126627 0.316477 -0.562777
v 1.126627 0.316477 -0.553046
v 1.086597 0.386141 -0.553046
v 1.086597 0.386141 -0.562777
v 1.086597 0.363030 -0.562777
v 1.086597 0.363030 -0.553046
v 1.106612 0.351474 -0.562777
v 1.106612 0.351474 -0.553046
v 1.126627 0.363030 -0.562777
v 1.126627 0.363030 -0.553046
v 1.126627 0.386141 -0.562777
v 1.126627 0.386141 -0.553046
v 1.106612 0.397697 -0.562777
v 1.106612 0.397697 -0.553046
v 1.026266 0.397862 0.553046
v 1.046281 0.386306 0.553046
v 1.046281 0.386306 0.562778
v 1.026266 0.397862 0.562778
v 1.066296 0.397862 0.553046
v 1.066296 0.397862 0.562778
v 1.066296 0.420973 0.553046
v 1.066296 0.420973 0.562778
v 1.046281 0.432529 0.553046
v 1.046281 0.432529 0.562778
v 1.026266 0.420973 0.562778
v 1.026266 0.420973 0.553046
v 0.985950 0.351474 0.553046
v 1.005965 0.363030 0.553046
v 1.005965 0.363030 0.562778
v 0.985950 0.351474 0.562778
v 1.005965 0.386141 0.553046
v 1.005965 0.386141 0.562778
v 0.985950 0.397697 0.553046
v 0.985950 0.397697 0.562778
v 0.965935 0.386141 0.553046
v 0.965935 0.386141 0.562778
v 0.965935 0.363030 0.562778
v 0.965935 0.363030 0.553046
v 1.005965 0.293366 0.553047
v 1.005965 0.316477 0.553047
v 1.005965 0.316477 0.562778
v 1.005965 0.293366 0.562778
v 0.985950 0.328033 0.553047
v 0.985950 0.328033 0.562778
v 0.965935 0.316477 0.553047
v 0.965935 0.316477 0.562778
v 0.965935 0.293366 0.553047
v 0.965935 0.293366 0.562778
v 0.985950 0.281810 0.562778
v 0.985950 0.281810 0.553047
v 1.066296 0.281645 0.553047
v 1.046281 0.293201 0.553047
v 1.046281 0.293201 0.562778
v 1.066296 0.281645 0.562778
v 1.026266 0.281645 0.553047
v 1.026266 0.281645 0.562778
v 1.026266 0.258534 0.553047
v 1.026266 0.258534 0.562778
v 1.046281 0.246978 0.553047
v 1.046281 0.246978 0.562778
v 1.066296 0.258534 0.562778
v 1.066296 0.258534 0.553047
v 1.106612 0.328033 0.553047
v 1.086597 0.316477 0.553047
v 1.086597 0.316477 0.562778
v 1.106612 0.328033 0.562778
v 1.086597 0.293366 0.553047
v 1.086597 0.293366 0.562778
v 1.106612 0.281810 0.553047
v 1.106612 0.281810 0.562778
v 1.126627 0.293366 0.553047
v 1.126627 0.293366 0.562778
v 1.126627 0.316477 0.562778
v 1.126627 0.316477 0.553047
v 1.086597 0.386141 0.553047
v 1.086597 0.363030 0.553047
v 1.086597 0.363030 0.562778
v 1.086597 0.386141 0.562778
v 1.106612 0.351474 0.553047
v 1.106612 0.351474 0.562778
v 1.126627 0.363030 0.553047
v 1.126627 0.363030 0.562778
v 1.126627 0.386141 0.553047
v 1.126627 0.386141 0.562778
v 1.106612 0.397697 0.562778
v 1.106612 0.397697 0.553047
v -0.472586 0.640493 -0.685724
v -0.602946 0.767506 -0.685724
v -0.602946 0.767506 -0.663317
v -0.472586 0.640493 -0.663317
v -1.293825 1.537549 -0.329301
v -1.293825 1.537549 -0.549180
v -1.273321 1.537549 -0.549180
v -1.273321 1.537549 -0.329301
v -0.921176 0.565091 -0.263727
v -0.921176 0.321088 -0.263727
v -0.921176 0.321088 0.000000
v -0.921176 0.565091 0.000000
v 0.737611 0.726620 -0.610322
v 0.737611 1.597631 -0.610322
v 0.715205 1.597631 -0.610322
v 0.715205 0.726620 -0.610322
v -0.990399 0.767506 -0.685724
v -0.990399 0.767506 -0.663317
v 0.632160 0.565091 -0.263728
v 0.737611 0.692104 -0.362397
v 0.737611 0.565091 -0.263728
v -0.503246 0.263088 0.000000
v -0.503246 0.263088 -0.263727
v 0.589227 0.263088 -0.263728
v 0.737611 0.263088 -0.263728
v 0.737611 0.263088 0.000000
v -1.082510 0.565091 -0.644838
v -1.082510 0.565091 -0.362397
v -1.139331 0.500788 -0.362397
v -1.124593 0.500788 -0.644879
v 0.737611 0.726620 0.000000
v 0.737611 0.726620 -0.362397
v 0.715204 0.726620 -0.362397
v 0.715204 0.726620 0.000000
v -1.293825 0.595618 -0.029466
v -1.293825 0.660069 -0.029466
v -1.273321 0.660069 -0.029466
v -1.273321 0.595618 -0.029466
v 0.737611 0.565091 0.000000
v 0.632160 0.565091 -0.338055
v 0.632160 0.565091 -0.644838
v 0.737612 0.692104 -0.644838
v -0.633606 0.692105 -0.644838
v -0.633606 0.692105 -0.362397
v -0.963447 0.692104 -0.362397
v -0.963447 0.692104 -0.644838
v 0.657655 0.704607 -0.685724
v 0.604204 0.640493 -0.685724
v 0.604204 0.640493 -0.663317
v 0.657655 0.704607 -0.663317
v 0.737611 0.692104 0.000000
v 0.737611 1.597630 -0.362397
v 0.737611 1.597630 0.000000
v 0.715204 1.597630 0.000000
v 0.715204 1.597630 -0.362397
v -1.293825 1.537549 -0.029466
v -1.273321 1.537549 -0.029466
v -1.218423 1.597631 -0.685723
v -0.798527 1.597631 -0.685724
v -0.798527 1.597631 -0.663317
v -1.218423 1.597631 -0.663317
v -1.293825 0.565091 -0.362397
v -1.293825 0.565091 -0.644837
v -1.293825 0.505497 -0.644837
v -1.293825 0.505497 -0.362397
v -0.503246 0.565091 -0.338055
v -0.503246 0.565091 -0.644838
v -0.552714 0.613289 -0.301170
v -1.139331 0.464611 -0.644834
v -1.139331 0.464611 -0.362397
v -1.252939 0.464611 -0.362397
v -1.252939 0.464611 -0.644834
v 0.662210 1.673032 0.000000
v 0.662210 1.673032 -0.362397
v 0.662210 1.650625 -0.362397
v 0.662210 1.650625 0.000000
v -0.797897 0.263088 -0.263727
v -0.797897 0.263088 0.000000
v -1.218423 0.692104 -0.663317
v -1.139331 0.500788 0.000000
v -1.139331 0.464611 0.000000
v -1.293825 0.565091 0.000000
v -1.293825 0.505497 0.000000
v -1.252939 0.464611 0.000000
v -1.082617 0.565091 0.000000
v -1.293825 0.595618 -0.549180
v -1.293825 0.595618 -0.329301
v -1.273321 0.595618 -0.329301
v -1.273321 0.595618 -0.549180
v -0.798527 1.673032 -0.610322
v -1.218423 1.673032 -0.610322
v -1.218423 1.650625 -0.610322
v -0.798527 1.650625 -0.610322
v 0.657822 1.597631 -0.663317
v 0.662210 1.673032 -0.610322
v 0.662210 1.650625 -0.610322
v 0.589227 0.485140 -0.263728
v -0.503246 0.485139 -0.263727
v -0.583197 0.565091 -0.263727
v 0.696725 1.673032 -0.644837
v 0.737612 1.632146 -0.644838
v 0.692343 1.632146 -0.685724
v -1.252939 1.673032 -0.644837
v -1.252939 1.632146 -0.685723
v -1.293825 1.632146 -0.644837
v -1.252939 0.505497 -0.685723
v -1.252939 1.673032 -0.362397
v -1.293825 1.632146 -0.362397
v -1.252939 0.692104 -0.685723
v -1.252939 0.565091 -0.685723
v -1.293825 0.692104 -0.644837
v -1.252939 1.673032 0.000000
v -1.293825 1.632146 0.000000
v 0.696725 1.673032 -0.362397
v 0.737611 1.632146 -0.362397
v 0.696725 1.673032 0.000000
v 0.737611 1.632146 0.000000
v 0.692168 0.692104 -0.685724
v -0.486621 0.605978 -0.685724
v 0.620366 0.605978 -0.685724
v -0.798527 1.673032 -0.644837
v -0.798527 1.632146 -0.685724
v -0.975430 0.732991 -0.685724
v -0.616981 0.732991 -0.685724
v -1.167639 0.505497 -0.685723
v -1.132590 0.565091 -0.685724
v -1.293825 0.692104 0.000000
v -1.293825 0.660069 -0.549180
v -1.273321 0.660069 -0.329301
v -1.273321 0.660069 -0.549180
v -1.218423 1.673032 -0.362397
v -1.218423 0.692104 -0.685723
v -1.218423 0.565091 -0.685723
v -1.218423 1.673032 0.000000
v 0.657822 1.597631 -0.685724
v -1.218423 0.540012 -0.685723
v -1.189802 0.540012 -0.685723
v -1.218423 0.565091 -0.663317
v -1.218423 0.540012 -0.663317
v -1.160160 0.586145 -0.685724
v -0.798527 1.650625 -0.362397
v -0.798527 1.650625 0.000000
v -1.218423 1.650625 -0.362397
v -1.160160 0.586145 -0.663317
v -1.218423 1.650625 0.000000
v -1.189802 0.540012 -0.663317
v 0.588593 0.430586 -0.263728
v -0.449702 0.430586 -0.263728
v -0.449702 0.317641 -0.263727
v 0.588593 0.317641 -0.263728
v 0.588593 0.430586 -0.314167
v 0.588593 0.317641 -0.314167
v -0.449702 0.317641 -0.314167
v -0.449702 0.430586 -0.314167
v -0.472586 0.640493 0.685724
v -0.472586 0.640493 0.663317
v -0.602946 0.767506 0.663317
v -0.602946 0.767506 0.685724
v -1.293825 1.537549 0.329302
v -1.273321 1.537549 0.329302
v -1.273321 1.537549 0.549180
v -1.293825 1.537549 0.549180
v -0.921176 0.565091 0.263728
v -0.921176 0.321088 0.263728
v 0.737612 0.726620 0.610323
v 0.715205 0.726620 0.610323
v 0.715205 1.597631 0.610323
v 0.737612 1.597631 0.610323
v -0.990399 0.767506 0.663317
v -0.990399 0.767506 0.685724
v 0.632160 0.565091 0.263728
v 0.737611 0.565091 0.263728
v 0.737611 0.692104 0.362397
v 0.737611 0.263088 0.263728
v 0.589227 0.263088 0.263728
v -0.503246 0.263088 0.263728
v -1.082510 0.565091 0.644839
v -1.124593 0.500788 0.644880
v -1.139331 0.500788 0.362397
v -1.082510 0.565091 0.362397
v 0.715204 0.726620 0.362397
v 0.737611 0.726620 0.362397
v -1.293825 0.595618 0.029467
v -1.273321 0.595618 0.029467
v -1.273321 0.660069 0.029467
v -1.293825 0.660069 0.029467
v 0.737612 0.692104 0.644838
v 0.632160 0.565091 0.644838
v 0.632160 0.565091 0.338056
v -0.633606 0.692105 0.644839
v -0.963447 0.692104 0.644839
v -0.963447 0.692104 0.362397
v -0.633606 0.692105 0.362397
v 0.657655 0.704607 0.685724
v 0.657655 0.704607 0.663317
v 0.604204 0.640493 0.663317
v 0.604204 0.640493 0.685724
v 0.737611 1.597630 0.362397
v 0.715204 1.597630 0.362397
v -1.293825 1.537549 0.029467
v -1.273321 1.537549 0.029467
v -1.218423 1.597631 0.685724
v -1.218423 1.597631 0.663317
v -0.798527 1.597631 0.663317
v -0.798527 1.597631 0.685724
v -1.293825 0.565091 0.362397
v -1.293825 0.505497 0.362397
v -1.293825 0.505497 0.644838
v -1.293825 0.565091 0.644838
v -0.503246 0.565091 0.644838
v -0.503246 0.565091 0.338056
v -0.552714 0.613289 0.301171
v -1.139331 0.464611 0.644834
v -1.252939 0.464611 0.644835
v -1.252939 0.464611 0.362397
v -1.139331 0.464611 0.362397
v 0.662210 1.650625 0.362397
v 0.662210 1.673032 0.362397
v -0.797897 0.263088 0.263728
v -1.218423 0.692104 0.663317
v -1.293825 0.595618 0.549180
v -1.273321 0.595618 0.549180
v -1.273321 0.595618 0.329302
v -1.293825 0.595618 0.329302
v -0.798527 1.673032 0.610323
v -0.798527 1.650625 0.610323
v -1.218423 1.650625 0.610323
v -1.218423 1.673032 0.610323
v 0.657822 1.597631 0.663317
v 0.662210 1.673032 0.610322
v 0.662210 1.650625 0.610322
v 0.589227 0.485140 0.263728
v -0.503246 0.485139 0.263728
v -0.583197 0.565091 0.263728
v 0.696725 1.673032 0.644838
v 0.692343 1.632146 0.685724
v 0.737612 1.632146 0.644838
v -1.252939 1.673032 0.644838
v -1.293825 1.632146 0.644838
v -1.252939 1.632146 0.685724
v -1.252939 0.505497 0.685724
v -1.252939 1.673032 0.362397
v -1.293825 1.632146 0.362397
v -1.252939 0.692104 0.685724
v -1.293825 0.692104 0.644838
v -1.252939 0.565091 0.685724
v 0.737611 1.632146 0.362397
v 0.696725 1.673032 0.362397
v 0.692168 0.692104 0.685724
v 0.620366 0.605978 0.685724
v -0.486621 0.605978 0.685724
v -0.798527 1.632146 0.685724
v -0.798527 1.673032 0.644838
v -0.975430 0.732991 0.685724
v -0.616981 0.732991 0.685724
v -1.167639 0.505497 0.685724
v -1.132590 0.565091 0.685724
v -1.293825 0.660069 0.549180
v -1.273321 0.660069 0.329302
v -1.273321 0.660069 0.549180
v -1.218423 1.673032 0.362397
v -1.218423 0.692104 0.685724
v -1.218423 0.565091 0.685724
v 0.657822 1.597631 0.685724
v -1.218423 0.540012 0.685724
v -1.189802 0.540012 0.685724
v -1.218423 0.540012 0.663317
v -1.218423 0.565091 0.663317
v -1.160160 0.586145 0.685724
v -0.798527 1.650625 0.362397
v -1.218423 1.650625 0.362397
v -1.160160 0.586145 0.663317
v -1.189802 0.540012 0.663317
v 0.588593 0.430586 0.263728
v 0.588593 0.317641 0.263728
v -0.449702 0.317641 0.263728
v -0.449702 0.430586 0.263728
v 0.588593 0.430586 0.314167
v -0.449702 0.430586 0.314167
v -0.449702 0.317641 0.314167
v 0.588593 0.317641 0.314167
v -0.723506 0.397862 -0.471633
v -0.723506 0.397862 -0.481364
v -0.703491 0.386306 -0.481364
v -0.703491 0.386306 -0.471633
v -0.683476 0.397862 -0.481364
v -0.683476 0.397862 -0.471633
v -0.683476 0.420973 -0.481364
v -0.683476 0.420973 -0.471633
v -0.703491 0.432529 -0.481364
v -0.703491 0.432529 -0.471633
v -0.723506 0.420973 -0.481364
v -0.723506 0.420973 -0.471633
v -0.763822 0.351474 -0.471633
v -0.763822 0.351474 -0.481364
v -0.743807 0.363030 -0.481364
v -0.743807 0.363030 -0.471633
v -0.743807 0.386141 -0.481364
v -0.743807 0.386141 -0.471633
v -0.763822 0.397697 -0.481364
v -0.763822 0.397697 -0.471633
v -0.783837 0.386141 -0.481364
v -0.783837 0.386141 -0.471633
v -0.783837 0.363030 -0.481364
v -0.783837 0.363030 -0.471633
v -0.743807 0.293366 -0.471633
v -0.743807 0.293366 -0.481364
v -0.743807 0.316477 -0.481364
v -0.743807 0.316477 -0.471633
v -0.763822 0.328033 -0.481364
v -0.763822 0.328033 -0.471633
v -0.783837 0.316477 -0.481364
v -0.783837 0.316477 -0.471633
v -0.783837 0.293366 -0.481364
v -0.783837 0.293366 -0.471633
v -0.763822 0.281810 -0.481364
v -0.763822 0.281810 -0.471633
v -0.683476 0.281645 -0.471633
v -0.683476 0.281645 -0.481364
v -0.703491 0.293201 -0.481364
v -0.703491 0.293201 -0.471633
v -0.723506 0.281645 -0.481364
v -0.723506 0.281645 -0.471633
v -0.723506 0.258534 -0.481364
v -0.723506 0.258534 -0.471633
v -0.703491 0.246978 -0.481364
v -0.703491 0.246978 -0.471633
v -0.683476 0.258534 -0.481364
v -0.683476 0.258534 -0.471633
v -0.643160 0.328033 -0.471633
v -0.643160 0.328033 -0.481364
v -0.663175 0.316477 -0.481364
v -0.663175 0.316477 -0.471633
v -0.663175 0.293366 -0.481364
v -0.663175 0.293366 -0.471633
v -0.643160 0.281810 -0.481364
v -0.643160 0.281810 -0.471633
v -0.623145 0.293366 -0.481364
v -0.623145 0.293366 -0.471633
v -0.623145 0.316477 -0.481364
v -0.623145 0.316477 -0.471633
v -0.663175 0.386141 -0.471633
v -0.663175 0.386141 -0.481364
v -0.663175 0.363030 -0.481364
v -0.663175 0.363030 -0.471633
v -0.643160 0.351474 -0.481364
v -0.643160 0.351474 -0.471633
v -0.623145 0.363030 -0.481364
v -0.623145 0.363030 -0.471633
v -0.623146 0.386141 -0.481364
v -0.623146 0.386141 -0.471633
v -0.643160 0.397697 -0.481364
v -0.643160 0.397697 -0.471633
v -0.723506 0.397862 0.471633
v -0.703491 0.386306 0.471633
v -0.703491 0.386306 0.481364
v -0.723506 0.397862 0.481364
v -0.683476 0.397862 0.471633
v -0.683476 0.397862 0.481364
v -0.683476 0.420973 0.471633
v -0.683476 0.420973 0.481364
v -0.703491 0.432529 0.471633
v -0.703491 0.432529 0.481364
v -0.723506 0.420973 0.481364
v -0.723506 0.420973 0.471633
v -0.763822 0.351474 0.471633
v -0.743807 0.363030 0.471633
v -0.743807 0.363030 0.481364
v -0.763822 0.351474 0.481364
v -0.743807 0.386141 0.471633
v -0.743807 0.386141 0.481364
v -0.763822 0.397697 0.471633
v -0.763822 0.397697 0.481364
v -0.783837 0.386141 0.471633
v -0.783837 0.386141 0.481364
v -0.783837 0.363030 0.481364
v -0.783837 0.363030 0.471633
v -0.743807 0.293366 0.471633
v -0.743807 0.316477 0.471633
v -0.743807 0.316477 0.481364
v -0.743807 0.293366 0.481364
v -0.763822 0.328033 0.471633
v -0.763822 0.328033 0.481364
v -0.783837 0.316477 0.471633
v -0.783837 0.316477 0.481364
v -0.783837 0.293366 0.471633
v -0.783837 0.293366 0.481364
v -0.763822 0.281810 0.481364
v -0.763822 0.281810 0.471633
v -0.683476 0.281645 0.471633
v -0.703491 0.293201 0.471633
v -0.703491 0.293201 0.481364
v -0.683476 0.281645 0.481364
v -0.723506 0.281645 0.471633
v -0.723506 0.281645 0.481364
v -0.723506 0.258534 0.471633
v -0.723506 0.258534 0.481364
v -0.703491 0.246978 0.471633
v -0.703491 0.246978 0.481364
v -0.683476 0.258534 0.481364
v -0.683476 0.258534 0.471633
v -0.643160 0.328033 0.471633
v -0.663175 0.316477 0.471633
v -0.663175 0.316477 0.481365
v -0.643160 0.328033 0.481365
v -0.663175 0.293366 0.471633
v -0.663175 0.293366 0.481365
v -0.643160 0.281810 0.471633
v -0.643160 0.281810 0.481365
v -0.623145 0.293366 0.471633
v -0.623145 0.293366 0.481365
v -0.623145 0.316477 0.481365
v -0.623145 0.316477 0.471633
v -0.663175 0.386141 0.471633
v -0.663175 0.363030 0.471633
v -0.663175 0.363030 0.481365
v -0.663175 0.386141 0.481365
v -0.643160 0.351474 0.471633
v -0.643160 0.351474 0.481365
v -0.623145 0.363030 0.471633
v -0.623145 0.363030 0.481365
v -0.623146 0.386141 0.471633
v -0.623146 0.386141 0.481365
v -0.643160 0.397697 0.481365
v -0.643160 0.397697 0.471633
v 1.802028 0.376962 -0.524865
v 1.802028 0.545338 -0.524865
v 1.802028 0.545338 -0.382553
v 1.802028 0.527009 -0.359048
v 1.802028 0.395290 -0.307136
v 1.802028 0.376962 -0.320950
v 1.697357 0.376962 -0.320950
v 1.697357 0.376962 -0.537999
v 1.707287 0.376962 -0.545741
v 1.706781 0.545338 -0.591966
v 1.697957 0.528875 -0.591966
v 1.697957 0.528875 -0.573808
v 1.706781 0.545338 -0.573808
v 1.734927 0.376962 -0.591966
v 1.734927 0.545338 -0.591966
v 1.697950 0.527002 -0.359046
v 1.697429 0.395297 -0.307137
v 1.706781 0.545338 -0.382553
v 1.697957 0.528875 -0.361447
v 1.707287 0.376962 -0.591966
v 1.697396 0.386892 -0.591966
v 1.697396 0.386892 -0.549621
v 1.802028 0.376962 0.524865
v 1.802028 0.376962 0.320950
v 1.802028 0.395290 0.307136
v 1.802028 0.527009 0.359048
v 1.802028 0.545338 0.382553
v 1.802028 0.545338 0.524865
v 1.697357 0.376962 0.320951
v 1.707287 0.376962 0.545742
v 1.697357 0.376962 0.538000
v 1.706781 0.545338 0.591966
v 1.706781 0.545338 0.573809
v 1.697957 0.528875 0.573809
v 1.697957 0.528875 0.591966
v 1.734927 0.545338 0.591966
v 1.734927 0.376962 0.591966
v 1.697429 0.395297 0.307138
v 1.697950 0.527002 0.359046
v 1.697957 0.528875 0.361448
v 1.706781 0.545338 0.382553
v 1.707287 0.376962 0.591966
v 1.697396 0.386892 0.591966
v 1.697396 0.386892 0.549622
v -0.723507 0.397862 -0.683589
v -0.723507 0.397862 -0.693320
v -0.703492 0.386306 -0.693320
v -0.703492 0.386306 -0.683589
v -0.683477 0.397862 -0.693320
v -0.683477 0.397862 -0.683589
v -0.683477 0.420973 -0.693320
v -0.683477 0.420973 -0.683589
v -0.703492 0.432529 -0.693320
v -0.703492 0.432529 -0.683589
v -0.723507 0.420973 -0.693320
v -0.723507 0.420973 -0.683589
v -0.763822 0.351474 -0.683589
v -0.763822 0.351474 -0.693320
v -0.743807 0.363030 -0.693320
v -0.743807 0.363030 -0.683589
v -0.743807 0.386141 -0.693320
v -0.743807 0.386141 -0.683589
v -0.763822 0.397697 -0.693320
v -0.763822 0.397697 -0.683589
v -0.783837 0.386141 -0.693320
v -0.783837 0.386141 -0.683589
v -0.783837 0.363030 -0.693320
v -0.783837 0.363030 -0.683589
v -0.743807 0.293366 -0.683589
v -0.743807 0.293366 -0.693320
v -0.743807 0.316477 -0.693320
v -0.743807 0.316477 -0.683589
v -0.763822 0.328033 -0.693320
v -0.763822 0.328033 -0.683589
v -0.783837 0.316477 -0.693320
v -0.783837 0.316477 -0.683589
v -0.783837 0.293366 -0.693320
v -0.783837 0.293366 -0.683589
v -0.763822 0.281810 -0.693320
v -0.763822 0.281810 -0.683589
v -0.683476 0.281645 -0.683589
v -0.683476 0.281645 -0.693320
v -0.703491 0.293201 -0.693320
v -0.703491 0.293201 -0.683589
v -0.723506 0.281645 -0.693320
v -0.723506 0.281645 -0.683589
v -0.723506 0.258534 -0.693320
v -0.723506 0.258534 -0.683589
v -0.703491 0.246978 -0.693320
v -0.703491 0.246978 -0.683589
v -0.683476 0.258534 -0.693320
v -0.683476 0.258534 -0.683589
v -0.643161 0.328033 -0.683589
v -0.643161 0.328033 -0.693320
v -0.663176 0.316477 -0.693320
v -0.663176 0.316477 -0.683589
v -0.663176 0.293366 -0.693320
v -0.663176 0.293366 -0.683589
v -0.643161 0.281810 -0.693320
v -0.643161 0.281810 -0.683589
v -0.623146 0.293366 -0.693320
v -0.623146 0.293366 -0.683589
v -0.623146 0.316477 -0.693320
v -0.623146 0.316477 -0.683589
v -0.663176 0.386141 -0.683589
v -0.663176 0.386141 -0.693320
v -0.663176 0.363030 -0.693320
v -0.663176 0.363030 -0.683589
v -0.643161 0.351474 -0.693320
v -0.643161 0.351474 -0.683589
v -0.623146 0.363030 -0.693320
v -0.623146 0.363030 -0.683589
v -0.623146 0.386141 -0.693320
v -0.623146 0.386141 -0.683589
v -0.643161 0.397697 -0.693320
v -0.643161 0.397697 -0.683589
v -0.723507 0.397862 0.683589
v -0.703492 0.386306 0.683589
v -0.703492 0.386306 0.693321
v -0.723507 0.397862 0.693321
v -0.683477 0.397862 0.683589
v -0.683477 0.397862 0.693321
v -0.683477 0.420973 0.683589
v -0.683477 0.420973 0.693321
v -0.703492 0.432529 0.683589
v -0.703492 0.432529 0.693321
v -0.723507 0.420973 0.693321
v -0.723507 0.420973 0.683589
v -0.763822 0.351474 0.683589
v -0.743807 0.363030 0.683589
v -0.743807 0.363030 0.693321
v -0.763822 0.351474 0.693321
v -0.743807 0.386141 0.683589
v -0.743807 0.386141 0.693321
v -0.763822 0.397697 0.683589
v -0.763822 0.397697 0.693321
v -0.783837 0.386141 0.683589
v -0.783837 0.386141 0.693321
v -0.783837 0.363030 0.693321
v -0.783837 0.363030 0.683589
v -0.743807 0.293366 0.683589
v -0.743807 0.316477 0.683589
v -0.743807 0.316477 0.693321
v -0.743807 0.293366 0.693321
v -0.763822 0.328033 0.683589
v -0.763822 0.328033 0.693321
v -0.783837 0.316477 0.683589
v -0.783837 0.316477 0.693321
v -0.783837 0.293366 0.683589
v -0.783837 0.293366 0.693321
v -0.763822 0.281810 0.693321
v -0.763822 0.281810 0.683589
v -0.683476 0.281645 0.683589
v -0.703491 0.293201 0.683589
v -0.703491 0.293201 0.693321
v -0.683476 0.281645 0.693321
v -0.723506 0.281645 0.683589
v -0.723506 0.281645 0.693321
v -0.723506 0.258534 0.683589
v -0.723506 0.258534 0.693321
v -0.703491 0.246978 0.683589
v -0.703491 0.246978 0.693321
v -0.683476 0.258534 0.693321
v -0.683476 0.258534 0.683589
v -0.643161 0.328033 0.683589
v -0.663176 0.316477 0.683589
v -0.663176 0.316477 0.693321
v -0.643161 0.328033 0.693321
v -0.663176 0.293366 0.683589
v -0.663176 0.293366 0.693321
v -0.643161 0.281810 0.683589
v -0.643161 0.281810 0.693321
v -0.623146 0.293366 0.683589
v -0.623146 0.293366 0.693321
v -0.623146 0.316477 0.693321
v -0.623146 0.316477 0.683589
v -0.663176 0.386141 0.683590
v -0.663176 0.363030 0.683590
v -0.663176 0.363030 0.693321
v -0.663176 0.386141 0.693321
v -0.643161 0.351474 0.683590
v -0.643161 0.351474 0.693321
v -0.623146 0.363030 0.683590
v -0.623146 0.363030 0.693321
v -0.623146 0.386141 0.683590
v -0.623146 0.386141 0.693321
v -0.643161 0.397697 0.693321
v -0.643161 0.397697 0.683590
v 1.802663 0.457042 -0.217200
v 1.802663 0.457042 0.000000
v 1.802663 0.439524 0.000000
v 1.802663 0.439524 -0.240484
v 1.755861 0.439524 0.000000
v 1.755861 0.583608 0.000000
v 1.755861 0.583608 -0.309346
v 1.755861 0.563146 -0.336729
v 1.755861 0.458829 -0.292230
v 1.755861 0.439524 -0.252997
v 1.802663 0.583608 0.000000
v 1.802663 0.583608 -0.309142
v 1.802663 0.563031 -0.336679
v 1.802663 0.458899 -0.292259
v 1.802663 0.545207 -0.298159
v 1.802663 0.476529 -0.268863
v 1.802663 0.312959 -0.164698
v 1.802663 0.312959 0.000000
v 1.802663 0.295441 0.000000
v 1.802663 0.295441 -0.188339
v 1.755861 0.295441 0.000000
v 1.755861 0.295441 -0.188462
v 1.755861 0.314746 -0.230767
v 1.755861 0.419063 -0.275266
v 1.802663 0.418947 -0.275217
v 1.802663 0.314816 -0.230797
v 1.802663 0.332446 -0.207401
v 1.802663 0.401124 -0.236697
v 1.774601 0.401124 -0.236697
v 1.774601 0.332446 -0.207401
v 1.802663 0.422006 0.000000
v 1.802663 0.422006 -0.201832
v 1.774601 0.422006 0.000000
v 1.774601 0.422006 -0.201832
v 1.802663 0.566090 0.000000
v 1.802663 0.566090 -0.270213
v 1.774601 0.457042 -0.217200
v 1.774601 0.476529 -0.268863
v 1.774601 0.545207 -0.298159
v 1.774601 0.566090 -0.270213
v 1.774601 0.566090 0.000000
v 1.774601 0.457042 0.000000
v 1.774601 0.312959 -0.164698
v 1.774601 0.312959 0.000000
v 1.802663 0.457042 0.217201
v 1.802663 0.439524 0.240484
v 1.755861 0.439524 0.252998
v 1.755861 0.458829 0.292230
v 1.755861 0.563146 0.336729
v 1.755861 0.583608 0.309347
v 1.802663 0.583608 0.309142
v 1.802663 0.458899 0.292260
v 1.802663 0.563031 0.336680
v 1.802663 0.545207 0.298160
v 1.802663 0.476529 0.268864
v 1.802663 0.312959 0.164698
v 1.802663 0.295441 0.188340
v 1.755861 0.295441 0.188463
v 1.755861 0.314746 0.230768
v 1.802663 0.314816 0.230797
v 1.802663 0.418947 0.275217
v 1.755861 0.419063 0.275267
v 1.802663 0.332446 0.207401
v 1.774601 0.332446 0.207401
v 1.774601 0.401124 0.236697
v 1.802663 0.401124 0.236697
v 1.802663 0.422006 0.201832
v 1.774601 0.422006 0.201832
v 1.802663 0.566090 0.270213
v 1.774601 0.457042 0.217201
v 1.774601 0.566090 0.270213
v 1.774601 0.545207 0.298160
v 1.774601 0.476529 0.268864
v 1.774601 0.312959 0.164698
v 1.577433 0.837791 -0.548559
v 1.424976 1.193998 -0.491637
v 1.386966 1.176869 -0.486247
v 1.539423 0.820661 -0.543169
v 1.419268 1.136383 -0.541610
v 1.402446 1.111060 -0.625691
v 1.418618 1.111833 -0.620503
v 1.433582 1.136367 -0.545707
v 1.502095 0.870366 -0.673754
v 1.389723 1.132918 -0.631798
v 1.405666 1.150048 -0.637188
v 1.518039 0.887495 -0.679143
v 1.560102 0.861667 -0.594903
v 1.424562 1.178349 -0.544298
v 1.544158 0.844537 -0.589514
v 1.408619 1.161219 -0.538908
v 1.496015 0.892443 -0.660626
v 1.533713 0.869176 -0.584763
v 1.535390 0.877489 -0.584094
v 1.501855 0.900030 -0.651581
v 1.416361 1.128695 -0.522706
v 1.527377 0.864889 -0.558773
v 1.529754 0.873335 -0.560974
v 1.430997 1.128918 -0.528891
v 1.577433 0.837791 0.548559
v 1.539423 0.820661 0.543170
v 1.386966 1.176869 0.486248
v 1.424976 1.193998 0.491637
v 1.419268 1.136383 0.541611
v 1.433582 1.136367 0.545707
v 1.418618 1.111833 0.620504
v 1.402447 1.111060 0.625692
v 1.502095 0.870366 0.673754
v 1.518039 0.887495 0.679144
v 1.405666 1.150048 0.637188
v 1.389723 1.132918 0.631799
v 1.560102 0.861667 0.594904
v 1.424562 1.178349 0.544298
v 1.544158 0.844537 0.589514
v 1.408619 1.161219 0.538908
v 1.496015 0.892443 0.660627
v 1.501855 0.900030 0.651582
v 1.535390 0.877489 0.584095
v 1.533713 0.869176 0.584763
v 1.416361 1.128695 0.522707
v 1.527377 0.864889 0.558773
v 1.529754 0.873335 0.560975
v 1.430997 1.128918 0.528891
v 1.752872 0.157740 0.000000
v 1.752872 0.296854 0.000000
v 1.752872 0.296854 -0.506522
v 1.752872 0.157740 -0.506522
v 1.790051 0.296854 -0.542475
v 1.790051 0.157740 -0.542475
v 1.737741 0.169753 -0.582370
v 1.737741 0.285972 -0.582370
v 1.790051 0.157740 0.000000
v 1.790051 0.296854 0.000000
v 1.700562 0.169753 -0.546417
v 1.700562 0.285972 -0.546417
v 1.752872 0.157740 0.506522
v 1.752872 0.296854 0.506522
v 1.790051 0.296854 0.542475
v 1.737741 0.285972 0.582370
v 1.737741 0.169753 0.582370
v 1.790051 0.157740 0.542475
v 1.700562 0.169753 0.546417
v 1.700562 0.285972 0.546417
v 1.354363 1.425737 0.010650
v 1.254395 1.720590 0.004891
v 1.245057 1.717674 0.004891
v 1.333168 1.425047 0.010650
v 1.245057 1.717674 -0.004891
v 1.333168 1.425047 -0.010650
v 1.254395 1.720590 -0.004891
v 1.354363 1.425737 -0.010650
v 1.352936 1.346819 0.015984
v 1.352936 1.346819 -0.015983
v 1.384903 1.346819 -0.015983
v 1.384903 1.346819 0.015984
v 1.360445 1.418252 -0.014324
v 1.360445 1.418252 0.014325
v 1.331923 1.417423 -0.014324
v 1.331923 1.417423 0.014325
v 1.657295 0.849670 -0.249482
v 1.650181 0.845475 -0.249482
v 1.654936 0.833489 0.069129
v 1.660615 0.836978 0.069130
v 1.657809 0.830424 -0.253539
v 1.709754 0.717635 -0.426774
v 1.717418 0.702514 -0.382628
v 1.720346 0.723423 -0.426775
v 1.727634 0.708118 -0.382628
v 1.728793 0.711753 -0.456068
v 1.664550 0.834435 -0.253539
v 1.665007 0.827755 0.065073
v 1.659554 0.824377 0.065072
v 1.716851 0.704672 -0.459313
v 1.657295 0.849670 0.133518
v 1.650181 0.845475 0.133518
v 1.654936 0.833489 0.452129
v 1.660615 0.836978 0.452130
v 1.657809 0.830424 0.129461
v 1.709754 0.717635 -0.043774
v 1.717418 0.702514 0.000372
v 1.720346 0.723423 -0.043775
v 1.727634 0.708118 0.000372
v 1.728793 0.711753 -0.073068
v 1.664550 0.834435 0.129461
v 1.665007 0.827755 0.448073
v 1.659554 0.824377 0.448072
v 1.716851 0.704672 -0.076313
v 1.799801 0.181462 0.162457
v 1.799801 0.280749 0.162457
v 1.790089 0.280749 0.162457
v 1.790089 0.181462 0.162457
v 1.790089 0.280749 -0.162456
v 1.790089 0.181462 -0.162456
v 1.799801 0.280749 -0.162456
v 1.799801 0.181462 -0.162456
v -1.113145 0.325871 0.000000
v -1.113145 0.325871 -0.506521
v -1.113145 0.464985 -0.506521
v -1.113145 0.464985 0.000000
v -1.150324 0.464985 -0.542475
v -1.098014 0.454102 -0.582370
v -1.098014 0.337883 -0.582370
v -1.150324 0.325871 -0.542475
v -1.150324 0.325871 0.000000
v -1.150324 0.464985 0.000000
v -1.060835 0.337883 -0.546416
v -1.060835 0.454102 -0.546416
v -1.113145 0.464985 0.506522
v -1.113145 0.325871 0.506522
v -1.150324 0.464985 0.542475
v -1.150324 0.325871 0.542475
v -1.098014 0.337883 0.582370
v -1.098014 0.454102 0.582370
v -1.060835 0.337883 0.546417
v -1.060835 0.454102 0.546417
v -1.160074 0.349593 0.162457
v -1.150363 0.349593 0.162457
v -1.150363 0.448879 0.162457
v -1.160074 0.448879 0.162457
v -1.150363 0.349593 -0.162456
v -1.150363 0.448879 -0.162456
v -1.160074 0.349593 -0.162456
v -1.160074 0.448879 -0.162456
v -1.221207 0.497481 -0.088836
v -1.221207 1.628470 -0.088836
v -1.212855 1.628470 -0.103302
v -1.212855 0.497481 -0.103302
v -1.196151 1.628470 -0.103302
v -1.196151 0.497481 -0.103302
v -1.187800 1.628470 -0.088836
v -1.187800 0.497481 -0.088836
v -1.196151 1.628470 -0.074371
v -1.196151 0.497481 -0.074371
v -1.212855 1.628470 -0.074371
v -1.212855 0.497481 -0.074371
v -1.221207 0.497481 0.088837
v -1.212855 0.497481 0.103303
v -1.212855 1.628470 0.103303
v -1.221207 1.628470 0.088837
v -1.196151 0.497481 0.103303
v -1.196151 1.628470 0.103303
v -1.187799 0.497481 0.088837
v -1.187799 1.628470 0.088837
v -1.196151 0.497481 0.074371
v -1.196151 1.628470 0.074371
v -1.212855 1.628470 0.074371
v -1.212855 0.497481 0.074371
v -1.160074 0.352394 0.524423
v -1.150363 0.352394 0.524423
v -1.150363 0.446078 0.524423
v -1.160074 0.446078 0.524423
v -1.150363 0.352394 0.292558
v -1.150363 0.446078 0.292558
v -1.160074 0.352394 0.292558
v -1.160074 0.446078 0.292558
v -1.160074 0.352394 -0.524422
v -1.160074 0.446078 -0.524422
v -1.150363 0.446078 -0.524422
v -1.150363 0.352394 -0.524422
v -1.150363 0.446078 -0.292557
v -1.150363 0.352394 -0.292557
v -1.160074 0.446078 -0.292557
v -1.160074 0.352394 -0.292557
v 1.443565 1.298973 -0.186710
v 1.424434 1.344885 -0.186710
v 1.411217 1.347794 -0.186710
v 1.433336 1.294710 -0.186710
v 1.411217 1.347794 -0.290493
v 1.433336 1.294710 -0.290493
v 1.424434 1.344885 -0.290493
v 1.443565 1.298973 -0.290493
v 1.443565 1.298973 0.186710
v 1.433336 1.294710 0.186710
v 1.411217 1.347794 0.186710
v 1.424434 1.344885 0.186710
v 1.433336 1.294710 0.290494
v 1.411217 1.347794 0.290494
v 1.443565 1.298973 0.290494
v 1.424434 1.344885 0.290494
v 1.802028 0.305016 -0.524865
v 1.802028 0.365556 -0.524865
v 1.802028 0.365556 -0.296051
v 1.802028 0.323344 -0.279415
v 1.802028 0.305016 -0.293229
v 1.697312 0.365556 -0.296050
v 1.697145 0.323352 -0.279417
v 1.734927 0.365556 -0.591966
v 1.734927 0.305016 -0.591966
v 1.705795 0.305016 -0.591966
v 1.697107 0.313739 -0.591966
v 1.697277 0.356833 -0.591966
v 1.706035 0.365556 -0.591966
v 1.706035 0.365556 -0.568179
v 1.697312 0.365556 -0.563392
v 1.697107 0.313739 -0.559118
v 1.697277 0.356833 -0.569927
v 1.697072 0.305016 -0.293229
v 1.697072 0.305016 -0.548207
v 1.705795 0.305016 -0.554265
v 1.802028 0.305016 0.524865
v 1.802028 0.305016 0.293230
v 1.802028 0.323344 0.279415
v 1.802028 0.365556 0.296051
v 1.802028 0.365556 0.524865
v 1.697145 0.323352 0.279417
v 1.697312 0.365556 0.296051
v 1.734927 0.365556 0.591966
v 1.734927 0.305016 0.591966
v 1.705795 0.305016 0.591966
v 1.706035 0.365556 0.591966
v 1.697277 0.356833 0.591966
v 1.697107 0.313739 0.591966
v 1.706035 0.365556 0.568179
v 1.697312 0.365556 0.563392
v 1.697277 0.356833 0.569927
v 1.697107 0.313739 0.559119
v 1.697072 0.305016 0.293230
v 1.705795 0.305016 0.554266
v 1.697072 0.305016 0.548208
v 0.935680 0.831852 -0.558523
v 0.935680 0.869258 -0.544448
v 0.935680 0.869258 -0.578076
v 0.935680 0.831852 -0.587083
v 1.086161 0.869258 -0.578076
v 1.086161 0.831852 -0.587083
v 1.086161 0.869258 -0.544448
v 1.086161 0.831852 -0.558523
v 0.935680 0.831852 0.558524
v 0.935680 0.831852 0.587083
v 0.935680 0.869258 0.578076
v 0.935680 0.869258 0.544448
v 1.086161 0.831852 0.587083
v 1.086161 0.869258 0.578076
v 1.086161 0.831852 0.558524
v 1.086161 0.869258 0.544448
v 0.928836 0.902387 -0.537160
v 0.928836 1.281336 -0.478117
v 1.321853 1.281336 -0.478117
v 1.543822 0.772021 -0.540367
v 1.368332 0.770393 -0.550939
v 1.274005 0.842381 -0.543424
v 1.164160 0.887634 -0.538700
v 1.051495 0.902387 -0.537160
v 1.444300 1.241220 -0.428011
v 1.432283 1.264956 -0.414169
v 1.427305 1.274787 -0.386303
v 1.427305 1.274787 0.000000
v 1.714622 0.707311 0.000000
v 1.714622 0.707311 -0.452672
v 1.709644 0.717142 -0.478238
v 1.697626 0.740878 -0.486528
v 0.928836 0.902387 0.537160
v 1.051495 0.902387 0.537160
v 1.164160 0.887634 0.538700
v 1.274005 0.842381 0.543425
v 1.368332 0.770393 0.550940
v 1.543822 0.772021 0.540367
v 1.321853 1.281336 0.478118
v 0.928836 1.281336 0.478118
v 1.444300 1.241220 0.428012
v 1.697626 0.740878 0.486528
v 1.709644 0.717142 0.478238
v 1.714622 0.707311 0.452672
v 1.427305 1.274787 0.386304
v 1.432283 1.264956 0.414170
v 0.718463 0.427592 -0.403224
v 0.718463 0.427592 -0.514874
v 0.706899 0.339754 -0.514874
v 0.706899 0.339754 -0.403224
v 0.752367 0.170062 -0.403224
v 0.752367 0.170062 -0.514874
v 0.806302 0.099774 -0.514874
v 0.806302 0.099774 -0.403224
v 0.876590 0.045840 -0.514874
v 0.876590 0.045840 -0.403224
v 0.958443 0.011936 -0.514874
v 0.958443 0.011936 -0.403224
v 1.046281 0.000371 -0.514874
v 1.046281 0.000371 -0.403224
v 1.134120 0.011936 -0.514874
v 1.134120 0.011936 -0.403224
v 1.215972 0.045840 -0.514874
v 1.215972 0.045840 -0.403224
v 1.286261 0.099774 -0.514874
v 1.286261 0.099774 -0.403224
v 1.340195 0.170062 -0.514874
v 1.340195 0.170062 -0.403224
v 1.374099 0.251915 -0.514874
v 1.374099 0.251915 -0.403224
v 1.385664 0.339754 -0.514874
v 1.385664 0.339754 -0.403224
v 1.374099 0.427592 -0.514874
v 1.374099 0.427592 -0.403224
v 1.340195 0.509445 -0.514874
v 1.340195 0.509445 -0.403224
v 1.286261 0.579733 -0.514874
v 1.286261 0.579733 -0.403224
v 1.215972 0.633667 -0.514874
v 1.215972 0.633667 -0.403224
v 1.134120 0.667572 -0.514874
v 1.134120 0.667572 -0.403224
v 1.046281 0.679136 -0.514874
v 1.046281 0.679136 -0.403224
v 0.958443 0.667572 -0.514874
v 0.958443 0.667572 -0.403224
v 0.876590 0.633667 -0.514874
v 0.876590 0.633667 -0.403224
v 0.806302 0.579733 -0.514874
v 0.806302 0.579733 -0.403224
v 0.752368 0.509445 -0.514874
v 0.752368 0.509445 -0.403224
v 0.718463 0.251915 -0.403224
v 0.718463 0.251915 -0.514874
v 1.137023 0.182584 -0.566711
v 1.093253 0.164453 -0.566711
v 1.082314 0.205279 -0.496338
v 1.115891 0.219187 -0.496338
v 0.734154 0.256119 -0.364341
v 0.723144 0.339754 -0.364341
v 0.772036 0.266270 -0.348236
v 0.762362 0.339754 -0.348236
v 0.723144 0.339754 -0.553757
v 0.734154 0.256119 -0.553757
v 0.762362 0.339754 -0.569862
v 0.772036 0.266270 -0.569862
v 0.766436 0.178185 -0.364341
v 0.800400 0.197794 -0.348236
v 0.766436 0.178185 -0.553757
v 0.800400 0.197794 -0.569862
v 0.817788 0.111261 -0.364341
v 0.845520 0.138992 -0.348236
v 0.817788 0.111261 -0.553757
v 0.845520 0.138992 -0.569862
v 0.884712 0.059908 -0.364341
v 0.904322 0.093872 -0.348236
v 0.884712 0.059908 -0.553757
v 0.904322 0.093872 -0.569862
v 0.962647 0.027627 -0.364341
v 0.972797 0.065509 -0.348236
v 0.962647 0.027627 -0.553757
v 0.972797 0.065509 -0.569862
v 1.046281 0.016616 -0.364341
v 1.046281 0.055834 -0.348236
v 1.046281 0.016616 -0.553757
v 1.046281 0.055834 -0.569862
v 1.129915 0.027627 -0.364341
v 1.119765 0.065509 -0.348236
v 1.129915 0.027627 -0.553757
v 1.119765 0.065509 -0.569862
v 1.207850 0.059908 -0.364341
v 1.188241 0.093872 -0.348236
v 1.207850 0.059908 -0.553757
v 1.188241 0.093872 -0.569862
v 1.274774 0.111261 -0.364341
v 1.247042 0.138992 -0.348236
v 1.274774 0.111261 -0.553757
v 1.247043 0.138992 -0.569862
v 1.326127 0.178185 -0.364341
v 1.292163 0.197794 -0.348236
v 1.326127 0.178185 -0.553757
v 1.292163 0.197794 -0.569862
v 1.358408 0.256119 -0.364341
v 1.320526 0.266270 -0.348236
v 1.358408 0.256119 -0.553757
v 1.320526 0.266270 -0.569862
v 1.369419 0.339754 -0.364341
v 1.330200 0.339754 -0.348236
v 1.369419 0.339754 -0.553757
v 1.330200 0.339754 -0.569862
v 1.358408 0.423388 -0.364341
v 1.320526 0.413237 -0.348236
v 1.358408 0.423388 -0.553757
v 1.320526 0.413237 -0.569862
v 1.326127 0.501322 -0.364341
v 1.292163 0.481713 -0.348236
v 1.326127 0.501322 -0.553757
v 1.292163 0.481713 -0.569862
v 1.274774 0.568246 -0.364341
v 1.247043 0.540515 -0.348236
v 1.274774 0.568246 -0.553757
v 1.247043 0.540515 -0.569862
v 1.207850 0.619599 -0.364341
v 1.188241 0.585635 -0.348236
v 1.207850 0.619599 -0.553757
v 1.188241 0.585635 -0.569862
v 1.129915 0.651881 -0.364341
v 1.119765 0.613999 -0.348236
v 1.129915 0.651881 -0.553757
v 1.119765 0.613999 -0.569862
v 1.046281 0.662891 -0.364341
v 1.046281 0.623673 -0.348236
v 1.046281 0.662891 -0.553757
v 1.046281 0.623673 -0.569862
v 0.962647 0.651881 -0.364341
v 0.972797 0.613999 -0.348236
v 0.962647 0.651881 -0.553757
v 0.972797 0.613999 -0.569862
v 0.884712 0.619599 -0.364341
v 0.904322 0.585635 -0.348236
v 0.884712 0.619599 -0.553757
v 0.904322 0.585635 -0.569862
v 0.817788 0.568246 -0.364341
v 0.845520 0.540515 -0.348236
v 0.817788 0.568246 -0.553757
v 0.845520 0.540515 -0.569862
v 0.766436 0.501322 -0.364341
v 0.800400 0.481713 -0.348236
v 0.766436 0.501322 -0.553757
v 0.800400 0.481713 -0.569862
v 0.734154 0.423388 -0.364341
v 0.772036 0.413237 -0.348236
v 0.734154 0.423388 -0.553757
v 0.772036 0.413237 -0.569862
v 0.851877 0.339754 -0.569862
v 0.858501 0.289438 -0.569862
v 0.877922 0.242551 -0.569862
v 0.908816 0.202289 -0.569862
v 0.949079 0.171394 -0.569862
v 0.995966 0.151973 -0.569862
v 1.046281 0.145349 -0.569862
v 1.096597 0.151973 -0.569862
v 1.143484 0.171394 -0.569862
v 1.183746 0.202289 -0.569862
v 1.214640 0.242551 -0.569862
v 1.234062 0.289438 -0.569862
v 1.240686 0.339754 -0.569862
v 1.234062 0.390069 -0.569862
v 1.214640 0.436956 -0.569862
v 1.183746 0.477218 -0.569862
v 1.143483 0.508113 -0.569862
v 1.096597 0.527534 -0.569862
v 1.046281 0.534158 -0.569862
v 0.995966 0.527534 -0.569862
v 0.949079 0.508113 -0.569862
v 0.908816 0.477218 -0.569862
v 0.877922 0.436956 -0.569862
v 0.858501 0.390069 -0.569862
v 1.227765 0.339754 -0.566711
v 1.221581 0.292782 -0.566711
v 1.180756 0.303721 -0.496338
v 1.185500 0.339754 -0.496338
v 0.870981 0.386725 -0.566711
v 0.889111 0.430496 -0.566711
v 0.925714 0.409363 -0.496338
v 0.911806 0.375786 -0.496338
v 1.137023 0.496923 -0.566711
v 1.174610 0.468082 -0.566711
v 1.144724 0.438196 -0.496338
v 1.115891 0.460321 -0.496338
v 1.174610 0.211425 -0.566711
v 1.144724 0.241311 -0.496338
v 0.864797 0.339754 -0.566711
v 0.907062 0.339754 -0.496338
v 1.093253 0.515054 -0.566711
v 1.082314 0.474229 -0.496338
v 1.203451 0.249012 -0.566711
v 1.166848 0.270144 -0.496338
v 0.889111 0.249012 -0.566711
v 0.870981 0.292782 -0.566711
v 0.911806 0.303721 -0.496338
v 0.925714 0.270144 -0.496338
v 0.917953 0.211425 -0.566711
v 0.947839 0.241311 -0.496338
v 1.046281 0.521238 -0.566711
v 1.046281 0.478972 -0.496338
v 1.208294 0.246216 -0.569862
v 1.226983 0.291335 -0.569862
v 0.955539 0.182584 -0.566711
v 0.976672 0.219187 -0.496338
v 0.999310 0.515054 -0.566711
v 1.010249 0.474229 -0.496338
v 0.999310 0.164453 -0.566711
v 1.010249 0.205279 -0.496338
v 0.955539 0.496923 -0.566711
v 0.976672 0.460321 -0.496338
v 1.221581 0.386725 -0.566711
v 1.180756 0.375786 -0.496338
v 1.046281 0.158270 -0.566711
v 1.046281 0.200535 -0.496338
v 0.917953 0.468082 -0.566711
v 0.947839 0.438196 -0.496338
v 1.203451 0.430496 -0.566711
v 1.166848 0.409363 -0.496338
v 0.942094 0.399906 -0.539716
v 0.930075 0.370891 -0.539716
v 0.913998 0.207471 -0.569862
v 0.952743 0.177741 -0.569862
v 1.046281 0.526830 -0.569862
v 0.997862 0.520455 -0.569862
v 1.233357 0.339754 -0.569862
v 0.997862 0.159052 -0.569862
v 0.952743 0.501766 -0.569862
v 1.226983 0.388173 -0.569862
v 1.046281 0.152677 -0.569862
v 0.913998 0.472036 -0.569862
v 1.208294 0.433292 -0.569862
v 1.094700 0.159052 -0.569862
v 0.884269 0.433292 -0.569862
v 1.178564 0.472036 -0.569862
v 1.139819 0.177741 -0.569862
v 0.865580 0.388173 -0.569862
v 0.859205 0.339754 -0.569862
v 0.865580 0.291335 -0.569862
v 1.139819 0.501766 -0.569862
v 1.178564 0.207471 -0.569862
v 0.884269 0.246216 -0.569862
v 1.094700 0.520455 -0.569862
v 0.925976 0.339754 -0.539716
v 1.131350 0.424823 -0.539716
v 1.106434 0.443941 -0.539716
v 1.106434 0.235566 -0.539716
v 1.131350 0.254685 -0.539716
v 1.088846 0.328348 -0.553932
v 1.084443 0.317721 -0.553932
v 1.073912 0.323801 -0.519470
v 1.077099 0.331496 -0.519470
v 1.077419 0.455960 -0.539716
v 1.150469 0.279601 -0.539716
v 0.930075 0.308616 -0.539716
v 0.942093 0.279601 -0.539716
v 0.961212 0.254685 -0.539716
v 1.046281 0.460059 -0.539716
v 1.162488 0.308616 -0.539716
v 0.986128 0.235566 -0.539716
v 1.015144 0.455960 -0.539716
v 1.166587 0.339754 -0.539716
v 1.015144 0.223547 -0.539716
v 0.986128 0.443941 -0.539716
v 1.162488 0.370891 -0.539716
v 1.046281 0.219448 -0.539716
v 0.961212 0.424823 -0.539716
v 1.150469 0.399906 -0.539716
v 1.077419 0.223547 -0.539716
v 0.947794 0.339754 -0.553932
v 0.951150 0.314263 -0.553932
v 0.938727 0.310935 -0.549768
v 0.934933 0.339754 -0.549768
v 0.960989 0.290510 -0.553932
v 0.949851 0.284080 -0.549768
v 0.976640 0.270113 -0.553932
v 0.967546 0.261019 -0.549768
v 0.997038 0.254461 -0.553932
v 0.990607 0.243324 -0.549768
v 1.020791 0.244622 -0.553932
v 1.017462 0.232200 -0.549768
v 1.046281 0.241266 -0.553932
v 1.046281 0.228406 -0.549768
v 1.071772 0.244622 -0.553932
v 1.075100 0.232200 -0.549768
v 1.095525 0.254461 -0.553932
v 1.101955 0.243324 -0.549768
v 1.115922 0.270113 -0.553932
v 1.125016 0.261019 -0.549768
v 1.131574 0.290510 -0.553932
v 1.142711 0.284080 -0.549768
v 1.141413 0.314263 -0.553932
v 1.153835 0.310935 -0.549768
v 1.144769 0.339754 -0.553932
v 1.157629 0.339754 -0.549768
v 1.141413 0.365244 -0.553932
v 1.153835 0.368573 -0.549768
v 1.131574 0.388997 -0.553932
v 1.142711 0.395428 -0.549768
v 1.115922 0.409395 -0.553932
v 1.125016 0.418488 -0.549768
v 1.095525 0.425046 -0.553932
v 1.101955 0.436184 -0.549768
v 1.071772 0.434885 -0.553932
v 1.075100 0.447307 -0.549768
v 1.046281 0.438241 -0.553932
v 1.046281 0.451102 -0.549768
v 1.020791 0.434885 -0.553932
v 1.017462 0.447307 -0.549768
v 0.997038 0.425046 -0.553932
v 0.990607 0.436184 -0.549768
v 0.976640 0.409395 -0.553932
v 0.967546 0.418489 -0.549768
v 0.960989 0.388997 -0.553932
v 0.949851 0.395428 -0.549768
v 0.951150 0.365244 -0.553932
v 0.938727 0.368573 -0.549768
v 1.002215 0.339754 -0.553932
v 1.003717 0.328348 -0.553932
v 1.008119 0.317721 -0.553932
v 1.015122 0.308594 -0.553932
v 1.024248 0.301591 -0.553932
v 1.034876 0.297189 -0.553932
v 1.046281 0.295688 -0.553932
v 1.057686 0.297189 -0.553932
v 1.068314 0.301591 -0.553932
v 1.077441 0.308594 -0.553932
v 1.090347 0.339754 -0.553932
v 1.088846 0.351159 -0.553932
v 1.084443 0.361787 -0.553932
v 1.077441 0.370913 -0.553932
v 1.068314 0.377916 -0.553932
v 1.057686 0.382318 -0.553932
v 1.046281 0.383820 -0.553932
v 1.034876 0.382318 -0.553932
v 1.024248 0.377916 -0.553932
v 1.015122 0.370913 -0.553932
v 1.008119 0.361787 -0.553932
v 1.003717 0.351159 -0.553932
v 1.015463 0.331496 -0.519470
v 1.014376 0.339754 -0.519470
v 1.015463 0.348011 -0.519470
v 1.018650 0.355706 -0.519470
v 1.023721 0.362314 -0.519470
v 1.030329 0.367384 -0.519470
v 1.038023 0.370572 -0.519470
v 1.046281 0.371659 -0.519470
v 1.054539 0.370572 -0.519470
v 1.062234 0.367384 -0.519470
v 1.068842 0.362314 -0.519470
v 1.073912 0.355706 -0.519470
v 1.077099 0.348011 -0.519470
v 1.078187 0.339754 -0.519470
v 1.068842 0.317193 -0.519470
v 1.062234 0.312123 -0.519470
v 1.054539 0.308935 -0.519470
v 1.046281 0.307848 -0.519470
v 1.038023 0.308935 -0.519470
v 1.030329 0.312123 -0.519470
v 1.023721 0.317193 -0.519470
v 1.018650 0.323801 -0.519470
v 0.718463 0.427592 0.403225
v 0.706899 0.339754 0.403225
v 0.706899 0.339754 0.514874
v 0.718463 0.427592 0.514874
v 0.752368 0.170062 0.403225
v 0.806302 0.099774 0.403225
v 0.806302 0.099774 0.514874
v 0.752368 0.170062 0.514874
v 0.876590 0.045840 0.403225
v 0.876590 0.045840 0.514874
v 0.958443 0.011936 0.403225
v 0.958443 0.011936 0.514874
v 1.046281 0.000371 0.403225
v 1.046281 0.000371 0.514874
v 1.134120 0.011936 0.403225
v 1.134120 0.011936 0.514874
v 1.215972 0.045840 0.403225
v 1.215972 0.045840 0.514874
v 1.286261 0.099774 0.403225
v 1.286261 0.099774 0.514874
v 1.340195 0.170062 0.403225
v 1.340195 0.170062 0.514874
v 1.374099 0.251915 0.403225
v 1.374099 0.251915 0.514874
v 1.385664 0.339754 0.403225
v 1.385664 0.339754 0.514874
v 1.374099 0.427592 0.403225
v 1.374099 0.427592 0.514874
v 1.340195 0.509445 0.403225
v 1.340195 0.509445 0.514874
v 1.286261 0.579733 0.403225
v 1.286261 0.579733 0.514874
v 1.215972 0.633667 0.403225
v 1.215972 0.633667 0.514874
v 1.134120 0.667572 0.403225
v 1.134120 0.667572 0.514874
v 1.046281 0.679136 0.403225
v 1.046281 0.679136 0.514874
v 0.958443 0.667572 0.403225
v 0.958443 0.667572 0.514874
v 0.876590 0.633667 0.403225
v 0.876590 0.633667 0.514874
v 0.806302 0.579733 0.403225
v 0.806302 0.579733 0.514874
v 0.752368 0.509445 0.403225
v 0.752368 0.509445 0.514874
v 0.718463 0.251915 0.403225
v 0.718463 0.251915 0.514874
v 1.137023 0.182584 0.566711
v 1.115891 0.219187 0.496339
v 1.082314 0.205279 0.496339
v 1.093253 0.164453 0.566711
v 0.723144 0.339754 0.364342
v 0.734154 0.256119 0.364342
v 0.762362 0.339754 0.348236
v 0.772036 0.266270 0.348236
v 0.734154 0.256119 0.553757
v 0.723144 0.339754 0.553757
v 0.772036 0.266270 0.569863
v 0.762362 0.339754 0.569863
v 0.766436 0.178185 0.364342
v 0.800400 0.197794 0.348236
v 0.766436 0.178185 0.553757
v 0.800400 0.197794 0.569863
v 0.817788 0.111261 0.364342
v 0.845520 0.138992 0.348236
v 0.817789 0.111261 0.553757
v 0.845520 0.138992 0.569863
v 0.884713 0.059908 0.364342
v 0.904322 0.093872 0.348236
v 0.884713 0.059908 0.553757
v 0.904322 0.093872 0.569863
v 0.962647 0.027627 0.364342
v 0.972798 0.065509 0.348236
v 0.962647 0.027627 0.553757
v 0.972798 0.065509 0.569863
v 1.046281 0.016616 0.364342
v 1.046281 0.055834 0.348236
v 1.046281 0.016616 0.553757
v 1.046281 0.055834 0.569863
v 1.129915 0.027627 0.364342
v 1.119765 0.065509 0.348236
v 1.129915 0.027627 0.553757
v 1.119765 0.065509 0.569863
v 1.207850 0.059908 0.364342
v 1.188241 0.093872 0.348236
v 1.207850 0.059908 0.553757
v 1.188241 0.093872 0.569863
v 1.274774 0.111261 0.364342
v 1.247043 0.138992 0.348236
v 1.274774 0.111261 0.553757
v 1.247043 0.138992 0.569863
v 1.326127 0.178185 0.364342
v 1.292163 0.197794 0.348236
v 1.326127 0.178185 0.553757
v 1.292163 0.197794 0.569863
v 1.358408 0.256119 0.364342
v 1.320526 0.266270 0.348236
v 1.358408 0.256119 0.553757
v 1.320526 0.266270 0.569863
v 1.369419 0.339754 0.364342
v 1.330201 0.339754 0.348236
v 1.369419 0.339754 0.553757
v 1.330201 0.339754 0.569863
v 1.358408 0.423388 0.364342
v 1.320526 0.413237 0.348236
v 1.358408 0.423388 0.553757
v 1.320526 0.413237 0.569863
v 1.326127 0.501322 0.364342
v 1.292163 0.481713 0.348236
v 1.326127 0.501322 0.553757
v 1.292163 0.481713 0.569863
v 1.274774 0.568246 0.364342
v 1.247043 0.540515 0.348236
v 1.274774 0.568246 0.553757
v 1.247043 0.540515 0.569863
v 1.207850 0.619599 0.364342
v 1.188241 0.585635 0.348236
v 1.207850 0.619599 0.553757
v 1.188241 0.585635 0.569863
v 1.129915 0.651881 0.364342
v 1.119765 0.613999 0.348236
v 1.129915 0.651881 0.553757
v 1.119765 0.613999 0.569863
v 1.046281 0.662891 0.364342
v 1.046281 0.623673 0.348236
v 1.046281 0.662891 0.553757
v 1.046281 0.623673 0.569863
v 0.962647 0.651881 0.364342
v 0.972797 0.613999 0.348236
v 0.962647 0.651881 0.553757
v 0.972797 0.613999 0.569863
v 0.884712 0.619599 0.364342
v 0.904322 0.585635 0.348236
v 0.884713 0.619599 0.553757
v 0.904322 0.585635 0.569863
v 0.817788 0.568246 0.364342
v 0.845520 0.540515 0.348236
v 0.817788 0.568246 0.553757
v 0.845520 0.540515 0.569863
v 0.766436 0.501322 0.364342
v 0.800400 0.481713 0.348236
v 0.766436 0.501322 0.553757
v 0.800400 0.481713 0.569863
v 0.734154 0.423388 0.364342
v 0.772036 0.413237 0.348236
v 0.734154 0.423388 0.553757
v 0.772036 0.413237 0.569863
v 0.851877 0.339754 0.569863
v 0.858501 0.289438 0.569863
v 0.877922 0.242551 0.569863
v 0.908816 0.202289 0.569863
v 0.949079 0.171394 0.569863
v 0.995966 0.151973 0.569863
v 1.046281 0.145349 0.569863
v 1.096597 0.151973 0.569863
v 1.143484 0.171394 0.569863
v 1.183746 0.202289 0.569863
v 1.214641 0.242551 0.569863
v 1.234062 0.289438 0.569863
v 1.240686 0.339754 0.569863
v 1.234062 0.390069 0.569863
v 1.214641 0.436956 0.569863
v 1.183746 0.477218 0.569863
v 1.143484 0.508113 0.569863
v 1.096597 0.527534 0.569863
v 1.046281 0.534158 0.569863
v 0.995966 0.527534 0.569863
v 0.949079 0.508113 0.569863
v 0.908816 0.477218 0.569863
v 0.877922 0.436956 0.569863
v 0.858501 0.390069 0.569863
v 1.227765 0.339754 0.566711
v 1.185500 0.339754 0.496339
v 1.180756 0.303721 0.496339
v 1.221581 0.292782 0.566711
v 0.870981 0.386725 0.566711
v 0.911806 0.375786 0.496339
v 0.925714 0.409363 0.496339
v 0.889111 0.430496 0.566711
v 1.137023 0.496923 0.566711
v 1.115891 0.460321 0.496339
v 1.144724 0.438196 0.496339
v 1.174610 0.468082 0.566711
v 1.174610 0.211425 0.566711
v 1.144724 0.241311 0.496339
v 0.864797 0.339754 0.566711
v 0.907063 0.339754 0.496339
v 1.093253 0.515054 0.566711
v 1.082314 0.474229 0.496339
v 1.203451 0.249012 0.566711
v 1.166848 0.270144 0.496339
v 0.889111 0.249012 0.566711
v 0.925714 0.270144 0.496339
v 0.911806 0.303721 0.496339
v 0.870981 0.292782 0.566711
v 0.917953 0.211425 0.566711
v 0.947839 0.241311 0.496339
v 1.046281 0.521238 0.566711
v 1.046281 0.478972 0.496339
v 1.226983 0.291335 0.569863
v 1.208294 0.246216 0.569863
v 0.955539 0.182584 0.566711
v 0.976672 0.219187 0.496339
v 0.999310 0.515054 0.566711
v 1.010249 0.474229 0.496339
v 0.999310 0.164453 0.566711
v 1.010249 0.205279 0.496339
v 0.955539 0.496923 0.566711
v 0.976672 0.460321 0.496339
v 1.221581 0.386725 0.566711
v 1.180756 0.375786 0.496339
v 1.046281 0.158270 0.566711
v 1.046281 0.200535 0.496339
v 0.917953 0.468082 0.566711
v 0.947839 0.438196 0.496339
v 1.203451 0.430496 0.566711
v 1.166848 0.409363 0.496339
v 0.930075 0.370891 0.539717
v 0.942094 0.399906 0.539717
v 0.952743 0.177741 0.569863
v 0.913998 0.207471 0.569863
v 0.997862 0.520455 0.569863
v 1.046281 0.526830 0.569863
v 1.233357 0.339754 0.569863
v 0.997862 0.159052 0.569863
v 0.952743 0.501766 0.569863
v 1.226983 0.388173 0.569863
v 1.046281 0.152677 0.569863
v 0.913998 0.472036 0.569863
v 1.208294 0.433292 0.569863
v 1.094700 0.159052 0.569863
v 0.884269 0.433292 0.569863
v 1.178564 0.472036 0.569863
v 1.139819 0.177741 0.569863
v 0.865580 0.388173 0.569863
v 0.865580 0.291335 0.569863
v 0.859205 0.339754 0.569863
v 1.139819 0.501766 0.569863
v 1.178564 0.207471 0.569863
v 0.884269 0.246216 0.569863
v 1.094700 0.520455 0.569863
v 0.925976 0.339754 0.539717
v 1.106434 0.443941 0.539717
v 1.131350 0.424823 0.539717
v 1.131350 0.254685 0.539717
v 1.106434 0.235566 0.539717
v 1.088846 0.328348 0.553932
v 1.077099 0.331496 0.519471
v 1.073912 0.323801 0.519471
v 1.084443 0.317721 0.553932
v 1.077419 0.455960 0.539717
v 1.150469 0.279601 0.539717
v 0.942094 0.279601 0.539717
v 0.930075 0.308616 0.539717
v 0.961212 0.254685 0.539717
v 1.046281 0.460059 0.539717
v 1.162488 0.308616 0.539717
v 0.986129 0.235566 0.539717
v 1.015144 0.455960 0.539717
v 1.166587 0.339754 0.539717
v 1.015144 0.223547 0.539717
v 0.986128 0.443941 0.539717
v 1.162488 0.370891 0.539717
v 1.046281 0.219448 0.539717
v 0.961212 0.424823 0.539717
v 1.150469 0.399906 0.539717
v 1.077419 0.223547 0.539717
v 0.947794 0.339754 0.553932
v 0.934933 0.339754 0.549769
v 0.938727 0.310935 0.549769
v 0.951150 0.314263 0.553932
v 0.949851 0.284080 0.549769
v 0.960989 0.290510 0.553932
v 0.967546 0.261019 0.549769
v 0.976640 0.270113 0.553932
v 0.990607 0.243324 0.549769
v 0.997038 0.254461 0.553932
v 1.017462 0.232200 0.549769
v 1.020791 0.244622 0.553932
v 1.046281 0.228406 0.549769
v 1.046281 0.241266 0.553932
v 1.075100 0.232200 0.549769
v 1.071772 0.244622 0.553932
v 1.101955 0.243324 0.549769
v 1.095525 0.254461 0.553932
v 1.125016 0.261019 0.549769
v 1.115922 0.270113 0.553932
v 1.142711 0.284080 0.549769
v 1.131574 0.290510 0.553932
v 1.153835 0.310935 0.549769
v 1.141413 0.314263 0.553932
v 1.157629 0.339754 0.549769
v 1.144769 0.339754 0.553932
v 1.153835 0.368573 0.549769
v 1.141413 0.365244 0.553932
v 1.142711 0.395428 0.549769
v 1.131574 0.388997 0.553932
v 1.125016 0.418488 0.549769
v 1.115922 0.409395 0.553932
v 1.101955 0.436184 0.549769
v 1.095525 0.425046 0.553932
v 1.075100 0.447307 0.549769
v 1.071772 0.434885 0.553932
v 1.046281 0.451102 0.549769
v 1.046281 0.438241 0.553932
v 1.017462 0.447307 0.549769
v 1.020791 0.434885 0.553932
v 0.990607 0.436184 0.549769
v 0.997038 0.425046 0.553932
v 0.967546 0.418489 0.549769
v 0.976640 0.409395 0.553932
v 0.949851 0.395428 0.549769
v 0.960989 0.388997 0.553932
v 0.938727 0.368573 0.549769
v 0.951150 0.365244 0.553932
v 1.002215 0.339754 0.553932
v 1.003717 0.328348 0.553932
v 1.008119 0.317721 0.553932
v 1.015122 0.308594 0.553932
v 1.024248 0.301591 0.553932
v 1.034876 0.297189 0.553932
v 1.046281 0.295688 0.553932
v 1.057686 0.297189 0.553932
v 1.068314 0.301591 0.553932
v 1.077441 0.308594 0.553932
v 1.090347 0.339754 0.553932
v 1.088846 0.351159 0.553932
v 1.084443 0.361787 0.553932
v 1.077441 0.370913 0.553932
v 1.068314 0.377916 0.553932
v 1.057686 0.382318 0.553932
v 1.046281 0.383820 0.553932
v 1.034876 0.382318 0.553932
v 1.024248 0.377916 0.553932
v 1.015122 0.370913 0.553932
v 1.008119 0.361787 0.553932
v 1.003717 0.351159 0.553932
v 1.015463 0.331496 0.519471
v 1.018650 0.323801 0.519471
v 1.023721 0.317193 0.519471
v 1.030329 0.312123 0.519471
v 1.038024 0.308935 0.519471
v 1.046281 0.307848 0.519471
v 1.054539 0.308935 0.519471
v 1.062234 0.312123 0.519471
v 1.068842 0.317193 0.519471
v 1.078187 0.339754 0.519471
v 1.077099 0.348011 0.519471
v 1.073912 0.355706 0.519471
v 1.068842 0.362314 0.519471
v 1.062234 0.367384 0.519471
v 1.054539 0.370572 0.519471
v 1.046281 0.371659 0.519471
v 1.038023 0.370572 0.519471
v 1.030329 0.367384 0.519471
v 1.023721 0.362314 0.519471
v 1.018650 0.355706 0.519471
v 1.015463 0.348011 0.519471
v 1.014376 0.339754 0.519471
v 1.361488 1.354007 0.000000
v 1.361488 1.354007 -0.346041
v 1.361488 1.337000 -0.346248
v 1.361488 1.337000 0.000000
v 1.421497 0.197809 -0.336535
v 1.421497 0.339754 -0.336535
v 1.421497 0.339754 -0.575755
v 1.421497 0.253475 -0.575755
v 1.421497 0.197809 -0.520089
v 1.729334 0.713859 0.000000
v 1.729334 0.713859 -0.452672
v 1.692474 0.707311 -0.452672
v 1.692474 0.707311 0.000000
v 1.442017 1.281336 -0.386303
v 1.446995 1.271504 -0.414169
v 1.396566 1.354007 -0.425450
v 1.409671 1.354007 -0.393811
v 1.408712 0.436867 -0.336535
v 1.408712 0.436867 -0.575755
v 1.371228 0.527362 -0.336535
v 1.371228 0.527362 -0.575755
v 1.311599 0.605071 -0.336535
v 1.311599 0.605071 -0.575755
v 1.233889 0.664700 -0.336535
v 1.233889 0.664700 -0.575755
v 1.143394 0.702185 -0.336535
v 1.143394 0.702185 -0.575755
v 1.046281 0.714970 -0.336535
v 1.046281 0.714970 -0.575755
v 0.849291 0.714970 -0.575755
v 0.849291 0.714970 -0.336535
v 1.408712 0.436867 -0.336535
v 1.421497 0.339754 -0.336535
v 1.421497 0.197809 -0.336535
v 0.849291 0.197809 -0.336535
v 0.849291 0.714970 -0.336535
v 1.046281 0.714970 -0.336535
v 1.143394 0.702185 -0.336535
v 1.233889 0.664700 -0.336535
v 1.311599 0.605071 -0.336535
v 1.371228 0.527362 -0.336535
v 1.770075 0.219734 -0.520089
v 1.770075 0.544297 -0.520089
v 1.770075 0.544297 0.000000
v 1.770075 0.219665 0.000000
v 1.371228 0.527362 -0.575755
v 1.714409 0.532468 -0.575755
v 1.714409 0.275505 -0.575755
v 1.692379 0.253475 -0.575755
v 1.421497 0.253475 -0.575755
v 1.421497 0.339754 -0.575755
v 1.408712 0.436867 -0.575755
v 1.748150 0.197809 -0.520089
v 1.421497 0.197809 -0.520089
v 1.421497 0.253475 -0.575755
v 1.692379 0.253475 -0.575755
v 0.849291 0.197809 0.000000
v 0.849291 0.904059 0.000000
v 0.849291 0.904059 -0.550785
v 0.849291 0.714970 -0.575755
v 0.849291 0.714970 -0.336535
v 0.849291 0.197809 -0.336535
v 1.714409 0.275505 -0.575755
v 1.714409 0.532468 -0.575755
v 1.770075 0.544297 -0.520089
v 1.770075 0.219734 -0.520089
v 0.928836 0.904059 -0.553177
v 1.051495 0.904059 -0.553177
v 1.046281 0.714970 -0.575755
v 0.849291 0.714970 -0.575755
v 1.164160 0.889307 -0.554717
v 1.274005 0.844053 -0.559441
v 1.233889 0.664700 -0.575755
v 1.143394 0.702185 -0.575755
v 1.368332 0.772065 -0.566956
v 1.543822 0.772021 -0.556471
v 1.311599 0.605071 -0.575755
v 1.622746 0.845030 -0.474347
v 1.480796 0.916636 -0.500175
v 1.527865 0.772021 -0.513376
v 1.575305 0.808526 -0.493861
v 1.321853 1.281336 -0.494221
v 0.928836 1.281336 -0.494221
v 0.922390 1.298341 -0.494221
v 1.373517 1.298341 -0.494221
v 1.681611 0.606047 -0.575755
v 1.712338 0.747427 -0.486528
v 1.724356 0.723691 -0.478238
v 0.849291 0.904059 -0.550785
v 0.849291 1.298341 -0.494221
v 1.640409 0.889494 -0.469913
v 1.459013 1.247768 -0.428011
v 1.422153 1.241220 -0.428011
v 1.442017 1.281336 -0.386303
v 1.442017 1.281336 0.000000
v 1.405158 1.274787 0.000000
v 1.405158 1.274787 -0.386303
v 0.928836 1.281336 -0.494221
v 1.321853 1.281336 -0.494221
v 1.321853 1.281336 -0.455601
v 0.928836 1.281336 -0.455601
v 1.051495 0.904059 -0.553177
v 0.928836 0.904059 -0.553177
v 0.928836 0.902387 -0.514644
v 1.051495 0.902387 -0.514644
v 1.724356 0.723691 -0.478238
v 1.729334 0.713859 -0.452672
v 1.274005 0.844053 -0.559441
v 1.164160 0.889307 -0.554717
v 1.164160 0.887634 -0.516184
v 1.274005 0.842381 -0.520908
v 0.928836 0.904059 -0.553177
v 0.928836 1.281336 -0.494221
v 0.928836 1.281336 -0.455601
v 0.928836 0.902387 -0.514644
v 1.503704 0.771649 -0.520268
v 1.368332 0.770393 -0.528423
v 1.368332 0.599582 -0.528423
v 1.575119 0.573147 -0.520268
v 0.941598 1.337000 -0.390372
v 0.910398 1.337000 -0.377448
v 0.897474 1.337000 -0.346248
v 0.897474 1.337000 0.000000
v 1.361488 1.337000 0.000000
v 1.361488 1.337000 -0.346248
v 1.348564 1.337000 -0.377448
v 1.317364 1.337000 -0.390372
v 1.368332 0.772065 -0.566956
v 1.368332 0.770393 -0.528423
v 1.681611 0.606047 -0.575755
v 1.748220 0.197809 0.000000
v 1.748150 0.197809 -0.520089
v 1.770075 0.219734 -0.520089
v 1.770075 0.219665 0.000000
v 1.748150 0.197809 -0.520089
v 1.748220 0.197809 0.000000
v 0.849291 0.197809 0.000000
v 0.849291 0.197809 -0.336535
v 1.421497 0.197809 -0.336535
v 1.421497 0.197809 -0.520089
v 0.897474 1.354007 -0.346041
v 0.897474 1.354007 0.000000
v 0.897474 1.337000 0.000000
v 0.897474 1.337000 -0.346248
v 1.317157 1.354007 -0.390372
v 0.941805 1.354007 -0.390372
v 0.941598 1.337000 -0.390372
v 1.317364 1.337000 -0.390372
v 0.849291 1.298341 -0.494221
v 0.894035 1.354007 -0.438555
v 0.922390 1.298341 -0.494221
v 0.897474 1.354007 0.000000
v 0.897474 1.354007 -0.346041
v 0.849291 1.354007 -0.393811
v 0.849291 1.354007 0.000000
v 1.361488 1.354007 -0.346041
v 1.361488 1.354007 0.000000
v 1.409671 1.354007 0.000000
v 1.409671 1.354007 -0.393811
v 1.442017 1.281336 0.000000
v 1.409671 1.354007 0.000000
v 1.410136 1.264956 -0.414169
v 1.446995 1.271504 -0.414169
v 1.446995 1.271504 -0.414169
v 1.410136 1.264956 -0.414169
v 1.724356 0.723691 -0.478238
v 1.687497 0.717142 -0.478238
v 1.687497 0.717142 -0.478238
v 1.724356 0.723691 -0.478238
v 1.712338 0.747427 -0.486528
v 1.675479 0.740878 -0.486528
v 1.640409 0.889494 -0.469913
v 1.565846 0.866174 -0.545119
v 1.373517 1.298341 -0.494221
v 1.459013 1.247768 -0.428011
v 0.849291 1.354007 -0.393811
v 0.862396 1.354007 -0.425449
v 0.849291 1.298341 -0.494221
v 0.862396 1.354007 -0.425449
v 0.910458 1.354007 -0.377387
v 0.862396 1.354007 -0.425449
v 0.941805 1.354007 -0.390372
v 0.894035 1.354007 -0.438555
v 1.396566 1.354007 -0.425450
v 1.348504 1.354007 -0.377387
v 1.364927 1.354007 -0.438555
v 1.317157 1.354007 -0.390372
v 0.910398 1.337000 -0.377448
v 0.910458 1.354007 -0.377387
v 0.910458 1.354007 -0.377387
v 0.910398 1.337000 -0.377448
v 1.348504 1.354007 -0.377387
v 1.348564 1.337000 -0.377448
v 1.348564 1.337000 -0.377448
v 1.348504 1.354007 -0.377387
v 1.364927 1.354007 -0.438555
v 1.364927 1.354007 -0.438555
v 1.373517 1.298341 -0.494221
v 1.565846 0.866174 -0.545119
v 1.480796 0.916636 -0.538795
v 1.729334 0.713859 0.000000
v 1.321853 1.281336 -0.494221
v 1.480796 0.916636 -0.538795
v 1.480796 0.916636 -0.500175
v 1.321853 1.281336 -0.455601
v 1.675479 0.740878 -0.486528
v 1.622746 0.845030 -0.474347
v 1.622746 0.845030 0.000000
v 1.675479 0.740878 0.000000
v 1.687497 0.717142 -0.478238
v 1.687497 0.717142 0.000000
v 1.692474 0.707311 -0.452672
v 1.692474 0.707311 0.000000
v 1.523534 0.786073 0.000000
v 1.542248 0.773111 -0.477692
v 1.613663 0.576278 -0.477692
v 1.594949 0.609096 0.000000
v 1.321853 1.281336 -0.455601
v 1.410136 1.264956 -0.414169
v 0.928836 1.274787 0.000000
v 0.887936 0.980702 -0.293256
v 0.887936 1.223976 -0.293256
v 0.849291 1.223976 -0.293256
v 0.849291 0.982507 -0.293256
v 1.051495 0.902387 -0.514644
v 0.928836 0.902387 -0.514644
v 0.928836 0.731576 -0.514644
v 1.051495 0.731576 -0.514644
v 1.164160 0.887634 -0.516184
v 1.164160 0.716824 -0.516184
v 1.543822 0.772021 -0.556471
v 1.527865 0.772021 -0.513376
v 1.274005 0.842381 -0.520908
v 1.274005 0.671570 -0.520908
v 1.503704 0.771649 -0.520268
v 1.527865 0.772021 -0.513376
v 1.543822 0.772021 -0.556471
v 1.622746 0.845030 0.000000
v 1.622746 0.845030 -0.474347
v 1.539382 0.884902 -0.490171
v 1.537693 0.890384 0.000000
v 1.527865 0.772021 -0.513376
v 1.603026 0.574218 -0.506796
v 1.603026 0.574218 -0.506796
v 1.527865 0.772021 -0.513376
v 1.368332 0.772065 -0.566956
v 1.368332 0.770393 -0.528423
v 0.887936 0.902387 -0.514644
v 0.887936 0.731576 -0.514644
v 1.368332 0.599582 -0.528423
v 1.274005 0.671570 -0.520908
v 1.274005 0.671570 0.000000
v 1.368332 0.599582 0.000000
v 1.452577 0.430356 0.000000
v 1.452577 0.430356 -0.528423
v 1.051495 0.731576 -0.514644
v 0.928836 0.731576 -0.514644
v 0.928836 0.731576 0.000000
v 1.051495 0.731576 0.000000
v 1.164160 0.716824 -0.516184
v 1.164160 0.716824 0.000000
v 1.613663 0.576278 -0.477692
v 1.575119 0.573147 -0.520268
v 1.587950 0.431613 -0.520268
v 1.626493 0.431613 -0.477692
v 1.603026 0.574218 -0.506796
v 1.575119 0.573147 -0.520268
v 1.613663 0.576278 -0.477692
v 1.587950 0.431613 -0.520268
v 1.452577 0.430356 -0.528423
v 1.452577 0.430356 0.000000
v 1.587950 0.431613 0.000000
v 1.626493 0.431613 -0.477692
v 1.626493 0.431613 0.000000
v 1.452577 0.430356 -0.528423
v 1.587950 0.431613 -0.520268
v 1.626493 0.431613 -0.477692
v 1.626493 0.431613 0.000000
v 0.887936 0.980201 0.000000
v 0.887936 0.980702 -0.293256
v 0.849291 0.982507 -0.293256
v 0.849291 0.982507 0.000000
v 0.849291 0.982507 -0.293256
v 0.849291 1.223976 -0.293256
v 0.849291 1.298341 -0.494221
v 0.887936 0.731576 -0.514644
v 0.887936 0.731576 0.000000
v 0.849291 1.223976 0.000000
v 0.849291 1.354007 0.000000
v 0.849291 1.354007 -0.393811
v 0.887936 1.223976 -0.293256
v 0.887936 1.223976 0.000000
v 0.849291 1.223976 0.000000
v 0.849291 1.223976 -0.293256
v 0.928836 1.281336 -0.455601
v 0.887936 1.281336 -0.455601
v 0.849291 0.982507 0.000000
v 0.887936 0.902387 -0.514644
v 0.887936 0.901639 0.000000
v 0.887936 0.731576 0.000000
v 0.887936 0.731576 -0.514644
v 0.887936 1.223976 -0.293256
v 0.887936 0.980702 -0.293256
v 0.887936 1.281336 -0.455601
v 0.887936 1.223976 0.000000
v 0.887936 1.274787 0.000000
v 0.887936 0.980201 0.000000
v 0.887936 1.274787 0.000000
v 0.887936 1.281336 -0.455601
v 1.537693 0.890384 0.000000
v 1.539382 0.884902 -0.490171
v 1.528953 0.876878 -0.494461
v 1.526788 0.883904 0.000000
v 1.573140 0.815551 0.000000
v 1.575305 0.808526 -0.493861
v 1.527865 0.772021 -0.513376
v 1.542248 0.773111 -0.477692
v 1.523534 0.786073 0.000000
v 1.622746 0.845030 -0.474347
v 1.575305 0.808526 -0.493861
v 1.528953 0.876878 -0.494461
v 1.539382 0.884902 -0.490171
v 1.575305 0.808526 -0.493861
v 1.573140 0.815551 0.000000
v 1.526788 0.883904 0.000000
v 1.528953 0.876878 -0.494461
v 1.361488 1.337000 0.346248
v 1.361488 1.354007 0.346042
v 1.421497 0.197809 0.336535
v 1.421497 0.197809 0.520089
v 1.421497 0.253475 0.575755
v 1.421497 0.339754 0.575755
v 1.421497 0.339754 0.336535
v 1.692474 0.707311 0.452672
v 1.729334 0.713859 0.452672
v 1.442017 1.281336 0.386304
v 1.409671 1.354007 0.393811
v 1.396566 1.354007 0.425450
v 1.446995 1.271504 0.414170
v 1.408712 0.436867 0.575755
v 1.408712 0.436867 0.336535
v 1.371228 0.527362 0.575755
v 1.371228 0.527362 0.336535
v 1.311599 0.605071 0.575755
v 1.311599 0.605071 0.336535
v 1.233889 0.664700 0.575755
v 1.233889 0.664700 0.336535
v 1.143394 0.702185 0.575755
v 1.143394 0.702185 0.336535
v 1.046281 0.714970 0.575755
v 1.046281 0.714970 0.336535
v 0.849291 0.714970 0.575755
v 0.849291 0.714970 0.336535
v 1.408712 0.436867 0.336535
v 1.371228 0.527362 0.336535
v 1.311599 0.605071 0.336535
v 1.233889 0.664700 0.336535
v 1.143394 0.702185 0.336535
v 1.046281 0.714970 0.336535
v 0.849291 0.714970 0.336535
v 0.849291 0.197809 0.336535
v 1.421497 0.197809 0.336535
v 1.421497 0.339754 0.336535
v 1.770075 0.219734 0.520089
v 1.770075 0.544297 0.520089
v 1.371228 0.527362 0.575755
v 1.408712 0.436867 0.575755
v 1.421497 0.339754 0.575755
v 1.421497 0.253475 0.575755
v 1.692380 0.253475 0.575755
v 1.714409 0.275505 0.575755
v 1.714409 0.532468 0.575755
v 1.748150 0.197809 0.520089
v 1.692380 0.253475 0.575755
v 1.421497 0.253475 0.575755
v 1.421497 0.197809 0.520089
v 0.849291 0.197809 0.336535
v 0.849291 0.714970 0.336535
v 0.849291 0.714970 0.575755
v 0.849291 0.904059 0.550785
v 1.714409 0.275505 0.575755
v 1.770075 0.219734 0.520089
v 1.770075 0.544297 0.520089
v 1.714409 0.532468 0.575755
v 0.928836 0.904059 0.553177
v 0.849291 0.714970 0.575755
v 1.046281 0.714970 0.575755
v 1.051495 0.904059 0.553177
v 1.164160 0.889307 0.554717
v 1.143394 0.702185 0.575755
v 1.233889 0.664700 0.575755
v 1.274005 0.844053 0.559441
v 1.368332 0.772065 0.566957
v 1.311599 0.605071 0.575755
v 1.543822 0.772021 0.556471
v 1.622746 0.845030 0.474348
v 1.575306 0.808526 0.493862
v 1.527865 0.772021 0.513376
v 1.480796 0.916636 0.500176
v 1.321853 1.281336 0.494221
v 1.373517 1.298341 0.494221
v 0.922390 1.298341 0.494221
v 0.928836 1.281336 0.494221
v 1.724356 0.723691 0.478238
v 1.712338 0.747427 0.486528
v 1.681611 0.606047 0.575755
v 0.849291 1.298341 0.494221
v 0.849291 0.904059 0.550785
v 1.640409 0.889494 0.469913
v 1.422153 1.241220 0.428012
v 1.459013 1.247768 0.428012
v 1.442017 1.281336 0.386304
v 1.405158 1.274787 0.386304
v 0.928836 1.281336 0.494221
v 0.928836 1.281336 0.455601
v 1.321853 1.281336 0.455601
v 1.321853 1.281336 0.494221
v 1.051495 0.904059 0.553177
v 1.051495 0.902387 0.514644
v 0.928836 0.902387 0.514644
v 0.928836 0.904059 0.553177
v 1.724356 0.723691 0.478238
v 1.729334 0.713859 0.452672
v 1.274005 0.844053 0.559441
v 1.274005 0.842381 0.520909
v 1.164160 0.887634 0.516184
v 1.164160 0.889307 0.554717
v 0.928836 0.904059 0.553177
v 0.928836 0.902387 0.514644
v 0.928836 1.281336 0.455601
v 0.928836 1.281336 0.494221
v 1.503705 0.771649 0.520268
v 1.575119 0.573147 0.520268
v 1.368332 0.599582 0.528424
v 1.368332 0.770393 0.528424
v 0.941598 1.337000 0.390372
v 1.317364 1.337000 0.390372
v 1.348564 1.337000 0.377448
v 1.361488 1.337000 0.346248
v 0.897474 1.337000 0.346248
v 0.910398 1.337000 0.377448
v 1.368332 0.772065 0.566957
v 1.368332 0.770393 0.528424
v 1.681611 0.606047 0.575755
v 1.770075 0.219734 0.520089
v 1.748150 0.197809 0.520089
v 1.748150 0.197809 0.520089
v 1.421497 0.197809 0.520089
v 1.421497 0.197809 0.336535
v 0.849291 0.197809 0.336535
v 0.897474 1.354007 0.346042
v 0.897474 1.337000 0.346248
v 1.317157 1.354007 0.390372
v 1.317364 1.337000 0.390372
v 0.941598 1.337000 0.390372
v 0.941805 1.354007 0.390372
v 0.849291 1.298341 0.494221
v 0.922390 1.298341 0.494221
v 0.894035 1.354007 0.438555
v 0.849291 1.354007 0.393811
v 0.897474 1.354007 0.346042
v 1.361488 1.354007 0.346042
v 1.409671 1.354007 0.393811
v 1.446995 1.271504 0.414170
v 1.410136 1.264956 0.414170
v 1.446995 1.271504 0.414170
v 1.410136 1.264956 0.414170
v 1.687497 0.717142 0.478238
v 1.724356 0.723691 0.478238
v 1.687497 0.717142 0.478238
v 1.675479 0.740878 0.486528
v 1.712338 0.747427 0.486528
v 1.724356 0.723691 0.478238
v 1.640409 0.889494 0.469913
v 1.459013 1.247768 0.428012
v 1.373517 1.298341 0.494221
v 1.565846 0.866174 0.545119
v 0.849291 1.354007 0.393811
v 0.849291 1.298341 0.494221
v 0.862396 1.354007 0.425450
v 0.862396 1.354007 0.425450
v 0.862396 1.354007 0.425450
v 0.910458 1.354007 0.377388
v 0.894035 1.354007 0.438555
v 0.941805 1.354007 0.390372
v 1.348504 1.354007 0.377388
v 1.396566 1.354007 0.425450
v 1.317157 1.354007 0.390372
v 1.364927 1.354007 0.438555
v 0.910458 1.354007 0.377388
v 0.910398 1.337000 0.377448
v 0.910458 1.354007 0.377388
v 0.910398 1.337000 0.377448
v 1.348564 1.337000 0.377448
v 1.348504 1.354007 0.377388
v 1.348564 1.337000 0.377448
v 1.348504 1.354007 0.377388
v 1.364927 1.354007 0.438555
v 1.373517 1.298341 0.494221
v 1.364927 1.354007 0.438555
v 1.565846 0.866174 0.545119
v 1.480796 0.916636 0.538796
v 1.321853 1.281336 0.494221
v 1.321853 1.281336 0.455601
v 1.480796 0.916636 0.500176
v 1.480796 0.916636 0.538796
v 1.675479 0.740878 0.486528
v 1.622746 0.845030 0.474348
v 1.687497 0.717142 0.478238
v 1.692474 0.707311 0.452672
v 1.613663 0.576278 0.477692
v 1.542248 0.773111 0.477692
v 1.321853 1.281336 0.455601
v 1.410136 1.264956 0.414170
v 0.887936 0.980702 0.293256
v 0.849291 0.982507 0.293256
v 0.849291 1.223976 0.293256
v 0.887936 1.223976 0.293256
v 1.051495 0.902387 0.514644
v 1.051495 0.731576 0.514644
v 0.928837 0.731576 0.514644
v 0.928836 0.902387 0.514644
v 1.164160 0.887634 0.516184
v 1.164160 0.716824 0.516184
v 1.527865 0.772021 0.513376
v 1.543822 0.772021 0.556471
v 1.274005 0.842381 0.520909
v 1.274005 0.671570 0.520909
v 1.503705 0.771649 0.520268
v 1.543822 0.772021 0.556471
v 1.527865 0.772021 0.513376
v 1.539382 0.884902 0.490172
v 1.622746 0.845030 0.474348
v 1.603026 0.574218 0.506797
v 1.527865 0.772021 0.513376
v 1.603026 0.574218 0.506797
v 1.527865 0.772021 0.513376
v 1.368332 0.770393 0.528424
v 1.368332 0.772065 0.566957
v 0.887936 0.731576 0.514644
v 0.887936 0.902387 0.514644
v 1.368332 0.599582 0.528424
v 1.274005 0.671570 0.520909
v 1.452577 0.430356 0.528424
v 1.051495 0.731576 0.514644
v 0.928837 0.731576 0.514644
v 1.164160 0.716824 0.516184
v 1.613663 0.576278 0.477692
v 1.626493 0.431613 0.477692
v 1.587950 0.431613 0.520268
v 1.575119 0.573147 0.520268
v 1.603026 0.574218 0.506797
v 1.613663 0.576278 0.477692
v 1.575119 0.573147 0.520268
v 1.587950 0.431613 0.520268
v 1.452577 0.430356 0.528424
v 1.626493 0.431613 0.477692
v 1.587950 0.431613 0.520268
v 1.452577 0.430356 0.528424
v 1.626493 0.431613 0.477692
v 0.849291 0.982507 0.293256
v 0.887936 0.980702 0.293256
v 0.849291 0.982507 0.293256
v 0.849291 1.298341 0.494221
v 0.849291 1.223976 0.293256
v 0.887936 0.731576 0.514644
v 0.849291 1.354007 0.393811
v 0.887936 1.223976 0.293256
v 0.849291 1.223976 0.293256
v 0.887936 1.281336 0.455601
v 0.928836 1.281336 0.455601
v 0.887936 0.902387 0.514644
v 0.887936 0.731576 0.514644
v 0.887936 1.223976 0.293256
v 0.887936 1.281336 0.455601
v 0.887936 0.980702 0.293256
v 0.887936 1.281336 0.455601
v 1.528953 0.876878 0.494461
v 1.539382 0.884902 0.490172
v 1.542248 0.773111 0.477692
v 1.527865 0.772021 0.513376
v 1.575306 0.808526 0.493862
v 1.622746 0.845030 0.474348
v 1.539382 0.884902 0.490172
v 1.528953 0.876878 0.494461
v 1.575306 0.808526 0.493862
v 1.575306 0.808526 0.493862
v 1.528953 0.876878 0.494461
v -1.031309 0.427592 -0.321811
v -1.031309 0.427592 -0.433460
v -1.042874 0.339754 -0.433460
v -1.042874 0.339754 -0.321811
v -0.997405 0.170062 -0.321811
v -0.997405 0.170062 -0.433460
v -0.943471 0.099774 -0.433460
v -0.943471 0.099774 -0.321811
v -0.873182 0.045840 -0.433460
v -0.873182 0.045840 -0.321811
v -0.791330 0.011936 -0.433460
v -0.791330 0.011936 -0.321811
v -0.703491 0.000371 -0.433460
v -0.703491 0.000371 -0.321811
v -0.615653 0.011936 -0.433460
v -0.615653 0.011936 -0.321811
v -0.533800 0.045840 -0.433460
v -0.533800 0.045840 -0.321811
v -0.463512 0.099774 -0.433460
v -0.463512 0.099774 -0.321811
v -0.409578 0.170063 -0.433460
v -0.409578 0.170063 -0.321811
v -0.375673 0.251915 -0.433460
v -0.375673 0.251915 -0.321811
v -0.364109 0.339754 -0.433460
v -0.364109 0.339754 -0.321811
v -0.375673 0.427592 -0.433460
v -0.375673 0.427592 -0.321811
v -0.409578 0.509445 -0.433460
v -0.409578 0.509445 -0.321811
v -0.463512 0.579733 -0.433460
v -0.463512 0.579733 -0.321811
v -0.533800 0.633667 -0.433460
v -0.533800 0.633667 -0.321811
v -0.615653 0.667572 -0.433460
v -0.615653 0.667572 -0.321811
v -0.703491 0.679136 -0.433460
v -0.703491 0.679136 -0.321811
v -0.791330 0.667572 -0.433460
v -0.791330 0.667572 -0.321811
v -0.873182 0.633667 -0.433460
v -0.873182 0.633667 -0.321811
v -0.943471 0.579733 -0.433460
v -0.943471 0.579733 -0.321811
v -0.997405 0.509445 -0.433460
v -0.997405 0.509445 -0.321811
v -1.031309 0.251915 -0.321811
v -1.031309 0.251915 -0.433460
v -0.612749 0.182584 -0.485298
v -0.656520 0.164454 -0.485298
v -0.667459 0.205279 -0.414925
v -0.633882 0.219187 -0.414925
v -1.015618 0.256119 -0.282928
v -1.026629 0.339754 -0.282928
v -0.977736 0.266270 -0.266822
v -0.987411 0.339754 -0.266822
v -1.026629 0.339754 -0.472343
v -1.015618 0.256119 -0.472343
v -0.987411 0.339754 -0.488449
v -0.977736 0.266270 -0.488449
v -0.983337 0.178185 -0.282928
v -0.949373 0.197794 -0.266822
v -0.983337 0.178185 -0.472343
v -0.949373 0.197794 -0.488449
v -0.931984 0.111261 -0.282928
v -0.904253 0.138992 -0.266822
v -0.931984 0.111261 -0.472343
v -0.904253 0.138992 -0.488449
v -0.865060 0.059908 -0.282928
v -0.845451 0.093872 -0.266822
v -0.865060 0.059908 -0.472343
v -0.845451 0.093872 -0.488449
v -0.787125 0.027627 -0.282928
v -0.776975 0.065509 -0.266822
v -0.787125 0.027627 -0.472343
v -0.776975 0.065509 -0.488449
v -0.703491 0.016616 -0.282928
v -0.703491 0.055834 -0.266822
v -0.703491 0.016616 -0.472343
v -0.703491 0.055834 -0.488449
v -0.619857 0.027627 -0.282928
v -0.630008 0.065509 -0.266822
v -0.619857 0.027627 -0.472343
v -0.630008 0.065509 -0.488449
v -0.541922 0.059908 -0.282928
v -0.561532 0.093872 -0.266822
v -0.541923 0.059908 -0.472343
v -0.561532 0.093872 -0.488449
v -0.474999 0.111261 -0.282928
v -0.502730 0.138992 -0.266822
v -0.474999 0.111261 -0.472343
v -0.502730 0.138992 -0.488449
v -0.423646 0.178185 -0.282928
v -0.457610 0.197794 -0.266822
v -0.423646 0.178185 -0.472343
v -0.457610 0.197794 -0.488449
v -0.391364 0.256119 -0.282928
v -0.429246 0.266270 -0.266822
v -0.391364 0.256119 -0.472343
v -0.429246 0.266270 -0.488449
v -0.380354 0.339754 -0.282928
v -0.419572 0.339754 -0.266822
v -0.380354 0.339754 -0.472343
v -0.419572 0.339754 -0.488449
v -0.391364 0.423388 -0.282928
v -0.429246 0.413237 -0.266822
v -0.391364 0.423388 -0.472343
v -0.429246 0.413237 -0.488449
v -0.423646 0.501322 -0.282928
v -0.457610 0.481713 -0.266822
v -0.423646 0.501322 -0.472343
v -0.457610 0.481713 -0.488449
v -0.474999 0.568246 -0.282928
v -0.502730 0.540515 -0.266822
v -0.474999 0.568246 -0.472343
v -0.502730 0.540515 -0.488449
v -0.541923 0.619599 -0.282928
v -0.561532 0.585635 -0.266822
v -0.541923 0.619599 -0.472343
v -0.561532 0.585635 -0.488449
v -0.619857 0.651881 -0.282928
v -0.630008 0.613999 -0.266822
v -0.619857 0.651881 -0.472343
v -0.630008 0.613999 -0.488449
v -0.703491 0.662891 -0.282928
v -0.703491 0.623673 -0.266822
v -0.703491 0.662891 -0.472343
v -0.703491 0.623673 -0.488449
v -0.787125 0.651881 -0.282928
v -0.776975 0.613999 -0.266822
v -0.787125 0.651881 -0.472343
v -0.776975 0.613999 -0.488449
v -0.865060 0.619599 -0.282928
v -0.845451 0.585635 -0.266822
v -0.865060 0.619599 -0.472343
v -0.845451 0.585635 -0.488449
v -0.931984 0.568246 -0.282928
v -0.904253 0.540515 -0.266822
v -0.931984 0.568246 -0.472343
v -0.904253 0.540515 -0.488449
v -0.983337 0.501322 -0.282928
v -0.949373 0.481713 -0.266822
v -0.983337 0.501322 -0.472343
v -0.949373 0.481713 -0.488449
v -1.015618 0.423388 -0.282928
v -0.977736 0.413237 -0.266822
v -1.015618 0.423388 -0.472343
v -0.977736 0.413237 -0.488449
v -0.897896 0.339754 -0.488449
v -0.891272 0.289438 -0.488449
v -0.871851 0.242551 -0.488449
v -0.840956 0.202289 -0.488449
v -0.800694 0.171394 -0.488449
v -0.753807 0.151973 -0.488449
v -0.703491 0.145349 -0.488449
v -0.653176 0.151973 -0.488449
v -0.606289 0.171394 -0.488449
v -0.566027 0.202289 -0.488449
v -0.535132 0.242551 -0.488449
v -0.515711 0.289438 -0.488449
v -0.509087 0.339754 -0.488449
v -0.515711 0.390069 -0.488449
v -0.535132 0.436956 -0.488449
v -0.566027 0.477218 -0.488449
v -0.606289 0.508113 -0.488449
v -0.653176 0.527534 -0.488449
v -0.703491 0.534158 -0.488449
v -0.753807 0.527534 -0.488449
v -0.800694 0.508113 -0.488449
v -0.840956 0.477218 -0.488449
v -0.871851 0.436956 -0.488449
v -0.891272 0.390069 -0.488449
v -0.522007 0.339754 -0.485298
v -0.528191 0.292782 -0.485298
v -0.569016 0.303721 -0.414925
v -0.564273 0.339754 -0.414925
v -0.878791 0.386725 -0.485298
v -0.860661 0.430496 -0.485298
v -0.824058 0.409363 -0.414925
v -0.837966 0.375786 -0.414925
v -0.612749 0.496923 -0.485298
v -0.575163 0.468082 -0.485298
v -0.605049 0.438196 -0.414925
v -0.633882 0.460321 -0.414925
v -0.575163 0.211425 -0.485298
v -0.605049 0.241311 -0.414925
v -0.884975 0.339754 -0.485298
v -0.842710 0.339754 -0.414925
v -0.656520 0.515054 -0.485298
v -0.667459 0.474229 -0.414925
v -0.546322 0.249012 -0.485298
v -0.582924 0.270144 -0.414925
v -0.860661 0.249012 -0.485298
v -0.878791 0.292782 -0.485298
v -0.837966 0.303721 -0.414925
v -0.824058 0.270144 -0.414925
v -0.831820 0.211425 -0.485298
v -0.801934 0.241311 -0.414925
v -0.703491 0.521238 -0.485298
v -0.703491 0.478972 -0.414925
v -0.541479 0.246216 -0.488449
v -0.522790 0.291335 -0.488449
v -0.794233 0.182584 -0.485298
v -0.773101 0.219187 -0.414925
v -0.750463 0.515054 -0.485298
v -0.739524 0.474229 -0.414925
v -0.750463 0.164454 -0.485298
v -0.739524 0.205279 -0.414925
v -0.794233 0.496923 -0.485298
v -0.773101 0.460321 -0.414925
v -0.528191 0.386725 -0.485298
v -0.569016 0.375786 -0.414925
v -0.703491 0.158270 -0.485298
v -0.703491 0.200535 -0.414925
v -0.831820 0.468082 -0.485298
v -0.801934 0.438196 -0.414925
v -0.546322 0.430496 -0.485298
v -0.582924 0.409363 -0.414925
v -0.807679 0.399906 -0.458303
v -0.819698 0.370891 -0.458303
v -0.835774 0.207471 -0.488449
v -0.797029 0.177741 -0.488449
v -0.703491 0.526830 -0.488449
v -0.751910 0.520455 -0.488449
v -0.516415 0.339754 -0.488449
v -0.751910 0.159052 -0.488449
v -0.797029 0.501766 -0.488449
v -0.522790 0.388173 -0.488449
v -0.703491 0.152677 -0.488449
v -0.835774 0.472036 -0.488449
v -0.541479 0.433292 -0.488449
v -0.655072 0.159052 -0.488449
v -0.865504 0.433292 -0.488449
v -0.571208 0.472036 -0.488449
v -0.609953 0.177741 -0.488449
v -0.884193 0.388173 -0.488449
v -0.890567 0.339754 -0.488449
v -0.884193 0.291335 -0.488449
v -0.609953 0.501766 -0.488449
v -0.571208 0.207471 -0.488449
v -0.865504 0.246216 -0.488449
v -0.655072 0.520455 -0.488449
v -0.823797 0.339754 -0.458303
v -0.618422 0.424823 -0.458303
v -0.643339 0.443941 -0.458303
v -0.643339 0.235566 -0.458303
v -0.618422 0.254685 -0.458303
v -0.660927 0.328348 -0.472518
v -0.665329 0.317721 -0.472518
v -0.675861 0.323801 -0.438057
v -0.672673 0.331496 -0.438057
v -0.672354 0.455960 -0.458303
v -0.599304 0.279601 -0.458303
v -0.819698 0.308616 -0.458303
v -0.807679 0.279601 -0.458303
v -0.788560 0.254685 -0.458303
v -0.703491 0.460059 -0.458303
v -0.587285 0.308616 -0.458303
v -0.763644 0.235566 -0.458303
v -0.734629 0.455960 -0.458303
v -0.583186 0.339754 -0.458303
v -0.734629 0.223547 -0.458303
v -0.763644 0.443941 -0.458303
v -0.587285 0.370891 -0.458303
v -0.703491 0.219448 -0.458303
v -0.788560 0.424823 -0.458303
v -0.599304 0.399906 -0.458303
v -0.672354 0.223547 -0.458303
v -0.801979 0.339754 -0.472518
v -0.798623 0.314263 -0.472518
v -0.811045 0.310935 -0.468355
v -0.814839 0.339754 -0.468355
v -0.788784 0.290510 -0.472518
v -0.799921 0.284080 -0.468355
v -0.773132 0.270113 -0.472518
v -0.782226 0.261019 -0.468355
v -0.752735 0.254461 -0.472518
v -0.759165 0.243324 -0.468355
v -0.728982 0.244622 -0.472518
v -0.732310 0.232200 -0.468355
v -0.703491 0.241266 -0.472518
v -0.703491 0.228406 -0.468355
v -0.678001 0.244622 -0.472518
v -0.674672 0.232200 -0.468355
v -0.654248 0.254461 -0.472518
v -0.647817 0.243324 -0.468355
v -0.633850 0.270113 -0.472518
v -0.624756 0.261019 -0.468355
v -0.618199 0.290510 -0.472518
v -0.607061 0.284080 -0.468355
v -0.608360 0.314263 -0.472518
v -0.595937 0.310935 -0.468355
v -0.605004 0.339754 -0.472518
v -0.592143 0.339754 -0.468355
v -0.608360 0.365244 -0.472518
v -0.595937 0.368573 -0.468355
v -0.618199 0.388997 -0.472518
v -0.607061 0.395428 -0.468355
v -0.633850 0.409395 -0.472518
v -0.624756 0.418488 -0.468355
v -0.654248 0.425046 -0.472518
v -0.647817 0.436184 -0.468355
v -0.678001 0.434885 -0.472518
v -0.674672 0.447307 -0.468355
v -0.703491 0.438241 -0.472518
v -0.703491 0.451102 -0.468355
v -0.728982 0.434885 -0.472518
v -0.732310 0.447307 -0.468355
v -0.752735 0.425046 -0.472518
v -0.759165 0.436184 -0.468355
v -0.773132 0.409395 -0.472518
v -0.782226 0.418489 -0.468355
v -0.788784 0.388997 -0.472518
v -0.799921 0.395428 -0.468355
v -0.798623 0.365244 -0.472518
v -0.811045 0.368573 -0.468355
v -0.747557 0.339754 -0.472518
v -0.746056 0.328348 -0.472518
v -0.741654 0.317721 -0.472518
v -0.734651 0.308594 -0.472518
v -0.725524 0.301591 -0.472518
v -0.714896 0.297189 -0.472518
v -0.703491 0.295688 -0.472518
v -0.692086 0.297189 -0.472518
v -0.681458 0.301591 -0.472518
v -0.672332 0.308594 -0.472518
v -0.659425 0.339754 -0.472518
v -0.660927 0.351159 -0.472518
v -0.665329 0.361787 -0.472518
v -0.672332 0.370913 -0.472518
v -0.681458 0.377916 -0.472518
v -0.692086 0.382318 -0.472518
v -0.703491 0.383820 -0.472518
v -0.714896 0.382318 -0.472518
v -0.725524 0.377916 -0.472518
v -0.734651 0.370913 -0.472518
v -0.741654 0.361787 -0.472518
v -0.746056 0.351159 -0.472518
v -0.734309 0.331496 -0.438057
v -0.735397 0.339754 -0.438057
v -0.734310 0.348011 -0.438057
v -0.731122 0.355706 -0.438057
v -0.726052 0.362314 -0.438057
v -0.719444 0.367384 -0.438057
v -0.711749 0.370572 -0.438057
v -0.703491 0.371659 -0.438057
v -0.695234 0.370572 -0.438057
v -0.687539 0.367384 -0.438057
v -0.680931 0.362314 -0.438057
v -0.675861 0.355706 -0.438057
v -0.672673 0.348011 -0.438057
v -0.671586 0.339754 -0.438057
v -0.680931 0.317193 -0.438057
v -0.687539 0.312123 -0.438057
v -0.695234 0.308935 -0.438057
v -0.703491 0.307848 -0.438057
v -0.711749 0.308935 -0.438057
v -0.719444 0.312123 -0.438057
v -0.726052 0.317193 -0.438057
v -0.731122 0.323801 -0.438057
v -1.031309 0.427592 0.321811
v -1.042874 0.339754 0.321811
v -1.042874 0.339754 0.433461
v -1.031309 0.427592 0.433461
v -0.997405 0.170062 0.321811
v -0.943471 0.099774 0.321811
v -0.943471 0.099774 0.433461
v -0.997405 0.170062 0.433461
v -0.873182 0.045840 0.321811
v -0.873182 0.045840 0.433461
v -0.791330 0.011936 0.321811
v -0.791330 0.011936 0.433461
v -0.703491 0.000371 0.321811
v -0.703491 0.000371 0.433461
v -0.615653 0.011936 0.321811
v -0.615653 0.011936 0.433461
v -0.533800 0.045840 0.321811
v -0.533800 0.045840 0.433461
v -0.463512 0.099774 0.321811
v -0.463512 0.099774 0.433461
v -0.409578 0.170063 0.321811
v -0.409578 0.170063 0.433461
v -0.375673 0.251915 0.321811
v -0.375673 0.251915 0.433461
v -0.364109 0.339754 0.321811
v -0.364109 0.339754 0.433461
v -0.375673 0.427592 0.321811
v -0.375673 0.427592 0.433461
v -0.409578 0.509445 0.321811
v -0.409578 0.509445 0.433461
v -0.463512 0.579733 0.321811
v -0.463512 0.579733 0.433461
v -0.533800 0.633667 0.321811
v -0.533800 0.633667 0.433461
v -0.615653 0.667572 0.321811
v -0.615653 0.667572 0.433461
v -0.703491 0.679136 0.321811
v -0.703491 0.679136 0.433461
v -0.791330 0.667572 0.321811
v -0.791330 0.667572 0.433461
v -0.873182 0.633667 0.321811
v -0.873182 0.633667 0.433461
v -0.943471 0.579733 0.321811
v -0.943471 0.579733 0.433461
v -0.997405 0.509445 0.321811
v -0.997405 0.509445 0.433461
v -1.031309 0.251915 0.321811
v -1.031309 0.251915 0.433461
v -0.612749 0.182584 0.485298
v -0.633882 0.219187 0.414926
v -0.667459 0.205279 0.414926
v -0.656520 0.164454 0.485298
v -1.026629 0.339754 0.282929
v -1.015618 0.256119 0.282929
v -0.987411 0.339754 0.266823
v -0.977736 0.266270 0.266823
v -1.015618 0.256119 0.472344
v -1.026629 0.339754 0.472344
v -0.977736 0.266270 0.488450
v -0.987411 0.339754 0.488450
v -0.983337 0.178185 0.282929
v -0.949373 0.197794 0.266823
v -0.983337 0.178185 0.472344
v -0.949373 0.197794 0.488450
v -0.931984 0.111261 0.282929
v -0.904253 0.138992 0.266823
v -0.931984 0.111261 0.472344
v -0.904253 0.138992 0.488450
v -0.865060 0.059908 0.282929
v -0.845451 0.093872 0.266823
v -0.865060 0.059908 0.472344
v -0.845451 0.093872 0.488450
v -0.787125 0.027627 0.282929
v -0.776975 0.065509 0.266823
v -0.787125 0.027627 0.472344
v -0.776975 0.065509 0.488450
v -0.703491 0.016616 0.282929
v -0.703491 0.055834 0.266823
v -0.703491 0.016616 0.472344
v -0.703491 0.055834 0.488450
v -0.619857 0.027627 0.282929
v -0.630008 0.065509 0.266823
v -0.619857 0.027627 0.472344
v -0.630008 0.065509 0.488450
v -0.541922 0.059908 0.282929
v -0.561532 0.093872 0.266823
v -0.541923 0.059908 0.472344
v -0.561532 0.093872 0.488450
v -0.474999 0.111261 0.282929
v -0.502730 0.138992 0.266823
v -0.474999 0.111261 0.472344
v -0.502730 0.138992 0.488450
v -0.423646 0.178185 0.282929
v -0.457610 0.197794 0.266823
v -0.423646 0.178185 0.472344
v -0.457610 0.197794 0.488450
v -0.391364 0.256119 0.282929
v -0.429246 0.266270 0.266823
v -0.391364 0.256119 0.472344
v -0.429246 0.266270 0.488450
v -0.380354 0.339754 0.282929
v -0.419572 0.339754 0.266823
v -0.380354 0.339754 0.472344
v -0.419572 0.339754 0.488450
v -0.391364 0.423388 0.282929
v -0.429246 0.413237 0.266823
v -0.391364 0.423388 0.472344
v -0.429246 0.413237 0.488450
v -0.423646 0.501323 0.282929
v -0.457610 0.481713 0.266823
v -0.423646 0.501322 0.472344
v -0.457610 0.481713 0.488450
v -0.474999 0.568246 0.282929
v -0.502730 0.540515 0.266823
v -0.474999 0.568246 0.472344
v -0.502730 0.540515 0.488450
v -0.541923 0.619599 0.282929
v -0.561532 0.585635 0.266823
v -0.541923 0.619599 0.472344
v -0.561532 0.585635 0.488450
v -0.619857 0.651881 0.282929
v -0.630008 0.613999 0.266823
v -0.619857 0.651881 0.472344
v -0.630008 0.613999 0.488450
v -0.703491 0.662891 0.282929
v -0.703491 0.623673 0.266823
v -0.703491 0.662891 0.472344
v -0.703491 0.623673 0.488450
v -0.787125 0.651881 0.282929
v -0.776975 0.613999 0.266823
v -0.787125 0.651881 0.472344
v -0.776975 0.613999 0.488450
v -0.865060 0.619599 0.282929
v -0.845451 0.585635 0.266823
v -0.865060 0.619599 0.472344
v -0.845451 0.585635 0.488450
v -0.931984 0.568246 0.282929
v -0.904253 0.540515 0.266823
v -0.931984 0.568246 0.472344
v -0.904253 0.540515 0.488450
v -0.983337 0.501322 0.282929
v -0.949373 0.481713 0.266823
v -0.983337 0.501322 0.472344
v -0.949373 0.481713 0.488450
v -1.015618 0.423388 0.282929
v -0.977736 0.413237 0.266823
v -1.015618 0.423388 0.472344
v -0.977736 0.413237 0.488450
v -0.897896 0.339754 0.488450
v -0.891272 0.289438 0.488450
v -0.871851 0.242551 0.488450
v -0.840956 0.202289 0.488450
v -0.800694 0.171394 0.488450
v -0.753807 0.151973 0.488450
v -0.703491 0.145349 0.488450
v -0.653176 0.151973 0.488450
v -0.606289 0.171394 0.488450
v -0.566027 0.202289 0.488450
v -0.535132 0.242551 0.488450
v -0.515711 0.289438 0.488450
v -0.509087 0.339754 0.488450
v -0.515711 0.390069 0.488450
v -0.535132 0.436956 0.488450
v -0.566027 0.477218 0.488450
v -0.606289 0.508113 0.488450
v -0.653176 0.527534 0.488450
v -0.703491 0.534158 0.488450
v -0.753807 0.527534 0.488450
v -0.800694 0.508113 0.488450
v -0.840956 0.477218 0.488450
v -0.871851 0.436956 0.488450
v -0.891272 0.390069 0.488450
v -0.522007 0.339754 0.485298
v -0.564273 0.339754 0.414926
v -0.569016 0.303721 0.414926
v -0.528191 0.292782 0.485298
v -0.878791 0.386725 0.485298
v -0.837966 0.375786 0.414926
v -0.824058 0.409363 0.414926
v -0.860661 0.430496 0.485298
v -0.612749 0.496924 0.485298
v -0.633882 0.460321 0.414926
v -0.605049 0.438196 0.414926
v -0.575163 0.468082 0.485298
v -0.575163 0.211425 0.485298
v -0.605049 0.241311 0.414926
v -0.884975 0.339754 0.485298
v -0.842710 0.339754 0.414926
v -0.656520 0.515054 0.485298
v -0.667459 0.474229 0.414926
v -0.546322 0.249012 0.485298
v -0.582924 0.270144 0.414926
v -0.860661 0.249012 0.485298
v -0.824058 0.270144 0.414926
v -0.837966 0.303721 0.414926
v -0.878791 0.292782 0.485298
v -0.831820 0.211425 0.485298
v -0.801934 0.241311 0.414926
v -0.703491 0.521238 0.485298
v -0.703491 0.478972 0.414926
v -0.522790 0.291335 0.488450
v -0.541479 0.246216 0.488450
v -0.794233 0.182584 0.485298
v -0.773101 0.219187 0.414926
v -0.750463 0.515054 0.485298
v -0.739524 0.474229 0.414926
v -0.750463 0.164454 0.485298
v -0.739524 0.205279 0.414926
v -0.794233 0.496924 0.485298
v -0.773101 0.460321 0.414926
v -0.528191 0.386725 0.485298
v -0.569016 0.375786 0.414926
v -0.703491 0.158270 0.485298
v -0.703491 0.200535 0.414926
v -0.831820 0.468082 0.485298
v -0.801934 0.438196 0.414926
v -0.546322 0.430496 0.485298
v -0.582924 0.409363 0.414926
v -0.819698 0.370891 0.458304
v -0.807679 0.399906 0.458304
v -0.797029 0.177741 0.488450
v -0.835774 0.207471 0.488450
v -0.751910 0.520455 0.488450
v -0.703491 0.526830 0.488450
v -0.516415 0.339754 0.488450
v -0.751910 0.159052 0.488450
v -0.797029 0.501766 0.488450
v -0.522790 0.388173 0.488450
v -0.703491 0.152677 0.488450
v -0.835774 0.472036 0.488450
v -0.541479 0.433292 0.488450
v -0.655072 0.159052 0.488450
v -0.865504 0.433292 0.488450
v -0.571208 0.472036 0.488450
v -0.609953 0.177741 0.488450
v -0.884193 0.388173 0.488450
v -0.884193 0.291335 0.488450
v -0.890567 0.339754 0.488450
v -0.609953 0.501766 0.488450
v -0.571208 0.207471 0.488450
v -0.865504 0.246216 0.488450
v -0.655072 0.520455 0.488450
v -0.823797 0.339754 0.458304
v -0.643339 0.443941 0.458304
v -0.618422 0.424823 0.458304
v -0.618422 0.254685 0.458304
v -0.643339 0.235566 0.458304
v -0.660927 0.328349 0.472519
v -0.672673 0.331496 0.438057
v -0.675861 0.323801 0.438057
v -0.665329 0.317721 0.472519
v -0.672354 0.455960 0.458304
v -0.599304 0.279601 0.458304
v -0.807679 0.279601 0.458304
v -0.819698 0.308616 0.458304
v -0.788560 0.254685 0.458304
v -0.703491 0.460059 0.458304
v -0.587285 0.308616 0.458304
v -0.763644 0.235566 0.458304
v -0.734629 0.455960 0.458304
v -0.583186 0.339754 0.458304
v -0.734629 0.223547 0.458304
v -0.763644 0.443941 0.458304
v -0.587285 0.370891 0.458304
v -0.703491 0.219448 0.458304
v -0.788560 0.424823 0.458304
v -0.599304 0.399906 0.458304
v -0.672354 0.223547 0.458304
v -0.801979 0.339754 0.472519
v -0.814839 0.339754 0.468355
v -0.811045 0.310935 0.468355
v -0.798623 0.314263 0.472519
v -0.799921 0.284080 0.468355
v -0.788784 0.290510 0.472519
v -0.782226 0.261019 0.468355
v -0.773132 0.270113 0.472519
v -0.759165 0.243324 0.468355
v -0.752735 0.254461 0.472519
v -0.732310 0.232200 0.468355
v -0.728982 0.244622 0.472519
v -0.703491 0.228406 0.468355
v -0.703491 0.241266 0.472519
v -0.674672 0.232200 0.468355
v -0.678001 0.244622 0.472519
v -0.647817 0.243324 0.468355
v -0.654248 0.254461 0.472519
v -0.624756 0.261019 0.468355
v -0.633850 0.270113 0.472519
v -0.607061 0.284080 0.468355
v -0.618199 0.290510 0.472519
v -0.595937 0.310935 0.468355
v -0.608360 0.314263 0.472519
v -0.592143 0.339754 0.468355
v -0.605004 0.339754 0.472519
v -0.595937 0.368573 0.468355
v -0.608360 0.365244 0.472519
v -0.607061 0.395428 0.468355
v -0.618199 0.388997 0.472519
v -0.624756 0.418489 0.468355
v -0.633850 0.409395 0.472519
v -0.647817 0.436184 0.468355
v -0.654248 0.425046 0.472519
v -0.674672 0.447307 0.468355
v -0.678001 0.434885 0.472519
v -0.703491 0.451102 0.468355
v -0.703491 0.438241 0.472519
v -0.732310 0.447307 0.468355
v -0.728982 0.434885 0.472519
v -0.759165 0.436184 0.468355
v -0.752735 0.425046 0.472519
v -0.782226 0.418489 0.468355
v -0.773132 0.409395 0.472519
v -0.799921 0.395428 0.468355
v -0.788784 0.388997 0.472519
v -0.811045 0.368573 0.468355
v -0.798623 0.365244 0.472519
v -0.747557 0.339754 0.472519
v -0.746056 0.328349 0.472519
v -0.741654 0.317721 0.472519
v -0.734651 0.308594 0.472519
v -0.725524 0.301591 0.472519
v -0.714896 0.297189 0.472519
v -0.703491 0.295688 0.472519
v -0.692086 0.297189 0.472519
v -0.681458 0.301591 0.472519
v -0.672332 0.308594 0.472519
v -0.659425 0.339754 0.472519
v -0.660927 0.351159 0.472519
v -0.665329 0.361787 0.472519
v -0.672332 0.370913 0.472519
v -0.681458 0.377916 0.472519
v -0.692086 0.382318 0.472519
v -0.703491 0.383820 0.472519
v -0.714896 0.382318 0.472519
v -0.725524 0.377916 0.472519
v -0.734651 0.370913 0.472519
v -0.741654 0.361787 0.472519
v -0.746056 0.351159 0.472519
v -0.734309 0.331496 0.438057
v -0.731122 0.323801 0.438057
v -0.726052 0.317193 0.438057
v -0.719444 0.312123 0.438057
v -0.711749 0.308935 0.438057
v -0.703491 0.307848 0.438057
v -0.695234 0.308936 0.438057
v -0.687539 0.312123 0.438057
v -0.680931 0.317193 0.438057
v -0.671586 0.339754 0.438057
v -0.672673 0.348011 0.438057
v -0.675861 0.355706 0.438057
v -0.680931 0.362314 0.438057
v -0.687539 0.367384 0.438057
v -0.695234 0.370572 0.438057
v -0.703491 0.371659 0.438057
v -0.711749 0.370572 0.438057
v -0.719444 0.367384 0.438057
v -0.726052 0.362314 0.438057
v -0.731122 0.355706 0.438057
v -0.734310 0.348011 0.438057
v -0.735397 0.339754 0.438057
v -1.031309 0.427592 -0.533767
v -1.031309 0.427592 -0.645416
v -1.042874 0.339754 -0.645416
v -1.042874 0.339754 -0.533767
v -0.997405 0.170062 -0.533767
v -0.997405 0.170062 -0.645416
v -0.943471 0.099774 -0.645416
v -0.943471 0.099774 -0.533767
v -0.873183 0.045840 -0.645416
v -0.873183 0.045840 -0.533767
v -0.791330 0.011936 -0.645416
v -0.791330 0.011936 -0.533767
v -0.703491 0.000371 -0.645416
v -0.703491 0.000371 -0.533767
v -0.615653 0.011936 -0.645416
v -0.615653 0.011936 -0.533767
v -0.533800 0.045840 -0.645416
v -0.533800 0.045840 -0.533767
v -0.463512 0.099774 -0.645416
v -0.463512 0.099774 -0.533767
v -0.409578 0.170063 -0.645416
v -0.409578 0.170063 -0.533767
v -0.375673 0.251915 -0.645416
v -0.375673 0.251915 -0.533767
v -0.364109 0.339754 -0.645416
v -0.364109 0.339754 -0.533767
v -0.375673 0.427592 -0.645416
v -0.375673 0.427592 -0.533767
v -0.409578 0.509445 -0.645416
v -0.409578 0.509445 -0.533767
v -0.463512 0.579733 -0.645416
v -0.463512 0.579733 -0.533767
v -0.533800 0.633667 -0.645416
v -0.533800 0.633667 -0.533767
v -0.615653 0.667572 -0.645416
v -0.615653 0.667572 -0.533767
v -0.703491 0.679136 -0.645416
v -0.703491 0.679136 -0.533767
v -0.791330 0.667572 -0.645416
v -0.791330 0.667572 -0.533767
v -0.873183 0.633667 -0.645416
v -0.873183 0.633667 -0.533767
v -0.943471 0.579733 -0.645416
v -0.943471 0.579733 -0.533767
v -0.997405 0.509445 -0.645416
v -0.997405 0.509445 -0.533767
v -1.031309 0.251915 -0.533767
v -1.031309 0.251915 -0.645416
v -0.612749 0.182584 -0.697254
v -0.656520 0.164454 -0.697254
v -0.667459 0.205279 -0.626881
v -0.633882 0.219187 -0.626881
v -1.015618 0.256119 -0.494884
v -1.026629 0.339754 -0.494884
v -0.977736 0.266270 -0.478778
v -0.987411 0.339754 -0.478778
v -1.026629 0.339754 -0.684299
v -1.015618 0.256119 -0.684299
v -0.987411 0.339754 -0.700405
v -0.977736 0.266270 -0.700405
v -0.983337 0.178185 -0.494884
v -0.949373 0.197794 -0.478778
v -0.983337 0.178185 -0.684299
v -0.949373 0.197794 -0.700405
v -0.931984 0.111261 -0.494884
v -0.904253 0.138992 -0.478778
v -0.931984 0.111261 -0.684299
v -0.904253 0.138992 -0.700405
v -0.865060 0.059908 -0.494884
v -0.845451 0.093872 -0.478778
v -0.865060 0.059908 -0.684299
v -0.845451 0.093872 -0.700405
v -0.787126 0.027627 -0.494884
v -0.776975 0.065509 -0.478778
v -0.787126 0.027627 -0.684299
v -0.776975 0.065509 -0.700405
v -0.703491 0.016616 -0.494884
v -0.703491 0.055834 -0.478778
v -0.703491 0.016616 -0.684299
v -0.703491 0.055834 -0.700405
v -0.619857 0.027627 -0.494884
v -0.630008 0.065509 -0.478778
v -0.619857 0.027627 -0.684299
v -0.630008 0.065509 -0.700405
v -0.541923 0.059908 -0.494884
v -0.561532 0.093872 -0.478778
v -0.541923 0.059908 -0.684299
v -0.561532 0.093872 -0.700405
v -0.474999 0.111261 -0.494884
v -0.502730 0.138992 -0.478778
v -0.474999 0.111261 -0.684299
v -0.502730 0.138992 -0.700405
v -0.423646 0.178185 -0.494884
v -0.457610 0.197794 -0.478778
v -0.423646 0.178185 -0.684299
v -0.457610 0.197794 -0.700405
v -0.391365 0.256119 -0.494884
v -0.429247 0.266270 -0.478778
v -0.391365 0.256119 -0.684299
v -0.429247 0.266270 -0.700405
v -0.380354 0.339754 -0.494884
v -0.419572 0.339754 -0.478778
v -0.380354 0.339754 -0.684299
v -0.419572 0.339754 -0.700405
v -0.391365 0.423388 -0.494884
v -0.429247 0.413237 -0.478778
v -0.391365 0.423388 -0.684299
v -0.429247 0.413237 -0.700405
v -0.423646 0.501322 -0.494884
v -0.457610 0.481713 -0.478778
v -0.423646 0.501322 -0.684299
v -0.457610 0.481713 -0.700405
v -0.474999 0.568246 -0.494884
v -0.502730 0.540515 -0.478778
v -0.474999 0.568246 -0.684299
v -0.502730 0.540515 -0.700405
v -0.541923 0.619599 -0.494884
v -0.561532 0.585635 -0.478778
v -0.541923 0.619599 -0.684299
v -0.561532 0.585635 -0.700405
v -0.619857 0.651881 -0.494884
v -0.630008 0.613999 -0.478778
v -0.619857 0.651881 -0.684299
v -0.630008 0.613999 -0.700405
v -0.703491 0.662891 -0.494884
v -0.703491 0.623673 -0.478778
v -0.703491 0.662891 -0.684299
v -0.703491 0.623673 -0.700405
v -0.787126 0.651881 -0.494884
v -0.776975 0.613999 -0.478778
v -0.787126 0.651881 -0.684299
v -0.776975 0.613999 -0.700405
v -0.865060 0.619599 -0.494884
v -0.845451 0.585635 -0.478778
v -0.865060 0.619599 -0.684299
v -0.845451 0.585635 -0.700405
v -0.931984 0.568246 -0.494884
v -0.904253 0.540515 -0.478778
v -0.931984 0.568246 -0.684299
v -0.904253 0.540515 -0.700405
v -0.983337 0.501322 -0.494884
v -0.949373 0.481713 -0.478778
v -0.983337 0.501322 -0.684299
v -0.949373 0.481713 -0.700405
v -1.015618 0.423388 -0.494884
v -0.977736 0.413237 -0.478778
v -1.015618 0.423388 -0.684299
v -0.977736 0.413237 -0.700405
v -0.897896 0.339754 -0.700405
v -0.891272 0.289438 -0.700405
v -0.871851 0.242551 -0.700405
v -0.840956 0.202289 -0.700405
v -0.800694 0.171394 -0.700405
v -0.753807 0.151973 -0.700405
v -0.703491 0.145349 -0.700405
v -0.653176 0.151973 -0.700405
v -0.606289 0.171394 -0.700405
v -0.566027 0.202289 -0.700405
v -0.535132 0.242551 -0.700405
v -0.515711 0.289438 -0.700405
v -0.509087 0.339754 -0.700405
v -0.515711 0.390069 -0.700405
v -0.535132 0.436956 -0.700405
v -0.566027 0.477218 -0.700405
v -0.606289 0.508113 -0.700405
v -0.653176 0.527534 -0.700405
v -0.703491 0.534158 -0.700405
v -0.753807 0.527534 -0.700405
v -0.800694 0.508113 -0.700405
v -0.840956 0.477218 -0.700405
v -0.871851 0.436956 -0.700405
v -0.891272 0.390069 -0.700405
v -0.522007 0.339754 -0.697254
v -0.528191 0.292782 -0.697254
v -0.569016 0.303721 -0.626881
v -0.564273 0.339754 -0.626881
v -0.878792 0.386725 -0.697254
v -0.860661 0.430496 -0.697254
v -0.824058 0.409363 -0.626881
v -0.837966 0.375786 -0.626881
v -0.612749 0.496923 -0.697254
v -0.575163 0.468082 -0.697254
v -0.605049 0.438196 -0.626881
v -0.633882 0.460321 -0.626881
v -0.575163 0.211425 -0.697254
v -0.605049 0.241311 -0.626881
v -0.884976 0.339754 -0.697254
v -0.842710 0.339754 -0.626881
v -0.656520 0.515054 -0.697254
v -0.667459 0.474229 -0.626881
v -0.546322 0.249012 -0.697254
v -0.582924 0.270144 -0.626881
v -0.860661 0.249012 -0.697254
v -0.878792 0.292782 -0.697254
v -0.837966 0.303721 -0.626881
v -0.824058 0.270144 -0.626881
v -0.831820 0.211425 -0.697254
v -0.801934 0.241311 -0.626881
v -0.703491 0.521238 -0.697254
v -0.703491 0.478972 -0.626881
v -0.541479 0.246216 -0.700405
v -0.522790 0.291335 -0.700405
v -0.794233 0.182584 -0.697254
v -0.773101 0.219187 -0.626881
v -0.750463 0.515054 -0.697254
v -0.739524 0.474229 -0.626881
v -0.750463 0.164454 -0.697254
v -0.739524 0.205279 -0.626881
v -0.794233 0.496923 -0.697254
v -0.773101 0.460321 -0.626881
v -0.528191 0.386725 -0.697254
v -0.569016 0.375786 -0.626881
v -0.703491 0.158270 -0.697254
v -0.703491 0.200535 -0.626881
v -0.831820 0.468082 -0.697254
v -0.801934 0.438196 -0.626881
v -0.546322 0.430496 -0.697254
v -0.582924 0.409363 -0.626881
v -0.807679 0.399906 -0.670259
v -0.819698 0.370891 -0.670259
v -0.835774 0.207471 -0.700405
v -0.797029 0.177741 -0.700405
v -0.703491 0.526830 -0.700405
v -0.751910 0.520455 -0.700405
v -0.516415 0.339754 -0.700405
v -0.751910 0.159052 -0.700405
v -0.797029 0.501766 -0.700405
v -0.522790 0.388173 -0.700405
v -0.703491 0.152677 -0.700405
v -0.835774 0.472036 -0.700405
v -0.541479 0.433292 -0.700405
v -0.655073 0.159052 -0.700405
v -0.865504 0.433292 -0.700405
v -0.571209 0.472036 -0.700405
v -0.609953 0.177741 -0.700405
v -0.884193 0.388173 -0.700405
v -0.890568 0.339754 -0.700405
v -0.884193 0.291335 -0.700405
v -0.609953 0.501766 -0.700405
v -0.571209 0.207471 -0.700405
v -0.865504 0.246216 -0.700405
v -0.655073 0.520455 -0.700405
v -0.823797 0.339754 -0.670259
v -0.618423 0.424823 -0.670259
v -0.643339 0.443941 -0.670259
v -0.643339 0.235566 -0.670259
v -0.618423 0.254685 -0.670259
v -0.660927 0.328348 -0.684474
v -0.665329 0.317721 -0.684474
v -0.675861 0.323801 -0.650013
v -0.672673 0.331496 -0.650013
v -0.672354 0.455960 -0.670259
v -0.599304 0.279601 -0.670259
v -0.819698 0.308616 -0.670259
v -0.807679 0.279601 -0.670259
v -0.788560 0.254685 -0.670259
v -0.703491 0.460059 -0.670259
v -0.587285 0.308616 -0.670259
v -0.763644 0.235566 -0.670259
v -0.734629 0.455960 -0.670259
v -0.583186 0.339754 -0.670259
v -0.734629 0.223547 -0.670259
v -0.763644 0.443941 -0.670259
v -0.587285 0.370891 -0.670259
v -0.703491 0.219448 -0.670259
v -0.788560 0.424823 -0.670259
v -0.599304 0.399906 -0.670259
v -0.672354 0.223547 -0.670259
v -0.801979 0.339754 -0.684474
v -0.798623 0.314263 -0.684474
v -0.811045 0.310935 -0.680311
v -0.814839 0.339754 -0.680311
v -0.788784 0.290510 -0.684474
v -0.799922 0.284080 -0.680311
v -0.773133 0.270113 -0.684474
v -0.782226 0.261019 -0.680311
v -0.752735 0.254461 -0.684474
v -0.759165 0.243324 -0.680311
v -0.728982 0.244622 -0.684474
v -0.732310 0.232200 -0.680311
v -0.703491 0.241266 -0.684474
v -0.703491 0.228406 -0.680311
v -0.678001 0.244622 -0.684474
v -0.674672 0.232200 -0.680311
v -0.654248 0.254461 -0.684474
v -0.647817 0.243324 -0.680311
v -0.633850 0.270113 -0.684474
v -0.624757 0.261019 -0.680311
v -0.618199 0.290510 -0.684474
v -0.607061 0.284080 -0.680311
v -0.608360 0.314263 -0.684474
v -0.595938 0.310935 -0.680311
v -0.605004 0.339754 -0.684474
v -0.592144 0.339754 -0.680311
v -0.608360 0.365244 -0.684474
v -0.595938 0.368573 -0.680311
v -0.618199 0.388997 -0.684474
v -0.607061 0.395428 -0.680311
v -0.633850 0.409395 -0.684474
v -0.624757 0.418488 -0.680311
v -0.654248 0.425046 -0.684474
v -0.647817 0.436184 -0.680311
v -0.678001 0.434885 -0.684474
v -0.674672 0.447307 -0.680311
v -0.703491 0.438241 -0.684474
v -0.703491 0.451102 -0.680311
v -0.728982 0.434885 -0.684474
v -0.732310 0.447307 -0.680311
v -0.752735 0.425046 -0.684474
v -0.759165 0.436184 -0.680311
v -0.773133 0.409395 -0.684474
v -0.782226 0.418489 -0.680311
v -0.788784 0.388997 -0.684474
v -0.799922 0.395428 -0.680311
v -0.798623 0.365244 -0.684474
v -0.811045 0.368573 -0.680311
v -0.747557 0.339754 -0.684474
v -0.746056 0.328348 -0.684474
v -0.741654 0.317721 -0.684474
v -0.734651 0.308594 -0.684474
v -0.725524 0.301591 -0.684474
v -0.714897 0.297189 -0.684474
v -0.703491 0.295688 -0.684474
v -0.692086 0.297189 -0.684474
v -0.681458 0.301591 -0.684474
v -0.672332 0.308594 -0.684474
v -0.659425 0.339754 -0.684474
v -0.660927 0.351159 -0.684474
v -0.665329 0.361787 -0.684474
v -0.672332 0.370913 -0.684474
v -0.681458 0.377916 -0.684474
v -0.692086 0.382318 -0.684474
v -0.703491 0.383820 -0.684474
v -0.714897 0.382318 -0.684474
v -0.725524 0.377916 -0.684474
v -0.734651 0.370913 -0.684474
v -0.741654 0.361787 -0.684474
v -0.746056 0.351159 -0.684474
v -0.734310 0.331496 -0.650013
v -0.735397 0.339754 -0.650013
v -0.734310 0.348011 -0.650013
v -0.731122 0.355706 -0.650013
v -0.726052 0.362314 -0.650013
v -0.719444 0.367384 -0.650013
v -0.711749 0.370572 -0.650013
v -0.703491 0.371659 -0.650013
v -0.695234 0.370572 -0.650013
v -0.687539 0.367384 -0.650013
v -0.680931 0.362314 -0.650013
v -0.675861 0.355706 -0.650013
v -0.672673 0.348011 -0.650013
v -0.671586 0.339754 -0.650013
v -0.680931 0.317193 -0.650013
v -0.687539 0.312123 -0.650013
v -0.695234 0.308935 -0.650013
v -0.703491 0.307848 -0.650013
v -0.711749 0.308935 -0.650013
v -0.719444 0.312123 -0.650013
v -0.726052 0.317193 -0.650013
v -0.731122 0.323801 -0.650013
v -1.031309 0.427592 0.533768
v -1.042874 0.339754 0.533768
v -1.042874 0.339754 0.645417
v -1.031309 0.427592 0.645417
v -0.997405 0.170062 0.533768
v -0.943471 0.099774 0.533768
v -0.943471 0.099774 0.645417
v -0.997405 0.170062 0.645417
v -0.873183 0.045840 0.533768
v -0.873183 0.045840 0.645417
v -0.791330 0.011936 0.533768
v -0.791330 0.011936 0.645417
v -0.703491 0.000371 0.533768
v -0.703491 0.000371 0.645417
v -0.615653 0.011936 0.533768
v -0.615653 0.011936 0.645417
v -0.533800 0.045840 0.533768
v -0.533800 0.045840 0.645417
v -0.463512 0.099774 0.533768
v -0.463512 0.099774 0.645417
v -0.409578 0.170063 0.533768
v -0.409578 0.170063 0.645417
v -0.375673 0.251915 0.533768
v -0.375673 0.251915 0.645417
v -0.364109 0.339754 0.533768
v -0.364109 0.339754 0.645417
v -0.375673 0.427592 0.533768
v -0.375673 0.427592 0.645417
v -0.409578 0.509445 0.533768
v -0.409578 0.509445 0.645417
v -0.463512 0.579733 0.533768
v -0.463512 0.579733 0.645417
v -0.533800 0.633667 0.533768
v -0.533800 0.633667 0.645417
v -0.615653 0.667572 0.533768
v -0.615653 0.667572 0.645417
v -0.703491 0.679136 0.533768
v -0.703491 0.679136 0.645417
v -0.791330 0.667572 0.533768
v -0.791330 0.667572 0.645417
v -0.873183 0.633667 0.533768
v -0.873183 0.633667 0.645417
v -0.943471 0.579733 0.533768
v -0.943471 0.579733 0.645417
v -0.997405 0.509445 0.533768
v -0.997405 0.509445 0.645417
v -1.031309 0.251915 0.533768
v -1.031309 0.251915 0.645417
v -0.612749 0.182584 0.697254
v -0.633882 0.219187 0.626882
v -0.667459 0.205279 0.626882
v -0.656520 0.164454 0.697254
v -1.026629 0.339754 0.494885
v -1.015618 0.256119 0.494885
v -0.987411 0.339754 0.478779
v -0.977736 0.266270 0.478779
v -1.015618 0.256119 0.684300
v -1.026629 0.339754 0.684300
v -0.977736 0.266270 0.700406
v -0.987411 0.339754 0.700406
v -0.983337 0.178185 0.494885
v -0.949373 0.197794 0.478779
v -0.983337 0.178185 0.684300
v -0.949373 0.197794 0.700406
v -0.931984 0.111261 0.494885
v -0.904253 0.138992 0.478779
v -0.931984 0.111261 0.684300
v -0.904253 0.138992 0.700406
v -0.865060 0.059908 0.494885
v -0.845451 0.093872 0.478779
v -0.865060 0.059908 0.684300
v -0.845451 0.093872 0.700406
v -0.787126 0.027627 0.494885
v -0.776975 0.065509 0.478779
v -0.787126 0.027627 0.684300
v -0.776975 0.065509 0.700406
v -0.703491 0.016616 0.494885
v -0.703491 0.055834 0.478779
v -0.703491 0.016616 0.684300
v -0.703491 0.055834 0.700406
v -0.619857 0.027627 0.494885
v -0.630008 0.065509 0.478779
v -0.619857 0.027627 0.684300
v -0.630008 0.065509 0.700406
v -0.541923 0.059908 0.494885
v -0.561532 0.093872 0.478779
v -0.541923 0.059908 0.684300
v -0.561532 0.093872 0.700406
v -0.474999 0.111261 0.494885
v -0.502730 0.138992 0.478779
v -0.474999 0.111261 0.684300
v -0.502730 0.138992 0.700406
v -0.423646 0.178185 0.494885
v -0.457610 0.197794 0.478779
v -0.423646 0.178185 0.684300
v -0.457610 0.197794 0.700406
v -0.391365 0.256119 0.494885
v -0.429247 0.266270 0.478779
v -0.391365 0.256119 0.684300
v -0.429247 0.266270 0.700406
v -0.380354 0.339754 0.494885
v -0.419572 0.339754 0.478779
v -0.380354 0.339754 0.684300
v -0.419572 0.339754 0.700406
v -0.391365 0.423388 0.494885
v -0.429247 0.413237 0.478779
v -0.391365 0.423388 0.684300
v -0.429247 0.413237 0.700406
v -0.423646 0.501323 0.494885
v -0.457610 0.481713 0.478779
v -0.423646 0.501322 0.684300
v -0.457610 0.481713 0.700406
v -0.474999 0.568246 0.494885
v -0.502730 0.540515 0.478779
v -0.474999 0.568246 0.684300
v -0.502730 0.540515 0.700406
v -0.541923 0.619599 0.494885
v -0.561532 0.585635 0.478779
v -0.541923 0.619599 0.684300
v -0.561532 0.585635 0.700406
v -0.619857 0.651881 0.494885
v -0.630008 0.613999 0.478779
v -0.619857 0.651881 0.684300
v -0.630008 0.613999 0.700406
v -0.703491 0.662891 0.494885
v -0.703491 0.623673 0.478779
v -0.703491 0.662891 0.684300
v -0.703491 0.623673 0.700406
v -0.787126 0.651881 0.494885
v -0.776975 0.613999 0.478779
v -0.787126 0.651881 0.684300
v -0.776975 0.613999 0.700406
v -0.865060 0.619599 0.494885
v -0.845451 0.585635 0.478779
v -0.865060 0.619599 0.684300
v -0.845451 0.585635 0.700406
v -0.931984 0.568246 0.494885
v -0.904253 0.540515 0.478779
v -0.931984 0.568246 0.684300
v -0.904253 0.540515 0.700406
v -0.983337 0.501322 0.494885
v -0.949373 0.481713 0.478779
v -0.983337 0.501322 0.684300
v -0.949373 0.481713 0.700406
v -1.015618 0.423388 0.494885
v -0.977736 0.413237 0.478779
v -1.015618 0.423388 0.684300
v -0.977736 0.413237 0.700406
v -0.897896 0.339754 0.700406
v -0.891272 0.289438 0.700406
v -0.871851 0.242551 0.700406
v -0.840956 0.202289 0.700406
v -0.800694 0.171394 0.700406
v -0.753807 0.151973 0.700406
v -0.703491 0.145349 0.700406
v -0.653176 0.151973 0.700406
v -0.606289 0.171394 0.700406
v -0.566027 0.202289 0.700406
v -0.535132 0.242551 0.700406
v -0.515711 0.289438 0.700406
v -0.509087 0.339754 0.700406
v -0.515711 0.390069 0.700406
v -0.535132 0.436956 0.700406
v -0.566027 0.477218 0.700406
v -0.606289 0.508113 0.700406
v -0.653176 0.527534 0.700406
v -0.703491 0.534158 0.700406
v -0.753807 0.527534 0.700406
v -0.800694 0.508113 0.700406
v -0.840956 0.477218 0.700406
v -0.871851 0.436956 0.700406
v -0.891272 0.390069 0.700406
v -0.522007 0.339754 0.697254
v -0.564273 0.339754 0.626882
v -0.569016 0.303721 0.626882
v -0.528191 0.292782 0.697254
v -0.878792 0.386725 0.697254
v -0.837966 0.375786 0.626882
v -0.824058 0.409363 0.626882
v -0.860661 0.430496 0.697254
v -0.612749 0.496924 0.697254
v -0.633882 0.460321 0.626882
v -0.605049 0.438196 0.626882
v -0.575163 0.468082 0.697254
v -0.575163 0.211425 0.697254
v -0.605049 0.241311 0.626882
v -0.884976 0.339754 0.697254
v -0.842710 0.339754 0.626882
v -0.656520 0.515054 0.697254
v -0.667459 0.474229 0.626882
v -0.546322 0.249012 0.697254
v -0.582924 0.270144 0.626882
v -0.860661 0.249012 0.697254
v -0.824058 0.270144 0.626882
v -0.837966 0.303721 0.626882
v -0.878792 0.292782 0.697254
v -0.831820 0.211425 0.697254
v -0.801934 0.241311 0.626882
v -0.703491 0.521238 0.697254
v -0.703491 0.478972 0.626882
v -0.522790 0.291335 0.700406
v -0.541479 0.246216 0.700406
v -0.794233 0.182584 0.697254
v -0.773101 0.219187 0.626882
v -0.750463 0.515054 0.697254
v -0.739524 0.474229 0.626882
v -0.750463 0.164454 0.697254
v -0.739524 0.205279 0.626882
v -0.794233 0.496924 0.697254
v -0.773101 0.460321 0.626882
v -0.528191 0.386725 0.697254
v -0.569016 0.375786 0.626882
v -0.703491 0.158270 0.697254
v -0.703491 0.200535 0.626882
v -0.831820 0.468082 0.697254
v -0.801934 0.438196 0.626882
v -0.546322 0.430496 0.697254
v -0.582924 0.409363 0.626882
v -0.819698 0.370891 0.670260
v -0.807679 0.399906 0.670260
v -0.797029 0.177741 0.700406
v -0.835774 0.207471 0.700406
v -0.751910 0.520455 0.700406
v -0.703491 0.526830 0.700406
v -0.516415 0.339754 0.700406
v -0.751910 0.159052 0.700406
v -0.797029 0.501766 0.700406
v -0.522790 0.388173 0.700406
v -0.703491 0.152677 0.700406
v -0.835774 0.472036 0.700406
v -0.541479 0.433292 0.700406
v -0.655073 0.159052 0.700406
v -0.865504 0.433292 0.700406
v -0.571209 0.472036 0.700406
v -0.609953 0.177741 0.700406
v -0.884193 0.388173 0.700406
v -0.884193 0.291335 0.700406
v -0.890568 0.339754 0.700406
v -0.609953 0.501766 0.700406
v -0.571209 0.207471 0.700406
v -0.865504 0.246216 0.700406
v -0.655073 0.520455 0.700406
v -0.823797 0.339754 0.670260
v -0.643339 0.443941 0.670260
v -0.618423 0.424823 0.670260
v -0.618423 0.254685 0.670260
v -0.643339 0.235566 0.670260
v -0.660927 0.328349 0.684475
v -0.672673 0.331496 0.650013
v -0.675861 0.323801 0.650013
v -0.665329 0.317721 0.684475
v -0.672354 0.455960 0.670260
v -0.599304 0.279601 0.670260
v -0.807679 0.279601 0.670260
v -0.819698 0.308616 0.670260
v -0.788560 0.254685 0.670260
v -0.703491 0.460059 0.670260
v -0.587285 0.308616 0.670260
v -0.763644 0.235566 0.670260
v -0.734629 0.455960 0.670260
v -0.583186 0.339754 0.670260
v -0.734629 0.223547 0.670260
v -0.763644 0.443941 0.670260
v -0.587285 0.370891 0.670260
v -0.703491 0.219448 0.670260
v -0.788560 0.424823 0.670260
v -0.599304 0.399906 0.670260
v -0.672354 0.223547 0.670260
v -0.801979 0.339754 0.684475
v -0.814839 0.339754 0.680311
v -0.811045 0.310935 0.680311
v -0.798623 0.314263 0.684475
v -0.799922 0.284080 0.680311
v -0.788784 0.290510 0.684475
v -0.782226 0.261019 0.680311
v -0.773133 0.270113 0.684475
v -0.759165 0.243324 0.680311
v -0.752735 0.254461 0.684475
v -0.732310 0.232200 0.680311
v -0.728982 0.244622 0.684475
v -0.703491 0.228406 0.680311
v -0.703491 0.241266 0.684475
v -0.674672 0.232200 0.680311
v -0.678001 0.244622 0.684475
v -0.647817 0.243324 0.680311
v -0.654248 0.254461 0.684475
v -0.624757 0.261019 0.680311
v -0.633850 0.270113 0.684475
v -0.607061 0.284080 0.680311
v -0.618199 0.290510 0.684475
v -0.595938 0.310935 0.680311
v -0.608360 0.314263 0.684475
v -0.592144 0.339754 0.680311
v -0.605004 0.339754 0.684475
v -0.595938 0.368573 0.680311
v -0.608360 0.365244 0.684475
v -0.607061 0.395428 0.680311
v -0.618199 0.388997 0.684475
v -0.624757 0.418489 0.680311
v -0.633850 0.409395 0.684475
v -0.647817 0.436184 0.680311
v -0.654248 0.425046 0.684475
v -0.674672 0.447307 0.680311
v -0.678001 0.434885 0.684475
v -0.703491 0.451102 0.680311
v -0.703491 0.438241 0.684475
v -0.732310 0.447307 0.680311
v -0.728982 0.434885 0.684475
v -0.759165 0.436184 0.680311
v -0.752735 0.425046 0.684475
v -0.782226 0.418489 0.680311
v -0.773133 0.409395 0.684475
v -0.799922 0.395428 0.680311
v -0.788784 0.388997 0.684475
v -0.811045 0.368573 0.680311
v -0.798623 0.365244 0.684475
v -0.747557 0.339754 0.684475
v -0.746056 0.328349 0.684475
v -0.741654 0.317721 0.684475
v -0.734651 0.308594 0.684475
v -0.725524 0.301591 0.684475
v -0.714897 0.297189 0.684475
v -0.703491 0.295688 0.684475
v -0.692086 0.297189 0.684475
v -0.681458 0.301591 0.684475
v -0.672332 0.308594 0.684475
v -0.659425 0.339754 0.684475
v -0.660927 0.351159 0.684475
v -0.665329 0.361787 0.684475
v -0.672332 0.370913 0.684475
v -0.681458 0.377916 0.684475
v -0.692086 0.382318 0.684475
v -0.703491 0.383820 0.684475
v -0.714897 0.382318 0.684475
v -0.725524 0.377916 0.684475
v -0.734651 0.370913 0.684475
v -0.741654 0.361787 0.684475
v -0.746056 0.351159 0.684475
v -0.734310 0.331496 0.650013
v -0.731122 0.323801 0.650013
v -0.726052 0.317193 0.650013
v -0.719444 0.312123 0.650013
v -0.711749 0.308935 0.650013
v -0.703491 0.307848 0.650013
v -0.695234 0.308936 0.650013
v -0.687539 0.312123 0.650013
v -0.680931 0.317193 0.650013
v -0.671586 0.339754 0.650013
v -0.672673 0.348011 0.650013
v -0.675861 0.355706 0.650013
v -0.680931 0.362314 0.650013
v -0.687539 0.367384 0.650013
v -0.695234 0.370572 0.650013
v -0.703491 0.371659 0.650013
v -0.711749 0.370572 0.650013
v -0.719444 0.367384 0.650013
v -0.726052 0.362314 0.650013
v -0.731122 0.355706 0.650013
v -0.734310 0.348011 0.650013
v -0.735397 0.339754 0.650013
v -0.969611 0.552789 -0.644642
v -0.969611 0.552789 -0.362200
v -1.023610 0.492944 -0.361945
v -1.008922 0.492838 -0.644429
v 0.840117 0.658695 -0.362397
v 0.746737 0.555092 -0.338055
v 0.746671 0.554988 -0.644838
v 0.839872 0.658542 -0.644838
v -0.778649 0.674615 -0.644838
v -0.779131 0.674757 -0.362397
v -0.857473 0.653702 -0.362397
v -0.857473 0.653702 -0.644838
v -0.420445 0.554274 -0.644838
v -0.420154 0.553867 -0.338055
v -0.467552 0.599681 -0.301170
v -0.543306 0.653959 -0.362397
v -0.542342 0.653535 -0.644838
v -1.022244 0.461071 -0.362154
v -1.022244 0.461071 -0.644591
v -1.035908 0.383503 -0.362397
v -1.035908 0.383503 -0.644834
v -0.373731 0.447288 -0.644838
v -0.373731 0.447288 -0.338055
v 0.706616 0.467372 -0.338055
v 0.706616 0.467372 -0.644838
v 0.682786 0.298185 -0.338055
v 0.682786 0.298185 -0.644838
v -0.355560 0.295586 -0.644838
v -0.355560 0.295586 -0.338055
v -1.040945 0.287138 -0.362397
v -1.040945 0.287138 -0.644834
v 0.919255 0.691320 -0.644838
v 0.919255 0.691320 -0.362397
v 1.045857 0.696031 -0.644838
v 1.045857 0.696031 -0.362397
v 1.138150 0.684005 -0.644838
v 1.138149 0.684005 -0.362397
v 1.224690 0.648645 -0.644838
v 1.224689 0.648645 -0.362397
v 1.298584 0.591694 -0.644838
v 1.298584 0.591694 -0.362397
v 1.355118 0.518608 -0.644838
v 1.355117 0.518608 -0.362397
v 1.391056 0.429403 -0.644838
v 1.391056 0.429403 -0.362397
v 1.403205 0.337758 -0.644838
v 1.403204 0.337758 -0.362397
v 1.403162 0.180481 -0.644838
v 1.403162 0.180480 -0.362397
v -0.984089 0.565091 -0.644838
v -1.026172 0.500788 -0.644879
v -1.040910 0.500788 -0.362397
v -0.984089 0.565091 -0.362397
v 0.836032 0.715010 -0.362397
v 0.836032 0.715010 -0.644838
v 0.730581 0.565091 -0.644838
v 0.730581 0.565091 -0.338055
v -0.782627 0.692104 -0.644838
v -0.865026 0.692104 -0.644838
v -0.865026 0.692104 -0.362397
v -0.782627 0.692104 -0.362397
v -0.404825 0.565091 -0.644838
v -0.535185 0.692105 -0.644838
v -0.535185 0.692105 -0.362397
v -0.454293 0.613289 -0.301170
v -0.404825 0.565091 -0.338055
v -1.040910 0.464611 -0.644834
v -1.040910 0.464611 -0.362397
v -0.865026 0.692104 -0.362397
v -0.865026 0.692104 -0.644838
v -1.054786 0.385650 -0.644834
v -1.054786 0.385650 -0.362397
v -0.355403 0.452296 -0.338055
v -0.355403 0.452296 -0.644838
v 0.688382 0.472710 -0.644838
v 0.688382 0.472710 -0.338055
v 0.663975 0.300857 -0.644838
v 0.663975 0.300857 -0.338055
v -0.336698 0.297870 -0.338055
v -0.336698 0.297870 -0.644838
v -1.059918 0.288136 -0.644834
v -1.059918 0.288136 -0.362397
v 0.836032 0.715010 -0.362397
v 0.916818 0.715010 -0.362397
v 0.916819 0.715010 -0.644838
v 0.836032 0.715010 -0.644838
v 1.046742 0.715010 -0.362397
v 1.046743 0.715010 -0.644838
v 1.143021 0.702369 -0.362397
v 1.143021 0.702369 -0.644838
v 1.234167 0.665112 -0.362397
v 1.234167 0.665112 -0.644838
v 1.312007 0.605140 -0.362397
v 1.312008 0.605140 -0.644838
v 1.371599 0.528060 -0.362397
v 1.371599 0.528060 -0.644838
v 1.409426 0.434253 -0.362397
v 1.409427 0.434253 -0.644838
v 1.422162 0.339020 -0.362397
v 1.422162 0.339020 -0.644838
v 1.422162 0.180480 -0.362397
v 1.422162 0.180481 -0.644838
v -0.621911 0.674842 -0.362397
v -0.543306 0.653959 -0.362397
v -0.535185 0.692105 -0.362397
v -0.617563 0.692105 -0.362397
v -0.969611 0.552789 -0.362200
v -0.857473 0.653702 -0.362397
v -0.865026 0.692104 -0.362397
v -0.984089 0.565091 -0.362397
v -1.023610 0.492944 -0.361945
v -1.040910 0.500788 -0.362397
v -1.022244 0.461071 -0.362154
v -1.040910 0.464611 -0.362397
v 0.746737 0.555092 -0.338055
v 0.840117 0.658695 -0.362397
v 0.836032 0.715010 -0.362397
v 0.730581 0.565091 -0.338055
v -0.467552 0.599681 -0.301170
v -0.420154 0.553867 -0.338055
v -0.404825 0.565091 -0.338055
v -0.454293 0.613289 -0.301170
v -0.543306 0.653959 -0.362397
v -0.467552 0.599681 -0.301170
v -0.454293 0.613289 -0.301170
v -0.535185 0.692105 -0.362397
v -0.778649 0.674615 -0.644838
v -0.857473 0.653702 -0.644838
v -0.865026 0.692104 -0.644838
v -0.782627 0.692104 -0.644838
v -1.008922 0.492838 -0.644429
v -1.022244 0.461071 -0.644591
v -1.040910 0.464611 -0.644834
v -1.026172 0.500788 -0.644879
v -0.969611 0.552789 -0.644642
v -0.984089 0.565091 -0.644838
v 0.839872 0.658542 -0.644838
v 0.746671 0.554988 -0.644838
v 0.730581 0.565091 -0.644838
v 0.836032 0.715010 -0.644838
v -0.420445 0.554274 -0.644838
v -0.542342 0.653535 -0.644838
v -0.535185 0.692105 -0.644838
v -0.404825 0.565091 -0.644838
v -1.035908 0.383503 -0.644834
v -1.054786 0.385650 -0.644834
v -1.035908 0.383503 -0.362397
v -1.054786 0.385650 -0.362397
v -0.373731 0.447288 -0.338055
v -0.355403 0.452296 -0.338055
v -0.373731 0.447288 -0.644838
v -0.355403 0.452296 -0.644838
v 0.706616 0.467372 -0.338055
v 0.688382 0.472710 -0.338055
v 0.706616 0.467372 -0.644838
v 0.688382 0.472710 -0.644838
v 0.682786 0.298185 -0.644838
v 0.682786 0.298185 -0.338055
v 0.663975 0.300857 -0.338055
v 0.663975 0.300857 -0.644838
v 0.682786 0.298185 -0.338055
v 0.663975 0.300857 -0.338055
v 0.682786 0.298185 -0.644838
v 0.663975 0.300857 -0.644838
v -0.355560 0.295586 -0.338055
v -0.355560 0.295586 -0.644838
v -0.336698 0.297870 -0.644838
v -0.336698 0.297870 -0.338055
v -0.355560 0.295586 -0.644838
v -0.336698 0.297870 -0.644838
v -0.355560 0.295586 -0.338055
v -0.336698 0.297870 -0.338055
v -1.040945 0.287138 -0.644834
v -1.040945 0.287138 -0.362397
v -1.059918 0.288136 -0.362397
v -1.059918 0.288136 -0.644834
v -1.040945 0.287138 -0.362397
v -1.059918 0.288136 -0.362397
v -1.040945 0.287138 -0.644834
v -1.059918 0.288136 -0.644834
v 0.919255 0.691320 -0.362397
v 0.916818 0.715010 -0.362397
v 0.919255 0.691320 -0.644838
v 0.916819 0.715010 -0.644838
v 1.045857 0.696031 -0.362397
v 1.046742 0.715010 -0.362397
v 1.045857 0.696031 -0.644838
v 1.046743 0.715010 -0.644838
v 1.138149 0.684005 -0.362397
v 1.143021 0.702369 -0.362397
v 1.138150 0.684005 -0.644838
v 1.143021 0.702369 -0.644838
v 1.224689 0.648645 -0.362397
v 1.234167 0.665112 -0.362397
v 1.224690 0.648645 -0.644838
v 1.234167 0.665112 -0.644838
v 1.298584 0.591694 -0.362397
v 1.312007 0.605140 -0.362397
v 1.298584 0.591694 -0.644838
v 1.312008 0.605140 -0.644838
v 1.355117 0.518608 -0.362397
v 1.371599 0.528060 -0.362397
v 1.355118 0.518608 -0.644838
v 1.371599 0.528060 -0.644838
v 1.391056 0.429403 -0.362397
v 1.409426 0.434253 -0.362397
v 1.391056 0.429403 -0.644838
v 1.409427 0.434253 -0.644838
v 1.403204 0.337758 -0.362397
v 1.422162 0.339020 -0.362397
v 1.403205 0.337758 -0.644838
v 1.422162 0.339020 -0.644838
v 1.403162 0.180480 -0.362397
v 1.403162 0.180481 -0.644838
v 1.422162 0.180481 -0.644838
v 1.422162 0.180480 -0.362397
v 1.403162 0.180480 -0.362397
v 1.422162 0.180480 -0.362397
v 1.403162 0.180481 -0.644838
v 1.422162 0.180481 -0.644838
v -0.620946 0.674560 -0.644838
v -0.617563 0.692105 -0.644838
v -0.779131 0.674757 -0.362397
v -0.782627 0.692104 -0.362397
v -0.535185 0.692105 -0.644838
v -0.617563 0.692105 -0.644838
v -0.617563 0.692105 -0.362397
v -0.535185 0.692105 -0.362397
v -0.621911 0.674842 -0.362397
v -0.620946 0.674560 -0.644838
v -0.969611 0.552789 0.644643
v -1.008922 0.492838 0.644430
v -1.023610 0.492944 0.361946
v -0.969611 0.552789 0.362201
v 0.840117 0.658695 0.362397
v 0.839872 0.658542 0.644838
v 0.746671 0.554988 0.644838
v 0.746737 0.555092 0.338056
v -0.778649 0.674615 0.644839
v -0.857473 0.653702 0.644839
v -0.857473 0.653702 0.362397
v -0.779131 0.674757 0.362397
v -0.420445 0.554274 0.644838
v -0.542342 0.653535 0.644839
v -0.543306 0.653959 0.362397
v -0.467552 0.599681 0.301171
v -0.420154 0.553867 0.338056
v -1.022244 0.461071 0.644592
v -1.022244 0.461071 0.362155
v -1.035908 0.383503 0.644834
v -1.035908 0.383503 0.362397
v -0.373731 0.447288 0.338056
v -0.373731 0.447288 0.644838
v 0.706616 0.467372 0.644838
v 0.706616 0.467372 0.338056
v 0.682786 0.298185 0.644838
v 0.682786 0.298185 0.338056
v -0.355560 0.295586 0.338056
v -0.355560 0.295586 0.644838
v -1.040945 0.287138 0.644834
v -1.040945 0.287138 0.362397
v 0.919255 0.691320 0.362397
v 0.919255 0.691320 0.644838
v 1.045857 0.696031 0.362397
v 1.045857 0.696031 0.644838
v 1.138149 0.684005 0.362397
v 1.138150 0.684005 0.644838
v 1.224689 0.648645 0.362397
v 1.224690 0.648645 0.644838
v 1.298584 0.591694 0.362397
v 1.298584 0.591694 0.644838
v 1.355117 0.518608 0.362397
v 1.355118 0.518608 0.644838
v 1.391056 0.429403 0.362397
v 1.391056 0.429403 0.644838
v 1.403204 0.337758 0.362397
v 1.403205 0.337758 0.644838
v 1.403162 0.180480 0.362397
v 1.403162 0.180481 0.644838
v -0.984089 0.565091 0.644839
v -0.984089 0.565091 0.362397
v -1.040910 0.500788 0.362397
v -1.026172 0.500788 0.644880
v 0.836032 0.715010 0.362397
v 0.730581 0.565091 0.338056
v 0.730581 0.565091 0.644838
v 0.836032 0.715010 0.644838
v -0.782627 0.692104 0.644839
v -0.782627 0.692104 0.362397
v -0.865026 0.692104 0.362397
v -0.865026 0.692104 0.644839
v -0.404825 0.565091 0.644838
v -0.404825 0.565091 0.338056
v -0.454293 0.613289 0.301171
v -0.535185 0.692105 0.362397
v -0.535185 0.692105 0.644839
v -1.040910 0.464611 0.362397
v -1.040910 0.464611 0.644834
v -0.865026 0.692104 0.644839
v -0.865026 0.692104 0.362397
v -1.054786 0.385650 0.362397
v -1.054786 0.385650 0.644834
v -0.355403 0.452296 0.644838
v -0.355403 0.452296 0.338056
v 0.688382 0.472710 0.338056
v 0.688382 0.472710 0.644838
v 0.663975 0.300857 0.338056
v 0.663975 0.300857 0.644838
v -0.336698 0.297870 0.644838
v -0.336698 0.297870 0.338056
v -1.059918 0.288136 0.362397
v -1.059918 0.288136 0.644834
v 0.836032 0.715010 0.362397
v 0.836032 0.715010 0.644838
v 0.916819 0.715010 0.644838
v 0.916818 0.715010 0.362397
v 1.046743 0.715010 0.644838
v 1.046742 0.715010 0.362397
v 1.143021 0.702369 0.644838
v 1.143021 0.702369 0.362397
v 1.234167 0.665112 0.644838
v 1.234167 0.665112 0.362397
v 1.312008 0.605140 0.644838
v 1.312007 0.605140 0.362397
v 1.371599 0.528060 0.644838
v 1.371599 0.528060 0.362397
v 1.409427 0.434253 0.644838
v 1.409426 0.434253 0.362397
v 1.422162 0.339020 0.644838
v 1.422162 0.339020 0.362397
v 1.422162 0.180481 0.644838
v 1.422162 0.180480 0.362397
v -0.621911 0.674842 0.362397
v -0.617563 0.692105 0.362397
v -0.535185 0.692105 0.362397
v -0.543306 0.653959 0.362397
v -0.969611 0.552789 0.362201
v -0.984089 0.565091 0.362397
v -0.865026 0.692104 0.362397
v -0.857473 0.653702 0.362397
v -1.023610 0.492944 0.361946
v -1.040910 0.500788 0.362397
v -1.022244 0.461071 0.362155
v -1.040910 0.464611 0.362397
v 0.746737 0.555092 0.338056
v 0.730581 0.565091 0.338056
v 0.836032 0.715010 0.362397
v 0.840117 0.658695 0.362397
v -0.467552 0.599681 0.301171
v -0.454293 0.613289 0.301171
v -0.404825 0.565091 0.338056
v -0.420154 0.553867 0.338056
v -0.543306 0.653959 0.362397
v -0.535185 0.692105 0.362397
v -0.454293 0.613289 0.301171
v -0.467552 0.599681 0.301171
v -0.778649 0.674615 0.644839
v -0.782627 0.692104 0.644839
v -0.865026 0.692104 0.644839
v -0.857473 0.653702 0.644839
v -1.008922 0.492838 0.644430
v -1.026172 0.500788 0.644880
v -1.040910 0.464611 0.644834
v -1.022244 0.461071 0.644592
v -0.984089 0.565091 0.644839
v -0.969611 0.552789 0.644643
v 0.839872 0.658542 0.644838
v 0.836032 0.715010 0.644838
v 0.730581 0.565091 0.644838
v 0.746671 0.554988 0.644838
v -0.420445 0.554274 0.644838
v -0.404825 0.565091 0.644838
v -0.535185 0.692105 0.644839
v -0.542342 0.653535 0.644839
v -1.054786 0.385650 0.644834
v -1.035908 0.383503 0.644834
v -1.035908 0.383503 0.362397
v -1.054786 0.385650 0.362397
v -0.355403 0.452296 0.338056
v -0.373731 0.447288 0.338056
v -0.373731 0.447288 0.644838
v -0.355403 0.452296 0.644838
v 0.706616 0.467372 0.338056
v 0.688382 0.472710 0.338056
v 0.688382 0.472710 0.644838
v 0.706616 0.467372 0.644838
v 0.682786 0.298185 0.644838
v 0.663975 0.300857 0.644838
v 0.663975 0.300857 0.338056
v 0.682786 0.298185 0.338056
v 0.682786 0.298185 0.338056
v 0.663975 0.300857 0.338056
v 0.663975 0.300857 0.644838
v 0.682786 0.298185 0.644838
v -0.355560 0.295586 0.338056
v -0.336698 0.297870 0.338056
v -0.336698 0.297870 0.644838
v -0.355560 0.295586 0.644838
v -0.355560 0.295586 0.644838
v -0.336698 0.297870 0.644838
v -0.336698 0.297870 0.338056
v -0.355560 0.295586 0.338056
v -1.040945 0.287138 0.644834
v -1.059918 0.288136 0.644834
v -1.059918 0.288136 0.362397
v -1.040945 0.287138 0.362397
v -1.040945 0.287138 0.362397
v -1.059918 0.288136 0.362397
v -1.059918 0.288136 0.644834
v -1.040945 0.287138 0.644834
v 0.916818 0.715010 0.362397
v 0.919255 0.691320 0.362397
v 0.919255 0.691320 0.644838
v 0.916819 0.715010 0.644838
v 1.046742 0.715010 0.362397
v 1.045857 0.696031 0.362397
v 1.045857 0.696031 0.644838
v 1.046743 0.715010 0.644838
v 1.143021 0.702369 0.362397
v 1.138149 0.684005 0.362397
v 1.138150 0.684005 0.644838
v 1.143021 0.702369 0.644838
v 1.234167 0.665112 0.362397
v 1.224689 0.648645 0.362397
v 1.224690 0.648645 0.644838
v 1.234167 0.665112 0.644838
v 1.312007 0.605140 0.362397
v 1.298584 0.591694 0.362397
v 1.298584 0.591694 0.644838
v 1.312008 0.605140 0.644838
v 1.371599 0.528060 0.362397
v 1.355117 0.518608 0.362397
v 1.355118 0.518608 0.644838
v 1.371599 0.528060 0.644838
v 1.409426 0.434253 0.362397
v 1.391056 0.429403 0.362397
v 1.391056 0.429403 0.644838
v 1.409427 0.434253 0.644838
v 1.422162 0.339020 0.362397
v 1.403204 0.337758 0.362397
v 1.403205 0.337758 0.644838
v 1.422162 0.339020 0.644838
v 1.403162 0.180480 0.362397
v 1.422162 0.180480 0.362397
v 1.422162 0.180481 0.644838
v 1.403162 0.180481 0.644838
v 1.422162 0.180480 0.362397
v 1.403162 0.180480 0.362397
v 1.403162 0.180481 0.644838
v 1.422162 0.180481 0.644838
v -0.617563 0.692105 0.644839
v -0.620946 0.674560 0.644839
v -0.782627 0.692104 0.362397
v -0.779131 0.674757 0.362397
v -0.535185 0.692105 0.644839
v -0.535185 0.692105 0.362397
v -0.617563 0.692105 0.362397
v -0.617563 0.692105 0.644839
v -0.620946 0.674560 0.644839
v -0.621911 0.674842 0.362397
v -1.151963 0.264445 -0.192777
v -0.425240 0.264445 -0.192777
v -0.425240 0.254088 -0.217780
v -1.151963 0.254088 -0.217780
v -0.425240 0.229085 -0.228137
v -1.151963 0.229085 -0.228137
v -0.425240 0.204082 -0.217780
v -1.151963 0.204082 -0.217780
v -0.425240 0.193725 -0.192777
v -1.151963 0.193725 -0.192777
v -0.425240 0.204082 -0.167774
v -1.151963 0.204082 -0.167774
v -0.425240 0.229085 -0.157418
v -1.151963 0.229085 -0.157418
v -0.371989 0.213846 -0.217780
v -0.366986 0.204778 -0.192777
v -0.425240 0.254088 -0.167774
v -1.151963 0.254088 -0.167774
v -1.151963 0.251665 -0.192777
v -1.151963 0.245052 -0.208744
v -1.127734 0.245052 -0.208744
v -1.127734 0.251665 -0.192777
v -1.151963 0.245052 -0.208744
v -1.151963 0.251665 -0.192777
v -1.151963 0.264445 -0.192777
v -1.151963 0.254088 -0.217780
v -1.151963 0.229085 -0.215358
v -1.151963 0.229085 -0.228137
v -1.151963 0.213118 -0.208744
v -1.151963 0.204082 -0.217780
v -1.151963 0.206504 -0.192777
v -1.151963 0.193725 -0.192777
v -1.151963 0.213118 -0.176810
v -1.151963 0.204082 -0.167774
v -1.151963 0.229085 -0.170197
v -1.151963 0.229085 -0.157418
v -1.151963 0.245052 -0.176810
v -1.151963 0.254088 -0.167774
v -1.127734 0.251665 -0.192777
v -1.127734 0.245052 -0.208744
v -1.127734 0.229085 -0.215358
v -1.127734 0.213118 -0.208744
v -1.127734 0.206504 -0.192777
v -1.127734 0.213118 -0.176810
v -1.127734 0.229085 -0.170197
v -1.127734 0.245052 -0.176810
v -1.151963 0.245052 -0.176810
v -1.127734 0.245052 -0.176810
v -1.151963 0.213118 -0.176810
v -1.151963 0.229085 -0.170197
v -1.127734 0.229085 -0.170197
v -1.127734 0.213118 -0.176810
v -1.151963 0.213118 -0.208744
v -1.151963 0.206504 -0.192777
v -1.127734 0.206504 -0.192777
v -1.127734 0.213118 -0.208744
v -1.151963 0.229085 -0.215358
v -1.127734 0.229085 -0.215358
v -0.313090 0.253172 -0.217780
v -0.302975 0.250952 -0.192777
v -0.384068 0.235738 -0.157418
v -0.396146 0.257630 -0.167774
v -0.396146 0.257630 -0.217780
v -0.384068 0.235738 -0.228137
v -0.371989 0.213846 -0.167774
v -0.401149 0.266698 -0.192777
v -0.372050 0.266113 -0.192777
v -0.361934 0.263893 -0.167774
v -0.354109 0.286258 -0.167774
v -0.364460 0.286603 -0.192777
v -0.361934 0.263893 -0.217780
v -0.337512 0.258532 -0.228137
v -0.337512 0.258532 -0.157418
v -0.313090 0.253172 -0.167774
v -0.337512 0.258532 -0.228137
v -0.337512 0.258532 -0.157418
v -0.304131 0.284594 -0.167774
v -0.329120 0.285426 -0.157418
v -0.304131 0.284594 -0.217780
v -0.293780 0.284249 -0.192777
v -0.354109 0.286258 -0.217780
v -0.329120 0.285426 -0.228137
v -0.329120 0.285426 -0.157418
v -0.329120 0.285426 -0.228137
v 1.022574 0.876991 -0.418445
v 1.002108 1.011517 -0.402174
v 1.002108 1.011517 -0.107136
v 1.022574 0.876991 -0.090864
v 0.931387 0.707551 -0.440799
v 0.931120 0.868466 -0.436713
v 1.009871 0.875807 -0.436713
v 1.003761 0.755554 -0.440799
v 0.930936 1.058793 -0.103676
v 0.979420 1.058732 -0.103645
v 0.961029 1.126235 -0.138253
v 0.930885 1.126254 -0.138263
v 0.930873 1.142311 -0.171910
v 0.930873 1.142311 -0.337399
v 0.918403 1.130847 -0.324956
v 0.918403 1.130847 -0.184353
v 1.009871 0.875807 -0.072597
v 0.989362 1.011503 -0.088899
v 0.930977 1.011482 -0.089024
v 0.931120 0.868466 -0.072597
v 0.930885 1.126254 -0.371047
v 0.930936 1.058793 -0.405633
v 0.918403 1.058844 -0.387337
v 0.918403 1.114767 -0.358660
v 1.003761 0.755554 -0.068510
v 1.248679 0.755235 -0.068510
v 1.248679 0.764395 -0.086965
v 1.017090 0.764395 -0.086846
v 0.979420 1.058732 -0.405665
v 0.961029 1.126235 -0.371056
v 0.918403 0.698940 -0.086855
v 0.918403 0.867281 -0.090875
v 0.918403 0.867281 -0.418434
v 0.918403 0.698940 -0.422454
v 0.918403 1.011475 -0.107312
v 1.248679 0.755235 -0.440799
v 1.248679 0.707905 -0.440799
v 1.017090 0.764395 -0.422464
v 0.930977 1.011482 -0.420286
v 0.989362 1.011503 -0.420411
v 1.248679 0.698940 -0.422333
v 1.321231 0.708115 -0.122688
v 1.321231 0.708115 -0.386622
v 1.321231 0.755035 -0.386622
v 1.321231 0.755035 -0.122688
v 1.248679 0.707905 -0.068510
v 0.931387 0.707551 -0.068510
v 1.248679 0.698940 -0.086976
v 1.294796 0.764395 -0.397741
v 1.294796 0.764395 -0.111568
v 1.309767 0.764395 -0.128418
v 1.309767 0.764395 -0.380892
v 1.294691 0.755128 -0.416401
v 1.294691 0.755128 -0.092909
v 1.294692 0.708015 -0.092910
v 0.956649 1.142311 -0.171896
v 0.956649 1.142311 -0.337413
v 0.918403 1.058844 -0.121972
v 0.918403 1.114767 -0.150649
v 0.992134 1.058707 -0.121888
v 0.992134 1.058707 -0.387421
v 0.976718 1.115129 -0.358490
v 0.972313 1.131253 -0.324796
v 0.972313 1.131253 -0.184514
v 0.976718 1.115129 -0.150820
v 0.918403 1.011475 -0.401997
v 1.294692 0.708015 -0.416399
v 1.309766 0.698940 -0.380884
v 1.294801 0.698940 -0.397727
v 1.309766 0.698940 -0.128426
v 1.248679 0.764395 -0.422345
v 1.294801 0.698940 -0.111583
v 1.022574 0.876991 0.418446
v 1.022574 0.876991 0.090865
v 1.002108 1.011517 0.107136
v 1.002108 1.011517 0.402174
v 0.931387 0.707551 0.440800
v 1.003761 0.755554 0.440800
v 1.009871 0.875807 0.436713
v 0.931120 0.868466 0.436713
v 0.930936 1.058793 0.103676
v 0.930885 1.126254 0.138263
v 0.961029 1.126235 0.138254
v 0.979420 1.058732 0.103645
v 0.930873 1.142311 0.171911
v 0.918403 1.130847 0.184354
v 0.918403 1.130847 0.324956
v 0.930873 1.142311 0.337400
v 1.009871 0.875807 0.072597
v 0.931120 0.868466 0.072597
v 0.930977 1.011482 0.089024
v 0.989362 1.011503 0.088899
v 0.930885 1.126254 0.371047
v 0.918403 1.114767 0.358661
v 0.918403 1.058844 0.387338
v 0.930936 1.058793 0.405634
v 1.003761 0.755554 0.068511
v 1.017090 0.764395 0.086846
v 1.248679 0.764395 0.086965
v 1.248679 0.755235 0.068511
v 0.979420 1.058732 0.405665
v 0.961029 1.126235 0.371057
v 0.918403 0.698940 0.086856
v 0.918403 0.698940 0.422455
v 0.918403 0.867281 0.418435
v 0.918403 0.867281 0.090875
v 0.918403 1.011475 0.107313
v 1.248679 0.707905 0.440800
v 1.248679 0.755235 0.440800
v 1.017091 0.764395 0.422464
v 0.989362 1.011503 0.420411
v 0.930977 1.011482 0.420286
v 1.248679 0.698940 0.422334
v 1.321231 0.708115 0.122688
v 1.321231 0.755035 0.122688
v 1.321231 0.755035 0.386622
v 1.321231 0.708115 0.386622
v 1.248679 0.707905 0.068511
v 1.248679 0.698940 0.086977
v 0.931387 0.707551 0.068511
v 1.294796 0.764395 0.397742
v 1.309767 0.764395 0.380892
v 1.309767 0.764395 0.128418
v 1.294796 0.764395 0.111569
v 1.294691 0.755128 0.416401
v 1.294691 0.755128 0.092909
v 1.294692 0.708015 0.092911
v 0.956649 1.142311 0.337414
v 0.956649 1.142311 0.171897
v 0.918403 1.114767 0.150650
v 0.918403 1.058844 0.121973
v 0.992134 1.058707 0.121889
v 0.976718 1.115129 0.150820
v 0.972313 1.131253 0.184514
v 0.972313 1.131253 0.324796
v 0.976718 1.115129 0.358490
v 0.992134 1.058707 0.387422
v 0.918403 1.011475 0.401998
v 1.294692 0.708015 0.416400
v 1.294801 0.698940 0.397727
v 1.309767 0.698940 0.380884
v 1.309767 0.698940 0.128426
v 1.248679 0.764395 0.422345
v 1.294801 0.698940 0.111583
v 1.435898 0.883363 -0.131067
v 1.461450 0.924610 -0.140719
v 1.449410 0.929615 -0.145754
v 1.424956 0.890141 -0.136518
v 1.442529 0.928074 -0.157666
v 1.420673 0.892794 -0.149411
v 1.444680 0.921137 -0.169168
v 1.425334 0.889907 -0.161860
v 1.454236 0.912964 -0.173791
v 1.435898 0.883363 -0.166865
v 1.465809 0.908048 -0.169168
v 1.446462 0.876818 -0.161860
v 1.472978 0.909211 -0.157666
v 1.451123 0.873931 -0.149411
v 1.471294 0.916058 -0.145754
v 1.446840 0.876584 -0.136518
v 1.483112 0.959578 -0.168203
v 1.470141 0.963080 -0.172058
v 1.461057 0.957983 -0.181174
v 1.461082 0.947612 -0.189977
v 1.469782 0.938060 -0.193516
v 1.482210 0.934524 -0.189977
v 1.491506 0.939120 -0.181175
v 1.492025 0.949523 -0.172058
v 1.497587 0.982943 -0.209337
v 1.483993 0.985440 -0.211423
v 1.473437 0.977967 -0.216357
v 1.472041 0.965302 -0.221121
v 1.480170 0.954828 -0.223036
v 1.493169 0.952214 -0.221121
v 1.503886 0.959104 -0.216357
v 1.505877 0.971883 -0.211423
v 1.502669 0.991147 -0.257858
v 1.488857 0.993292 -0.257858
v 1.477784 0.984985 -0.257858
v 1.475889 0.971514 -0.257858
v 1.483817 0.960716 -0.257858
v 1.497017 0.958426 -0.257858
v 1.508234 0.966122 -0.257858
v 1.510741 0.979735 -0.257858
v 1.497586 0.982943 -0.306379
v 1.483993 0.985440 -0.304293
v 1.473437 0.977967 -0.299359
v 1.472040 0.965302 -0.294595
v 1.480170 0.954828 -0.292680
v 1.493169 0.952214 -0.294595
v 1.503886 0.959104 -0.299359
v 1.505877 0.971883 -0.304293
v 1.483112 0.959578 -0.347513
v 1.470141 0.963080 -0.343659
v 1.461057 0.957983 -0.334542
v 1.461082 0.947612 -0.325739
v 1.469782 0.938060 -0.322200
v 1.482210 0.934524 -0.325739
v 1.491506 0.939120 -0.334542
v 1.492024 0.949523 -0.343659
v 1.461450 0.924610 -0.374998
v 1.449410 0.929615 -0.369962
v 1.442528 0.928074 -0.358050
v 1.444680 0.921137 -0.346549
v 1.454236 0.912964 -0.341925
v 1.465808 0.908048 -0.346549
v 1.472978 0.909211 -0.358050
v 1.471294 0.916058 -0.369962
v 1.435898 0.883363 -0.384649
v 1.424956 0.890141 -0.379198
v 1.420673 0.892794 -0.366305
v 1.425334 0.889907 -0.353856
v 1.435898 0.883363 -0.348851
v 1.446462 0.876818 -0.353856
v 1.451123 0.873931 -0.366305
v 1.446840 0.876584 -0.379198
v 1.410346 0.842115 -0.374998
v 1.400502 0.850667 -0.369962
v 1.398818 0.857514 -0.358050
v 1.405987 0.858677 -0.346549
v 1.417560 0.853761 -0.341925
v 1.427115 0.845588 -0.346549
v 1.429267 0.838651 -0.358050
v 1.422386 0.837110 -0.369962
v 1.388683 0.807147 -0.347513
v 1.379771 0.817202 -0.343659
v 1.380290 0.827606 -0.334542
v 1.389586 0.832202 -0.325739
v 1.402014 0.828666 -0.322200
v 1.410714 0.819113 -0.325739
v 1.410739 0.808743 -0.334542
v 1.401655 0.803645 -0.343659
v 1.374209 0.783783 -0.306379
v 1.365919 0.794842 -0.304293
v 1.367909 0.807621 -0.299359
v 1.378627 0.814511 -0.294595
v 1.391626 0.811898 -0.292680
v 1.399755 0.801423 -0.294595
v 1.398359 0.788758 -0.299359
v 1.387803 0.781285 -0.304293
v 1.369127 0.775578 -0.257858
v 1.361055 0.786990 -0.257858
v 1.363562 0.800604 -0.257858
v 1.374779 0.808299 -0.257858
v 1.387979 0.806009 -0.257858
v 1.395907 0.795211 -0.257858
v 1.394012 0.781740 -0.257858
v 1.382939 0.773433 -0.257858
v 1.374209 0.783783 -0.209337
v 1.365919 0.794842 -0.211423
v 1.367910 0.807621 -0.216357
v 1.378627 0.814511 -0.221121
v 1.391626 0.811898 -0.223036
v 1.399755 0.801423 -0.221121
v 1.398359 0.788758 -0.216357
v 1.387803 0.781285 -0.211423
v 1.388684 0.807147 -0.168203
v 1.379771 0.817202 -0.172058
v 1.380290 0.827606 -0.181174
v 1.389586 0.832202 -0.189977
v 1.402014 0.828666 -0.193516
v 1.410714 0.819113 -0.189977
v 1.410739 0.808742 -0.181174
v 1.401655 0.803645 -0.172058
v 1.410346 0.842115 -0.140719
v 1.400502 0.850667 -0.145754
v 1.398818 0.857514 -0.157666
v 1.405987 0.858677 -0.169168
v 1.417560 0.853761 -0.173791
v 1.427115 0.845588 -0.169168
v 1.429267 0.838651 -0.157666
v 1.422386 0.837110 -0.145754
v 1.442319 0.908567 -0.233360
v 1.438355 0.902319 -0.225339
v 1.444847 0.898047 -0.224363
v 1.448679 0.904196 -0.233061
v 1.431115 0.891883 -0.215031
v 1.439237 0.889070 -0.211183
v 1.443169 0.881871 -0.212403
v 1.448031 0.889720 -0.225871
v 1.449070 0.891398 -0.241296
v 1.452785 0.897394 -0.248924
v 1.589571 0.804360 -0.241296
v 1.593286 0.810356 -0.248924
v 1.434766 0.868307 -0.233615
v 1.438509 0.874349 -0.241146
v 1.425929 0.867509 -0.235394
v 1.425314 0.866479 -0.242637
v 1.432714 0.864995 -0.220184
v 1.424642 0.865511 -0.222053
v 1.419553 0.873219 -0.223691
v 1.419466 0.871828 -0.236269
v 1.418594 0.870270 -0.243034
v 1.416756 0.876325 -0.237492
v 1.415761 0.874708 -0.243300
v 1.418893 0.879947 -0.231917
v 1.408159 0.851814 -0.164136
v 1.417229 0.866455 -0.156422
v 1.444341 0.911832 -0.244508
v 1.439016 0.912248 -0.245215
v 1.437144 0.909226 -0.234685
v 1.444911 0.912753 -0.257858
v 1.439537 0.913088 -0.257858
v 1.434556 0.867968 -0.257858
v 1.434643 0.868108 -0.249050
v 1.424714 0.865510 -0.249910
v 1.424510 0.865182 -0.257858
v 1.417958 0.869243 -0.250114
v 1.417745 0.868899 -0.257858
v 1.429073 0.859117 -0.156422
v 1.420004 0.844477 -0.164136
v 1.575143 0.781070 -0.249050
v 1.579009 0.787311 -0.241146
v 1.450690 0.907442 -0.244361
v 1.451259 0.908360 -0.257858
v 1.453238 0.898126 -0.257858
v 1.412381 0.845401 -0.165583
v 1.424852 0.865531 -0.154976
v 1.433617 0.903543 -0.227904
v 1.428724 0.895817 -0.225073
v 1.415037 0.873539 -0.257858
v 1.415221 0.873836 -0.250207
v 1.575056 0.780930 -0.257858
v 1.593739 0.811088 -0.257858
v 1.442319 0.908567 -0.282356
v 1.448679 0.904196 -0.282655
v 1.444847 0.898047 -0.291353
v 1.438355 0.902319 -0.290377
v 1.439237 0.889070 -0.304533
v 1.431115 0.891883 -0.300685
v 1.448031 0.889720 -0.289845
v 1.443169 0.881871 -0.303313
v 1.449070 0.891398 -0.274420
v 1.452785 0.897394 -0.266792
v 1.593286 0.810356 -0.266792
v 1.589571 0.804360 -0.274421
v 1.438509 0.874349 -0.274570
v 1.434766 0.868307 -0.282101
v 1.425314 0.866479 -0.273079
v 1.425929 0.867509 -0.280322
v 1.424642 0.865511 -0.293663
v 1.432714 0.864995 -0.295533
v 1.419466 0.871828 -0.279447
v 1.419553 0.873219 -0.292025
v 1.418594 0.870270 -0.272682
v 1.415761 0.874708 -0.272416
v 1.416755 0.876325 -0.278225
v 1.418893 0.879947 -0.283799
v 1.417229 0.866455 -0.359294
v 1.408159 0.851814 -0.351580
v 1.437144 0.909226 -0.281031
v 1.439016 0.912248 -0.270501
v 1.444341 0.911832 -0.271208
v 1.424714 0.865510 -0.265806
v 1.434643 0.868108 -0.266666
v 1.417958 0.869243 -0.265602
v 1.420003 0.844477 -0.351580
v 1.429073 0.859117 -0.359294
v 1.579009 0.787311 -0.274570
v 1.575143 0.781070 -0.266666
v 1.450690 0.907442 -0.271355
v 1.412381 0.845401 -0.350133
v 1.424851 0.865531 -0.360740
v 1.433617 0.903543 -0.287813
v 1.428724 0.895817 -0.290643
v 1.415221 0.873836 -0.265509
vt 0.093407 0.969099
vt 0.093407 0.969100
vt 0.093407 0.969100
vt 0.093407 0.969099
vt 0.093407 0.969100
vt 0.093407 0.969099
vt 0.093407 0.969100
vt 0.093407 0.969099
vt 0.093407 0.969100
vt 0.093407 0.969099
vt 0.093407 0.969099
vt 0.093407 0.969099
vt 0.093407 0.969099
vt 0.093407 0.969100
vt 0.093407 0.969100
vt 0.093407 0.969099
vt 0.093407 0.969100
vt 0.093407 0.969099
vt 0.093407 0.969100
vt 0.093407 0.969099
vt 0.093407 0.969100
vt 0.093407 0.969099
vt 0.093407 0.969099
vt 0.093407 0.969099
vt 0.093407 0.969099
vt 0.093407 0.969100
vt 0.093407 0.969100
vt 0.093407 0.969099
vt 0.093407 0.969100
vt 0.093407 0.969099
vt 0.093407 0.969100
vt 0.093407 0.969099
vt 0.093407 0.969100
vt 0.093407 0.969099
vt 0.093407 0.969099
vt 0.093407 0.969099
vt 0.093407 0.969099
vt 0.093407 0.969100
vt 0.093407 0.969100
vt 0.093407 0.969099
vt 0.093407 0.969100
vt 0.093407 0.969099
vt 0.093407 0.969100
vt 0.093407 0.969099
vt 0.093407 0.969100
vt 0.093407 0.969099
vt 0.093407 0.969099
vt 0.093407 0.969099
vt 0.093407 0.969099
vt 0.093407 0.969100
vt 0.093407 0.969100
vt 0.093407 0.969099
vt 0.093407 0.969100
vt 0.093407 0.969099
vt 0.093407 0.969100
vt 0.093407 0.969099
vt 0.093407 0.969100
vt 0.093407 0.969099
vt 0.093407 0.969099
vt 0.093407 0.969099
vt 0.093407 0.969099
vt 0.093407 0.969100
vt 0.093407 0.969100
vt 0.093407 0.969099
vt 0.093407 0.969100
vt 0.093407 0.969099
vt 0.093407 0.969100
vt 0.093407 0.969099
vt 0.093407 0.969100
vt 0.093407 0.969099
vt 0.093407 0.969099
vt 0.093407 0.969099
vt 0.093407 0.969099
vt 0.093407 0.969099
vt 0.093407 0.969100
vt 0.093407 0.969100
vt 0.093407 0.969099
vt 0.093407 0.969100
vt 0.093407 0.969099
vt 0.093407 0.969100
vt 0.093407 0.969099
vt 0.093407 0.969100
vt 0.093407 0.969099
vt 0.093407 0.969099
vt 0.093407 0.969099
vt 0.093407 0.969099
vt 0.093407 0.969100
vt 0.093407 0.969100
vt 0.093407 0.969099
vt 0.093407 0.969100
vt 0.093407 0.969099
vt 0.093407 0.969100
vt 0.093407 0.969099
vt 0.093407 0.969100
vt 0.093407 0.969099
vt 0.093407 0.969099
vt 0.093407 0.969099
vt 0.093407 0.969099
vt 0.093407 0.969100
vt 0.093407 0.969100
vt 0.093407 0.969099
vt 0.093407 0.969100
vt 0.093407 0.969099
vt 0.093407 0.969100
vt 0.093407 0.969099
vt 0.093407 0.969100
vt 0.093407 0.969099
vt 0.093407 0.969099
vt 0.093407 0.969099
vt 0.093407 0.969099
vt 0.093407 0.969100
vt 0.093407 0.969100
vt 0.093407 0.969099
vt 0.093407 0.969100
vt 0.093407 0.969099
vt 0.093407 0.969100
vt 0.093407 0.969099
vt 0.093407 0.969100
vt 0.093407 0.969099
vt 0.093407 0.969099
vt 0.093407 0.969099
vt 0.093407 0.969099
vt 0.093407 0.969100
vt 0.093407 0.969100
vt 0.093407 0.969099
vt 0.093407 0.969100
vt 0.093407 0.969099
vt 0.093407 0.969100
vt 0.093407 0.969099
vt 0.093407 0.969100
vt 0.093407 0.969099
vt 0.093407 0.969099
vt 0.093407 0.969099
vt 0.093407 0.969099
vt 0.093407 0.969100
vt 0.093407 0.969100
vt 0.093407 0.969099
vt 0.093407 0.969100
vt 0.093407 0.969099
vt 0.093407 0.969100
vt 0.093407 0.969099
vt 0.093407 0.969100
vt 0.093407 0.969099
vt 0.093407 0.969099
vt 0.594679 0.970010
vt 0.594679 0.970010
vt 0.594679 0.970010
vt 0.594679 0.970010
vt 0.594679 0.970010
vt 0.594679 0.970010
vt 0.594679 0.970010
vt 0.594679 0.970010
vt 0.718717 0.970663
vt 0.718717 0.970663
vt 0.718717 0.970663
vt 0.718717 0.970663
vt 0.594679 0.970010
vt 0.594679 0.970010
vt 0.594679 0.970010
vt 0.594679 0.970010
vt 0.594679 0.970010
vt 0.594679 0.970010
vt 0.594679 0.970010
vt 0.594679 0.970010
vt 0.594679 0.970010
vt 0.718717 0.970663
vt 0.718717 0.970663
vt 0.718717 0.970663
vt 0.718717 0.970663
vt 0.718717 0.970663
vt 0.594679 0.970010
vt 0.594679 0.970010
vt 0.594679 0.970010
vt 0.594679 0.970010
vt 0.594679 0.970010
vt 0.594679 0.970010
vt 0.594679 0.970010
vt 0.594679 0.970010
vt 0.594679 0.970010
vt 0.594679 0.970010
vt 0.594679 0.970010
vt 0.594679 0.970010
vt 0.594679 0.970010
vt 0.594679 0.970010
vt 0.594679 0.970010
vt 0.594679 0.970010
vt 0.594679 0.970010
vt 0.594679 0.970010
vt 0.594679 0.970010
vt 0.594679 0.970010
vt 0.594679 0.970010
vt 0.594679 0.970010
vt 0.594679 0.970010
vt 0.594679 0.970010
vt 0.594679 0.970010
vt 0.594679 0.970010
vt 0.594679 0.970010
vt 0.594679 0.970010
vt 0.594679 0.970010
vt 0.594679 0.970010
vt 0.594679 0.970010
vt 0.594679 0.970010
vt 0.594679 0.970010
vt 0.594679 0.970010
vt 0.594679 0.970010
vt 0.594679 0.970010
vt 0.594679 0.970010
vt 0.594679 0.970010
vt 0.594679 0.970010
vt 0.594679 0.970010
vt 0.594679 0.970010
vt 0.594679 0.970010
vt 0.594679 0.970010
vt 0.594679 0.970010
vt 0.594679 0.970010
vt 0.594679 0.970010
vt 0.594679 0.970010
vt 0.594679 0.970010
vt 0.594679 0.970010
vt 0.594679 0.970010
vt 0.594679 0.970010
vt 0.594679 0.970010
vt 0.594679 0.970010
vt 0.718717 0.970663
vt 0.718717 0.970663
vt 0.469883 0.969981
vt 0.469883 0.969981
vt 0.469883 0.969981
vt 0.469883 0.969981
vt 0.594679 0.970010
vt 0.594679 0.970010
vt 0.594679 0.970010
vt 0.594679 0.970010
vt 0.594679 0.970010
vt 0.594679 0.970010
vt 0.594679 0.970010
vt 0.594679 0.970010
vt 0.594679 0.970010
vt 0.594679 0.970010
vt 0.594679 0.970010
vt 0.594679 0.970010
vt 0.594679 0.970010
vt 0.594679 0.970010
vt 0.594679 0.970010
vt 0.469883 0.969981
vt 0.469883 0.969981
vt 0.469883 0.969981
vt 0.594679 0.970010
vt 0.594679 0.970010
vt 0.718717 0.970663
vt 0.718717 0.970663
vt 0.718717 0.970663
vt 0.718717 0.970663
vt 0.594679 0.970010
vt 0.718717 0.970663
vt 0.718717 0.970663
vt 0.718717 0.970663
vt 0.718717 0.970663
vt 0.594679 0.970010
vt 0.594679 0.970010
vt 0.594679 0.970010
vt 0.594679 0.970010
vt 0.594679 0.970010
vt 0.594679 0.970010
vt 0.594679 0.970010
vt 0.594679 0.970010
vt 0.594679 0.970010
vt 0.594679 0.970010
vt 0.594679 0.970010
vt 0.594679 0.970010
vt 0.594679 0.970010
vt 0.594679 0.970010
vt 0.594679 0.970010
vt 0.594679 0.970010
vt 0.594679 0.970010
vt 0.594679 0.970010
vt 0.594679 0.970010
vt 0.594679 0.970010
vt 0.594679 0.970010
vt 0.594679 0.970010
vt 0.594679 0.970010
vt 0.594679 0.970010
vt 0.594679 0.970010
vt 0.594679 0.970010
vt 0.594679 0.970010
vt 0.594679 0.970010
vt 0.594679 0.970010
vt 0.469883 0.969981
vt 0.469883 0.969981
vt 0.469883 0.969981
vt 0.469883 0.969981
vt 0.469883 0.969981
vt 0.469883 0.969981
vt 0.469883 0.969981
vt 0.469883 0.969981
vt 0.469883 0.969981
vt 0.594679 0.970010
vt 0.594679 0.970010
vt 0.594679 0.970010
vt 0.594679 0.970010
vt 0.594679 0.970010
vt 0.594679 0.970010
vt 0.594679 0.970010
vt 0.594679 0.970010
vt 0.594679 0.970010
vt 0.594679 0.970010
vt 0.594679 0.970010
vt 0.469883 0.969981
vt 0.469883 0.969981
vt 0.469883 0.969981
vt 0.469883 0.969981
vt 0.469883 0.969981
vt 0.469883 0.969981
vt 0.469883 0.969981
vt 0.469883 0.969981
vt 0.469883 0.969981
vt 0.469883 0.969981
vt 0.469883 0.969981
vt 0.469883 0.969981
vt 0.469883 0.969981
vt 0.469883 0.969981
vt 0.469883 0.969981
vt 0.469883 0.969981
vt 0.469883 0.969981
vt 0.469883 0.969981
vt 0.469883 0.969981
vt 0.469883 0.969981
vt 0.469883 0.969981
vt 0.594679 0.970010
vt 0.594679 0.970010
vt 0.594679 0.970010
vt 0.594679 0.970010
vt 0.594679 0.970010
vt 0.594679 0.970010
vt 0.718717 0.970663
vt 0.718717 0.970663
vt 0.718717 0.970663
vt 0.718717 0.970663
vt 0.718717 0.970663
vt 0.718717 0.970663
vt 0.718717 0.970663
vt 0.718717 0.970663
vt 0.594679 0.970010
vt 0.594679 0.970010
vt 0.594679 0.970010
vt 0.594679 0.970010
vt 0.594679 0.970010
vt 0.594679 0.970010
vt 0.594679 0.970010
vt 0.594679 0.970010
vt 0.718717 0.970663
vt 0.718717 0.970663
vt 0.594679 0.970010
vt 0.594679 0.970010
vt 0.594679 0.970010
vt 0.594679 0.970010
vt 0.594679 0.970010
vt 0.594679 0.970010
vt 0.594679 0.970010
vt 0.594679 0.970010
vt 0.594679 0.970010
vt 0.718717 0.970663
vt 0.718717 0.970663
vt 0.718717 0.970663
vt 0.594679 0.970010
vt 0.594679 0.970010
vt 0.594679 0.970010
vt 0.594679 0.970010
vt 0.594679 0.970010
vt 0.594679 0.970010
vt 0.594679 0.970010
vt 0.594679 0.970010
vt 0.594679 0.970010
vt 0.594679 0.970010
vt 0.594679 0.970010
vt 0.594679 0.970010
vt 0.594679 0.970010
vt 0.594679 0.970010
vt 0.594679 0.970010
vt 0.594679 0.970010
vt 0.594679 0.970010
vt 0.594679 0.970010
vt 0.594679 0.970010
vt 0.594679 0.970010
vt 0.594679 0.970010
vt 0.594679 0.970010
vt 0.594679 0.970010
vt 0.594679 0.970010
vt 0.594679 0.970010
vt 0.594679 0.970010
vt 0.594679 0.970010
vt 0.594679 0.970010
vt 0.594679 0.970010
vt 0.594679 0.970010
vt 0.594679 0.970010
vt 0.594679 0.970010
vt 0.594679 0.970010
vt 0.594679 0.970010
vt 0.594679 0.970010
vt 0.594679 0.970010
vt 0.594679 0.970010
vt 0.594679 0.970010
vt 0.594679 0.970010
vt 0.594679 0.970010
vt 0.594679 0.970010
vt 0.594679 0.970010
vt 0.594679 0.970010
vt 0.594679 0.970010
vt 0.718717 0.970663
vt 0.469883 0.969981
vt 0.469883 0.969981
vt 0.469883 0.969981
vt 0.469883 0.969981
vt 0.594679 0.970010
vt 0.594679 0.970010
vt 0.594679 0.970010
vt 0.594679 0.970010
vt 0.594679 0.970010
vt 0.594679 0.970010
vt 0.594679 0.970010
vt 0.594679 0.970010
vt 0.469883 0.969981
vt 0.469883 0.969981
vt 0.469883 0.969981
vt 0.594679 0.970010
vt 0.594679 0.970010
vt 0.718717 0.970663
vt 0.718717 0.970663
vt 0.718717 0.970663
vt 0.718717 0.970663
vt 0.594679 0.970010
vt 0.718717 0.970663
vt 0.718717 0.970663
vt 0.718717 0.970663
vt 0.718717 0.970663
vt 0.594679 0.970010
vt 0.594679 0.970010
vt 0.594679 0.970010
vt 0.594679 0.970010
vt 0.594679 0.970010
vt 0.594679 0.970010
vt 0.594679 0.970010
vt 0.594679 0.970010
vt 0.594679 0.970010
vt 0.594679 0.970010
vt 0.594679 0.970010
vt 0.594679 0.970010
vt 0.594679 0.970010
vt 0.594679 0.970010
vt 0.594679 0.970010
vt 0.594679 0.970010
vt 0.594679 0.970010
vt 0.594679 0.970010
vt 0.594679 0.970010
vt 0.594679 0.970010
vt 0.594679 0.970010
vt 0.594679 0.970010
vt 0.594679 0.970010
vt 0.594679 0.970010
vt 0.469883 0.969981
vt 0.469883 0.969981
vt 0.469883 0.969981
vt 0.469883 0.969981
vt 0.469883 0.969981
vt 0.469883 0.969981
vt 0.469883 0.969981
vt 0.469883 0.969981
vt 0.469883 0.969981
vt 0.594679 0.970010
vt 0.594679 0.970010
vt 0.594679 0.970010
vt 0.594679 0.970010
vt 0.594679 0.970010
vt 0.594679 0.970010
vt 0.594679 0.970010
vt 0.594679 0.970010
vt 0.594679 0.970010
vt 0.594679 0.970010
vt 0.469883 0.969981
vt 0.469883 0.969981
vt 0.469883 0.969981
vt 0.469883 0.969981
vt 0.469883 0.969981
vt 0.469883 0.969981
vt 0.469883 0.969981
vt 0.469883 0.969981
vt 0.469883 0.969981
vt 0.469883 0.969981
vt 0.469883 0.969981
vt 0.469883 0.969981
vt 0.469883 0.969981
vt 0.469883 0.969981
vt 0.469883 0.969981
vt 0.469883 0.969981
vt 0.594679 0.970010
vt 0.594679 0.970010
vt 0.594679 0.970010
vt 0.594679 0.970010
vt 0.594679 0.970010
vt 0.718717 0.970663
vt 0.718717 0.970663
vt 0.718717 0.970663
vt 0.718717 0.970663
vt 0.718717 0.970663
vt 0.718717 0.970663
vt 0.718717 0.970663
vt 0.718717 0.970663
vt 0.093407 0.969099
vt 0.093407 0.969100
vt 0.093407 0.969100
vt 0.093407 0.969099
vt 0.093407 0.969100
vt 0.093407 0.969099
vt 0.093407 0.969100
vt 0.093407 0.969099
vt 0.093407 0.969100
vt 0.093407 0.969099
vt 0.093407 0.969099
vt 0.093407 0.969099
vt 0.093407 0.969099
vt 0.093407 0.969100
vt 0.093407 0.969100
vt 0.093407 0.969099
vt 0.093407 0.969100
vt 0.093407 0.969099
vt 0.093407 0.969100
vt 0.093407 0.969099
vt 0.093407 0.969100
vt 0.093407 0.969099
vt 0.093407 0.969099
vt 0.093407 0.969099
vt 0.093407 0.969099
vt 0.093407 0.969100
vt 0.093407 0.969100
vt 0.093407 0.969099
vt 0.093407 0.969100
vt 0.093407 0.969099
vt 0.093407 0.969100
vt 0.093407 0.969099
vt 0.093407 0.969100
vt 0.093407 0.969099
vt 0.093407 0.969099
vt 0.093407 0.969099
vt 0.093407 0.969099
vt 0.093407 0.969100
vt 0.093407 0.969100
vt 0.093407 0.969099
vt 0.093407 0.969100
vt 0.093407 0.969099
vt 0.093407 0.969100
vt 0.093407 0.969099
vt 0.093407 0.969100
vt 0.093407 0.969099
vt 0.093407 0.969099
vt 0.093407 0.969099
vt 0.093407 0.969099
vt 0.093407 0.969100
vt 0.093407 0.969100
vt 0.093407 0.969099
vt 0.093407 0.969100
vt 0.093407 0.969099
vt 0.093407 0.969100
vt 0.093407 0.969099
vt 0.093407 0.969100
vt 0.093407 0.969099
vt 0.093407 0.969099
vt 0.093407 0.969099
vt 0.093407 0.969099
vt 0.093407 0.969100
vt 0.093407 0.969100
vt 0.093407 0.969099
vt 0.093407 0.969100
vt 0.093407 0.969099
vt 0.093407 0.969100
vt 0.093407 0.969099
vt 0.093407 0.969100
vt 0.093407 0.969099
vt 0.093407 0.969099
vt 0.093407 0.969099
vt 0.093407 0.969099
vt 0.093407 0.969099
vt 0.093407 0.969100
vt 0.093407 0.969100
vt 0.093407 0.969099
vt 0.093407 0.969100
vt 0.093407 0.969099
vt 0.093407 0.969100
vt 0.093407 0.969099
vt 0.093407 0.969100
vt 0.093407 0.969099
vt 0.093407 0.969099
vt 0.093407 0.969099
vt 0.093407 0.969099
vt 0.093407 0.969100
vt 0.093407 0.969100
vt 0.093407 0.969099
vt 0.093407 0.969100
vt 0.093407 0.969099
vt 0.093407 0.969100
vt 0.093407 0.969099
vt 0.093407 0.969100
vt 0.093407 0.969099
vt 0.093407 0.969099
vt 0.093407 0.969099
vt 0.093407 0.969099
vt 0.093407 0.969100
vt 0.093407 0.969100
vt 0.093407 0.969099
vt 0.093407 0.969100
vt 0.093407 0.969099
vt 0.093407 0.969100
vt 0.093407 0.969099
vt 0.093407 0.969100
vt 0.093407 0.969099
vt 0.093407 0.969099
vt 0.093407 0.969099
vt 0.093407 0.969099
vt 0.093407 0.969100
vt 0.093407 0.969100
vt 0.093407 0.969099
vt 0.093407 0.969100
vt 0.093407 0.969099
vt 0.093407 0.969100
vt 0.093407 0.969099
vt 0.093407 0.969100
vt 0.093407 0.969099
vt 0.093407 0.969099
vt 0.093407 0.969099
vt 0.093407 0.969099
vt 0.093407 0.969100
vt 0.093407 0.969100
vt 0.093407 0.969099
vt 0.093407 0.969100
vt 0.093407 0.969099
vt 0.093407 0.969100
vt 0.093407 0.969099
vt 0.093407 0.969100
vt 0.093407 0.969099
vt 0.093407 0.969099
vt 0.093407 0.969099
vt 0.093407 0.969099
vt 0.093407 0.969100
vt 0.093407 0.969100
vt 0.093407 0.969099
vt 0.093407 0.969100
vt 0.093407 0.969099
vt 0.093407 0.969100
vt 0.093407 0.969099
vt 0.093407 0.969100
vt 0.093407 0.969099
vt 0.093407 0.969099
vt 0.156243 0.969713
vt 0.156245 0.969713
vt 0.156245 0.969714
vt 0.156245 0.969714
vt 0.156243 0.969714
vt 0.156243 0.969714
vt 0.156240 0.969710
vt 0.156242 0.969710
vt 0.156242 0.969711
vt 0.156245 0.969710
vt 0.156245 0.969710
vt 0.156245 0.969710
vt 0.156245 0.969710
vt 0.156243 0.969711
vt 0.156245 0.969711
vt 0.156245 0.969706
vt 0.156243 0.969706
vt 0.156245 0.969706
vt 0.156245 0.969706
vt 0.156243 0.969711
vt 0.156243 0.969710
vt 0.156243 0.969710
vt 0.156243 0.969713
vt 0.156243 0.969714
vt 0.156243 0.969714
vt 0.156245 0.969714
vt 0.156245 0.969714
vt 0.156245 0.969713
vt 0.156240 0.969710
vt 0.156242 0.969711
vt 0.156242 0.969710
vt 0.156245 0.969710
vt 0.156245 0.969710
vt 0.156245 0.969710
vt 0.156245 0.969710
vt 0.156245 0.969711
vt 0.156243 0.969711
vt 0.156243 0.969706
vt 0.156245 0.969706
vt 0.156245 0.969706
vt 0.156245 0.969706
vt 0.156243 0.969711
vt 0.156243 0.969710
vt 0.156243 0.969710
vt 0.093407 0.969099
vt 0.093407 0.969100
vt 0.093407 0.969100
vt 0.093407 0.969099
vt 0.093407 0.969100
vt 0.093407 0.969099
vt 0.093407 0.969100
vt 0.093407 0.969099
vt 0.093407 0.969100
vt 0.093407 0.969099
vt 0.093407 0.969099
vt 0.093407 0.969099
vt 0.093407 0.969099
vt 0.093407 0.969100
vt 0.093407 0.969100
vt 0.093407 0.969099
vt 0.093407 0.969100
vt 0.093407 0.969099
vt 0.093407 0.969100
vt 0.093407 0.969099
vt 0.093407 0.969100
vt 0.093407 0.969099
vt 0.093407 0.969099
vt 0.093407 0.969099
vt 0.093407 0.969099
vt 0.093407 0.969100
vt 0.093407 0.969100
vt 0.093407 0.969099
vt 0.093407 0.969100
vt 0.093407 0.969099
vt 0.093407 0.969100
vt 0.093407 0.969099
vt 0.093407 0.969100
vt 0.093407 0.969099
vt 0.093407 0.969099
vt 0.093407 0.969099
vt 0.093407 0.969099
vt 0.093407 0.969100
vt 0.093407 0.969100
vt 0.093407 0.969099
vt 0.093407 0.969100
vt 0.093407 0.969099
vt 0.093407 0.969100
vt 0.093407 0.969099
vt 0.093407 0.969100
vt 0.093407 0.969099
vt 0.093407 0.969099
vt 0.093407 0.969099
vt 0.093407 0.969099
vt 0.093407 0.969100
vt 0.093407 0.969100
vt 0.093407 0.969099
vt 0.093407 0.969100
vt 0.093407 0.969099
vt 0.093407 0.969100
vt 0.093407 0.969099
vt 0.093407 0.969100
vt 0.093407 0.969099
vt 0.093407 0.969099
vt 0.093407 0.969099
vt 0.093407 0.969099
vt 0.093407 0.969100
vt 0.093407 0.969100
vt 0.093407 0.969099
vt 0.093407 0.969100
vt 0.093407 0.969099
vt 0.093407 0.969100
vt 0.093407 0.969099
vt 0.093407 0.969100
vt 0.093407 0.969099
vt 0.093407 0.969099
vt 0.093407 0.969099
vt 0.093407 0.969099
vt 0.093407 0.969099
vt 0.093407 0.969100
vt 0.093407 0.969100
vt 0.093407 0.969099
vt 0.093407 0.969100
vt 0.093407 0.969099
vt 0.093407 0.969100
vt 0.093407 0.969099
vt 0.093407 0.969100
vt 0.093407 0.969099
vt 0.093407 0.969099
vt 0.093407 0.969099
vt 0.093407 0.969099
vt 0.093407 0.969100
vt 0.093407 0.969100
vt 0.093407 0.969099
vt 0.093407 0.969100
vt 0.093407 0.969099
vt 0.093407 0.969100
vt 0.093407 0.969099
vt 0.093407 0.969100
vt 0.093407 0.969099
vt 0.093407 0.969099
vt 0.093407 0.969099
vt 0.093407 0.969099
vt 0.093407 0.969100
vt 0.093407 0.969100
vt 0.093407 0.969099
vt 0.093407 0.969100
vt 0.093407 0.969099
vt 0.093407 0.969100
vt 0.093407 0.969099
vt 0.093407 0.969100
vt 0.093407 0.969099
vt 0.093407 0.969099
vt 0.093407 0.969099
vt 0.093407 0.969099
vt 0.093407 0.969100
vt 0.093407 0.969100
vt 0.093407 0.969099
vt 0.093407 0.969100
vt 0.093407 0.969099
vt 0.093407 0.969100
vt 0.093407 0.969099
vt 0.093407 0.969100
vt 0.093407 0.969099
vt 0.093407 0.969099
vt 0.093407 0.969099
vt 0.093407 0.969099
vt 0.093407 0.969100
vt 0.093407 0.969100
vt 0.093407 0.969099
vt 0.093407 0.969100
vt 0.093407 0.969099
vt 0.093407 0.969100
vt 0.093407 0.969099
vt 0.093407 0.969100
vt 0.093407 0.969099
vt 0.093407 0.969099
vt 0.093407 0.969099
vt 0.093407 0.969099
vt 0.093407 0.969100
vt 0.093407 0.969100
vt 0.093407 0.969099
vt 0.093407 0.969100
vt 0.093407 0.969099
vt 0.093407 0.969100
vt 0.093407 0.969099
vt 0.093407 0.969100
vt 0.093407 0.969099
vt 0.093407 0.969099
vt 0.344371 0.969961
vt 0.344371 0.969961
vt 0.344371 0.969961
vt 0.344371 0.969961
vt 0.344371 0.969961
vt 0.344371 0.969961
vt 0.344371 0.969961
vt 0.344371 0.969961
vt 0.344371 0.969961
vt 0.344371 0.969961
vt 0.344371 0.969961
vt 0.344371 0.969961
vt 0.344371 0.969961
vt 0.344371 0.969961
vt 0.344371 0.969961
vt 0.344371 0.969961
vt 0.344371 0.969961
vt 0.344371 0.969961
vt 0.344371 0.969961
vt 0.344371 0.969961
vt 0.344371 0.969961
vt 0.344371 0.969961
vt 0.344371 0.969961
vt 0.344371 0.969961
vt 0.344371 0.969961
vt 0.344371 0.969961
vt 0.344371 0.969961
vt 0.344371 0.969961
vt 0.344371 0.969961
vt 0.344371 0.969961
vt 0.344371 0.969961
vt 0.344371 0.969961
vt 0.344371 0.969961
vt 0.344371 0.969961
vt 0.344371 0.969961
vt 0.344371 0.969961
vt 0.407330 0.969465
vt 0.407330 0.969465
vt 0.407330 0.969465
vt 0.407330 0.969465
vt 0.407330 0.969465
vt 0.407330 0.969465
vt 0.407330 0.969465
vt 0.407330 0.969465
vt 0.407330 0.969465
vt 0.407330 0.969465
vt 0.407330 0.969465
vt 0.407330 0.969465
vt 0.344371 0.969961
vt 0.344371 0.969961
vt 0.344371 0.969961
vt 0.344371 0.969961
vt 0.344371 0.969961
vt 0.344371 0.969961
vt 0.344371 0.969961
vt 0.344371 0.969961
vt 0.344371 0.969961
vt 0.344371 0.969961
vt 0.344371 0.969961
vt 0.344371 0.969961
vt 0.344371 0.969961
vt 0.344371 0.969961
vt 0.344371 0.969961
vt 0.344371 0.969961
vt 0.344371 0.969961
vt 0.344371 0.969961
vt 0.344371 0.969961
vt 0.344371 0.969961
vt 0.344371 0.969961
vt 0.344371 0.969961
vt 0.344371 0.969961
vt 0.344371 0.969961
vt 0.344371 0.969961
vt 0.344371 0.969961
vt 0.344371 0.969961
vt 0.344371 0.969961
vt 0.344371 0.969961
vt 0.344371 0.969961
vt 0.344371 0.969961
vt 0.344371 0.969961
vt 0.344371 0.969961
vt 0.407330 0.969465
vt 0.407330 0.969465
vt 0.407330 0.969465
vt 0.407330 0.969465
vt 0.407330 0.969465
vt 0.407330 0.969465
vt 0.407330 0.969465
vt 0.407330 0.969465
vt 0.344371 0.969961
vt 0.344371 0.969961
vt 0.344371 0.969961
vt 0.344371 0.969961
vt 0.344371 0.969961
vt 0.218994 0.968018
vt 0.218994 0.968018
vt 0.218994 0.968018
vt 0.218994 0.968018
vt 0.218994 0.968018
vt 0.218994 0.968018
vt 0.218994 0.968018
vt 0.218994 0.968018
vt 0.218994 0.968018
vt 0.218994 0.968018
vt 0.218994 0.968018
vt 0.218994 0.968018
vt 0.218994 0.968018
vt 0.218994 0.968018
vt 0.218994 0.968018
vt 0.218994 0.968018
vt 0.218994 0.968018
vt 0.218994 0.968018
vt 0.218994 0.968018
vt 0.218994 0.968018
vt 0.218994 0.968018
vt 0.218994 0.968018
vt 0.084026 0.250073
vt 0.084026 0.250073
vt 0.084026 0.250073
vt 0.084026 0.250073
vt 0.084026 0.250073
vt 0.084026 0.250073
vt 0.218994 0.968018
vt 0.218994 0.968018
vt 0.218994 0.968018
vt 0.218994 0.968018
vt 0.218994 0.968018
vt 0.218994 0.968018
vt 0.218994 0.968018
vt 0.218994 0.968018
vt 0.218994 0.968018
vt 0.218994 0.968018
vt 0.218994 0.968018
vt 0.218994 0.968018
vt 0.218994 0.968018
vt 0.218994 0.968018
vt 0.218994 0.968018
vt 0.218994 0.968018
vt 0.218994 0.968018
vt 0.218994 0.968018
vt 0.218994 0.968018
vt 0.218994 0.968018
vt 0.218994 0.968018
vt 0.218994 0.968018
vt 0.218994 0.968018
vt 0.218994 0.968018
vt 0.084026 0.250073
vt 0.084026 0.250073
vt 0.084026 0.250073
vt 0.084026 0.250073
vt 0.084026 0.250073
vt 0.084026 0.250073
vt 0.218994 0.968018
vt 0.218994 0.968018
vt 0.407330 0.969465
vt 0.407330 0.969465
vt 0.407330 0.969465
vt 0.407330 0.969465
vt 0.407330 0.969465
vt 0.407330 0.969465
vt 0.407330 0.969465
vt 0.407330 0.969465
vt 0.407330 0.969465
vt 0.407330 0.969465
vt 0.407330 0.969465
vt 0.407330 0.969465
vt 0.407330 0.969465
vt 0.407330 0.969465
vt 0.407330 0.969465
vt 0.407330 0.969465
vt 0.407330 0.969465
vt 0.407330 0.969465
vt 0.407330 0.969465
vt 0.407330 0.969465
vt 0.407330 0.969465
vt 0.407330 0.969465
vt 0.407330 0.969465
vt 0.407330 0.969465
vt 0.407330 0.969465
vt 0.407330 0.969465
vt 0.407330 0.969465
vt 0.407330 0.969465
vt 0.218994 0.968018
vt 0.218994 0.968018
vt 0.218994 0.968018
vt 0.218994 0.968018
vt 0.218994 0.968018
vt 0.218994 0.968018
vt 0.218994 0.968018
vt 0.218994 0.968018
vt 0.218994 0.968018
vt 0.218994 0.968018
vt 0.218994 0.968018
vt 0.218994 0.968018
vt 0.407330 0.969465
vt 0.407330 0.969465
vt 0.407330 0.969465
vt 0.407330 0.969465
vt 0.407330 0.969465
vt 0.407330 0.969465
vt 0.407330 0.969465
vt 0.407330 0.969465
vt 0.407330 0.969465
vt 0.407330 0.969465
vt 0.407330 0.969465
vt 0.407330 0.969465
vt 0.407330 0.969465
vt 0.407330 0.969465
vt 0.407330 0.969465
vt 0.407330 0.969465
vt 0.407330 0.969465
vt 0.407330 0.969465
vt 0.407330 0.969465
vt 0.407330 0.969465
vt 0.407330 0.969465
vt 0.407330 0.969465
vt 0.407330 0.969465
vt 0.407330 0.969465
vt 0.407330 0.969465
vt 0.407330 0.969465
vt 0.407330 0.969465
vt 0.407330 0.969465
vt 0.407330 0.969465
vt 0.407330 0.969465
vt 0.407330 0.969465
vt 0.407330 0.969465
vt 0.407330 0.969465
vt 0.407330 0.969465
vt 0.407330 0.969465
vt 0.407330 0.969465
vt 0.407330 0.969465
vt 0.407330 0.969465
vt 0.407330 0.969465
vt 0.407330 0.969465
vt 0.407330 0.969465
vt 0.407330 0.969465
vt 0.407330 0.969465
vt 0.407330 0.969465
vt 0.407330 0.969465
vt 0.407330 0.969465
vt 0.407330 0.969465
vt 0.407330 0.969465
vt 0.407330 0.969465
vt 0.407330 0.969465
vt 0.407330 0.969465
vt 0.407330 0.969465
vt 0.407330 0.969465
vt 0.407330 0.969465
vt 0.407330 0.969465
vt 0.407330 0.969465
vt 0.407330 0.969465
vt 0.407330 0.969465
vt 0.407330 0.969465
vt 0.407330 0.969465
vt 0.407330 0.969465
vt 0.407330 0.969465
vt 0.407330 0.969465
vt 0.407330 0.969465
vt 0.594679 0.970010
vt 0.594679 0.970010
vt 0.594679 0.970010
vt 0.594679 0.970010
vt 0.594679 0.970010
vt 0.594679 0.970010
vt 0.594679 0.970010
vt 0.594679 0.970010
vt 0.594679 0.970010
vt 0.594679 0.970010
vt 0.594679 0.970010
vt 0.594679 0.970010
vt 0.594679 0.970010
vt 0.594679 0.970010
vt 0.594679 0.970010
vt 0.594679 0.970010
vt 0.594679 0.970010
vt 0.594679 0.970010
vt 0.594679 0.970010
vt 0.594679 0.970010
vt 0.594679 0.970010
vt 0.594679 0.970010
vt 0.594679 0.970010
vt 0.594679 0.970010
vt 0.281337 0.968872
vt 0.281337 0.968872
vt 0.281337 0.968872
vt 0.281337 0.968872
vt 0.281337 0.968872
vt 0.281337 0.968872
vt 0.281337 0.968872
vt 0.281337 0.968872
vt 0.281337 0.968872
vt 0.281337 0.968872
vt 0.281337 0.968872
vt 0.281337 0.968872
vt 0.281337 0.968872
vt 0.281337 0.968872
vt 0.281337 0.968872
vt 0.281337 0.968872
vt 0.156243 0.969704
vt 0.156245 0.969704
vt 0.156245 0.969707
vt 0.156243 0.969707
vt 0.156245 0.969709
vt 0.156243 0.969709
vt 0.156245 0.969712
vt 0.156243 0.969712
vt 0.156243 0.969704
vt 0.156243 0.969707
vt 0.156245 0.969707
vt 0.156245 0.969704
vt 0.156243 0.969709
vt 0.156245 0.969709
vt 0.156243 0.969712
vt 0.156245 0.969712
vt 0.281337 0.968872
vt 0.281337 0.968872
vt 0.281337 0.968872
vt 0.281337 0.968872
vt 0.281337 0.968872
vt 0.281337 0.968872
vt 0.281337 0.968872
vt 0.281337 0.968872
vt 0.281337 0.968872
vt 0.281337 0.968872
vt 0.281337 0.968872
vt 0.281337 0.968872
vt 0.281337 0.968872
vt 0.281337 0.968872
vt 0.281337 0.968872
vt 0.281337 0.968872
vt 0.281337 0.968872
vt 0.281337 0.968872
vt 0.281337 0.968872
vt 0.281337 0.968872
vt 0.281337 0.968872
vt 0.281337 0.968872
vt 0.281337 0.968872
vt 0.281337 0.968872
vt 0.281337 0.968872
vt 0.281337 0.968872
vt 0.281337 0.968872
vt 0.281337 0.968872
vt 0.281337 0.968872
vt 0.281337 0.968872
vt 0.281337 0.968872
vt 0.281337 0.968872
vt 0.281337 0.968872
vt 0.281337 0.968872
vt 0.281337 0.968872
vt 0.281337 0.968872
vt 0.281337 0.968872
vt 0.281337 0.968872
vt 0.281337 0.968872
vt 0.281337 0.968872
vt 0.218994 0.968018
vt 0.218994 0.968018
vt 0.218994 0.968018
vt 0.218994 0.968018
vt 0.218994 0.968018
vt 0.218994 0.968018
vt 0.218994 0.968018
vt 0.218994 0.968018
vt 0.218994 0.968018
vt 0.218994 0.968018
vt 0.218994 0.968018
vt 0.218994 0.968018
vt 0.218994 0.968018
vt 0.218994 0.968018
vt 0.218994 0.968018
vt 0.218994 0.968018
vt 0.033158 0.969730
vt 0.033158 0.969730
vt 0.033158 0.969730
vt 0.033158 0.969730
vt 0.033159 0.969730
vt 0.033159 0.969730
vt 0.033159 0.969730
vt 0.033159 0.969730
vt 0.033159 0.969730
vt 0.033159 0.969730
vt 0.033159 0.969730
vt 0.033159 0.969730
vt 0.033159 0.969730
vt 0.033159 0.969730
vt 0.033159 0.969730
vt 0.033159 0.969730
vt 0.033159 0.969730
vt 0.033159 0.969730
vt 0.033159 0.969730
vt 0.033159 0.969730
vt 0.033159 0.969730
vt 0.033159 0.969730
vt 0.033159 0.969730
vt 0.033159 0.969730
vt 0.033159 0.969730
vt 0.033159 0.969730
vt 0.033159 0.969730
vt 0.033159 0.969730
vt 0.033159 0.969730
vt 0.033159 0.969730
vt 0.033159 0.969730
vt 0.033159 0.969730
vt 0.033158 0.969730
vt 0.033158 0.969730
vt 0.033158 0.969730
vt 0.033158 0.969730
vt 0.033158 0.969730
vt 0.033158 0.969730
vt 0.033158 0.969730
vt 0.033158 0.969730
vt 0.033158 0.969730
vt 0.033158 0.969730
vt 0.033158 0.969730
vt 0.033158 0.969730
vt 0.033158 0.969730
vt 0.033158 0.969730
vt 0.033159 0.969730
vt 0.033159 0.969730
vt 0.093407 0.969099
vt 0.093407 0.969099
vt 0.093407 0.969099
vt 0.093407 0.969099
vt 0.033159 0.969730
vt 0.033159 0.969730
vt 0.033159 0.969730
vt 0.033159 0.969730
vt 0.033159 0.969730
vt 0.033159 0.969730
vt 0.033158 0.969730
vt 0.033158 0.969730
vt 0.033159 0.969730
vt 0.033159 0.969730
vt 0.033159 0.969730
vt 0.033159 0.969730
vt 0.033159 0.969730
vt 0.033159 0.969730
vt 0.033159 0.969730
vt 0.033159 0.969730
vt 0.033159 0.969730
vt 0.033159 0.969730
vt 0.033159 0.969730
vt 0.033159 0.969730
vt 0.033159 0.969730
vt 0.033159 0.969730
vt 0.033159 0.969730
vt 0.033159 0.969730
vt 0.033159 0.969730
vt 0.033159 0.969730
vt 0.033159 0.969730
vt 0.033159 0.969730
vt 0.033159 0.969730
vt 0.033159 0.969730
vt 0.033159 0.969730
vt 0.033159 0.969730
vt 0.033159 0.969730
vt 0.033159 0.969730
vt 0.033159 0.969730
vt 0.033159 0.969730
vt 0.033159 0.969730
vt 0.033159 0.969730
vt 0.033159 0.969730
vt 0.033159 0.969730
vt 0.033159 0.969730
vt 0.033159 0.969730
vt 0.033159 0.969730
vt 0.033159 0.969730
vt 0.033159 0.969730
vt 0.033159 0.969729
vt 0.033159 0.969730
vt 0.033158 0.969729
vt 0.033159 0.969730
vt 0.033159 0.969729
vt 0.033159 0.969730
vt 0.033158 0.969729
vt 0.033159 0.969730
vt 0.033159 0.969729
vt 0.033159 0.969730
vt 0.033158 0.969729
vt 0.033159 0.969730
vt 0.033159 0.969730
vt 0.033159 0.969730
vt 0.033158 0.969730
vt 0.033159 0.969730
vt 0.033159 0.969730
vt 0.033159 0.969730
vt 0.033158 0.969730
vt 0.033158 0.969730
vt 0.033159 0.969730
vt 0.033158 0.969730
vt 0.033158 0.969730
vt 0.033158 0.969730
vt 0.033159 0.969730
vt 0.033158 0.969730
vt 0.033158 0.969730
vt 0.033158 0.969730
vt 0.033159 0.969730
vt 0.033158 0.969730
vt 0.033158 0.969730
vt 0.033158 0.969730
vt 0.033159 0.969730
vt 0.033158 0.969730
vt 0.033158 0.969730
vt 0.033158 0.969730
vt 0.033159 0.969730
vt 0.033158 0.969730
vt 0.033158 0.969730
vt 0.033158 0.969730
vt 0.033159 0.969730
vt 0.033158 0.969730
vt 0.033158 0.969730
vt 0.033158 0.969730
vt 0.033159 0.969730
vt 0.033158 0.969730
vt 0.033158 0.969730
vt 0.033158 0.969730
vt 0.033159 0.969730
vt 0.033158 0.969730
vt 0.033158 0.969730
vt 0.033158 0.969730
vt 0.033158 0.969730
vt 0.033158 0.969730
vt 0.033159 0.969730
vt 0.033159 0.969730
vt 0.033159 0.969730
vt 0.033159 0.969730
vt 0.033159 0.969730
vt 0.033159 0.969730
vt 0.033159 0.969730
vt 0.033158 0.969730
vt 0.033158 0.969730
vt 0.033158 0.969730
vt 0.033158 0.969730
vt 0.033158 0.969730
vt 0.033158 0.969730
vt 0.033158 0.969730
vt 0.033158 0.969730
vt 0.033158 0.969730
vt 0.033158 0.969730
vt 0.033158 0.969730
vt 0.033158 0.969730
vt 0.033158 0.969730
vt 0.033158 0.969730
vt 0.093407 0.969099
vt 0.093407 0.969099
vt 0.093407 0.969099
vt 0.093407 0.969099
vt 0.093407 0.969099
vt 0.093407 0.969099
vt 0.093407 0.969099
vt 0.093407 0.969099
vt 0.093407 0.969099
vt 0.093407 0.969099
vt 0.093407 0.969099
vt 0.093407 0.969099
vt 0.093407 0.969099
vt 0.093407 0.969099
vt 0.093407 0.969099
vt 0.093407 0.969099
vt 0.093407 0.969099
vt 0.093407 0.969099
vt 0.093407 0.969099
vt 0.093407 0.969099
vt 0.093407 0.969099
vt 0.093407 0.969099
vt 0.093407 0.969099
vt 0.093407 0.969099
vt 0.093407 0.969099
vt 0.093407 0.969099
vt 0.093407 0.969099
vt 0.093407 0.969099
vt 0.093407 0.969099
vt 0.093407 0.969099
vt 0.093407 0.969099
vt 0.093407 0.969099
vt 0.093407 0.969099
vt 0.093407 0.969099
vt 0.093407 0.969099
vt 0.093407 0.969099
vt 0.093407 0.969099
vt 0.093407 0.969099
vt 0.093407 0.969099
vt 0.093407 0.969099
vt 0.093407 0.969099
vt 0.093407 0.969099
vt 0.093407 0.969099
vt 0.093407 0.969099
vt 0.093407 0.969099
vt 0.093407 0.969099
vt 0.093407 0.969099
vt 0.093407 0.969099
vt 0.093407 0.969099
vt 0.093407 0.969099
vt 0.093407 0.969099
vt 0.093407 0.969099
vt 0.093407 0.969099
vt 0.093407 0.969099
vt 0.093407 0.969099
vt 0.093407 0.969099
vt 0.093407 0.969099
vt 0.093407 0.969099
vt 0.093407 0.969099
vt 0.093407 0.969099
vt 0.093407 0.969099
vt 0.093407 0.969099
vt 0.093407 0.969099
vt 0.093407 0.969099
vt 0.093407 0.969099
vt 0.093407 0.969099
vt 0.093407 0.969099
vt 0.093407 0.969099
vt 0.093407 0.969099
vt 0.093407 0.969099
vt 0.093407 0.969099
vt 0.093407 0.969099
vt 0.093407 0.969099
vt 0.093407 0.969099
vt 0.093407 0.969099
vt 0.093407 0.969099
vt 0.093407 0.969099
vt 0.093407 0.969099
vt 0.093407 0.969099
vt 0.093407 0.969099
vt 0.093407 0.969099
vt 0.093407 0.969099
vt 0.093407 0.969099
vt 0.093407 0.969099
vt 0.093407 0.969099
vt 0.093407 0.969099
vt 0.093407 0.969099
vt 0.093407 0.969099
vt 0.093407 0.969099
vt 0.093407 0.969099
vt 0.093407 0.969099
vt 0.093407 0.969099
vt 0.093407 0.969099
vt 0.093407 0.969099
vt 0.093407 0.969099
vt 0.093407 0.969099
vt 0.093407 0.969099
vt 0.093407 0.969099
vt 0.093407 0.969099
vt 0.033158 0.969730
vt 0.033158 0.969730
vt 0.033158 0.969730
vt 0.033158 0.969730
vt 0.093407 0.969099
vt 0.093407 0.969099
vt 0.093407 0.969099
vt 0.093407 0.969099
vt 0.093407 0.969099
vt 0.093407 0.969099
vt 0.093407 0.969099
vt 0.093407 0.969099
vt 0.093407 0.969099
vt 0.093407 0.969099
vt 0.093407 0.969099
vt 0.093407 0.969099
vt 0.093407 0.969099
vt 0.093407 0.969099
vt 0.093407 0.969099
vt 0.093407 0.969099
vt 0.093407 0.969099
vt 0.093407 0.969099
vt 0.093407 0.969099
vt 0.093407 0.969099
vt 0.093407 0.969099
vt 0.093407 0.969099
vt 0.093407 0.969099
vt 0.093407 0.969099
vt 0.093407 0.969099
vt 0.093407 0.969099
vt 0.093407 0.969099
vt 0.093407 0.969099
vt 0.093407 0.969099
vt 0.093407 0.969099
vt 0.093407 0.969099
vt 0.093407 0.969099
vt 0.093407 0.969099
vt 0.093407 0.969099
vt 0.093407 0.969099
vt 0.093407 0.969099
vt 0.093407 0.969099
vt 0.093407 0.969099
vt 0.093407 0.969099
vt 0.093407 0.969099
vt 0.093407 0.969099
vt 0.093407 0.969099
vt 0.093407 0.969099
vt 0.093407 0.969099
vt 0.093407 0.969099
vt 0.093407 0.969099
vt 0.093407 0.969099
vt 0.093407 0.969099
vt 0.093407 0.969099
vt 0.093407 0.969099
vt 0.093407 0.969099
vt 0.093407 0.969099
vt 0.093407 0.969099
vt 0.093407 0.969099
vt 0.093407 0.969099
vt 0.093407 0.969099
vt 0.093407 0.969099
vt 0.093407 0.969099
vt 0.093407 0.969099
vt 0.093407 0.969099
vt 0.093407 0.969099
vt 0.093407 0.969099
vt 0.093407 0.969099
vt 0.093407 0.969099
vt 0.093407 0.969099
vt 0.093407 0.969099
vt 0.093407 0.969099
vt 0.093407 0.969099
vt 0.093407 0.969099
vt 0.093407 0.969099
vt 0.093407 0.969099
vt 0.093407 0.969099
vt 0.093407 0.969099
vt 0.093407 0.969099
vt 0.093407 0.969099
vt 0.093407 0.969099
vt 0.093407 0.969099
vt 0.093407 0.969099
vt 0.093407 0.969099
vt 0.093407 0.969099
vt 0.093407 0.969099
vt 0.093407 0.969099
vt 0.093407 0.969099
vt 0.093407 0.969099
vt 0.093407 0.969099
vt 0.093407 0.969099
vt 0.093407 0.969099
vt 0.093407 0.969099
vt 0.093407 0.969099
vt 0.033158 0.969730
vt 0.033158 0.969730
vt 0.033158 0.969730
vt 0.033158 0.969730
vt 0.033158 0.969730
vt 0.033158 0.969730
vt 0.033158 0.969730
vt 0.033158 0.969730
vt 0.033158 0.969730
vt 0.033158 0.969730
vt 0.033158 0.969730
vt 0.033158 0.969730
vt 0.033158 0.969730
vt 0.033158 0.969730
vt 0.033158 0.969730
vt 0.033158 0.969730
vt 0.033158 0.969730
vt 0.033158 0.969730
vt 0.033158 0.969730
vt 0.033158 0.969730
vt 0.033158 0.969730
vt 0.033158 0.969730
vt 0.033158 0.969730
vt 0.033158 0.969730
vt 0.033158 0.969730
vt 0.033158 0.969730
vt 0.033158 0.969730
vt 0.033158 0.969730
vt 0.033158 0.969730
vt 0.033158 0.969730
vt 0.033158 0.969730
vt 0.033158 0.969730
vt 0.033158 0.969730
vt 0.033158 0.969730
vt 0.033158 0.969730
vt 0.033158 0.969730
vt 0.033158 0.969730
vt 0.033158 0.969730
vt 0.033158 0.969730
vt 0.033158 0.969730
vt 0.033158 0.969730
vt 0.033158 0.969730
vt 0.033158 0.969730
vt 0.033158 0.969730
vt 0.033158 0.969730
vt 0.033158 0.969730
vt 0.033158 0.969730
vt 0.033158 0.969730
vt 0.033159 0.969730
vt 0.033159 0.969730
vt 0.033159 0.969730
vt 0.033159 0.969730
vt 0.033159 0.969730
vt 0.033159 0.969730
vt 0.033159 0.969730
vt 0.033159 0.969730
vt 0.033159 0.969730
vt 0.033159 0.969730
vt 0.033159 0.969730
vt 0.033159 0.969730
vt 0.033159 0.969730
vt 0.033159 0.969730
vt 0.033159 0.969730
vt 0.033159 0.969730
vt 0.033159 0.969730
vt 0.033159 0.969730
vt 0.033159 0.969730
vt 0.033159 0.969730
vt 0.033159 0.969730
vt 0.033159 0.969730
vt 0.033159 0.969730
vt 0.033159 0.969730
vt 0.033159 0.969730
vt 0.033159 0.969730
vt 0.033159 0.969730
vt 0.033159 0.969730
vt 0.033158 0.969730
vt 0.033158 0.969730
vt 0.033158 0.969730
vt 0.033158 0.969730
vt 0.033158 0.969730
vt 0.033158 0.969730
vt 0.033158 0.969730
vt 0.033158 0.969730
vt 0.033158 0.969730
vt 0.033158 0.969730
vt 0.033158 0.969730
vt 0.033158 0.969730
vt 0.033158 0.969730
vt 0.033158 0.969730
vt 0.033159 0.969730
vt 0.033159 0.969730
vt 0.093407 0.969099
vt 0.093407 0.969099
vt 0.093407 0.969099
vt 0.093407 0.969099
vt 0.033159 0.969730
vt 0.033159 0.969730
vt 0.033159 0.969730
vt 0.033159 0.969730
vt 0.033159 0.969730
vt 0.033159 0.969730
vt 0.033158 0.969730
vt 0.033158 0.969730
vt 0.033159 0.969730
vt 0.033159 0.969730
vt 0.033159 0.969730
vt 0.033159 0.969730
vt 0.033159 0.969730
vt 0.033159 0.969730
vt 0.033159 0.969730
vt 0.033159 0.969730
vt 0.033159 0.969730
vt 0.033159 0.969730
vt 0.033159 0.969730
vt 0.033159 0.969730
vt 0.033159 0.969730
vt 0.033159 0.969730
vt 0.033159 0.969730
vt 0.033159 0.969730
vt 0.033159 0.969730
vt 0.033159 0.969730
vt 0.033159 0.969730
vt 0.033159 0.969730
vt 0.033159 0.969730
vt 0.033159 0.969730
vt 0.033159 0.969730
vt 0.033159 0.969730
vt 0.033159 0.969730
vt 0.033159 0.969730
vt 0.033159 0.969730
vt 0.033159 0.969730
vt 0.033159 0.969730
vt 0.033159 0.969730
vt 0.033159 0.969730
vt 0.033159 0.969730
vt 0.033159 0.969730
vt 0.033159 0.969730
vt 0.033159 0.969730
vt 0.033159 0.969730
vt 0.033159 0.969730
vt 0.033159 0.969729
vt 0.033159 0.969730
vt 0.033158 0.969729
vt 0.033159 0.969730
vt 0.033159 0.969729
vt 0.033159 0.969730
vt 0.033158 0.969729
vt 0.033159 0.969730
vt 0.033159 0.969729
vt 0.033159 0.969730
vt 0.033158 0.969729
vt 0.033159 0.969730
vt 0.033159 0.969730
vt 0.033159 0.969730
vt 0.033158 0.969730
vt 0.033159 0.969730
vt 0.033159 0.969730
vt 0.033159 0.969730
vt 0.033158 0.969730
vt 0.033158 0.969730
vt 0.033159 0.969730
vt 0.033158 0.969730
vt 0.033158 0.969730
vt 0.033158 0.969730
vt 0.033159 0.969730
vt 0.033158 0.969730
vt 0.033158 0.969730
vt 0.033158 0.969730
vt 0.033159 0.969730
vt 0.033158 0.969730
vt 0.033158 0.969730
vt 0.033158 0.969730
vt 0.033159 0.969730
vt 0.033158 0.969730
vt 0.033158 0.969730
vt 0.033158 0.969730
vt 0.033159 0.969730
vt 0.033158 0.969730
vt 0.033158 0.969730
vt 0.033158 0.969730
vt 0.033159 0.969730
vt 0.033158 0.969730
vt 0.033158 0.969730
vt 0.033158 0.969730
vt 0.033159 0.969730
vt 0.033158 0.969730
vt 0.033158 0.969730
vt 0.033158 0.969730
vt 0.033159 0.969730
vt 0.033158 0.969730
vt 0.033158 0.969730
vt 0.033158 0.969730
vt 0.033158 0.969730
vt 0.033158 0.969730
vt 0.033159 0.969730
vt 0.033159 0.969730
vt 0.033159 0.969730
vt 0.033159 0.969730
vt 0.033159 0.969730
vt 0.033159 0.969730
vt 0.033159 0.969730
vt 0.033158 0.969730
vt 0.033158 0.969730
vt 0.033158 0.969730
vt 0.033158 0.969730
vt 0.033158 0.969730
vt 0.033158 0.969730
vt 0.033158 0.969730
vt 0.033158 0.969730
vt 0.033158 0.969730
vt 0.033158 0.969730
vt 0.033158 0.969730
vt 0.033158 0.969730
vt 0.033158 0.969730
vt 0.033158 0.969730
vt 0.093407 0.969099
vt 0.093407 0.969099
vt 0.093407 0.969099
vt 0.093407 0.969099
vt 0.093407 0.969099
vt 0.093407 0.969099
vt 0.093407 0.969099
vt 0.093407 0.969099
vt 0.093407 0.969099
vt 0.093407 0.969099
vt 0.093407 0.969099
vt 0.093407 0.969099
vt 0.093407 0.969099
vt 0.093407 0.969099
vt 0.093407 0.969099
vt 0.093407 0.969099
vt 0.093407 0.969099
vt 0.093407 0.969099
vt 0.093407 0.969099
vt 0.093407 0.969099
vt 0.093407 0.969099
vt 0.093407 0.969099
vt 0.093407 0.969099
vt 0.093407 0.969099
vt 0.093407 0.969099
vt 0.093407 0.969099
vt 0.093407 0.969099
vt 0.093407 0.969099
vt 0.093407 0.969099
vt 0.093407 0.969099
vt 0.093407 0.969099
vt 0.093407 0.969099
vt 0.093407 0.969099
vt 0.093407 0.969099
vt 0.093407 0.969099
vt 0.093407 0.969099
vt 0.093407 0.969099
vt 0.093407 0.969099
vt 0.093407 0.969099
vt 0.093407 0.969099
vt 0.093407 0.969099
vt 0.093407 0.969099
vt 0.093407 0.969099
vt 0.093407 0.969099
vt 0.093407 0.969099
vt 0.093407 0.969099
vt 0.093407 0.969099
vt 0.093407 0.969099
vt 0.093407 0.969099
vt 0.093407 0.969099
vt 0.093407 0.969099
vt 0.093407 0.969099
vt 0.093407 0.969099
vt 0.093407 0.969099
vt 0.093407 0.969099
vt 0.093407 0.969099
vt 0.093407 0.969099
vt 0.093407 0.969099
vt 0.093407 0.969099
vt 0.093407 0.969099
vt 0.093407 0.969099
vt 0.093407 0.969099
vt 0.093407 0.969099
vt 0.093407 0.969099
vt 0.093407 0.969099
vt 0.093407 0.969099
vt 0.093407 0.969099
vt 0.093407 0.969099
vt 0.093407 0.969099
vt 0.093407 0.969099
vt 0.093407 0.969099
vt 0.093407 0.969099
vt 0.093407 0.969099
vt 0.093407 0.969099
vt 0.093407 0.969099
vt 0.093407 0.969099
vt 0.093407 0.969099
vt 0.093407 0.969099
vt 0.093407 0.969099
vt 0.093407 0.969099
vt 0.093407 0.969099
vt 0.093407 0.969099
vt 0.093407 0.969099
vt 0.093407 0.969099
vt 0.093407 0.969099
vt 0.093407 0.969099
vt 0.093407 0.969099
vt 0.093407 0.969099
vt 0.093407 0.969099
vt 0.093407 0.969099
vt 0.093407 0.969099
vt 0.093407 0.969099
vt 0.093407 0.969099
vt 0.093407 0.969099
vt 0.093407 0.969099
vt 0.093407 0.969099
vt 0.093407 0.969099
vt 0.093407 0.969099
vt 0.093407 0.969099
vt 0.033158 0.969730
vt 0.033158 0.969730
vt 0.033158 0.969730
vt 0.033158 0.969730
vt 0.093407 0.969099
vt 0.093407 0.969099
vt 0.093407 0.969099
vt 0.093407 0.969099
vt 0.093407 0.969099
vt 0.093407 0.969099
vt 0.093407 0.969099
vt 0.093407 0.969099
vt 0.093407 0.969099
vt 0.093407 0.969099
vt 0.093407 0.969099
vt 0.093407 0.969099
vt 0.093407 0.969099
vt 0.093407 0.969099
vt 0.093407 0.969099
vt 0.093407 0.969099
vt 0.093407 0.969099
vt 0.093407 0.969099
vt 0.093407 0.969099
vt 0.093407 0.969099
vt 0.093407 0.969099
vt 0.093407 0.969099
vt 0.093407 0.969099
vt 0.093407 0.969099
vt 0.093407 0.969099
vt 0.093407 0.969099
vt 0.093407 0.969099
vt 0.093407 0.969099
vt 0.093407 0.969099
vt 0.093407 0.969099
vt 0.093407 0.969099
vt 0.093407 0.969099
vt 0.093407 0.969099
vt 0.093407 0.969099
vt 0.093407 0.969099
vt 0.093407 0.969099
vt 0.093407 0.969099
vt 0.093407 0.969099
vt 0.093407 0.969099
vt 0.093407 0.969099
vt 0.093407 0.969099
vt 0.093407 0.969099
vt 0.093407 0.969099
vt 0.093407 0.969099
vt 0.093407 0.969099
vt 0.093407 0.969099
vt 0.093407 0.969099
vt 0.093407 0.969099
vt 0.093407 0.969099
vt 0.093407 0.969099
vt 0.093407 0.969099
vt 0.093407 0.969099
vt 0.093407 0.969099
vt 0.093407 0.969099
vt 0.093407 0.969099
vt 0.093407 0.969099
vt 0.093407 0.969099
vt 0.093407 0.969099
vt 0.093407 0.969099
vt 0.093407 0.969099
vt 0.093407 0.969099
vt 0.093407 0.969099
vt 0.093407 0.969099
vt 0.093407 0.969099
vt 0.093407 0.969099
vt 0.093407 0.969099
vt 0.093407 0.969099
vt 0.093407 0.969099
vt 0.093407 0.969099
vt 0.093407 0.969099
vt 0.093407 0.969099
vt 0.093407 0.969099
vt 0.093407 0.969099
vt 0.093407 0.969099
vt 0.093407 0.969099
vt 0.093407 0.969099
vt 0.093407 0.969099
vt 0.093407 0.969099
vt 0.093407 0.969099
vt 0.093407 0.969099
vt 0.093407 0.969099
vt 0.093407 0.969099
vt 0.093407 0.969099
vt 0.093407 0.969099
vt 0.093407 0.969099
vt 0.093407 0.969099
vt 0.093407 0.969099
vt 0.093407 0.969099
vt 0.093407 0.969099
vt 0.033158 0.969730
vt 0.033158 0.969730
vt 0.033158 0.969730
vt 0.033158 0.969730
vt 0.033158 0.969730
vt 0.033158 0.969730
vt 0.033158 0.969730
vt 0.033158 0.969730
vt 0.033158 0.969730
vt 0.033158 0.969730
vt 0.033158 0.969730
vt 0.033158 0.969730
vt 0.033158 0.969730
vt 0.033158 0.969730
vt 0.033158 0.969730
vt 0.033158 0.969730
vt 0.033158 0.969730
vt 0.033158 0.969730
vt 0.033158 0.969730
vt 0.033158 0.969730
vt 0.033158 0.969730
vt 0.033158 0.969730
vt 0.033158 0.969730
vt 0.033158 0.969730
vt 0.033158 0.969730
vt 0.033158 0.969730
vt 0.033158 0.969730
vt 0.033158 0.969730
vt 0.033158 0.969730
vt 0.033158 0.969730
vt 0.033158 0.969730
vt 0.033158 0.969730
vt 0.033158 0.969730
vt 0.033158 0.969730
vt 0.033158 0.969730
vt 0.033158 0.969730
vt 0.033158 0.969730
vt 0.033158 0.969730
vt 0.033158 0.969730
vt 0.033158 0.969730
vt 0.033158 0.969730
vt 0.033158 0.969730
vt 0.033158 0.969730
vt 0.033158 0.969730
vt 0.218994 0.968018
vt 0.218994 0.968018
vt 0.218994 0.968018
vt 0.218994 0.968018
vt 0.218994 0.968018
vt 0.218994 0.968018
vt 0.218994 0.968018
vt 0.218994 0.968018
vt 0.218994 0.968018
vt 0.218994 0.968018
vt 0.218994 0.968018
vt 0.218994 0.968018
vt 0.218994 0.968018
vt 0.218994 0.968018
vt 0.218994 0.968018
vt 0.218994 0.968018
vt 0.218994 0.968018
vt 0.218994 0.968018
vt 0.218994 0.968018
vt 0.218994 0.968018
vt 0.218994 0.968018
vt 0.218994 0.968018
vt 0.218994 0.968018
vt 0.218994 0.968018
vt 0.218994 0.968018
vt 0.218994 0.968018
vt 0.218994 0.968018
vt 0.218994 0.968018
vt 0.218994 0.968018
vt 0.218994 0.968018
vt 0.218994 0.968018
vt 0.218994 0.968018
vt 0.218994 0.968018
vt 0.218994 0.968018
vt 0.218994 0.968018
vt 0.218994 0.968018
vt 0.218994 0.968018
vt 0.218994 0.968018
vt 0.218994 0.968018
vt 0.218994 0.968018
vt 0.218994 0.968018
vt 0.218994 0.968018
vt 0.218994 0.968018
vt 0.218994 0.968018
vt 0.218994 0.968018
vt 0.218994 0.968018
vt 0.218994 0.968018
vt 0.218994 0.968018
vt 0.218994 0.968018
vt 0.218994 0.968018
vt 0.218994 0.968018
vt 0.218994 0.968018
vt 0.218994 0.968018
vt 0.218994 0.968018
vt 0.218994 0.968018
vt 0.218994 0.968018
vt 0.218994 0.968018
vt 0.218994 0.968018
vt 0.218994 0.968018
vt 0.218994 0.968018
vt 0.218994 0.968018
vt 0.218994 0.968018
vt 0.218994 0.968018
vt 0.218994 0.968018
vt 0.218994 0.968018
vt 0.218994 0.968018
vt 0.218994 0.968018
vt 0.218994 0.968018
vt 0.218994 0.968018
vt 0.218994 0.968018
vt 0.218994 0.968018
vt 0.218994 0.968018
vt 0.218994 0.968018
vt 0.218994 0.968018
vt 0.218994 0.968018
vt 0.218994 0.968018
vt 0.218994 0.968018
vt 0.218994 0.968018
vt 0.218994 0.968018
vt 0.218994 0.968018
vt 0.218994 0.968018
vt 0.218994 0.968018
vt 0.218994 0.968018
vt 0.218994 0.968018
vt 0.218994 0.968018
vt 0.218994 0.968018
vt 0.218994 0.968018
vt 0.218994 0.968018
vt 0.218994 0.968018
vt 0.218994 0.968018
vt 0.218994 0.968018
vt 0.218994 0.968018
vt 0.218994 0.968018
vt 0.218994 0.968018
vt 0.218994 0.968018
vt 0.218994 0.968018
vt 0.218994 0.968018
vt 0.218994 0.968018
vt 0.218994 0.968018
vt 0.218994 0.968018
vt 0.218994 0.968018
vt 0.218994 0.968018
vt 0.218994 0.968018
vt 0.218994 0.968018
vt 0.218994 0.968018
vt 0.218994 0.968018
vt 0.218994 0.968018
vt 0.218994 0.968018
vt 0.218994 0.968018
vt 0.218994 0.968018
vt 0.218994 0.968018
vt 0.218994 0.968018
vt 0.218994 0.968018
vt 0.218994 0.968018
vt 0.218994 0.968018
vt 0.218994 0.968018
vt 0.218994 0.968018
vt 0.218994 0.968018
vt 0.218994 0.968018
vt 0.218994 0.968018
vt 0.218994 0.968018
vt 0.218994 0.968018
vt 0.218994 0.968018
vt 0.218994 0.968018
vt 0.218994 0.968018
vt 0.218994 0.968018
vt 0.218994 0.968018
vt 0.218994 0.968018
vt 0.218994 0.968018
vt 0.218994 0.968018
vt 0.218994 0.968018
vt 0.218994 0.968018
vt 0.218994 0.968018
vt 0.218994 0.968018
vt 0.218994 0.968018
vt 0.218994 0.968018
vt 0.218994 0.968018
vt 0.218994 0.968018
vt 0.218994 0.968018
vt 0.218994 0.968018
vt 0.218994 0.968018
vt 0.218994 0.968018
vt 0.218994 0.968018
vt 0.218994 0.968018
vt 0.218994 0.968018
vt 0.218994 0.968018
vt 0.218994 0.968018
vt 0.218994 0.968018
vt 0.218994 0.968018
vt 0.218994 0.968018
vt 0.218994 0.968018
vt 0.218994 0.968018
vt 0.218994 0.968018
vt 0.218994 0.968018
vt 0.218994 0.968018
vt 0.218994 0.968018
vt 0.218994 0.968018
vt 0.218994 0.968018
vt 0.218994 0.968018
vt 0.218994 0.968018
vt 0.218994 0.968018
vt 0.218994 0.968018
vt 0.218994 0.968018
vt 0.218994 0.968018
vt 0.218994 0.968018
vt 0.218994 0.968018
vt 0.218994 0.968018
vt 0.218994 0.968018
vt 0.218994 0.968018
vt 0.218994 0.968018
vt 0.218994 0.968018
vt 0.218994 0.968018
vt 0.218994 0.968018
vt 0.218994 0.968018
vt 0.218994 0.968018
vt 0.218994 0.968018
vt 0.218994 0.968018
vt 0.218994 0.968018
vt 0.218994 0.968018
vt 0.218994 0.968018
vt 0.218994 0.968018
vt 0.218994 0.968018
vt 0.218994 0.968018
vt 0.218994 0.968018
vt 0.218994 0.968018
vt 0.218994 0.968018
vt 0.218994 0.968018
vt 0.218994 0.968018
vt 0.218994 0.968018
vt 0.218994 0.968018
vt 0.218994 0.968018
vt 0.218994 0.968018
vt 0.218994 0.968018
vt 0.218994 0.968018
vt 0.218994 0.968018
vt 0.218994 0.968018
vt 0.218994 0.968018
vt 0.218994 0.968018
vt 0.218994 0.968018
vt 0.218994 0.968018
vt 0.218994 0.968018
vt 0.218994 0.968018
vt 0.218994 0.968018
vt 0.218994 0.968018
vt 0.218994 0.968018
vt 0.218994 0.968018
vt 0.218994 0.968018
vt 0.218994 0.968018
vt 0.218994 0.968018
vt 0.218994 0.968018
vt 0.218994 0.968018
vt 0.218994 0.968018
vt 0.218994 0.968018
vt 0.218994 0.968018
vt 0.218994 0.968018
vt 0.218994 0.968018
vt 0.218994 0.968018
vt 0.218994 0.968018
vt 0.218994 0.968018
vt 0.218994 0.968018
vt 0.218994 0.968018
vt 0.218994 0.968018
vt 0.218994 0.968018
vt 0.218994 0.968018
vt 0.218994 0.968018
vt 0.218994 0.968018
vt 0.218994 0.968018
vt 0.218994 0.968018
vt 0.218994 0.968018
vt 0.218994 0.968018
vt 0.218994 0.968018
vt 0.218994 0.968018
vt 0.218994 0.968018
vt 0.218994 0.968018
vt 0.218994 0.968018
vt 0.218994 0.968018
vt 0.218994 0.968018
vt 0.218994 0.968018
vt 0.218994 0.968018
vt 0.218994 0.968018
vt 0.218994 0.968018
vt 0.218994 0.968018
vt 0.218994 0.968018
vt 0.218994 0.968018
vt 0.218994 0.968018
vt 0.218994 0.968018
vt 0.218994 0.968018
vt 0.218994 0.968018
vt 0.218994 0.968018
vt 0.218994 0.968018
vt 0.218994 0.968018
vt 0.218994 0.968018
vt 0.218994 0.968018
vt 0.218994 0.968018
vt 0.218994 0.968018
vt 0.218994 0.968018
vt 0.218994 0.968018
vt 0.218994 0.968018
vt 0.218994 0.968018
vt 0.218994 0.968018
vt 0.218994 0.968018
vt 0.218994 0.968018
vt 0.218994 0.968018
vt 0.218994 0.968018
vt 0.218994 0.968018
vt 0.218994 0.968018
vt 0.218994 0.968018
vt 0.218994 0.968018
vt 0.218994 0.968018
vt 0.218994 0.968018
vt 0.218994 0.968018
vt 0.218994 0.968018
vt 0.218994 0.968018
vt 0.218994 0.968018
vt 0.218994 0.968018
vt 0.218994 0.968018
vt 0.218994 0.968018
vt 0.218994 0.968018
vt 0.218994 0.968018
vt 0.218994 0.968018
vt 0.218994 0.968018
vt 0.218994 0.968018
vt 0.218994 0.968018
vt 0.218994 0.968018
vt 0.218994 0.968018
vt 0.218994 0.968018
vt 0.218994 0.968018
vt 0.218994 0.968018
vt 0.218994 0.968018
vt 0.218994 0.968018
vt 0.218994 0.968018
vt 0.218994 0.968018
vt 0.218994 0.968018
vt 0.218994 0.968018
vt 0.218994 0.968018
vt 0.218994 0.968018
vt 0.218994 0.968018
vt 0.218994 0.968018
vt 0.218994 0.968018
vt 0.218994 0.968018
vt 0.218994 0.968018
vt 0.218994 0.968018
vt 0.218994 0.968018
vt 0.218994 0.968018
vt 0.218994 0.968018
vt 0.218994 0.968018
vt 0.218994 0.968018
vt 0.218994 0.968018
vt 0.218994 0.968018
vt 0.218994 0.968018
vt 0.218994 0.968018
vt 0.218994 0.968018
vt 0.218994 0.968018
vt 0.218994 0.968018
vt 0.218994 0.968018
vt 0.218994 0.968018
vt 0.218994 0.968018
vt 0.218994 0.968018
vt 0.218994 0.968018
vt 0.218994 0.968018
vt 0.218994 0.968018
vt 0.218994 0.968018
vt 0.218994 0.968018
vt 0.218994 0.968018
vt 0.218994 0.968018
vt 0.218994 0.968018
vt 0.218994 0.968018
vt 0.218994 0.968018
vt 0.218994 0.968018
vt 0.218994 0.968018
vt 0.218994 0.968018
vt 0.218994 0.968018
vt 0.218994 0.968018
vt 0.218994 0.968018
vt 0.218994 0.968018
vt 0.218994 0.968018
vt 0.218994 0.968018
vt 0.218994 0.968018
vt 0.218994 0.968018
vt 0.218994 0.968018
vt 0.218994 0.968018
vt 0.218994 0.968018
vt 0.218994 0.968018
vt 0.218994 0.968018
vt 0.218994 0.968018
vt 0.218994 0.968018
vt 0.218994 0.968018
vt 0.218994 0.968018
vt 0.218994 0.968018
vt 0.218994 0.968018
vt 0.218994 0.968018
vt 0.218994 0.968018
vt 0.218994 0.968018
vt 0.218994 0.968018
vt 0.218994 0.968018
vt 0.218994 0.968018
vt 0.218994 0.968018
vt 0.218994 0.968018
vt 0.218994 0.968018
vt 0.218994 0.968018
vt 0.218994 0.968018
vt 0.218994 0.968018
vt 0.218994 0.968018
vt 0.218994 0.968018
vt 0.218994 0.968018
vt 0.218994 0.968018
vt 0.218994 0.968018
vt 0.218994 0.968018
vt 0.218994 0.968018
vt 0.218994 0.968018
vt 0.218994 0.968018
vt 0.218994 0.968018
vt 0.218994 0.968018
vt 0.218994 0.968018
vt 0.218994 0.968018
vt 0.218994 0.968018
vt 0.218994 0.968018
vt 0.218994 0.968018
vt 0.218994 0.968018
vt 0.218994 0.968018
vt 0.218994 0.968018
vt 0.218994 0.968018
vt 0.218994 0.968018
vt 0.218994 0.968018
vt 0.218994 0.968018
vt 0.218994 0.968018
vt 0.218994 0.968018
vt 0.218994 0.968018
vt 0.218994 0.968018
vt 0.218994 0.968018
vt 0.218994 0.968018
vt 0.218994 0.968018
vt 0.218994 0.968018
vt 0.218994 0.968018
vt 0.218994 0.968018
vt 0.218994 0.968018
vt 0.218994 0.968018
vt 0.218994 0.968018
vt 0.218994 0.968018
vt 0.218994 0.968018
vt 0.218994 0.968018
vt 0.218994 0.968018
vt 0.218994 0.968018
vt 0.218994 0.968018
vt 0.218994 0.968018
vt 0.218994 0.968018
vt 0.218994 0.968018
vt 0.218994 0.968018
vt 0.218994 0.968018
vt 0.218994 0.968018
vt 0.218994 0.968018
vt 0.218994 0.968018
vt 0.218994 0.968018
vt 0.218994 0.968018
vt 0.218994 0.968018
vt 0.218994 0.968018
vt 0.218994 0.968018
vt 0.218994 0.968018
vt 0.218994 0.968018
vt 0.218994 0.968018
vt 0.218994 0.968018
vt 0.218994 0.968018
vt 0.218994 0.968018
vt 0.218994 0.968018
vt 0.218994 0.968018
vt 0.218994 0.968018
vt 0.218994 0.968018
vt 0.218994 0.968018
vt 0.218994 0.968018
vt 0.218994 0.968018
vt 0.218994 0.968018
vt 0.218994 0.968018
vt 0.218994 0.968018
vt 0.218994 0.968018
vt 0.218994 0.968018
vt 0.218994 0.968018
vt 0.218994 0.968018
vt 0.218994 0.968018
vt 0.218994 0.968018
vt 0.218994 0.968018
vt 0.218994 0.968018
vt 0.218994 0.968018
vt 0.218994 0.968018
vt 0.218994 0.968018
vt 0.218994 0.968018
vt 0.218994 0.968018
vt 0.218994 0.968018
vt 0.218994 0.968018
vt 0.218994 0.968018
vt 0.218994 0.968018
vt 0.218994 0.968018
vt 0.218994 0.968018
vt 0.218994 0.968018
vt 0.218994 0.968018
vt 0.218994 0.968018
vt 0.218994 0.968018
vt 0.218994 0.968018
vt 0.218994 0.968018
vt 0.218994 0.968018
vt 0.218994 0.968018
vt 0.218994 0.968018
vt 0.218994 0.968018
vt 0.218994 0.968018
vt 0.218994 0.968018
vt 0.218994 0.968018
vt 0.218994 0.968018
vt 0.218994 0.968018
vt 0.218994 0.968018
vt 0.218994 0.968018
vt 0.218994 0.968018
vt 0.218994 0.968018
vt 0.218994 0.968018
vt 0.218994 0.968018
vt 0.218994 0.968018
vt 0.218994 0.968018
vt 0.218994 0.968018
vt 0.218994 0.968018
vt 0.218994 0.968018
vt 0.218994 0.968018
vt 0.218994 0.968018
vt 0.218994 0.968018
vt 0.218994 0.968018
vt 0.218994 0.968018
vt 0.218994 0.968018
vt 0.218994 0.968018
vt 0.218994 0.968018
vt 0.218994 0.968018
vt 0.218994 0.968018
vt 0.218994 0.968018
vt 0.218994 0.968018
vt 0.218994 0.968018
vt 0.218994 0.968018
vt 0.218994 0.968018
vt 0.218994 0.968018
vt 0.218994 0.968018
vt 0.218994 0.968018
vt 0.218994 0.968018
vt 0.218994 0.968018
vt 0.218994 0.968018
vt 0.218994 0.968018
vt 0.218994 0.968018
vt 0.218994 0.968018
vt 0.218994 0.968018
vt 0.218994 0.968018
vt 0.218994 0.968018
vt 0.218994 0.968018
vt 0.218994 0.968018
vt 0.218994 0.968018
vt 0.218994 0.968018
vt 0.218994 0.968018
vt 0.218994 0.968018
vt 0.218994 0.968018
vt 0.218994 0.968018
vt 0.218994 0.968018
vt 0.218994 0.968018
vt 0.218994 0.968018
vt 0.218994 0.968018
vt 0.218994 0.968018
vt 0.218994 0.968018
vt 0.218994 0.968018
vt 0.218994 0.968018
vt 0.218994 0.968018
vt 0.218994 0.968018
vt 0.218994 0.968018
vt 0.218994 0.968018
vt 0.218994 0.968018
vt 0.218994 0.968018
vt 0.218994 0.968018
vt 0.218994 0.968018
vt 0.218994 0.968018
vt 0.218994 0.968018
vt 0.218994 0.968018
vt 0.218994 0.968018
vt 0.218994 0.968018
vt 0.218994 0.968018
vt 0.218994 0.968018
vt 0.218994 0.968018
vt 0.218994 0.968018
vt 0.218994 0.968018
vt 0.218994 0.968018
vt 0.218994 0.968018
vt 0.218994 0.968018
vt 0.218994 0.968018
vt 0.218994 0.968018
vt 0.218994 0.968018
vt 0.218994 0.968018
vt 0.218994 0.968018
vt 0.218994 0.968018
vt 0.218994 0.968018
vt 0.218994 0.968018
vt 0.218994 0.968018
vt 0.218994 0.968018
vt 0.218994 0.968018
vt 0.218994 0.968018
vt 0.218994 0.968018
vt 0.218994 0.968018
vt 0.218994 0.968018
vt 0.218994 0.968018
vt 0.218994 0.968018
vt 0.218994 0.968018
vt 0.218994 0.968018
vt 0.218994 0.968018
vt 0.218994 0.968018
vt 0.218994 0.968018
vt 0.218994 0.968018
vt 0.218994 0.968018
vt 0.218994 0.968018
vt 0.218994 0.968018
vt 0.218994 0.968018
vt 0.218994 0.968018
vt 0.218994 0.968018
vt 0.218994 0.968018
vt 0.218994 0.968018
vt 0.218994 0.968018
vt 0.218994 0.968018
vt 0.218994 0.968018
vt 0.218994 0.968018
vt 0.218994 0.968018
vt 0.218994 0.968018
vt 0.218994 0.968018
vt 0.218994 0.968018
vt 0.218994 0.968018
vt 0.218994 0.968018
vt 0.218994 0.968018
vt 0.218994 0.968018
vt 0.218994 0.968018
vt 0.218994 0.968018
vt 0.218994 0.968018
vt 0.033158 0.969730
vt 0.033158 0.969730
vt 0.033158 0.969730
vt 0.033158 0.969730
vt 0.033159 0.969730
vt 0.033159 0.969730
vt 0.033159 0.969730
vt 0.033159 0.969730
vt 0.033159 0.969730
vt 0.033159 0.969730
vt 0.033159 0.969730
vt 0.033159 0.969730
vt 0.033159 0.969730
vt 0.033159 0.969730
vt 0.033159 0.969730
vt 0.033159 0.969730
vt 0.033159 0.969730
vt 0.033159 0.969730
vt 0.033159 0.969730
vt 0.033159 0.969730
vt 0.033159 0.969730
vt 0.033159 0.969730
vt 0.033159 0.969730
vt 0.033159 0.969730
vt 0.033159 0.969730
vt 0.033159 0.969730
vt 0.033159 0.969730
vt 0.033159 0.969730
vt 0.033159 0.969730
vt 0.033159 0.969730
vt 0.033159 0.969730
vt 0.033159 0.969730
vt 0.033158 0.969730
vt 0.033158 0.969730
vt 0.033158 0.969730
vt 0.033158 0.969730
vt 0.033158 0.969730
vt 0.033158 0.969730
vt 0.033158 0.969730
vt 0.033158 0.969730
vt 0.033158 0.969730
vt 0.033158 0.969730
vt 0.033158 0.969730
vt 0.033158 0.969730
vt 0.033158 0.969730
vt 0.033158 0.969730
vt 0.033159 0.969730
vt 0.033159 0.969730
vt 0.093407 0.969099
vt 0.093407 0.969099
vt 0.093407 0.969099
vt 0.093407 0.969099
vt 0.033159 0.969730
vt 0.033159 0.969730
vt 0.033159 0.969730
vt 0.033159 0.969730
vt 0.033159 0.969730
vt 0.033159 0.969730
vt 0.033158 0.969730
vt 0.033158 0.969730
vt 0.033159 0.969730
vt 0.033159 0.969730
vt 0.033159 0.969730
vt 0.033159 0.969730
vt 0.033159 0.969730
vt 0.033159 0.969730
vt 0.033159 0.969730
vt 0.033159 0.969730
vt 0.033159 0.969730
vt 0.033159 0.969730
vt 0.033159 0.969730
vt 0.033159 0.969730
vt 0.033159 0.969730
vt 0.033159 0.969730
vt 0.033159 0.969730
vt 0.033159 0.969730
vt 0.033159 0.969730
vt 0.033159 0.969730
vt 0.033159 0.969730
vt 0.033159 0.969730
vt 0.033159 0.969730
vt 0.033159 0.969730
vt 0.033159 0.969730
vt 0.033159 0.969730
vt 0.033159 0.969730
vt 0.033159 0.969730
vt 0.033159 0.969730
vt 0.033159 0.969730
vt 0.033159 0.969730
vt 0.033159 0.969730
vt 0.033159 0.969730
vt 0.033159 0.969730
vt 0.033159 0.969730
vt 0.033159 0.969730
vt 0.033159 0.969730
vt 0.033159 0.969730
vt 0.033159 0.969730
vt 0.033159 0.969729
vt 0.033159 0.969730
vt 0.033158 0.969729
vt 0.033159 0.969730
vt 0.033159 0.969729
vt 0.033159 0.969730
vt 0.033158 0.969729
vt 0.033159 0.969730
vt 0.033159 0.969729
vt 0.033159 0.969730
vt 0.033158 0.969729
vt 0.033159 0.969730
vt 0.033159 0.969730
vt 0.033159 0.969730
vt 0.033158 0.969730
vt 0.033159 0.969730
vt 0.033159 0.969730
vt 0.033159 0.969730
vt 0.033158 0.969730
vt 0.033158 0.969730
vt 0.033159 0.969730
vt 0.033158 0.969730
vt 0.033158 0.969730
vt 0.033158 0.969730
vt 0.033159 0.969730
vt 0.033158 0.969730
vt 0.033158 0.969730
vt 0.033158 0.969730
vt 0.033159 0.969730
vt 0.033158 0.969730
vt 0.033158 0.969730
vt 0.033158 0.969730
vt 0.033159 0.969730
vt 0.033158 0.969730
vt 0.033158 0.969730
vt 0.033158 0.969730
vt 0.033159 0.969730
vt 0.033158 0.969730
vt 0.033158 0.969730
vt 0.033158 0.969730
vt 0.033159 0.969730
vt 0.033158 0.969730
vt 0.033158 0.969730
vt 0.033158 0.969730
vt 0.033159 0.969730
vt 0.033158 0.969730
vt 0.033158 0.969730
vt 0.033158 0.969730
vt 0.033159 0.969730
vt 0.033158 0.969730
vt 0.033158 0.969730
vt 0.033158 0.969730
vt 0.033158 0.969730
vt 0.033158 0.969730
vt 0.033159 0.969730
vt 0.033159 0.969730
vt 0.033159 0.969730
vt 0.033159 0.969730
vt 0.033159 0.969730
vt 0.033159 0.969730
vt 0.033159 0.969730
vt 0.033158 0.969730
vt 0.033158 0.969730
vt 0.033158 0.969730
vt 0.033158 0.969730
vt 0.033158 0.969730
vt 0.033158 0.969730
vt 0.033158 0.969730
vt 0.033158 0.969730
vt 0.033158 0.969730
vt 0.033158 0.969730
vt 0.033158 0.969730
vt 0.033158 0.969730
vt 0.033158 0.969730
vt 0.033158 0.969730
vt 0.093407 0.969099
vt 0.093407 0.969099
vt 0.093407 0.969099
vt 0.093407 0.969099
vt 0.093407 0.969099
vt 0.093407 0.969099
vt 0.093407 0.969099
vt 0.093407 0.969099
vt 0.093407 0.969099
vt 0.093407 0.969099
vt 0.093407 0.969099
vt 0.093407 0.969099
vt 0.093407 0.969099
vt 0.093407 0.969099
vt 0.093407 0.969099
vt 0.093407 0.969099
vt 0.093407 0.969099
vt 0.093407 0.969099
vt 0.093407 0.969099
vt 0.093407 0.969099
vt 0.093407 0.969099
vt 0.093407 0.969099
vt 0.093407 0.969099
vt 0.093407 0.969099
vt 0.093407 0.969099
vt 0.093407 0.969099
vt 0.093407 0.969099
vt 0.093407 0.969099
vt 0.093407 0.969099
vt 0.093407 0.969099
vt 0.093407 0.969099
vt 0.093407 0.969099
vt 0.093407 0.969099
vt 0.093407 0.969099
vt 0.093407 0.969099
vt 0.093407 0.969099
vt 0.093407 0.969099
vt 0.093407 0.969099
vt 0.093407 0.969099
vt 0.093407 0.969099
vt 0.093407 0.969099
vt 0.093407 0.969099
vt 0.093407 0.969099
vt 0.093407 0.969099
vt 0.093407 0.969099
vt 0.093407 0.969099
vt 0.093407 0.969099
vt 0.093407 0.969099
vt 0.093407 0.969099
vt 0.093407 0.969099
vt 0.093407 0.969099
vt 0.093407 0.969099
vt 0.093407 0.969099
vt 0.093407 0.969099
vt 0.093407 0.969099
vt 0.093407 0.969099
vt 0.093407 0.969099
vt 0.093407 0.969099
vt 0.093407 0.969099
vt 0.093407 0.969099
vt 0.093407 0.969099
vt 0.093407 0.969099
vt 0.093407 0.969099
vt 0.093407 0.969099
vt 0.093407 0.969099
vt 0.093407 0.969099
vt 0.093407 0.969099
vt 0.093407 0.969099
vt 0.093407 0.969099
vt 0.093407 0.969099
vt 0.093407 0.969099
vt 0.093407 0.969099
vt 0.093407 0.969099
vt 0.093407 0.969099
vt 0.093407 0.969099
vt 0.093407 0.969099
vt 0.093407 0.969099
vt 0.093407 0.969099
vt 0.093407 0.969099
vt 0.093407 0.969099
vt 0.093407 0.969099
vt 0.093407 0.969099
vt 0.093407 0.969099
vt 0.093407 0.969099
vt 0.093407 0.969099
vt 0.093407 0.969099
vt 0.093407 0.969099
vt 0.093407 0.969099
vt 0.093407 0.969099
vt 0.093407 0.969099
vt 0.093407 0.969099
vt 0.093407 0.969099
vt 0.093407 0.969099
vt 0.093407 0.969099
vt 0.093407 0.969099
vt 0.093407 0.969099
vt 0.093407 0.969099
vt 0.093407 0.969099
vt 0.093407 0.969099
vt 0.033158 0.969730
vt 0.033158 0.969730
vt 0.033158 0.969730
vt 0.033158 0.969730
vt 0.093407 0.969099
vt 0.093407 0.969099
vt 0.093407 0.969099
vt 0.093407 0.969099
vt 0.093407 0.969099
vt 0.093407 0.969099
vt 0.093407 0.969099
vt 0.093407 0.969099
vt 0.093407 0.969099
vt 0.093407 0.969099
vt 0.093407 0.969099
vt 0.093407 0.969099
vt 0.093407 0.969099
vt 0.093407 0.969099
vt 0.093407 0.969099
vt 0.093407 0.969099
vt 0.093407 0.969099
vt 0.093407 0.969099
vt 0.093407 0.969099
vt 0.093407 0.969099
vt 0.093407 0.969099
vt 0.093407 0.969099
vt 0.093407 0.969099
vt 0.093407 0.969099
vt 0.093407 0.969099
vt 0.093407 0.969099
vt 0.093407 0.969099
vt 0.093407 0.969099
vt 0.093407 0.969099
vt 0.093407 0.969099
vt 0.093407 0.969099
vt 0.093407 0.969099
vt 0.093407 0.969099
vt 0.093407 0.969099
vt 0.093407 0.969099
vt 0.093407 0.969099
vt 0.093407 0.969099
vt 0.093407 0.969099
vt 0.093407 0.969099
vt 0.093407 0.969099
vt 0.093407 0.969099
vt 0.093407 0.969099
vt 0.093407 0.969099
vt 0.093407 0.969099
vt 0.093407 0.969099
vt 0.093407 0.969099
vt 0.093407 0.969099
vt 0.093407 0.969099
vt 0.093407 0.969099
vt 0.093407 0.969099
vt 0.093407 0.969099
vt 0.093407 0.969099
vt 0.093407 0.969099
vt 0.093407 0.969099
vt 0.093407 0.969099
vt 0.093407 0.969099
vt 0.093407 0.969099
vt 0.093407 0.969099
vt 0.093407 0.969099
vt 0.093407 0.969099
vt 0.093407 0.969099
vt 0.093407 0.969099
vt 0.093407 0.969099
vt 0.093407 0.969099
vt 0.093407 0.969099
vt 0.093407 0.969099
vt 0.093407 0.969099
vt 0.093407 0.969099
vt 0.093407 0.969099
vt 0.093407 0.969099
vt 0.093407 0.969099
vt 0.093407 0.969099
vt 0.093407 0.969099
vt 0.093407 0.969099
vt 0.093407 0.969099
vt 0.093407 0.969099
vt 0.093407 0.969099
vt 0.093407 0.969099
vt 0.093407 0.969099
vt 0.093407 0.969099
vt 0.093407 0.969099
vt 0.093407 0.969099
vt 0.093407 0.969099
vt 0.093407 0.969099
vt 0.093407 0.969099
vt 0.093407 0.969099
vt 0.093407 0.969099
vt 0.093407 0.969099
vt 0.093407 0.969099
vt 0.033158 0.969730
vt 0.033158 0.969730
vt 0.033158 0.969730
vt 0.033158 0.969730
vt 0.033158 0.969730
vt 0.033158 0.969730
vt 0.033158 0.969730
vt 0.033158 0.969730
vt 0.033158 0.969730
vt 0.033158 0.969730
vt 0.033158 0.969730
vt 0.033158 0.969730
vt 0.033158 0.969730
vt 0.033158 0.969730
vt 0.033158 0.969730
vt 0.033158 0.969730
vt 0.033158 0.969730
vt 0.033158 0.969730
vt 0.033158 0.969730
vt 0.033158 0.969730
vt 0.033158 0.969730
vt 0.033158 0.969730
vt 0.033158 0.969730
vt 0.033158 0.969730
vt 0.033158 0.969730
vt 0.033158 0.969730
vt 0.033158 0.969730
vt 0.033158 0.969730
vt 0.033158 0.969730
vt 0.033158 0.969730
vt 0.033158 0.969730
vt 0.033158 0.969730
vt 0.033158 0.969730
vt 0.033158 0.969730
vt 0.033158 0.969730
vt 0.033158 0.969730
vt 0.033158 0.969730
vt 0.033158 0.969730
vt 0.033158 0.969730
vt 0.033158 0.969730
vt 0.033158 0.969730
vt 0.033158 0.969730
vt 0.033158 0.969730
vt 0.033158 0.969730
vt 0.033158 0.969730
vt 0.033158 0.969730
vt 0.033158 0.969730
vt 0.033158 0.969730
vt 0.033159 0.969730
vt 0.033159 0.969730
vt 0.033159 0.969730
vt 0.033159 0.969730
vt 0.033159 0.969730
vt 0.033159 0.969730
vt 0.033159 0.969730
vt 0.033159 0.969730
vt 0.033159 0.969730
vt 0.033159 0.969730
vt 0.033159 0.969730
vt 0.033159 0.969730
vt 0.033159 0.969730
vt 0.033159 0.969730
vt 0.033159 0.969730
vt 0.033159 0.969730
vt 0.033159 0.969730
vt 0.033159 0.969730
vt 0.033159 0.969730
vt 0.033159 0.969730
vt 0.033159 0.969730
vt 0.033159 0.969730
vt 0.033159 0.969730
vt 0.033159 0.969730
vt 0.033159 0.969730
vt 0.033159 0.969730
vt 0.033159 0.969730
vt 0.033159 0.969730
vt 0.033158 0.969730
vt 0.033158 0.969730
vt 0.033158 0.969730
vt 0.033158 0.969730
vt 0.033158 0.969730
vt 0.033158 0.969730
vt 0.033158 0.969730
vt 0.033158 0.969730
vt 0.033158 0.969730
vt 0.033158 0.969730
vt 0.033158 0.969730
vt 0.033158 0.969730
vt 0.033158 0.969730
vt 0.033158 0.969730
vt 0.033159 0.969730
vt 0.033159 0.969730
vt 0.093407 0.969099
vt 0.093407 0.969099
vt 0.093407 0.969099
vt 0.093407 0.969099
vt 0.033159 0.969730
vt 0.033159 0.969730
vt 0.033159 0.969730
vt 0.033159 0.969730
vt 0.033159 0.969730
vt 0.033159 0.969730
vt 0.033158 0.969730
vt 0.033158 0.969730
vt 0.033159 0.969730
vt 0.033159 0.969730
vt 0.033159 0.969730
vt 0.033159 0.969730
vt 0.033159 0.969730
vt 0.033159 0.969730
vt 0.033159 0.969730
vt 0.033159 0.969730
vt 0.033159 0.969730
vt 0.033159 0.969730
vt 0.033159 0.969730
vt 0.033159 0.969730
vt 0.033159 0.969730
vt 0.033159 0.969730
vt 0.033159 0.969730
vt 0.033159 0.969730
vt 0.033159 0.969730
vt 0.033159 0.969730
vt 0.033159 0.969730
vt 0.033159 0.969730
vt 0.033159 0.969730
vt 0.033159 0.969730
vt 0.033159 0.969730
vt 0.033159 0.969730
vt 0.033159 0.969730
vt 0.033159 0.969730
vt 0.033159 0.969730
vt 0.033159 0.969730
vt 0.033159 0.969730
vt 0.033159 0.969730
vt 0.033159 0.969730
vt 0.033159 0.969730
vt 0.033159 0.969730
vt 0.033159 0.969730
vt 0.033159 0.969730
vt 0.033159 0.969730
vt 0.033159 0.969730
vt 0.033159 0.969729
vt 0.033159 0.969730
vt 0.033158 0.969729
vt 0.033159 0.969730
vt 0.033159 0.969729
vt 0.033159 0.969730
vt 0.033158 0.969729
vt 0.033159 0.969730
vt 0.033159 0.969729
vt 0.033159 0.969730
vt 0.033158 0.969729
vt 0.033159 0.969730
vt 0.033159 0.969730
vt 0.033159 0.969730
vt 0.033158 0.969730
vt 0.033159 0.969730
vt 0.033159 0.969730
vt 0.033159 0.969730
vt 0.033158 0.969730
vt 0.033158 0.969730
vt 0.033159 0.969730
vt 0.033158 0.969730
vt 0.033158 0.969730
vt 0.033158 0.969730
vt 0.033159 0.969730
vt 0.033158 0.969730
vt 0.033158 0.969730
vt 0.033158 0.969730
vt 0.033159 0.969730
vt 0.033158 0.969730
vt 0.033158 0.969730
vt 0.033158 0.969730
vt 0.033159 0.969730
vt 0.033158 0.969730
vt 0.033158 0.969730
vt 0.033158 0.969730
vt 0.033159 0.969730
vt 0.033158 0.969730
vt 0.033158 0.969730
vt 0.033158 0.969730
vt 0.033159 0.969730
vt 0.033158 0.969730
vt 0.033158 0.969730
vt 0.033158 0.969730
vt 0.033159 0.969730
vt 0.033158 0.969730
vt 0.033158 0.969730
vt 0.033158 0.969730
vt 0.033159 0.969730
vt 0.033158 0.969730
vt 0.033158 0.969730
vt 0.033158 0.969730
vt 0.033158 0.969730
vt 0.033158 0.969730
vt 0.033159 0.969730
vt 0.033159 0.969730
vt 0.033159 0.969730
vt 0.033159 0.969730
vt 0.033159 0.969730
vt 0.033159 0.969730
vt 0.033159 0.969730
vt 0.033158 0.969730
vt 0.033158 0.969730
vt 0.033158 0.969730
vt 0.033158 0.969730
vt 0.033158 0.969730
vt 0.033158 0.969730
vt 0.033158 0.969730
vt 0.033158 0.969730
vt 0.033158 0.969730
vt 0.033158 0.969730
vt 0.033158 0.969730
vt 0.033158 0.969730
vt 0.033158 0.969730
vt 0.033158 0.969730
vt 0.093407 0.969099
vt 0.093407 0.969099
vt 0.093407 0.969099
vt 0.093407 0.969099
vt 0.093407 0.969099
vt 0.093407 0.969099
vt 0.093407 0.969099
vt 0.093407 0.969099
vt 0.093407 0.969099
vt 0.093407 0.969099
vt 0.093407 0.969099
vt 0.093407 0.969099
vt 0.093407 0.969099
vt 0.093407 0.969099
vt 0.093407 0.969099
vt 0.093407 0.969099
vt 0.093407 0.969099
vt 0.093407 0.969099
vt 0.093407 0.969099
vt 0.093407 0.969099
vt 0.093407 0.969099
vt 0.093407 0.969099
vt 0.093407 0.969099
vt 0.093407 0.969099
vt 0.093407 0.969099
vt 0.093407 0.969099
vt 0.093407 0.969099
vt 0.093407 0.969099
vt 0.093407 0.969099
vt 0.093407 0.969099
vt 0.093407 0.969099
vt 0.093407 0.969099
vt 0.093407 0.969099
vt 0.093407 0.969099
vt 0.093407 0.969099
vt 0.093407 0.969099
vt 0.093407 0.969099
vt 0.093407 0.969099
vt 0.093407 0.969099
vt 0.093407 0.969099
vt 0.093407 0.969099
vt 0.093407 0.969099
vt 0.093407 0.969099
vt 0.093407 0.969099
vt 0.093407 0.969099
vt 0.093407 0.969099
vt 0.093407 0.969099
vt 0.093407 0.969099
vt 0.093407 0.969099
vt 0.093407 0.969099
vt 0.093407 0.969099
vt 0.093407 0.969099
vt 0.093407 0.969099
vt 0.093407 0.969099
vt 0.093407 0.969099
vt 0.093407 0.969099
vt 0.093407 0.969099
vt 0.093407 0.969099
vt 0.093407 0.969099
vt 0.093407 0.969099
vt 0.093407 0.969099
vt 0.093407 0.969099
vt 0.093407 0.969099
vt 0.093407 0.969099
vt 0.093407 0.969099
vt 0.093407 0.969099
vt 0.093407 0.969099
vt 0.093407 0.969099
vt 0.093407 0.969099
vt 0.093407 0.969099
vt 0.093407 0.969099
vt 0.093407 0.969099
vt 0.093407 0.969099
vt 0.093407 0.969099
vt 0.093407 0.969099
vt 0.093407 0.969099
vt 0.093407 0.969099
vt 0.093407 0.969099
vt 0.093407 0.969099
vt 0.093407 0.969099
vt 0.093407 0.969099
vt 0.093407 0.969099
vt 0.093407 0.969099
vt 0.093407 0.969099
vt 0.093407 0.969099
vt 0.093407 0.969099
vt 0.093407 0.969099
vt 0.093407 0.969099
vt 0.093407 0.969099
vt 0.093407 0.969099
vt 0.093407 0.969099
vt 0.093407 0.969099
vt 0.093407 0.969099
vt 0.093407 0.969099
vt 0.093407 0.969099
vt 0.093407 0.969099
vt 0.093407 0.969099
vt 0.093407 0.969099
vt 0.093407 0.969099
vt 0.033158 0.969730
vt 0.033158 0.969730
vt 0.033158 0.969730
vt 0.033158 0.969730
vt 0.093407 0.969099
vt 0.093407 0.969099
vt 0.093407 0.969099
vt 0.093407 0.969099
vt 0.093407 0.969099
vt 0.093407 0.969099
vt 0.093407 0.969099
vt 0.093407 0.969099
vt 0.093407 0.969099
vt 0.093407 0.969099
vt 0.093407 0.969099
vt 0.093407 0.969099
vt 0.093407 0.969099
vt 0.093407 0.969099
vt 0.093407 0.969099
vt 0.093407 0.969099
vt 0.093407 0.969099
vt 0.093407 0.969099
vt 0.093407 0.969099
vt 0.093407 0.969099
vt 0.093407 0.969099
vt 0.093407 0.969099
vt 0.093407 0.969099
vt 0.093407 0.969099
vt 0.093407 0.969099
vt 0.093407 0.969099
vt 0.093407 0.969099
vt 0.093407 0.969099
vt 0.093407 0.969099
vt 0.093407 0.969099
vt 0.093407 0.969099
vt 0.093407 0.969099
vt 0.093407 0.969099
vt 0.093407 0.969099
vt 0.093407 0.969099
vt 0.093407 0.969099
vt 0.093407 0.969099
vt 0.093407 0.969099
vt 0.093407 0.969099
vt 0.093407 0.969099
vt 0.093407 0.969099
vt 0.093407 0.969099
vt 0.093407 0.969099
vt 0.093407 0.969099
vt 0.093407 0.969099
vt 0.093407 0.969099
vt 0.093407 0.969099
vt 0.093407 0.969099
vt 0.093407 0.969099
vt 0.093407 0.969099
vt 0.093407 0.969099
vt 0.093407 0.969099
vt 0.093407 0.969099
vt 0.093407 0.969099
vt 0.093407 0.969099
vt 0.093407 0.969099
vt 0.093407 0.969099
vt 0.093407 0.969099
vt 0.093407 0.969099
vt 0.093407 0.969099
vt 0.093407 0.969099
vt 0.093407 0.969099
vt 0.093407 0.969099
vt 0.093407 0.969099
vt 0.093407 0.969099
vt 0.093407 0.969099
vt 0.093407 0.969099
vt 0.093407 0.969099
vt 0.093407 0.969099
vt 0.093407 0.969099
vt 0.093407 0.969099
vt 0.093407 0.969099
vt 0.093407 0.969099
vt 0.093407 0.969099
vt 0.093407 0.969099
vt 0.093407 0.969099
vt 0.093407 0.969099
vt 0.093407 0.969099
vt 0.093407 0.969099
vt 0.093407 0.969099
vt 0.093407 0.969099
vt 0.093407 0.969099
vt 0.093407 0.969099
vt 0.093407 0.969099
vt 0.093407 0.969099
vt 0.093407 0.969099
vt 0.093407 0.969099
vt 0.093407 0.969099
vt 0.093407 0.969099
vt 0.033158 0.969730
vt 0.033158 0.969730
vt 0.033158 0.969730
vt 0.033158 0.969730
vt 0.033158 0.969730
vt 0.033158 0.969730
vt 0.033158 0.969730
vt 0.033158 0.969730
vt 0.033158 0.969730
vt 0.033158 0.969730
vt 0.033158 0.969730
vt 0.033158 0.969730
vt 0.033158 0.969730
vt 0.033158 0.969730
vt 0.033158 0.969730
vt 0.033158 0.969730
vt 0.033158 0.969730
vt 0.033158 0.969730
vt 0.033158 0.969730
vt 0.033158 0.969730
vt 0.033158 0.969730
vt 0.033158 0.969730
vt 0.033158 0.969730
vt 0.033158 0.969730
vt 0.033158 0.969730
vt 0.033158 0.969730
vt 0.033158 0.969730
vt 0.033158 0.969730
vt 0.033158 0.969730
vt 0.033158 0.969730
vt 0.033158 0.969730
vt 0.033158 0.969730
vt 0.033158 0.969730
vt 0.033158 0.969730
vt 0.033158 0.969730
vt 0.033158 0.969730
vt 0.033158 0.969730
vt 0.033158 0.969730
vt 0.033158 0.969730
vt 0.033158 0.969730
vt 0.033158 0.969730
vt 0.033158 0.969730
vt 0.033158 0.969730
vt 0.033158 0.969730
vt 0.033158 0.969730
vt 0.033158 0.969730
vt 0.033158 0.969730
vt 0.033158 0.969730
vt 0.033159 0.969730
vt 0.033159 0.969730
vt 0.033159 0.969730
vt 0.033159 0.969730
vt 0.033159 0.969730
vt 0.033159 0.969730
vt 0.033159 0.969730
vt 0.033159 0.969730
vt 0.033159 0.969730
vt 0.033159 0.969730
vt 0.033159 0.969730
vt 0.033159 0.969730
vt 0.033159 0.969730
vt 0.033159 0.969730
vt 0.033159 0.969730
vt 0.033159 0.969730
vt 0.033159 0.969730
vt 0.033159 0.969730
vt 0.033159 0.969730
vt 0.033159 0.969730
vt 0.033159 0.969730
vt 0.033159 0.969730
vt 0.033159 0.969730
vt 0.033159 0.969730
vt 0.033159 0.969730
vt 0.033159 0.969730
vt 0.033159 0.969730
vt 0.033159 0.969730
vt 0.033158 0.969730
vt 0.033158 0.969730
vt 0.033158 0.969730
vt 0.033158 0.969730
vt 0.033158 0.969730
vt 0.033158 0.969730
vt 0.033158 0.969730
vt 0.033158 0.969730
vt 0.033158 0.969730
vt 0.033158 0.969730
vt 0.033158 0.969730
vt 0.033158 0.969730
vt 0.033158 0.969730
vt 0.033158 0.969730
vt 0.033159 0.969730
vt 0.033159 0.969730
vt 0.093407 0.969099
vt 0.093407 0.969099
vt 0.093407 0.969099
vt 0.093407 0.969099
vt 0.033159 0.969730
vt 0.033159 0.969730
vt 0.033159 0.969730
vt 0.033159 0.969730
vt 0.033159 0.969730
vt 0.033159 0.969730
vt 0.033158 0.969730
vt 0.033158 0.969730
vt 0.033159 0.969730
vt 0.033159 0.969730
vt 0.033159 0.969730
vt 0.033159 0.969730
vt 0.033159 0.969730
vt 0.033159 0.969730
vt 0.033159 0.969730
vt 0.033159 0.969730
vt 0.033159 0.969730
vt 0.033159 0.969730
vt 0.033159 0.969730
vt 0.033159 0.969730
vt 0.033159 0.969730
vt 0.033159 0.969730
vt 0.033159 0.969730
vt 0.033159 0.969730
vt 0.033159 0.969730
vt 0.033159 0.969730
vt 0.033159 0.969730
vt 0.033159 0.969730
vt 0.033159 0.969730
vt 0.033159 0.969730
vt 0.033159 0.969730
vt 0.033159 0.969730
vt 0.033159 0.969730
vt 0.033159 0.969730
vt 0.033159 0.969730
vt 0.033159 0.969730
vt 0.033159 0.969730
vt 0.033159 0.969730
vt 0.033159 0.969730
vt 0.033159 0.969730
vt 0.033159 0.969730
vt 0.033159 0.969730
vt 0.033159 0.969730
vt 0.033159 0.969730
vt 0.033159 0.969730
vt 0.033159 0.969729
vt 0.033159 0.969730
vt 0.033158 0.969729
vt 0.033159 0.969730
vt 0.033159 0.969729
vt 0.033159 0.969730
vt 0.033158 0.969729
vt 0.033159 0.969730
vt 0.033159 0.969729
vt 0.033159 0.969730
vt 0.033158 0.969729
vt 0.033159 0.969730
vt 0.033159 0.969730
vt 0.033159 0.969730
vt 0.033158 0.969730
vt 0.033159 0.969730
vt 0.033159 0.969730
vt 0.033159 0.969730
vt 0.033158 0.969730
vt 0.033158 0.969730
vt 0.033159 0.969730
vt 0.033158 0.969730
vt 0.033158 0.969730
vt 0.033158 0.969730
vt 0.033159 0.969730
vt 0.033158 0.969730
vt 0.033158 0.969730
vt 0.033158 0.969730
vt 0.033159 0.969730
vt 0.033158 0.969730
vt 0.033158 0.969730
vt 0.033158 0.969730
vt 0.033159 0.969730
vt 0.033158 0.969730
vt 0.033158 0.969730
vt 0.033158 0.969730
vt 0.033159 0.969730
vt 0.033158 0.969730
vt 0.033158 0.969730
vt 0.033158 0.969730
vt 0.033159 0.969730
vt 0.033158 0.969730
vt 0.033158 0.969730
vt 0.033158 0.969730
vt 0.033159 0.969730
vt 0.033158 0.969730
vt 0.033158 0.969730
vt 0.033158 0.969730
vt 0.033159 0.969730
vt 0.033158 0.969730
vt 0.033158 0.969730
vt 0.033158 0.969730
vt 0.033158 0.969730
vt 0.033158 0.969730
vt 0.033159 0.969730
vt 0.033159 0.969730
vt 0.033159 0.969730
vt 0.033159 0.969730
vt 0.033159 0.969730
vt 0.033159 0.969730
vt 0.033159 0.969730
vt 0.033158 0.969730
vt 0.033158 0.969730
vt 0.033158 0.969730
vt 0.033158 0.969730
vt 0.033158 0.969730
vt 0.033158 0.969730
vt 0.033158 0.969730
vt 0.033158 0.969730
vt 0.033158 0.969730
vt 0.033158 0.969730
vt 0.033158 0.969730
vt 0.033158 0.969730
vt 0.033158 0.969730
vt 0.033158 0.969730
vt 0.093407 0.969099
vt 0.093407 0.969099
vt 0.093407 0.969099
vt 0.093407 0.969099
vt 0.093407 0.969099
vt 0.093407 0.969099
vt 0.093407 0.969099
vt 0.093407 0.969099
vt 0.093407 0.969099
vt 0.093407 0.969099
vt 0.093407 0.969099
vt 0.093407 0.969099
vt 0.093407 0.969099
vt 0.093407 0.969099
vt 0.093407 0.969099
vt 0.093407 0.969099
vt 0.093407 0.969099
vt 0.093407 0.969099
vt 0.093407 0.969099
vt 0.093407 0.969099
vt 0.093407 0.969099
vt 0.093407 0.969099
vt 0.093407 0.969099
vt 0.093407 0.969099
vt 0.093407 0.969099
vt 0.093407 0.969099
vt 0.093407 0.969099
vt 0.093407 0.969099
vt 0.093407 0.969099
vt 0.093407 0.969099
vt 0.093407 0.969099
vt 0.093407 0.969099
vt 0.093407 0.969099
vt 0.093407 0.969099
vt 0.093407 0.969099
vt 0.093407 0.969099
vt 0.093407 0.969099
vt 0.093407 0.969099
vt 0.093407 0.969099
vt 0.093407 0.969099
vt 0.093407 0.969099
vt 0.093407 0.969099
vt 0.093407 0.969099
vt 0.093407 0.969099
vt 0.093407 0.969099
vt 0.093407 0.969099
vt 0.093407 0.969099
vt 0.093407 0.969099
vt 0.093407 0.969099
vt 0.093407 0.969099
vt 0.093407 0.969099
vt 0.093407 0.969099
vt 0.093407 0.969099
vt 0.093407 0.969099
vt 0.093407 0.969099
vt 0.093407 0.969099
vt 0.093407 0.969099
vt 0.093407 0.969099
vt 0.093407 0.969099
vt 0.093407 0.969099
vt 0.093407 0.969099
vt 0.093407 0.969099
vt 0.093407 0.969099
vt 0.093407 0.969099
vt 0.093407 0.969099
vt 0.093407 0.969099
vt 0.093407 0.969099
vt 0.093407 0.969099
vt 0.093407 0.969099
vt 0.093407 0.969099
vt 0.093407 0.969099
vt 0.093407 0.969099
vt 0.093407 0.969099
vt 0.093407 0.969099
vt 0.093407 0.969099
vt 0.093407 0.969099
vt 0.093407 0.969099
vt 0.093407 0.969099
vt 0.093407 0.969099
vt 0.093407 0.969099
vt 0.093407 0.969099
vt 0.093407 0.969099
vt 0.093407 0.969099
vt 0.093407 0.969099
vt 0.093407 0.969099
vt 0.093407 0.969099
vt 0.093407 0.969099
vt 0.093407 0.969099
vt 0.093407 0.969099
vt 0.093407 0.969099
vt 0.093407 0.969099
vt 0.093407 0.969099
vt 0.093407 0.969099
vt 0.093407 0.969099
vt 0.093407 0.969099
vt 0.093407 0.969099
vt 0.093407 0.969099
vt 0.093407 0.969099
vt 0.093407 0.969099
vt 0.033158 0.969730
vt 0.033158 0.969730
vt 0.033158 0.969730
vt 0.033158 0.969730
vt 0.093407 0.969099
vt 0.093407 0.969099
vt 0.093407 0.969099
vt 0.093407 0.969099
vt 0.093407 0.969099
vt 0.093407 0.969099
vt 0.093407 0.969099
vt 0.093407 0.969099
vt 0.093407 0.969099
vt 0.093407 0.969099
vt 0.093407 0.969099
vt 0.093407 0.969099
vt 0.093407 0.969099
vt 0.093407 0.969099
vt 0.093407 0.969099
vt 0.093407 0.969099
vt 0.093407 0.969099
vt 0.093407 0.969099
vt 0.093407 0.969099
vt 0.093407 0.969099
vt 0.093407 0.969099
vt 0.093407 0.969099
vt 0.093407 0.969099
vt 0.093407 0.969099
vt 0.093407 0.969099
vt 0.093407 0.969099
vt 0.093407 0.969099
vt 0.093407 0.969099
vt 0.093407 0.969099
vt 0.093407 0.969099
vt 0.093407 0.969099
vt 0.093407 0.969099
vt 0.093407 0.969099
vt 0.093407 0.969099
vt 0.093407 0.969099
vt 0.093407 0.969099
vt 0.093407 0.969099
vt 0.093407 0.969099
vt 0.093407 0.969099
vt 0.093407 0.969099
vt 0.093407 0.969099
vt 0.093407 0.969099
vt 0.093407 0.969099
vt 0.093407 0.969099
vt 0.093407 0.969099
vt 0.093407 0.969099
vt 0.093407 0.969099
vt 0.093407 0.969099
vt 0.093407 0.969099
vt 0.093407 0.969099
vt 0.093407 0.969099
vt 0.093407 0.969099
vt 0.093407 0.969099
vt 0.093407 0.969099
vt 0.093407 0.969099
vt 0.093407 0.969099
vt 0.093407 0.969099
vt 0.093407 0.969099
vt 0.093407 0.969099
vt 0.093407 0.969099
vt 0.093407 0.969099
vt 0.093407 0.969099
vt 0.093407 0.969099
vt 0.093407 0.969099
vt 0.093407 0.969099
vt 0.093407 0.969099
vt 0.093407 0.969099
vt 0.093407 0.969099
vt 0.093407 0.969099
vt 0.093407 0.969099
vt 0.093407 0.969099
vt 0.093407 0.969099
vt 0.093407 0.969099
vt 0.093407 0.969099
vt 0.093407 0.969099
vt 0.093407 0.969099
vt 0.093407 0.969099
vt 0.093407 0.969099
vt 0.093407 0.969099
vt 0.093407 0.969099
vt 0.093407 0.969099
vt 0.093407 0.969099
vt 0.093407 0.969099
vt 0.093407 0.969099
vt 0.093407 0.969099
vt 0.093407 0.969099
vt 0.093407 0.969099
vt 0.093407 0.969099
vt 0.093407 0.969099
vt 0.033158 0.969730
vt 0.033158 0.969730
vt 0.033158 0.969730
vt 0.033158 0.969730
vt 0.033158 0.969730
vt 0.033158 0.969730
vt 0.033158 0.969730
vt 0.033158 0.969730
vt 0.033158 0.969730
vt 0.033158 0.969730
vt 0.033158 0.969730
vt 0.033158 0.969730
vt 0.033158 0.969730
vt 0.033158 0.969730
vt 0.033158 0.969730
vt 0.033158 0.969730
vt 0.033158 0.969730
vt 0.033158 0.969730
vt 0.033158 0.969730
vt 0.033158 0.969730
vt 0.033158 0.969730
vt 0.033158 0.969730
vt 0.033158 0.969730
vt 0.033158 0.969730
vt 0.033158 0.969730
vt 0.033158 0.969730
vt 0.033158 0.969730
vt 0.033158 0.969730
vt 0.033158 0.969730
vt 0.033158 0.969730
vt 0.033158 0.969730
vt 0.033158 0.969730
vt 0.033158 0.969730
vt 0.033158 0.969730
vt 0.033158 0.969730
vt 0.033158 0.969730
vt 0.033158 0.969730
vt 0.033158 0.969730
vt 0.033158 0.969730
vt 0.033158 0.969730
vt 0.033158 0.969730
vt 0.033158 0.969730
vt 0.033158 0.969730
vt 0.033158 0.969730
vt 0.033158 0.969730
vt 0.033158 0.969730
vt 0.033158 0.969730
vt 0.033158 0.969730
vt 0.033159 0.969730
vt 0.033159 0.969730
vt 0.033159 0.969730
vt 0.033159 0.969730
vt 0.033159 0.969730
vt 0.033159 0.969730
vt 0.033159 0.969730
vt 0.033159 0.969730
vt 0.033159 0.969730
vt 0.033159 0.969730
vt 0.033159 0.969730
vt 0.033159 0.969730
vt 0.033159 0.969730
vt 0.033159 0.969730
vt 0.033159 0.969730
vt 0.033159 0.969730
vt 0.033159 0.969730
vt 0.033159 0.969730
vt 0.033159 0.969730
vt 0.033159 0.969730
vt 0.033159 0.969730
vt 0.033159 0.969730
vt 0.033159 0.969730
vt 0.033159 0.969730
vt 0.033159 0.969730
vt 0.033159 0.969730
vt 0.033159 0.969730
vt 0.033159 0.969730
vt 0.033158 0.969730
vt 0.033158 0.969730
vt 0.033158 0.969730
vt 0.033158 0.969730
vt 0.033158 0.969730
vt 0.033158 0.969730
vt 0.033158 0.969730
vt 0.033158 0.969730
vt 0.033158 0.969730
vt 0.033158 0.969730
vt 0.033158 0.969730
vt 0.033158 0.969730
vt 0.033158 0.969730
vt 0.033158 0.969730
vt 0.033159 0.969730
vt 0.033159 0.969730
vt 0.093407 0.969099
vt 0.093407 0.969099
vt 0.093407 0.969099
vt 0.093407 0.969099
vt 0.033159 0.969730
vt 0.033159 0.969730
vt 0.033159 0.969730
vt 0.033159 0.969730
vt 0.033159 0.969730
vt 0.033159 0.969730
vt 0.033158 0.969730
vt 0.033158 0.969730
vt 0.033159 0.969730
vt 0.033159 0.969730
vt 0.033159 0.969730
vt 0.033159 0.969730
vt 0.033159 0.969730
vt 0.033159 0.969730
vt 0.033159 0.969730
vt 0.033159 0.969730
vt 0.033159 0.969730
vt 0.033159 0.969730
vt 0.033159 0.969730
vt 0.033159 0.969730
vt 0.033159 0.969730
vt 0.033159 0.969730
vt 0.033159 0.969730
vt 0.033159 0.969730
vt 0.033159 0.969730
vt 0.033159 0.969730
vt 0.033159 0.969730
vt 0.033159 0.969730
vt 0.033159 0.969730
vt 0.033159 0.969730
vt 0.033159 0.969730
vt 0.033159 0.969730
vt 0.033159 0.969730
vt 0.033159 0.969730
vt 0.033159 0.969730
vt 0.033159 0.969730
vt 0.033159 0.969730
vt 0.033159 0.969730
vt 0.033159 0.969730
vt 0.033159 0.969730
vt 0.033159 0.969730
vt 0.033159 0.969730
vt 0.033159 0.969730
vt 0.033159 0.969730
vt 0.033159 0.969730
vt 0.033159 0.969729
vt 0.033159 0.969730
vt 0.033158 0.969729
vt 0.033159 0.969730
vt 0.033159 0.969729
vt 0.033159 0.969730
vt 0.033158 0.969729
vt 0.033159 0.969730
vt 0.033159 0.969729
vt 0.033159 0.969730
vt 0.033158 0.969729
vt 0.033159 0.969730
vt 0.033159 0.969730
vt 0.033159 0.969730
vt 0.033158 0.969730
vt 0.033159 0.969730
vt 0.033159 0.969730
vt 0.033159 0.969730
vt 0.033158 0.969730
vt 0.033158 0.969730
vt 0.033159 0.969730
vt 0.033158 0.969730
vt 0.033158 0.969730
vt 0.033158 0.969730
vt 0.033159 0.969730
vt 0.033158 0.969730
vt 0.033158 0.969730
vt 0.033158 0.969730
vt 0.033159 0.969730
vt 0.033158 0.969730
vt 0.033158 0.969730
vt 0.033158 0.969730
vt 0.033159 0.969730
vt 0.033158 0.969730
vt 0.033158 0.969730
vt 0.033158 0.969730
vt 0.033159 0.969730
vt 0.033158 0.969730
vt 0.033158 0.969730
vt 0.033158 0.969730
vt 0.033159 0.969730
vt 0.033158 0.969730
vt 0.033158 0.969730
vt 0.033158 0.969730
vt 0.033159 0.969730
vt 0.033158 0.969730
vt 0.033158 0.969730
vt 0.033158 0.969730
vt 0.033159 0.969730
vt 0.033158 0.969730
vt 0.033158 0.969730
vt 0.033158 0.969730
vt 0.033158 0.969730
vt 0.033158 0.969730
vt 0.033159 0.969730
vt 0.033159 0.969730
vt 0.033159 0.969730
vt 0.033159 0.969730
vt 0.033159 0.969730
vt 0.033159 0.969730
vt 0.033159 0.969730
vt 0.033158 0.969730
vt 0.033158 0.969730
vt 0.033158 0.969730
vt 0.033158 0.969730
vt 0.033158 0.969730
vt 0.033158 0.969730
vt 0.033158 0.969730
vt 0.033158 0.969730
vt 0.033158 0.969730
vt 0.033158 0.969730
vt 0.033158 0.969730
vt 0.033158 0.969730
vt 0.033158 0.969730
vt 0.033158 0.969730
vt 0.093407 0.969099
vt 0.093407 0.969099
vt 0.093407 0.969099
vt 0.093407 0.969099
vt 0.093407 0.969099
vt 0.093407 0.969099
vt 0.093407 0.969099
vt 0.093407 0.969099
vt 0.093407 0.969099
vt 0.093407 0.969099
vt 0.093407 0.969099
vt 0.093407 0.969099
vt 0.093407 0.969099
vt 0.093407 0.969099
vt 0.093407 0.969099
vt 0.093407 0.969099
vt 0.093407 0.969099
vt 0.093407 0.969099
vt 0.093407 0.969099
vt 0.093407 0.969099
vt 0.093407 0.969099
vt 0.093407 0.969099
vt 0.093407 0.969099
vt 0.093407 0.969099
vt 0.093407 0.969099
vt 0.093407 0.969099
vt 0.093407 0.969099
vt 0.093407 0.969099
vt 0.093407 0.969099
vt 0.093407 0.969099
vt 0.093407 0.969099
vt 0.093407 0.969099
vt 0.093407 0.969099
vt 0.093407 0.969099
vt 0.093407 0.969099
vt 0.093407 0.969099
vt 0.093407 0.969099
vt 0.093407 0.969099
vt 0.093407 0.969099
vt 0.093407 0.969099
vt 0.093407 0.969099
vt 0.093407 0.969099
vt 0.093407 0.969099
vt 0.093407 0.969099
vt 0.093407 0.969099
vt 0.093407 0.969099
vt 0.093407 0.969099
vt 0.093407 0.969099
vt 0.093407 0.969099
vt 0.093407 0.969099
vt 0.093407 0.969099
vt 0.093407 0.969099
vt 0.093407 0.969099
vt 0.093407 0.969099
vt 0.093407 0.969099
vt 0.093407 0.969099
vt 0.093407 0.969099
vt 0.093407 0.969099
vt 0.093407 0.969099
vt 0.093407 0.969099
vt 0.093407 0.969099
vt 0.093407 0.969099
vt 0.093407 0.969099
vt 0.093407 0.969099
vt 0.093407 0.969099
vt 0.093407 0.969099
vt 0.093407 0.969099
vt 0.093407 0.969099
vt 0.093407 0.969099
vt 0.093407 0.969099
vt 0.093407 0.969099
vt 0.093407 0.969099
vt 0.093407 0.969099
vt 0.093407 0.969099
vt 0.093407 0.969099
vt 0.093407 0.969099
vt 0.093407 0.969099
vt 0.093407 0.969099
vt 0.093407 0.969099
vt 0.093407 0.969099
vt 0.093407 0.969099
vt 0.093407 0.969099
vt 0.093407 0.969099
vt 0.093407 0.969099
vt 0.093407 0.969099
vt 0.093407 0.969099
vt 0.093407 0.969099
vt 0.093407 0.969099
vt 0.093407 0.969099
vt 0.093407 0.969099
vt 0.093407 0.969099
vt 0.093407 0.969099
vt 0.093407 0.969099
vt 0.093407 0.969099
vt 0.093407 0.969099
vt 0.093407 0.969099
vt 0.093407 0.969099
vt 0.093407 0.969099
vt 0.093407 0.969099
vt 0.033158 0.969730
vt 0.033158 0.969730
vt 0.033158 0.969730
vt 0.033158 0.969730
vt 0.093407 0.969099
vt 0.093407 0.969099
vt 0.093407 0.969099
vt 0.093407 0.969099
vt 0.093407 0.969099
vt 0.093407 0.969099
vt 0.093407 0.969099
vt 0.093407 0.969099
vt 0.093407 0.969099
vt 0.093407 0.969099
vt 0.093407 0.969099
vt 0.093407 0.969099
vt 0.093407 0.969099
vt 0.093407 0.969099
vt 0.093407 0.969099
vt 0.093407 0.969099
vt 0.093407 0.969099
vt 0.093407 0.969099
vt 0.093407 0.969099
vt 0.093407 0.969099
vt 0.093407 0.969099
vt 0.093407 0.969099
vt 0.093407 0.969099
vt 0.093407 0.969099
vt 0.093407 0.969099
vt 0.093407 0.969099
vt 0.093407 0.969099
vt 0.093407 0.969099
vt 0.093407 0.969099
vt 0.093407 0.969099
vt 0.093407 0.969099
vt 0.093407 0.969099
vt 0.093407 0.969099
vt 0.093407 0.969099
vt 0.093407 0.969099
vt 0.093407 0.969099
vt 0.093407 0.969099
vt 0.093407 0.969099
vt 0.093407 0.969099
vt 0.093407 0.969099
vt 0.093407 0.969099
vt 0.093407 0.969099
vt 0.093407 0.969099
vt 0.093407 0.969099
vt 0.093407 0.969099
vt 0.093407 0.969099
vt 0.093407 0.969099
vt 0.093407 0.969099
vt 0.093407 0.969099
vt 0.093407 0.969099
vt 0.093407 0.969099
vt 0.093407 0.969099
vt 0.093407 0.969099
vt 0.093407 0.969099
vt 0.093407 0.969099
vt 0.093407 0.969099
vt 0.093407 0.969099
vt 0.093407 0.969099
vt 0.093407 0.969099
vt 0.093407 0.969099
vt 0.093407 0.969099
vt 0.093407 0.969099
vt 0.093407 0.969099
vt 0.093407 0.969099
vt 0.093407 0.969099
vt 0.093407 0.969099
vt 0.093407 0.969099
vt 0.093407 0.969099
vt 0.093407 0.969099
vt 0.093407 0.969099
vt 0.093407 0.969099
vt 0.093407 0.969099
vt 0.093407 0.969099
vt 0.093407 0.969099
vt 0.093407 0.969099
vt 0.093407 0.969099
vt 0.093407 0.969099
vt 0.093407 0.969099
vt 0.093407 0.969099
vt 0.093407 0.969099
vt 0.093407 0.969099
vt 0.093407 0.969099
vt 0.093407 0.969099
vt 0.093407 0.969099
vt 0.093407 0.969099
vt 0.093407 0.969099
vt 0.093407 0.969099
vt 0.093407 0.969099
vt 0.093407 0.969099
vt 0.033158 0.969730
vt 0.033158 0.969730
vt 0.033158 0.969730
vt 0.033158 0.969730
vt 0.033158 0.969730
vt 0.033158 0.969730
vt 0.033158 0.969730
vt 0.033158 0.969730
vt 0.033158 0.969730
vt 0.033158 0.969730
vt 0.033158 0.969730
vt 0.033158 0.969730
vt 0.033158 0.969730
vt 0.033158 0.969730
vt 0.033158 0.969730
vt 0.033158 0.969730
vt 0.033158 0.969730
vt 0.033158 0.969730
vt 0.033158 0.969730
vt 0.033158 0.969730
vt 0.033158 0.969730
vt 0.033158 0.969730
vt 0.033158 0.969730
vt 0.033158 0.969730
vt 0.033158 0.969730
vt 0.033158 0.969730
vt 0.033158 0.969730
vt 0.033158 0.969730
vt 0.033158 0.969730
vt 0.033158 0.969730
vt 0.033158 0.969730
vt 0.033158 0.969730
vt 0.033158 0.969730
vt 0.033158 0.969730
vt 0.033158 0.969730
vt 0.033158 0.969730
vt 0.033158 0.969730
vt 0.033158 0.969730
vt 0.033158 0.969730
vt 0.033158 0.969730
vt 0.033158 0.969730
vt 0.033158 0.969730
vt 0.033158 0.969730
vt 0.033158 0.969730
vt 0.033159 0.969730
vt 0.033159 0.969730
vt 0.033159 0.969730
vt 0.033159 0.969730
vt 0.033159 0.969730
vt 0.033159 0.969730
vt 0.033159 0.969730
vt 0.033159 0.969730
vt 0.033159 0.969730
vt 0.033159 0.969730
vt 0.033159 0.969730
vt 0.033159 0.969730
vt 0.033159 0.969730
vt 0.033159 0.969730
vt 0.033159 0.969730
vt 0.033159 0.969730
vt 0.033159 0.969730
vt 0.033159 0.969730
vt 0.033159 0.969730
vt 0.033159 0.969730
vt 0.033159 0.969730
vt 0.033159 0.969730
vt 0.033159 0.969730
vt 0.033159 0.969730
vt 0.033159 0.969730
vt 0.033159 0.969730
vt 0.033159 0.969730
vt 0.033159 0.969730
vt 0.033159 0.969730
vt 0.033159 0.969730
vt 0.033159 0.969730
vt 0.033159 0.969730
vt 0.033159 0.969730
vt 0.033159 0.969730
vt 0.033159 0.969730
vt 0.033159 0.969730
vt 0.033159 0.969730
vt 0.033159 0.969730
vt 0.033159 0.969730
vt 0.033159 0.969730
vt 0.033159 0.969730
vt 0.033159 0.969730
vt 0.033159 0.969730
vt 0.033159 0.969730
vt 0.033159 0.969730
vt 0.033159 0.969730
vt 0.033159 0.969730
vt 0.033159 0.969730
vt 0.033159 0.969730
vt 0.033159 0.969730
vt 0.033159 0.969730
vt 0.033159 0.969730
vt 0.033159 0.969730
vt 0.033159 0.969730
vt 0.033159 0.969730
vt 0.033159 0.969730
vt 0.033159 0.969730
vt 0.033159 0.969730
vt 0.033159 0.969730
vt 0.033159 0.969730
vt 0.033159 0.969730
vt 0.033159 0.969730
vt 0.033159 0.969730
vt 0.033159 0.969730
vt 0.033159 0.969730
vt 0.033159 0.969730
vt 0.033159 0.969730
vt 0.033159 0.969730
vt 0.033159 0.969730
vt 0.033159 0.969730
vt 0.033159 0.969730
vt 0.033159 0.969730
vt 0.033159 0.969730
vt 0.033159 0.969730
vt 0.033159 0.969730
vt 0.033159 0.969730
vt 0.033159 0.969730
vt 0.033159 0.969730
vt 0.033159 0.969730
vt 0.033159 0.969730
vt 0.033159 0.969730
vt 0.033159 0.969730
vt 0.033159 0.969730
vt 0.033159 0.969730
vt 0.033159 0.969730
vt 0.033159 0.969730
vt 0.033159 0.969730
vt 0.033159 0.969730
vt 0.033159 0.969730
vt 0.033159 0.969730
vt 0.033159 0.969730
vt 0.033159 0.969730
vt 0.033159 0.969730
vt 0.033159 0.969730
vt 0.033159 0.969730
vt 0.033159 0.969730
vt 0.033159 0.969730
vt 0.033159 0.969730
vt 0.033159 0.969730
vt 0.033159 0.969730
vt 0.033159 0.969730
vt 0.033159 0.969730
vt 0.033159 0.969730
vt 0.033159 0.969730
vt 0.033159 0.969730
vt 0.033159 0.969730
vt 0.033159 0.969730
vt 0.033159 0.969730
vt 0.033159 0.969730
vt 0.033159 0.969730
vt 0.033159 0.969730
vt 0.033159 0.969730
vt 0.033159 0.969730
vt 0.033159 0.969730
vt 0.033159 0.969730
vt 0.033159 0.969730
vt 0.033159 0.969730
vt 0.033159 0.969730
vt 0.033159 0.969730
vt 0.033159 0.969730
vt 0.033159 0.969730
vt 0.033159 0.969730
vt 0.033159 0.969730
vt 0.033159 0.969730
vt 0.033159 0.969730
vt 0.033159 0.969730
vt 0.033159 0.969730
vt 0.033159 0.969730
vt 0.033159 0.969730
vt 0.033159 0.969730
vt 0.033159 0.969730
vt 0.033159 0.969730
vt 0.033159 0.969730
vt 0.033159 0.969730
vt 0.033159 0.969730
vt 0.033159 0.969730
vt 0.033159 0.969730
vt 0.033159 0.969730
vt 0.033159 0.969730
vt 0.033159 0.969730
vt 0.033159 0.969730
vt 0.033159 0.969730
vt 0.033159 0.969730
vt 0.033159 0.969730
vt 0.033159 0.969730
vt 0.033159 0.969730
vt 0.033159 0.969730
vt 0.033159 0.969730
vt 0.033159 0.969730
vt 0.033159 0.969730
vt 0.033159 0.969730
vt 0.033159 0.969730
vt 0.033159 0.969730
vt 0.033159 0.969730
vt 0.033159 0.969730
vt 0.033159 0.969730
vt 0.033159 0.969730
vt 0.033159 0.969730
vt 0.033159 0.969730
vt 0.033159 0.969730
vt 0.033159 0.969730
vt 0.033159 0.969730
vt 0.033159 0.969730
vt 0.033159 0.969730
vt 0.033159 0.969730
vt 0.033159 0.969730
vt 0.033159 0.969730
vt 0.033159 0.969730
vt 0.033159 0.969730
vt 0.033159 0.969730
vt 0.033159 0.969730
vt 0.033159 0.969730
vt 0.033159 0.969730
vt 0.033159 0.969730
vt 0.033159 0.969730
vt 0.033159 0.969730
vt 0.033159 0.969730
vt 0.033159 0.969730
vt 0.033159 0.969730
vt 0.033159 0.969730
vt 0.033159 0.969730
vt 0.033159 0.969730
vt 0.033159 0.969730
vt 0.033159 0.969730
vt 0.033159 0.969730
vt 0.033159 0.969730
vt 0.033159 0.969730
vt 0.033159 0.969730
vt 0.033159 0.969730
vt 0.033159 0.969730
vt 0.033159 0.969730
vt 0.033159 0.969730
vt 0.033159 0.969730
vt 0.033159 0.969730
vt 0.033159 0.969730
vt 0.033159 0.969730
vt 0.033159 0.969730
vt 0.033159 0.969730
vt 0.033159 0.969730
vt 0.033159 0.969730
vt 0.033159 0.969730
vt 0.033159 0.969730
vt 0.033159 0.969730
vt 0.033159 0.969730
vt 0.033159 0.969730
vt 0.033159 0.969730
vt 0.033159 0.969730
vt 0.033159 0.969730
vt 0.033159 0.969730
vt 0.033159 0.969730
vt 0.033159 0.969730
vt 0.033159 0.969730
vt 0.033159 0.969730
vt 0.033159 0.969730
vt 0.033159 0.969730
vt 0.033159 0.969730
vt 0.033159 0.969730
vt 0.033159 0.969730
vt 0.033159 0.969730
vt 0.033159 0.969730
vt 0.033159 0.969730
vt 0.033159 0.969730
vt 0.033159 0.969730
vt 0.033159 0.969730
vt 0.033159 0.969730
vt 0.033159 0.969730
vt 0.033159 0.969730
vt 0.033159 0.969730
vt 0.033159 0.969730
vt 0.033159 0.969730
vt 0.033159 0.969730
vt 0.033159 0.969730
vt 0.033159 0.969730
vt 0.033159 0.969730
vt 0.033159 0.969730
vt 0.033159 0.969730
vt 0.033159 0.969730
vt 0.033159 0.969730
vt 0.033159 0.969730
vt 0.033159 0.969730
vt 0.033159 0.969730
vt 0.033159 0.969730
vt 0.033159 0.969730
vt 0.033159 0.969730
vt 0.033159 0.969730
vt 0.033159 0.969730
vt 0.033159 0.969730
vt 0.033159 0.969730
vt 0.033159 0.969730
vt 0.033159 0.969730
vt 0.033159 0.969730
vt 0.033159 0.969730
vt 0.033159 0.969730
vt 0.033159 0.969730
vt 0.033159 0.969730
vt 0.033159 0.969730
vt 0.033159 0.969730
vt 0.033159 0.969730
vt 0.033159 0.969730
vt 0.033159 0.969730
vt 0.033159 0.969730
vt 0.033159 0.969730
vt 0.033159 0.969730
vt 0.033159 0.969730
vt 0.033159 0.969730
vt 0.033159 0.969730
vt 0.033159 0.969730
vt 0.033159 0.969730
vt 0.033159 0.969730
vt 0.033159 0.969730
vt 0.033159 0.969730
vt 0.033159 0.969730
vt 0.033159 0.969730
vt 0.033159 0.969730
vt 0.033159 0.969730
vt 0.033159 0.969730
vt 0.033159 0.969730
vt 0.033159 0.969730
vt 0.033159 0.969730
vt 0.033159 0.969730
vt 0.033159 0.969730
vt 0.033159 0.969730
vt 0.033159 0.969730
vt 0.033159 0.969730
vt 0.033159 0.969730
vt 0.033159 0.969730
vt 0.033159 0.969730
vt 0.033159 0.969730
vt 0.033159 0.969730
vt 0.033159 0.969730
vt 0.033159 0.969730
vt 0.033159 0.969730
vt 0.033159 0.969730
vt 0.033159 0.969730
vt 0.033159 0.969730
vt 0.033159 0.969730
vt 0.033159 0.969730
vt 0.033159 0.969730
vt 0.033159 0.969730
vt 0.033159 0.969730
vt 0.033159 0.969730
vt 0.033159 0.969730
vt 0.033159 0.969730
vt 0.033159 0.969730
vt 0.033159 0.969730
vt 0.033159 0.969730
vt 0.033159 0.969730
vt 0.033159 0.969730
vt 0.033159 0.969730
vt 0.033159 0.969730
vt 0.033159 0.969730
vt 0.033159 0.969730
vt 0.033159 0.969730
vt 0.033159 0.969730
vt 0.033159 0.969730
vt 0.033159 0.969730
vt 0.033159 0.969730
vt 0.033159 0.969730
vt 0.033159 0.969730
vt 0.033159 0.969730
vt 0.033159 0.969730
vt 0.033159 0.969730
vt 0.033159 0.969730
vt 0.033159 0.969730
vt 0.033159 0.969730
vt 0.033159 0.969730
vt 0.033159 0.969730
vt 0.033159 0.969730
vt 0.033159 0.969730
vt 0.033159 0.969730
vt 0.033159 0.969730
vt 0.033159 0.969730
vt 0.033159 0.969730
vt 0.033159 0.969730
vt 0.033159 0.969730
vt 0.033159 0.969730
vt 0.033159 0.969730
vt 0.033159 0.969730
vt 0.033159 0.969730
vt 0.033159 0.969730
vt 0.033159 0.969730
vt 0.033159 0.969730
vt 0.033159 0.969730
vt 0.033159 0.969730
vt 0.033159 0.969730
vt 0.033159 0.969730
vt 0.033159 0.969730
vt 0.033159 0.969730
vt 0.033159 0.969730
vt 0.033159 0.969730
vt 0.033159 0.969730
vt 0.033159 0.969730
vt 0.033159 0.969730
vt 0.033159 0.969730
vt 0.033159 0.969730
vt 0.033159 0.969730
vt 0.033159 0.969730
vt 0.033159 0.969730
vt 0.033159 0.969730
vt 0.033159 0.969730
vt 0.033159 0.969730
vt 0.033159 0.969730
vt 0.033159 0.969730
vt 0.033159 0.969730
vt 0.033159 0.969730
vt 0.033159 0.969730
vt 0.033159 0.969730
vt 0.033159 0.969730
vt 0.033159 0.969730
vt 0.033159 0.969730
vt 0.033159 0.969730
vt 0.033159 0.969730
vt 0.033159 0.969730
vt 0.033159 0.969730
vt 0.033159 0.969730
vt 0.033159 0.969730
vt 0.033159 0.969730
vt 0.033159 0.969730
vt 0.033159 0.969730
vt 0.033159 0.969730
vt 0.033159 0.969730
vt 0.033159 0.969730
vt 0.033159 0.969730
vt 0.033159 0.969730
vt 0.033159 0.969730
vt 0.033159 0.969730
vt 0.033159 0.969730
vt 0.033159 0.969730
vt 0.033159 0.969730
vt 0.033159 0.969730
vt 0.033159 0.969730
vt 0.033159 0.969730
vt 0.033159 0.969730
vt 0.033159 0.969730
vt 0.033159 0.969730
vt 0.033159 0.969730
vt 0.033159 0.969730
vt 0.033159 0.969730
vt 0.033159 0.969730
vt 0.033159 0.969730
vt 0.033159 0.969730
vt 0.033159 0.969730
vt 0.033159 0.969730
vt 0.033159 0.969730
vt 0.033159 0.969730
vt 0.033159 0.969730
vt 0.033159 0.969730
vt 0.033159 0.969730
vt 0.033159 0.969730
vt 0.033159 0.969730
vt 0.033159 0.969730
vt 0.033159 0.969730
vt 0.033159 0.969730
vt 0.033159 0.969730
vt 0.033159 0.969730
vt 0.033159 0.969730
vt 0.033159 0.969730
vt 0.033159 0.969730
vt 0.033159 0.969730
vt 0.033159 0.969730
vt 0.033159 0.969730
vt 0.033159 0.969730
vt 0.033159 0.969730
vt 0.033159 0.969730
vt 0.033159 0.969730
vt 0.033159 0.969730
vt 0.033159 0.969730
vt 0.033159 0.969730
vt 0.033159 0.969730
vt 0.033159 0.969730
vt 0.033159 0.969730
vt 0.033159 0.969730
vt 0.033159 0.969730
vt 0.033159 0.969730
vt 0.033159 0.969730
vt 0.033159 0.969730
vt 0.033159 0.969730
vt 0.033159 0.969730
vt 0.033159 0.969730
vt 0.033159 0.969730
vt 0.033159 0.969730
vt 0.033159 0.969730
vt 0.033159 0.969730
vt 0.033159 0.969730
vt 0.033159 0.969730
vt 0.033159 0.969730
vt 0.033159 0.969730
vt 0.033159 0.969730
vt 0.033159 0.969730
vt 0.033159 0.969730
vt 0.033159 0.969730
vt 0.033159 0.969730
vt 0.033159 0.969730
vt 0.033159 0.969730
vt 0.033159 0.969730
vt 0.033159 0.969730
vt 0.033159 0.969730
vt 0.033159 0.969730
vt 0.033159 0.969730
vt 0.033159 0.969730
vt 0.532498 0.969542
vt 0.532498 0.969542
vt 0.532498 0.969542
vt 0.532498 0.969542
vt 0.532498 0.969542
vt 0.532498 0.969542
vt 0.532498 0.969542
vt 0.532498 0.969542
vt 0.532498 0.969542
vt 0.532498 0.969542
vt 0.532498 0.969542
vt 0.532498 0.969542
vt 0.532498 0.969542
vt 0.532498 0.969542
vt 0.532498 0.969542
vt 0.532498 0.969542
vt 0.532498 0.969542
vt 0.532498 0.969542
vt 0.532498 0.969542
vt 0.532498 0.969542
vt 0.532498 0.969542
vt 0.532498 0.969542
vt 0.532498 0.969542
vt 0.532498 0.969542
vt 0.532498 0.969542
vt 0.532498 0.969542
vt 0.532498 0.969542
vt 0.532498 0.969542
vt 0.532498 0.969542
vt 0.532498 0.969542
vt 0.532498 0.969542
vt 0.532498 0.969542
vt 0.532498 0.969542
vt 0.532498 0.969542
vt 0.532498 0.969542
vt 0.532498 0.969542
vt 0.532498 0.969542
vt 0.532498 0.969542
vt 0.033159 0.969730
vt 0.033159 0.969730
vt 0.033159 0.969730
vt 0.033159 0.969730
vt 0.033159 0.969729
vt 0.033159 0.969730
vt 0.033159 0.969730
vt 0.033159 0.969730
vt 0.532498 0.969542
vt 0.532498 0.969542
vt 0.532498 0.969542
vt 0.532498 0.969542
vt 0.532498 0.969542
vt 0.532498 0.969542
vt 0.532498 0.969542
vt 0.532498 0.969542
vt 0.532498 0.969542
vt 0.532498 0.969542
vt 0.532498 0.969542
vt 0.532498 0.969542
vt 0.532498 0.969542
vt 0.532498 0.969542
vt 0.532498 0.969542
vt 0.532498 0.969542
vt 0.532498 0.969542
vt 0.532498 0.969542
vt 0.532498 0.969542
vt 0.532498 0.969542
vt 0.532498 0.969542
vt 0.532498 0.969542
vt 0.532498 0.969542
vt 0.532498 0.969542
vt 0.532498 0.969542
vt 0.532498 0.969542
vt 0.532498 0.969542
vt 0.532498 0.969542
vt 0.532498 0.969542
vt 0.532498 0.969542
vt 0.532498 0.969542
vt 0.532498 0.969542
vt 0.532498 0.969542
vt 0.532498 0.969542
vt 0.532498 0.969542
vt 0.532498 0.969542
vt 0.532498 0.969542
vt 0.532498 0.969542
vt 0.719378 0.782551
vt 0.719378 0.782551
vt 0.719378 0.782551
vt 0.719378 0.782551
vt 0.719378 0.782551
vt 0.719378 0.782551
vt 0.719378 0.782551
vt 0.719378 0.782551
vt 0.719378 0.782551
vt 0.719378 0.782551
vt 0.719378 0.782551
vt 0.719378 0.782551
vt 0.719378 0.782551
vt 0.719378 0.782551
vt 0.719378 0.782551
vt 0.719378 0.782551
vt 0.719378 0.782551
vt 0.719378 0.782551
vt 0.719378 0.782551
vt 0.719378 0.782551
vt 0.719378 0.782551
vt 0.719378 0.782551
vt 0.719378 0.782551
vt 0.719378 0.782551
vt 0.719378 0.782551
vt 0.719378 0.782551
vt 0.719378 0.782551
vt 0.719378 0.782551
vt 0.719378 0.782551
vt 0.719378 0.782551
vt 0.719378 0.782551
vt 0.719378 0.782551
vt 0.719378 0.782551
vt 0.719378 0.782551
vt 0.719378 0.782551
vt 0.719378 0.782551
vt 0.719378 0.782551
vt 0.719378 0.782551
vt 0.719378 0.782551
vt 0.719378 0.782551
vt 0.719378 0.782551
vt 0.719378 0.782551
vt 0.719378 0.782551
vt 0.719378 0.782551
vt 0.719378 0.782551
vt 0.719378 0.782551
vt 0.719378 0.782551
vt 0.719378 0.782551
vt 0.719378 0.782551
vt 0.719378 0.782551
vt 0.719378 0.782551
vt 0.719378 0.782551
vt 0.719378 0.782551
vt 0.719378 0.782551
vt 0.719378 0.782551
vt 0.719378 0.782551
vt 0.719378 0.782551
vt 0.719378 0.782551
vt 0.719378 0.782551
vt 0.719378 0.782551
vt 0.719378 0.782551
vt 0.719378 0.782551
vt 0.719378 0.782551
vt 0.719378 0.782551
vt 0.719378 0.782551
vt 0.719378 0.782551
vt 0.719378 0.782551
vt 0.719378 0.782551
vt 0.719378 0.782551
vt 0.719378 0.782551
vt 0.719378 0.782551
vt 0.719378 0.782551
vt 0.719378 0.782551
vt 0.719378 0.782551
vt 0.719378 0.782551
vt 0.719378 0.782551
vt 0.719378 0.782551
vt 0.719378 0.782551
vt 0.719378 0.782551
vt 0.719378 0.782551
vt 0.719378 0.782551
vt 0.719378 0.782551
vt 0.719378 0.782551
vt 0.719378 0.782551
vt 0.719378 0.782551
vt 0.719378 0.782551
vt 0.719378 0.782551
vt 0.719378 0.782551
vt 0.719378 0.782551
vt 0.719378 0.782551
vt 0.719378 0.782551
vt 0.719378 0.782551
vt 0.719378 0.782551
vt 0.719378 0.782551
vt 0.719378 0.782551
vt 0.719378 0.782551
vt 0.719378 0.782551
vt 0.719378 0.782551
vt 0.719378 0.782551
vt 0.719378 0.782551
vt 0.719378 0.782551
vt 0.719378 0.782551
vt 0.719378 0.782551
vt 0.719378 0.782551
vt 0.719378 0.782551
vt 0.719378 0.782551
vt 0.719378 0.782551
vt 0.719378 0.782551
vt 0.719378 0.782551
vt 0.719378 0.782551
vt 0.719378 0.782551
vt 0.719378 0.782551
vt 0.719378 0.782551
vt 0.719378 0.782551
vt 0.719378 0.782551
vt 0.719378 0.782551
vt 0.719378 0.782551
vt 0.719378 0.782551
vt 0.719378 0.782551
vt 0.719378 0.782551
vt 0.719378 0.782551
vt 0.719378 0.782551
vt 0.719378 0.782551
vt 0.719378 0.782551
vt 0.719378 0.782551
vt 0.719378 0.782551
vt 0.719378 0.782551
vt 0.719378 0.782551
vt 0.719378 0.782551
vt 0.719378 0.782551
vt 0.719378 0.782551
vt 0.719378 0.782551
vt 0.719378 0.782551
vt 0.719378 0.782551
vt 0.719378 0.782551
vt 0.719378 0.782551
vt 0.719378 0.782551
vt 0.719378 0.782551
vt 0.719378 0.782551
vt 0.719378 0.782551
vt 0.719378 0.782551
vt 0.719378 0.782551
vt 0.719378 0.782551
vt 0.719378 0.782551
vt 0.033159 0.969730
vt 0.033159 0.969730
vt 0.033159 0.969730
vt 0.033159 0.969730
vt 0.033159 0.969730
vt 0.033159 0.969730
vt 0.033159 0.969730
vt 0.033159 0.969730
vt 0.218994 0.968018
vt 0.218994 0.968018
vt 0.218994 0.968018
vt 0.218994 0.968018
vt 0.218994 0.968018
vt 0.218994 0.968018
vt 0.033159 0.969730
vt 0.033159 0.969730
vt 0.033159 0.969730
vt 0.033159 0.969730
vt 0.033159 0.969730
vt 0.033159 0.969730
vt 0.033159 0.969730
vt 0.033159 0.969730
vt 0.033159 0.969730
vt 0.033159 0.969730
vt 0.218994 0.968018
vt 0.218994 0.968018
vt 0.218994 0.968018
vt 0.033159 0.969730
vt 0.033159 0.969730
vt 0.033159 0.969730
vt 0.033159 0.969730
vt 0.033159 0.969730
vt 0.033159 0.969730
vt 0.033159 0.969730
vt 0.218994 0.968018
vt 0.218994 0.968018
vt 0.218994 0.968018
vt 0.033159 0.969730
vt 0.033159 0.969730
vt 0.033159 0.969730
vt 0.033159 0.969730
vt 0.033159 0.969730
vt 0.033159 0.969730
vt 0.033159 0.969730
vt 0.218994 0.968018
vt 0.218994 0.968018
vt 0.218994 0.968018
vt 0.033159 0.969730
vt 0.033159 0.969730
vt 0.033159 0.969730
vt 0.033159 0.969730
vt 0.033159 0.969730
vt 0.033159 0.969730
vt 0.033159 0.969730
vt 0.218994 0.968018
vt 0.218994 0.968018
vt 0.218994 0.968018
vt 0.033159 0.969730
vt 0.033159 0.969730
vt 0.033159 0.969730
vt 0.033159 0.969730
vt 0.033159 0.969730
vt 0.033159 0.969730
vt 0.033159 0.969730
vt 0.218994 0.968018
vt 0.218994 0.968018
vt 0.218994 0.968018
vt 0.033159 0.969730
vt 0.033159 0.969730
vt 0.033159 0.969730
vt 0.033159 0.969730
vt 0.033159 0.969730
vt 0.033159 0.969730
vt 0.033159 0.969730
vt 0.218994 0.968018
vt 0.218994 0.968018
vt 0.218994 0.968018
vt 0.033159 0.969730
vt 0.033159 0.969730
vt 0.033159 0.969730
vt 0.033159 0.969730
vt 0.033159 0.969730
vt 0.033159 0.969730
vt 0.033159 0.969730
vt 0.218994 0.968018
vt 0.218994 0.968018
vt 0.218994 0.968018
vt 0.033159 0.969730
vt 0.033159 0.969730
vt 0.033159 0.969730
vt 0.033158 0.969730
vt 0.033158 0.969730
vt 0.033158 0.969730
vt 0.033158 0.969730
vt 0.218994 0.968018
vt 0.218994 0.968018
vt 0.218994 0.968018
vt 0.033158 0.969730
vt 0.033158 0.969730
vt 0.033158 0.969730
vt 0.033158 0.969730
vt 0.033158 0.969730
vt 0.033158 0.969730
vt 0.033158 0.969730
vt 0.218994 0.968018
vt 0.218994 0.968018
vt 0.218994 0.968018
vt 0.033158 0.969730
vt 0.033158 0.969730
vt 0.033158 0.969730
vt 0.033158 0.969730
vt 0.033158 0.969730
vt 0.033158 0.969730
vt 0.033158 0.969730
vt 0.218994 0.968018
vt 0.218994 0.968018
vt 0.218994 0.968018
vt 0.033158 0.969730
vt 0.033158 0.969730
vt 0.033158 0.969730
vt 0.033158 0.969730
vt 0.033158 0.969730
vt 0.033158 0.969730
vt 0.033158 0.969730
vt 0.218994 0.968018
vt 0.218994 0.968018
vt 0.218994 0.968018
vt 0.033158 0.969730
vt 0.033158 0.969730
vt 0.033158 0.969730
vt 0.033158 0.969730
vt 0.033158 0.969730
vt 0.033158 0.969730
vt 0.033158 0.969730
vt 0.218994 0.968018
vt 0.218994 0.968018
vt 0.218994 0.968018
vt 0.033158 0.969730
vt 0.033158 0.969730
vt 0.033158 0.969730
vt 0.033159 0.969730
vt 0.033159 0.969730
vt 0.033159 0.969730
vt 0.033159 0.969730
vt 0.218994 0.968018
vt 0.218994 0.968018
vt 0.218994 0.968018
vt 0.033159 0.969730
vt 0.033159 0.969730
vt 0.033159 0.969730
vt 0.033159 0.969730
vt 0.033159 0.969730
vt 0.033159 0.969730
vt 0.033159 0.969730
vt 0.218994 0.968018
vt 0.218994 0.968018
vt 0.218994 0.968018
vt 0.033159 0.969730
vt 0.033159 0.969730
vt 0.033159 0.969730
vt 0.218994 0.968018
vt 0.218994 0.968018
vt 0.218994 0.968018
vt 0.218994 0.968018
vt 0.218994 0.968018
vt 0.218994 0.968018
vt 0.218994 0.968018
vt 0.218994 0.968018
vt 0.218994 0.968018
vt 0.218994 0.968018
vt 0.218994 0.968018
vt 0.218994 0.968018
vt 0.218994 0.968018
vt 0.218994 0.968018
vt 0.218994 0.968018
vt 0.218994 0.968018
vt 0.218994 0.968018
vt 0.218994 0.968018
vt 0.218994 0.968018
vt 0.218994 0.968018
vt 0.218994 0.968018
vt 0.218994 0.968018
vt 0.218994 0.968018
vt 0.218994 0.968018
vt 0.218994 0.968018
vt 0.218994 0.968018
vt 0.218994 0.968018
vt 0.218994 0.968018
vt 0.218994 0.968018
vt 0.218994 0.968018
vt 0.218994 0.968018
vt 0.218994 0.968018
vt 0.218994 0.968018
vt 0.218994 0.968018
vt 0.218994 0.968018
vt 0.218994 0.968018
vt 0.218994 0.968018
vt 0.218994 0.968018
vt 0.218994 0.968018
vt 0.218994 0.968018
vt 0.218994 0.968018
vt 0.218994 0.968018
vt 0.218994 0.968018
vt 0.218994 0.968018
vt 0.218994 0.968018
vt 0.218994 0.968018
vt 0.656628 0.968340
vt 0.656628 0.968340
vt 0.656628 0.968340
vt 0.656628 0.968340
vt 0.656628 0.968340
vt 0.656628 0.968340
vt 0.656628 0.968340
vt 0.656628 0.968340
vt 0.656628 0.968340
vt 0.656628 0.968340
vt 0.218994 0.968018
vt 0.218994 0.968018
vt 0.218994 0.968018
vt 0.218994 0.968018
vt 0.218994 0.968018
vt 0.218994 0.968018
vt 0.218994 0.968018
vt 0.218994 0.968018
vt 0.218994 0.968018
vt 0.218994 0.968018
vt 0.218994 0.968018
vt 0.218994 0.968018
vt 0.218994 0.968018
vt 0.218994 0.968018
vt 0.218994 0.968018
vt 0.218994 0.968018
vt 0.218994 0.968018
vt 0.218994 0.968018
vt 0.218994 0.968018
vt 0.218994 0.968018
vt 0.218994 0.968018
vt 0.218994 0.968018
vt 0.218994 0.968018
vt 0.218994 0.968018
vt 0.218994 0.968018
vt 0.218994 0.968018
vt 0.218994 0.968018
vt 0.218994 0.968018
vt 0.218994 0.968018
vt 0.218994 0.968018
vt 0.218994 0.968018
vt 0.218994 0.968018
vt 0.218994 0.968018
vt 0.218994 0.968018
vt 0.218994 0.968018
vt 0.218994 0.968018
vt 0.218994 0.968018
vt 0.218994 0.968018
vt 0.218994 0.968018
vt 0.218994 0.968018
vt 0.218994 0.968018
vt 0.218994 0.968018
vt 0.218994 0.968018
vt 0.218994 0.968018
vt 0.218994 0.968018
vt 0.656628 0.968340
vt 0.656628 0.968340
vt 0.656628 0.968340
vt 0.656628 0.968340
vt 0.656628 0.968340
vt 0.656628 0.968340
vt 0.656628 0.968340
vt 0.656628 0.968340
vt 0.218994 0.968018
vt 0.218994 0.968018
vt 0.218994 0.968018
vt 0.071109 0.062452
vt 0.071109 0.062452
vt 0.071109 0.062452
vt 0.071109 0.062452
vt 0.071109 0.062452
vt 0.071109 0.062452
vt 0.071109 0.062452
vt 0.071109 0.062452
vt 0.071109 0.062452
vt 0.071109 0.062452
vt 0.071109 0.062452
vt 0.071109 0.062452
vt 0.071109 0.062452
vt 0.071109 0.062452
vt 0.071109 0.062452
vt 0.071109 0.062452
vt 0.071109 0.062452
vt 0.071109 0.062452
vt 0.071109 0.062452
vt 0.071109 0.062452
vt 0.071109 0.062452
vt 0.071109 0.062452
vt 0.071109 0.062452
vt 0.071109 0.062452
vt 0.071109 0.062452
vt 0.071109 0.062452
vt 0.071109 0.062452
vt 0.071109 0.062452
vt 0.071109 0.062452
vt 0.071109 0.062452
vn -0.5000 -0.8660 0.0000
vn 0.5000 -0.8660 0.0000
vn 1.0000 0.0000 0.0000
vn 0.5000 0.8660 0.0000
vn 0.0000 0.0000 -1.0000
vn -0.5000 0.8660 0.0000
vn -1.0000 0.0000 0.0000
vn 0.0000 0.0000 1.0000
vn 0.6979 0.7162 0.0000
vn 0.0000 -1.0000 0.0000
vn 0.0000 1.0000 0.0000
vn 0.0000 -0.6135 -0.7897
vn 0.7925 -0.6095 0.0207
vn 0.7694 -0.6388 0.0000
vn -0.7681 0.6403 0.0000
vn -0.6979 -0.7162 -0.0000
vn 0.4687 -0.4394 -0.7664
vn -0.4257 -0.9049 -0.0000
vn 0.9796 -0.1995 0.0256
vn 0.7296 -0.6839 -0.0000
vn 0.7497 -0.6618 0.0001
vn -0.6146 -0.4304 -0.6611
vn 0.8810 -0.4731 0.0000
vn 0.0000 -0.6809 -0.7324
vn 0.5568 0.5568 -0.6164
vn -0.5773 0.5773 -0.5774
vn -0.5773 -0.5774 -0.5773
vn -0.7071 0.7071 0.0000
vn -0.7071 0.0000 -0.7071
vn 0.7071 0.7071 0.0000
vn 0.6696 -0.0001 -0.7428
vn 0.0000 -0.7071 -0.7071
vn -0.0000 0.7071 -0.7071
vn -0.7071 -0.7071 -0.0000
vn 0.6483 -0.2650 -0.7138
vn 0.5436 -0.5092 -0.6672
vn 0.6010 -0.3739 -0.7064
vn 0.5835 -0.4853 -0.6511
vn -0.4935 -0.5065 -0.7071
vn -0.8413 0.5406 0.0000
vn -1.0000 0.0002 0.0000
vn -0.7301 0.6834 0.0000
vn 0.0000 -0.6135 0.7897
vn 0.7925 -0.6095 -0.0207
vn 0.4687 -0.4394 0.7664
vn 0.9796 -0.1995 -0.0256
vn 0.7497 -0.6618 -0.0001
vn -0.6146 -0.4304 0.6611
vn 0.0000 -0.6809 0.7324
vn 0.5568 0.5568 0.6164
vn -0.5774 0.5773 0.5773
vn -0.5773 -0.5774 0.5773
vn -0.7071 0.0000 0.7071
vn 0.6696 -0.0001 0.7428
vn 0.0000 -0.7071 0.7071
vn 0.0000 0.7071 0.7071
vn 0.6483 -0.2650 0.7138
vn 0.5436 -0.5092 0.6672
vn 0.6010 -0.3739 0.7064
vn 0.5835 -0.4853 0.6511
vn -0.4934 -0.5065 0.7071
vn -0.8814 0.4724 0.0000
vn 0.7071 0.0000 -0.7071
vn 0.0000 0.3667 0.9304
vn -0.0000 0.7885 0.6150
vn -0.0000 -0.6018 0.7986
vn -1.0000 0.0040 0.0000
vn -0.4524 -0.6773 -0.5802
vn -0.7085 -0.7057 0.0000
vn 0.7071 0.0000 0.7071
vn 0.0000 0.3667 -0.9304
vn -0.0000 0.7885 -0.6150
vn -0.0000 -0.6018 -0.7986
vn -0.4524 -0.6773 0.5802
vn 0.0000 -0.3924 -0.9198
vn 0.0000 0.3924 0.9198
vn 0.0011 -0.9098 -0.4151
vn 0.0026 0.8011 -0.5986
vn 0.0000 0.9098 0.4152
vn 0.0000 0.9357 0.3529
vn 0.0000 -0.8011 0.5986
vn 0.0000 -0.8579 0.5138
vn -0.0000 -0.3924 0.9198
vn 0.0000 0.3924 -0.9198
vn 0.0011 -0.9098 0.4152
vn 0.0026 0.8011 0.5986
vn 0.0000 0.9098 -0.4152
vn 0.0000 0.9357 -0.3529
vn 0.0000 -0.8011 -0.5986
vn 0.0000 -0.8579 -0.5138
vn 0.1758 -0.0815 0.9810
vn 0.0131 -0.9548 0.2970
vn -0.3296 0.0098 -0.9441
vn 0.9042 0.4075 -0.1282
vn 0.5587 -0.6727 -0.4852
vn -0.5517 0.7625 -0.3379
vn -0.7394 0.6711 -0.0541
vn 0.4081 -0.7878 -0.4613
vn 0.8583 0.4155 -0.3012
vn -0.8724 0.1235 0.4730
vn -0.8993 -0.3411 -0.2738
vn -0.9021 -0.3371 -0.2693
vn -0.8621 -0.4098 0.2982
vn -0.8583 -0.4155 0.3012
vn -0.8578 -0.4179 0.2992
vn -0.8979 -0.3480 -0.2694
vn -0.8711 -0.3871 0.3023
vn -0.9072 -0.3155 -0.2784
vn -0.4205 -0.0510 -0.9058
vn -0.1371 -0.9043 -0.4043
vn -0.4316 -0.3074 0.8481
vn -0.9570 0.2135 -0.1966
vn 0.1758 -0.0815 -0.9810
vn 0.0131 -0.9548 -0.2970
vn -0.3296 0.0098 0.9441
vn 0.9042 0.4075 0.1282
vn 0.5587 -0.6727 0.4852
vn -0.5517 0.7625 0.3379
vn -0.7394 0.6711 0.0541
vn 0.4081 -0.7878 0.4613
vn 0.8583 0.4155 0.3012
vn -0.8724 0.1235 -0.4730
vn -0.8993 -0.3411 0.2738
vn -0.9021 -0.3371 0.2693
vn -0.8621 -0.4098 -0.2982
vn -0.8583 -0.4155 -0.3012
vn -0.8578 -0.4179 -0.2992
vn -0.8979 -0.3480 0.2695
vn -0.8711 -0.3871 -0.3023
vn -0.9072 -0.3155 0.2784
vn -0.4205 -0.0510 0.9058
vn -0.1371 -0.9043 0.4043
vn -0.4316 -0.3074 -0.8481
vn -0.9570 0.2135 0.1966
vn 0.6064 0.0000 -0.7951
vn -0.6952 0.0000 -0.7189
vn -0.1263 -0.9834 -0.1306
vn -0.1147 0.9863 -0.1186
vn -0.6064 -0.0000 0.7951
vn 0.6064 0.0000 0.7951
vn -0.6952 -0.0000 0.7189
vn -0.1263 -0.9834 0.1306
vn -0.1147 0.9863 0.1186
vn -0.6064 0.0000 -0.7951
vn -0.0022 0.0189 0.9998
vn -0.9575 -0.2883 0.0000
vn -0.0022 0.0189 -0.9998
vn 0.9470 0.3211 0.0000
vn -0.2981 0.9545 0.0000
vn 0.9461 0.3239 0.0000
vn -0.0003 0.0233 -0.9997
vn -0.9585 -0.2853 0.0000
vn -0.0003 0.0233 0.9997
vn 0.7761 0.6306 0.0000
vn -0.0133 0.4339 -0.9009
vn -0.9869 0.1612 0.0000
vn -0.0133 0.4340 0.9008
vn -0.5145 0.8566 0.0397
vn -0.8995 -0.4366 0.0145
vn 0.8536 0.5195 0.0392
vn 0.8986 0.4387 0.0083
vn 0.3333 -0.5878 0.7372
vn -0.3847 0.6822 -0.6218
vn 0.1944 -0.3155 0.9288
vn 0.5181 -0.8551 -0.0189
vn -0.8925 -0.4511 -0.0037
vn 0.9038 0.4279 0.0077
vn -0.4022 0.8113 -0.4243
vn -0.8840 -0.4674 -0.0066
vn 0.1947 -0.3153 0.9288
vn 0.6952 0.0000 -0.7189
vn 0.1262 -0.9834 -0.1305
vn 0.1147 0.9863 -0.1186
vn 0.6952 0.0000 0.7189
vn 0.1262 -0.9834 0.1306
vn 0.1147 0.9863 0.1186
vn -0.8660 0.0000 -0.5000
vn 0.8661 0.0000 -0.5000
vn 0.8660 -0.0000 0.5000
vn -0.8660 -0.0000 0.5000
vn 0.8660 0.0000 -0.5000
vn -0.9231 -0.3846 0.0000
vn 0.9231 0.3846 0.0000
vn 0.3847 -0.9231 0.0000
vn 0.2150 0.9766 0.0000
vn 0.3847 -0.9230 0.0000
vn -1.0000 0.0039 0.0000
vn -0.0000 -0.6018 0.7987
vn -0.3983 -0.7158 -0.5735
vn -0.4018 0.5501 -0.7321
vn -0.7057 0.7085 0.0000
vn -0.3983 -0.7158 0.5735
vn -0.4018 0.5501 0.7321
vn 0.0000 0.2341 -0.9722
vn 0.0000 0.2341 0.9722
vn -0.9477 0.2539 0.1935
vn -0.9477 0.2539 -0.1935
vn -0.9811 0.0000 -0.1935
vn -0.9811 0.0000 0.1935
vn -0.8497 -0.4906 0.1935
vn -0.8497 -0.4906 -0.1935
vn -0.6937 -0.6937 -0.1935
vn -0.6937 -0.6937 0.1935
vn -0.4905 -0.8497 -0.1935
vn -0.4905 -0.8497 0.1935
vn -0.2539 -0.9477 -0.1935
vn -0.2539 -0.9477 0.1935
vn -0.0000 -0.9811 -0.1935
vn -0.0000 -0.9811 0.1935
vn 0.2539 -0.9477 -0.1935
vn 0.2539 -0.9477 0.1935
vn 0.4905 -0.8497 -0.1935
vn 0.4905 -0.8497 0.1935
vn 0.6937 -0.6937 -0.1935
vn 0.6937 -0.6937 0.1935
vn 0.8497 -0.4905 -0.1935
vn 0.8497 -0.4905 0.1935
vn 0.9477 -0.2539 -0.1935
vn 0.9477 -0.2539 0.1935
vn 0.9811 0.0000 -0.1935
vn 0.9811 0.0000 0.1935
vn 0.9477 0.2539 -0.1935
vn 0.9477 0.2539 0.1935
vn 0.8497 0.4905 -0.1935
vn 0.8497 0.4905 0.1935
vn 0.6937 0.6937 -0.1935
vn 0.6937 0.6937 0.1935
vn 0.4906 0.8497 -0.1935
vn 0.4906 0.8497 0.1935
vn 0.2539 0.9477 -0.1935
vn 0.2539 0.9477 0.1935
vn -0.0000 0.9811 -0.1935
vn -0.0000 0.9811 0.1935
vn -0.2539 0.9477 -0.1935
vn -0.2539 0.9477 0.1935
vn -0.4906 0.8497 -0.1935
vn -0.4906 0.8497 0.1935
vn -0.6937 0.6937 -0.1935
vn -0.6937 0.6937 0.1935
vn -0.8497 0.4906 -0.1935
vn -0.8497 0.4906 0.1935
vn -0.9477 -0.2539 0.1935
vn -0.9477 -0.2539 -0.1935
vn -0.3430 0.5941 -0.7276
vn -0.1775 0.6626 -0.7276
vn -0.0024 0.0090 -1.0000
vn -0.0046 0.0080 -1.0000
vn -0.6957 -0.1864 0.6937
vn -0.7203 0.0000 0.6937
vn -0.2019 -0.0541 0.9779
vn -0.2090 -0.0000 0.9779
vn -0.7203 0.0000 -0.6937
vn -0.6957 -0.1864 -0.6937
vn -0.2090 0.0000 -0.9779
vn -0.2019 -0.0541 -0.9779
vn -0.6238 -0.3601 0.6937
vn -0.1810 -0.1045 0.9779
vn -0.6238 -0.3601 -0.6937
vn -0.1810 -0.1045 -0.9779
vn -0.5093 -0.5093 0.6937
vn -0.1478 -0.1478 0.9779
vn -0.5093 -0.5093 -0.6937
vn -0.1478 -0.1478 -0.9779
vn -0.3601 -0.6238 0.6937
vn -0.1045 -0.1810 0.9779
vn -0.3601 -0.6238 -0.6937
vn -0.1045 -0.1810 -0.9779
vn -0.1864 -0.6957 0.6937
vn -0.0541 -0.2019 0.9779
vn -0.1864 -0.6957 -0.6937
vn -0.0541 -0.2019 -0.9779
vn -0.0000 -0.7203 0.6937
vn -0.0000 -0.2090 0.9779
vn -0.0000 -0.7203 -0.6937
vn -0.0000 -0.2090 -0.9779
vn 0.1864 -0.6957 0.6937
vn 0.0541 -0.2019 0.9779
vn 0.1864 -0.6957 -0.6937
vn 0.0541 -0.2019 -0.9779
vn 0.3601 -0.6238 0.6937
vn 0.1045 -0.1810 0.9779
vn 0.3601 -0.6238 -0.6937
vn 0.1045 -0.1810 -0.9779
vn 0.5093 -0.5093 0.6937
vn 0.1478 -0.1478 0.9779
vn 0.5093 -0.5093 -0.6937
vn 0.1478 -0.1478 -0.9779
vn 0.6238 -0.3601 0.6937
vn 0.1810 -0.1045 0.9779
vn 0.6238 -0.3601 -0.6937
vn 0.1810 -0.1045 -0.9779
vn 0.6957 -0.1864 0.6937
vn 0.2019 -0.0541 0.9779
vn 0.6957 -0.1864 -0.6937
vn 0.2019 -0.0541 -0.9779
vn 0.7203 0.0000 0.6937
vn 0.2090 -0.0000 0.9779
vn 0.7203 0.0000 -0.6937
vn 0.2090 0.0000 -0.9779
vn 0.6957 0.1864 0.6937
vn 0.2019 0.0541 0.9779
vn 0.6957 0.1864 -0.6937
vn 0.2019 0.0541 -0.9779
vn 0.6238 0.3601 0.6937
vn 0.1810 0.1045 0.9779
vn 0.6238 0.3601 -0.6937
vn 0.1810 0.1045 -0.9779
vn 0.5093 0.5093 0.6937
vn 0.1478 0.1478 0.9779
vn 0.5093 0.5093 -0.6937
vn 0.1478 0.1478 -0.9779
vn 0.3601 0.6238 0.6937
vn 0.1045 0.1810 0.9779
vn 0.3601 0.6238 -0.6937
vn 0.1045 0.1810 -0.9779
vn 0.1864 0.6957 0.6937
vn 0.0541 0.2019 0.9779
vn 0.1864 0.6957 -0.6937
vn 0.0541 0.2019 -0.9779
vn -0.0000 0.7203 0.6937
vn -0.0000 0.2090 0.9779
vn -0.0000 0.7203 -0.6937
vn -0.0000 0.2090 -0.9779
vn -0.1864 0.6957 0.6937
vn -0.0541 0.2019 0.9779
vn -0.1864 0.6957 -0.6937
vn -0.0541 0.2019 -0.9779
vn -0.3601 0.6238 0.6937
vn -0.1045 0.1810 0.9779
vn -0.3601 0.6238 -0.6937
vn -0.1045 0.1810 -0.9779
vn -0.5093 0.5093 0.6937
vn -0.1478 0.1478 0.9779
vn -0.5093 0.5093 -0.6937
vn -0.1478 0.1478 -0.9779
vn -0.6238 0.3601 0.6937
vn -0.1810 0.1045 0.9779
vn -0.6238 0.3601 -0.6937
vn -0.1810 0.1045 -0.9779
vn -0.6957 0.1864 0.6937
vn -0.2019 0.0541 0.9779
vn -0.6957 0.1864 -0.6937
vn -0.2019 0.0541 -0.9779
vn -0.6860 -0.0000 -0.7276
vn -0.6626 0.1775 -0.7276
vn -0.0090 0.0024 -1.0000
vn -0.0093 0.0000 -1.0000
vn 0.6626 -0.1775 -0.7276
vn 0.5941 -0.3430 -0.7276
vn 0.0080 -0.0047 -1.0000
vn 0.0090 -0.0024 -1.0000
vn -0.3430 -0.5941 -0.7276
vn -0.4851 -0.4851 -0.7276
vn -0.0066 -0.0066 -1.0000
vn -0.0047 -0.0080 -1.0000
vn -0.4851 0.4851 -0.7276
vn -0.0066 0.0066 -1.0000
vn 0.6860 -0.0000 -0.7276
vn 0.0093 0.0000 -1.0000
vn -0.1775 -0.6626 -0.7276
vn -0.0024 -0.0090 -1.0000
vn -0.5941 0.3430 -0.7276
vn -0.0080 0.0046 -1.0000
vn 0.5941 0.3430 -0.7276
vn 0.6626 0.1776 -0.7276
vn 0.0090 0.0024 -1.0000
vn 0.0080 0.0046 -1.0000
vn 0.4851 0.4851 -0.7276
vn 0.0066 0.0066 -1.0000
vn 0.0000 -0.6860 -0.7276
vn 0.0000 -0.0093 -1.0000
vn -0.2025 0.1169 -0.9723
vn -0.2258 0.0605 -0.9723
vn 0.3430 0.5941 -0.7276
vn 0.0046 0.0080 -1.0000
vn 0.1775 -0.6626 -0.7276
vn 0.0024 -0.0090 -1.0000
vn 0.1775 0.6626 -0.7276
vn 0.0024 0.0090 -1.0000
vn 0.3430 -0.5941 -0.7276
vn 0.0047 -0.0080 -1.0000
vn -0.6626 -0.1775 -0.7276
vn -0.0090 -0.0024 -1.0000
vn 0.0000 0.6860 -0.7276
vn -0.0000 0.0093 -1.0000
vn 0.4851 -0.4851 -0.7276
vn 0.0066 -0.0066 -1.0000
vn -0.5941 -0.3430 -0.7276
vn -0.0080 -0.0046 -1.0000
vn -0.7326 0.4229 -0.5333
vn -0.8171 0.2189 -0.5333
vn 0.1653 0.1653 -0.9723
vn 0.1169 0.2025 -0.9723
vn -0.0000 -0.2338 -0.9723
vn 0.0605 -0.2258 -0.9723
vn -0.2338 -0.0000 -0.9723
vn 0.0605 0.2258 -0.9723
vn 0.1169 -0.2025 -0.9723
vn -0.2258 -0.0605 -0.9723
vn 0.0000 0.2338 -0.9723
vn 0.1653 -0.1653 -0.9723
vn -0.2025 -0.1169 -0.9723
vn -0.0605 0.2258 -0.9723
vn 0.2025 -0.1169 -0.9723
vn -0.1653 -0.1653 -0.9723
vn -0.1169 0.2025 -0.9723
vn 0.2258 -0.0605 -0.9723
vn 0.2338 -0.0000 -0.9723
vn 0.2258 0.0605 -0.9723
vn -0.1169 -0.2025 -0.9723
vn -0.1653 0.1653 -0.9723
vn 0.2025 0.1169 -0.9723
vn -0.0605 -0.2258 -0.9723
vn -0.8459 0.0000 -0.5334
vn 0.5981 0.5981 -0.5334
vn 0.4229 0.7326 -0.5334
vn 0.4229 -0.7326 -0.5334
vn 0.5981 -0.5981 -0.5334
vn -0.5252 0.1407 -0.8393
vn -0.4709 0.2719 -0.8392
vn -0.5265 0.3040 -0.7940
vn -0.5872 0.1574 -0.7940
vn 0.2189 0.8171 -0.5334
vn 0.7326 -0.4229 -0.5334
vn -0.8171 -0.2189 -0.5334
vn -0.7326 -0.4229 -0.5334
vn -0.5981 -0.5981 -0.5334
vn -0.0000 0.8459 -0.5334
vn 0.8171 -0.2189 -0.5334
vn -0.4229 -0.7326 -0.5334
vn -0.2189 0.8171 -0.5334
vn 0.8459 0.0000 -0.5334
vn -0.2189 -0.8171 -0.5334
vn -0.4229 0.7326 -0.5334
vn 0.8171 0.2189 -0.5334
vn -0.0000 -0.8459 -0.5334
vn -0.5981 0.5981 -0.5333
vn 0.7326 0.4229 -0.5334
vn 0.2189 -0.8171 -0.5334
vn -0.1685 0.0000 -0.9857
vn -0.1628 -0.0436 -0.9857
vn -0.5422 -0.1453 -0.8276
vn -0.5613 0.0000 -0.8276
vn -0.1460 -0.0843 -0.9857
vn -0.4861 -0.2806 -0.8276
vn -0.1192 -0.1192 -0.9857
vn -0.3969 -0.3969 -0.8276
vn -0.0843 -0.1460 -0.9857
vn -0.2806 -0.4861 -0.8276
vn -0.0436 -0.1628 -0.9857
vn -0.1453 -0.5422 -0.8276
vn -0.0000 -0.1686 -0.9857
vn -0.0000 -0.5613 -0.8276
vn 0.0436 -0.1628 -0.9857
vn 0.1453 -0.5422 -0.8276
vn 0.0843 -0.1460 -0.9857
vn 0.2806 -0.4861 -0.8276
vn 0.1192 -0.1192 -0.9857
vn 0.3969 -0.3969 -0.8276
vn 0.1460 -0.0843 -0.9857
vn 0.4861 -0.2806 -0.8276
vn 0.1628 -0.0436 -0.9857
vn 0.5422 -0.1453 -0.8276
vn 0.1686 0.0000 -0.9857
vn 0.5613 0.0000 -0.8276
vn 0.1628 0.0436 -0.9857
vn 0.5422 0.1453 -0.8276
vn 0.1460 0.0843 -0.9857
vn 0.4861 0.2807 -0.8276
vn 0.1192 0.1192 -0.9857
vn 0.3969 0.3969 -0.8276
vn 0.0843 0.1460 -0.9857
vn 0.2806 0.4861 -0.8276
vn 0.0436 0.1628 -0.9857
vn 0.1453 0.5422 -0.8276
vn -0.0000 0.1686 -0.9857
vn -0.0000 0.5613 -0.8276
vn -0.0436 0.1628 -0.9857
vn -0.1453 0.5422 -0.8276
vn -0.0843 0.1460 -0.9857
vn -0.2806 0.4861 -0.8276
vn -0.1192 0.1192 -0.9857
vn -0.3969 0.3969 -0.8276
vn -0.1460 0.0843 -0.9857
vn -0.4861 0.2807 -0.8276
vn -0.1628 0.0436 -0.9857
vn -0.5422 0.1453 -0.8276
vn 0.5437 -0.0000 -0.8392
vn 0.5252 0.1407 -0.8392
vn 0.4709 0.2719 -0.8392
vn 0.3845 0.3845 -0.8392
vn 0.2719 0.4709 -0.8392
vn 0.1407 0.5252 -0.8392
vn -0.0000 0.5438 -0.8392
vn -0.1407 0.5252 -0.8392
vn -0.2719 0.4709 -0.8392
vn -0.3845 0.3845 -0.8393
vn -0.5438 -0.0000 -0.8392
vn -0.5252 -0.1407 -0.8393
vn -0.4709 -0.2719 -0.8392
vn -0.3845 -0.3845 -0.8393
vn -0.2719 -0.4709 -0.8392
vn -0.1407 -0.5252 -0.8392
vn 0.0000 -0.5437 -0.8393
vn 0.1407 -0.5252 -0.8392
vn 0.2719 -0.4709 -0.8393
vn 0.3845 -0.3845 -0.8392
vn 0.4709 -0.2719 -0.8392
vn 0.5252 -0.1407 -0.8392
vn 0.5872 0.1573 -0.7940
vn 0.6079 -0.0000 -0.7940
vn 0.5872 -0.1573 -0.7940
vn 0.5265 -0.3040 -0.7940
vn 0.4299 -0.4299 -0.7940
vn 0.3040 -0.5265 -0.7940
vn 0.1574 -0.5872 -0.7940
vn 0.0000 -0.6079 -0.7940
vn -0.1574 -0.5872 -0.7940
vn -0.3040 -0.5265 -0.7940
vn -0.4299 -0.4299 -0.7940
vn -0.5265 -0.3040 -0.7940
vn -0.5872 -0.1574 -0.7940
vn -0.6080 -0.0000 -0.7940
vn -0.4299 0.4299 -0.7940
vn -0.3040 0.5265 -0.7940
vn -0.1573 0.5872 -0.7940
vn 0.0000 0.6079 -0.7940
vn 0.1574 0.5872 -0.7940
vn 0.3040 0.5265 -0.7940
vn 0.4299 0.4299 -0.7940
vn 0.5265 0.3040 -0.7940
vn -0.3430 0.5941 0.7276
vn -0.0046 0.0080 1.0000
vn -0.0024 0.0090 1.0000
vn -0.1776 0.6627 0.7276
vn -0.6860 -0.0000 0.7276
vn -0.0093 0.0000 1.0000
vn -0.0090 0.0024 1.0000
vn -0.6627 0.1776 0.7276
vn 0.6627 -0.1776 0.7276
vn 0.0090 -0.0024 1.0000
vn 0.0080 -0.0046 1.0000
vn 0.5941 -0.3430 0.7276
vn -0.3430 -0.5941 0.7276
vn -0.0046 -0.0080 1.0000
vn -0.0066 -0.0066 1.0000
vn -0.4851 -0.4851 0.7276
vn -0.4851 0.4851 0.7276
vn -0.0066 0.0066 1.0000
vn 0.6860 -0.0000 0.7276
vn 0.0093 0.0000 1.0000
vn -0.1776 -0.6627 0.7276
vn -0.0024 -0.0090 1.0000
vn -0.5941 0.3430 0.7276
vn -0.0080 0.0046 1.0000
vn 0.5941 0.3430 0.7276
vn 0.0080 0.0046 1.0000
vn 0.0090 0.0024 1.0000
vn 0.6627 0.1776 0.7276
vn 0.4851 0.4851 0.7276
vn 0.0066 0.0066 1.0000
vn 0.0000 -0.6860 0.7276
vn -0.0000 -0.0093 1.0000
vn -0.2259 0.0605 0.9723
vn -0.2025 0.1169 0.9723
vn 0.3430 0.5941 0.7276
vn 0.0046 0.0080 1.0000
vn 0.1776 -0.6627 0.7276
vn 0.0024 -0.0090 1.0000
vn 0.1776 0.6627 0.7276
vn 0.0024 0.0090 1.0000
vn 0.3430 -0.5941 0.7276
vn 0.0046 -0.0080 1.0000
vn -0.6627 -0.1776 0.7276
vn -0.0090 -0.0024 1.0000
vn 0.0000 0.6860 0.7276
vn -0.0000 0.0093 1.0000
vn 0.4851 -0.4851 0.7276
vn 0.0066 -0.0066 1.0000
vn -0.5941 -0.3430 0.7276
vn -0.0080 -0.0046 1.0000
vn -0.8171 0.2189 0.5333
vn -0.7326 0.4229 0.5333
vn 0.1169 0.2025 0.9723
vn 0.1653 0.1653 0.9723
vn 0.0605 -0.2259 0.9723
vn -0.0000 -0.2338 0.9723
vn -0.2338 0.0000 0.9723
vn 0.0605 0.2259 0.9723
vn 0.1169 -0.2025 0.9723
vn -0.2259 -0.0605 0.9723
vn -0.0000 0.2338 0.9723
vn 0.1653 -0.1653 0.9723
vn -0.2025 -0.1169 0.9723
vn -0.0605 0.2259 0.9723
vn 0.2025 -0.1169 0.9723
vn -0.1654 -0.1654 0.9723
vn -0.1169 0.2025 0.9723
vn 0.2259 -0.0605 0.9723
vn 0.2259 0.0605 0.9723
vn 0.2338 -0.0000 0.9723
vn -0.1169 -0.2025 0.9723
vn -0.1654 0.1654 0.9723
vn 0.2025 0.1169 0.9723
vn -0.0605 -0.2259 0.9723
vn -0.8459 0.0000 0.5333
vn 0.4229 0.7326 0.5334
vn 0.5981 0.5981 0.5334
vn 0.5981 -0.5981 0.5334
vn 0.4229 -0.7326 0.5334
vn -0.5252 0.1407 0.8393
vn -0.5872 0.1574 0.7940
vn -0.5265 0.3040 0.7940
vn -0.4709 0.2719 0.8392
vn 0.2189 0.8171 0.5334
vn 0.7326 -0.4229 0.5334
vn -0.7326 -0.4229 0.5334
vn -0.8171 -0.2189 0.5334
vn -0.5981 -0.5981 0.5334
vn -0.0000 0.8459 0.5334
vn 0.8171 -0.2189 0.5334
vn -0.4229 -0.7326 0.5334
vn -0.2189 0.8171 0.5334
vn 0.8459 0.0000 0.5334
vn -0.2189 -0.8171 0.5334
vn -0.4229 0.7326 0.5334
vn 0.8171 0.2189 0.5334
vn -0.0000 -0.8459 0.5334
vn -0.5981 0.5981 0.5333
vn 0.7326 0.4229 0.5334
vn 0.2189 -0.8171 0.5334
vn -0.1685 0.0000 0.9857
vn -0.5613 0.0000 0.8276
vn -0.5422 -0.1453 0.8276
vn -0.1628 -0.0436 0.9857
vn -0.4861 -0.2806 0.8276
vn -0.1459 -0.0843 0.9857
vn -0.3969 -0.3969 0.8276
vn -0.1192 -0.1192 0.9857
vn -0.2806 -0.4861 0.8276
vn -0.0843 -0.1459 0.9857
vn -0.1453 -0.5421 0.8276
vn -0.0436 -0.1628 0.9857
vn -0.0000 -0.5613 0.8276
vn 0.0000 -0.1685 0.9857
vn 0.1453 -0.5421 0.8276
vn 0.0436 -0.1628 0.9857
vn 0.2806 -0.4861 0.8276
vn 0.0843 -0.1459 0.9857
vn 0.3969 -0.3969 0.8276
vn 0.1192 -0.1192 0.9857
vn 0.4861 -0.2806 0.8276
vn 0.1459 -0.0843 0.9857
vn 0.5421 -0.1453 0.8276
vn 0.1628 -0.0436 0.9857
vn 0.5613 0.0000 0.8276
vn 0.1685 0.0000 0.9857
vn 0.5421 0.1453 0.8276
vn 0.1628 0.0436 0.9857
vn 0.4861 0.2806 0.8276
vn 0.1459 0.0843 0.9857
vn 0.3969 0.3969 0.8276
vn 0.1192 0.1192 0.9857
vn 0.2806 0.4861 0.8276
vn 0.0843 0.1459 0.9857
vn 0.1453 0.5421 0.8276
vn 0.0436 0.1628 0.9857
vn -0.0000 0.5613 0.8276
vn -0.0000 0.1685 0.9857
vn -0.1453 0.5421 0.8276
vn -0.0436 0.1628 0.9857
vn -0.2806 0.4861 0.8276
vn -0.0843 0.1459 0.9857
vn -0.3969 0.3969 0.8276
vn -0.1192 0.1192 0.9857
vn -0.4861 0.2806 0.8276
vn -0.1459 0.0843 0.9857
vn -0.5422 0.1453 0.8276
vn -0.1628 0.0436 0.9857
vn 0.5437 -0.0000 0.8393
vn 0.5252 0.1407 0.8392
vn 0.4709 0.2719 0.8392
vn 0.3845 0.3845 0.8392
vn 0.2719 0.4709 0.8393
vn 0.1407 0.5252 0.8392
vn 0.0000 0.5438 0.8392
vn -0.1407 0.5252 0.8392
vn -0.2719 0.4709 0.8392
vn -0.3845 0.3845 0.8393
vn -0.5438 -0.0000 0.8392
vn -0.5252 -0.1407 0.8393
vn -0.4709 -0.2719 0.8392
vn -0.3845 -0.3845 0.8393
vn -0.2719 -0.4709 0.8392
vn -0.1407 -0.5252 0.8392
vn 0.0000 -0.5437 0.8393
vn 0.1407 -0.5252 0.8392
vn 0.2719 -0.4709 0.8393
vn 0.3845 -0.3845 0.8392
vn 0.4709 -0.2719 0.8393
vn 0.5252 -0.1407 0.8392
vn 0.5872 0.1573 0.7940
vn 0.5265 0.3040 0.7940
vn 0.4299 0.4299 0.7940
vn 0.3040 0.5265 0.7940
vn 0.1573 0.5872 0.7940
vn 0.0000 0.6079 0.7940
vn -0.1573 0.5872 0.7940
vn -0.3040 0.5265 0.7940
vn -0.4299 0.4299 0.7940
vn -0.6080 -0.0000 0.7940
vn -0.5872 -0.1574 0.7940
vn -0.5265 -0.3040 0.7940
vn -0.4299 -0.4299 0.7940
vn -0.3040 -0.5265 0.7940
vn -0.1574 -0.5872 0.7940
vn -0.0000 -0.6079 0.7940
vn 0.1574 -0.5872 0.7940
vn 0.3040 -0.5265 0.7940
vn 0.4299 -0.4299 0.7940
vn 0.5265 -0.3040 0.7940
vn 0.5872 -0.1573 0.7940
vn 0.6079 -0.0000 0.7940
vn -0.9811 -0.0023 0.1936
vn -0.9805 -0.0024 0.1965
vn -0.9979 -0.0654 -0.0000
vn -0.1749 0.9846 0.0000
vn -0.1718 0.9672 0.1871
vn -0.1713 0.9644 0.2013
vn 0.8979 0.4282 -0.1021
vn 0.7540 0.5250 -0.3949
vn 0.7530 0.4719 -0.4586
vn 0.8969 0.4291 -0.1069
vn -0.9659 -0.2588 -0.0000
vn -0.8660 -0.5000 -0.0000
vn -0.2588 -0.9659 -0.0000
vn -0.0654 -0.9979 -0.0000
vn 0.9939 0.1103 -0.0043
vn 0.9931 0.1176 0.0000
vn 0.0163 0.0325 -0.9993
vn -0.0074 0.0292 -0.9995
vn 0.2622 -0.5382 -0.8010
vn 0.1763 -0.6021 -0.7787
vn 0.6021 -0.1763 -0.7787
vn 0.6989 0.1520 -0.6989
vn 0.6973 0.1654 -0.6974
vn 0.5382 -0.2622 -0.8010
vn -0.0071 0.1315 -0.9913
vn 0.0038 0.1166 -0.9932
vn 0.0040 0.1166 -0.9932
vn -0.0075 0.1217 -0.9925
vn 0.0120 0.1074 -0.9941
vn 0.0143 0.0872 -0.9961
vn 0.0128 0.0815 -0.9966
vn 0.0129 0.1059 -0.9943
vn 0.0332 0.0531 -0.9980
vn 0.0072 0.0909 -0.9958
vn 0.0394 0.0487 -0.9980
vn -0.0915 -0.1443 0.9853
vn -0.3055 -0.2379 0.9220
vn -0.2593 -0.1712 0.9505
vn -0.0065 0.0381 -0.9993
vn 0.0004 0.0561 -0.9984
vn -0.0159 0.0931 -0.9955
vn 0.6530 0.3146 -0.6890
vn 0.6118 0.3401 -0.7141
vn 0.6744 0.3004 -0.6745
vn -0.0144 0.1395 -0.9901
vn 0.0008 0.1284 -0.9917
vn 0.0190 -0.1067 0.9941
vn 0.0465 -0.2617 0.9640
vn -0.1626 -0.3587 0.9192
vn 0.1719 -0.9674 0.1859
vn 0.1749 -0.9846 -0.0000
vn 0.0847 -0.9964 -0.0000
vn 0.0255 -0.9916 0.1270
vn -0.0259 -0.9996 0.0104
vn -0.0019 -1.0000 -0.0092
vn 0.0654 0.9969 0.0433
vn 0.0000 0.9991 0.0434
vn 0.0651 0.9969 0.0433
vn 0.9606 0.2647 -0.0852
vn 0.9680 0.2479 -0.0386
vn 0.5015 0.8643 0.0375
vn 0.2596 0.9648 0.0419
vn 0.2571 0.9655 0.0419
vn 0.4971 0.8669 0.0376
vn -0.1739 -0.0529 0.9833
vn 0.0264 -0.0039 0.9996
vn -0.0158 -0.0086 0.9998
vn -0.1719 -0.0544 0.9836
vn 0.6081 0.7931 0.0344
vn -0.0156 0.0725 -0.9972
vn 0.7071 -0.7071 -0.0000
vn 0.7071 -0.7071 -0.0001
vn 0.9811 -0.0023 0.1936
vn 0.9805 -0.0024 0.1965
vn -0.1936 -0.0024 0.9811
vn 0.1936 -0.0024 0.9811
vn 0.1966 -0.0024 0.9805
vn -0.1966 -0.0024 0.9805
vn -0.0648 0.7312 -0.6791
vn -0.0955 0.7412 -0.6644
vn 0.9136 0.4066 0.0000
vn -0.0741 -0.9445 0.3200
vn 0.1636 -0.9208 0.3541
vn 0.0835 -0.4701 0.8786
vn -0.1617 0.9101 0.3815
vn -0.0541 0.3047 0.9509
vn -0.0248 0.1395 0.9899
vn -0.0112 0.0632 0.9979
vn 0.6144 0.3705 -0.6966
vn 0.6156 0.3709 -0.6953
vn 0.6549 0.4524 -0.6053
vn 0.6668 0.4614 -0.5852
vn -0.7603 0.5681 -0.3149
vn -0.2412 0.7763 -0.5824
vn 0.9239 -0.0046 0.3827
vn 0.3827 -0.0047 0.9239
vn -0.9239 -0.0046 0.3827
vn -0.3827 -0.0047 0.9239
vn 0.6497 0.4696 -0.5978
vn -0.0023 0.1176 -0.9931
vn -0.0148 0.1124 -0.9935
vn 0.9723 0.2336 0.0000
vn -0.9167 -0.3995 0.0000
vn -0.9257 -0.3656 -0.0972
vn -0.9251 -0.3701 -0.0851
vn 0.8922 0.4517 0.0000
vn -0.9341 -0.3569 -0.0000
vn -0.9224 -0.3445 0.1744
vn -0.9561 -0.2729 0.1065
vn -0.9673 -0.2537 -0.0000
vn -0.3517 -0.3473 0.8693
vn -0.4271 -0.6070 0.6701
vn 0.0065 0.0000 1.0000
vn 0.0000 -0.0515 0.9987
vn 0.0071 0.0000 1.0000
vn 0.0257 0.0000 0.9997
vn 0.0306 0.0000 0.9995
vn -0.9255 -0.3330 -0.1807
vn 0.0546 0.0000 0.9985
vn 0.0668 0.0000 0.9978
vn -0.0079 0.9998 0.0155
vn -0.0139 0.9999 -0.0052
vn -0.0086 0.9999 0.0133
vn 0.4518 0.8921 0.0000
vn 0.4518 0.8921 -0.0043
vn -0.8784 -0.3203 0.3548
vn -0.3589 -0.1174 0.9260
vn -0.0054 0.9997 0.0245
vn 0.0000 -0.0772 0.9970
vn 0.7740 0.6332 0.0000
vn 0.5017 0.8650 0.0000
vn 0.4980 0.8672 0.0000
vn 0.7710 0.6369 0.0000
vn 0.8952 0.4457 0.0000
vn 0.0653 0.9979 0.0000
vn 0.0651 0.9979 0.0000
vn 0.2597 0.9657 0.0000
vn 0.2576 0.9663 0.0000
vn -0.7385 -0.0662 0.6710
vn -0.0051 0.9976 -0.0687
vn -0.0064 1.0000 0.0000
vn -0.0093 1.0000 0.0000
vn -0.0046 1.0000 0.0000
vn -0.0487 -0.0152 0.9987
vn -0.9905 -0.1364 -0.0147
vn -0.9906 -0.1365 -0.0000
vn 0.0531 0.9986 0.0000
vn 0.0531 0.9986 0.0009
vn 0.0000 -0.1540 0.9881
vn 0.0000 -0.9999 -0.0144
vn -0.5605 0.8282 0.0000
vn -0.5604 0.8281 -0.0127
vn -0.6229 0.7823 0.0000
vn -0.6228 0.7821 -0.0195
vn 0.2611 0.1687 -0.9504
vn -0.8276 -0.5612 0.0044
vn -0.8277 -0.5612 0.0000
vn -0.9805 -0.0024 -0.1965
vn -0.9811 -0.0023 -0.1936
vn -0.1713 0.9644 -0.2013
vn -0.1718 0.9672 -0.1871
vn 0.8979 0.4282 0.1021
vn 0.8969 0.4291 0.1069
vn 0.7530 0.4719 0.4586
vn 0.7540 0.5250 0.3949
vn 0.9939 0.1103 0.0043
vn 0.0163 0.0325 0.9993
vn -0.0074 0.0292 0.9995
vn 0.2622 -0.5382 0.8010
vn 0.1763 -0.6021 0.7787
vn 0.6021 -0.1763 0.7787
vn 0.5382 -0.2622 0.8010
vn 0.6973 0.1654 0.6974
vn 0.6989 0.1520 0.6989
vn -0.0071 0.1315 0.9913
vn -0.0075 0.1217 0.9925
vn 0.0040 0.1166 0.9932
vn 0.0038 0.1166 0.9932
vn 0.0120 0.1074 0.9941
vn 0.0129 0.1059 0.9943
vn 0.0128 0.0815 0.9966
vn 0.0143 0.0872 0.9961
vn 0.0332 0.0531 0.9980
vn 0.0394 0.0487 0.9980
vn 0.0072 0.0909 0.9958
vn -0.0916 -0.1443 -0.9853
vn -0.2593 -0.1712 -0.9505
vn -0.3055 -0.2379 -0.9220
vn -0.0065 0.0381 0.9993
vn -0.0159 0.0931 0.9955
vn 0.0004 0.0561 0.9984
vn 0.6744 0.3004 0.6745
vn 0.6118 0.3401 0.7141
vn 0.6530 0.3146 0.6890
vn 0.0008 0.1284 0.9917
vn -0.0144 0.1395 0.9901
vn 0.0189 -0.1067 -0.9941
vn -0.1626 -0.3587 -0.9192
vn 0.0465 -0.2617 -0.9640
vn 0.1719 -0.9674 -0.1859
vn 0.0255 -0.9916 -0.1270
vn -0.0019 -1.0000 0.0092
vn -0.0259 -0.9996 -0.0104
vn 0.0654 0.9969 -0.0433
vn 0.0651 0.9969 -0.0433
vn 0.0000 0.9991 -0.0433
vn 0.9606 0.2647 0.0852
vn 0.9680 0.2479 0.0386
vn 0.5015 0.8643 -0.0375
vn 0.4971 0.8669 -0.0376
vn 0.2571 0.9655 -0.0419
vn 0.2596 0.9648 -0.0419
vn -0.1739 -0.0529 -0.9833
vn -0.1719 -0.0544 -0.9836
vn -0.0158 -0.0086 -0.9998
vn 0.0264 -0.0039 -0.9996
vn 0.6081 0.7931 -0.0344
vn -0.0156 0.0725 0.9972
vn 0.7071 -0.7071 0.0001
vn 0.9811 -0.0023 -0.1936
vn 0.9805 -0.0024 -0.1965
vn -0.1936 -0.0023 -0.9811
vn -0.1965 -0.0024 -0.9805
vn 0.1965 -0.0024 -0.9805
vn 0.1936 -0.0023 -0.9811
vn -0.0648 0.7312 0.6791
vn -0.0955 0.7412 0.6644
vn 0.1636 -0.9208 -0.3541
vn -0.0741 -0.9445 -0.3200
vn 0.0835 -0.4701 -0.8786
vn -0.1617 0.9101 -0.3815
vn -0.0541 0.3047 -0.9509
vn -0.0112 0.0632 -0.9979
vn -0.0248 0.1395 -0.9899
vn 0.6144 0.3705 0.6966
vn 0.6668 0.4614 0.5852
vn 0.6549 0.4524 0.6053
vn 0.6156 0.3709 0.6953
vn -0.7603 0.5681 0.3149
vn -0.2412 0.7763 0.5824
vn 0.9239 -0.0046 -0.3827
vn 0.3827 -0.0046 -0.9239
vn -0.9239 -0.0046 -0.3827
vn -0.3827 -0.0046 -0.9239
vn 0.6497 0.4696 0.5978
vn -0.0023 0.1176 0.9931
vn -0.0148 0.1124 0.9935
vn -0.9251 -0.3701 0.0851
vn -0.9257 -0.3656 0.0972
vn -0.9561 -0.2729 -0.1065
vn -0.9224 -0.3445 -0.1744
vn -0.3517 -0.3473 -0.8693
vn -0.4271 -0.6070 -0.6701
vn 0.0065 0.0000 -1.0000
vn 0.0071 0.0000 -1.0000
vn 0.0000 -0.0515 -0.9987
vn 0.0257 0.0000 -0.9997
vn 0.0306 0.0000 -0.9995
vn -0.9255 -0.3330 0.1807
vn 0.0546 0.0000 -0.9985
vn 0.0668 0.0000 -0.9978
vn -0.0079 0.9998 -0.0155
vn -0.0086 0.9999 -0.0133
vn -0.0139 0.9999 0.0052
vn 0.4518 0.8921 0.0043
vn -0.8784 -0.3203 -0.3548
vn -0.3589 -0.1174 -0.9260
vn -0.0054 0.9997 -0.0245
vn 0.0000 -0.0772 -0.9970
vn -0.7385 -0.0662 -0.6710
vn -0.0051 0.9976 0.0687
vn -0.0487 -0.0152 -0.9987
vn -0.9905 -0.1364 0.0147
vn 0.0531 0.9986 -0.0009
vn 0.0000 -0.1539 -0.9881
vn 0.0000 -0.9999 0.0144
vn -0.5604 0.8281 0.0127
vn -0.6228 0.7821 0.0195
vn 0.2611 0.1687 0.9504
vn -0.8276 -0.5612 -0.0044
vn -0.8497 -0.4905 0.1935
vn -0.8497 -0.4905 -0.1935
vn 0.8497 -0.4906 -0.1935
vn 0.8497 -0.4906 0.1935
vn 0.8497 0.4906 -0.1935
vn 0.8497 0.4906 0.1935
vn -0.8497 0.4905 -0.1935
vn -0.8497 0.4905 0.1935
vn -0.6626 0.1776 -0.7276
vn 0.0080 -0.0046 -1.0000
vn -0.0080 0.0047 -1.0000
vn 0.6626 0.1775 -0.7276
vn 0.1776 -0.6626 -0.7276
vn 0.0046 -0.0081 -1.0000
vn -0.0080 -0.0047 -1.0000
vn -0.7326 0.4229 -0.5334
vn -0.8171 0.2189 -0.5334
vn 0.0000 0.2337 -0.9723
vn 0.2024 -0.1169 -0.9723
vn -0.1169 0.2024 -0.9723
vn -0.5252 0.1407 -0.8392
vn 0.8459 0.0000 -0.5333
vn 0.8171 0.2189 -0.5333
vn -0.5981 0.5981 -0.5334
vn -0.5421 -0.1453 -0.8276
vn -0.1459 -0.0843 -0.9857
vn -0.0843 -0.1459 -0.9857
vn -0.1453 -0.5421 -0.8276
vn 0.0000 -0.1685 -0.9857
vn 0.1453 -0.5421 -0.8276
vn 0.0843 -0.1459 -0.9857
vn 0.1459 -0.0843 -0.9857
vn 0.1685 0.0000 -0.9857
vn 0.1459 0.0843 -0.9857
vn 0.4861 0.2806 -0.8276
vn 0.0843 0.1459 -0.9857
vn 0.1453 0.5421 -0.8276
vn 0.0000 0.1685 -0.9857
vn -0.1453 0.5421 -0.8276
vn -0.0843 0.1459 -0.9857
vn -0.1459 0.0843 -0.9857
vn -0.4861 0.2806 -0.8276
vn -0.5421 0.1453 -0.8276
vn 0.5438 0.0000 -0.8392
vn 0.5252 0.1407 -0.8393
vn 0.3845 0.3845 -0.8393
vn -0.2719 0.4709 -0.8393
vn -0.3845 0.3845 -0.8392
vn -0.5437 -0.0000 -0.8393
vn -0.5252 -0.1407 -0.8392
vn -0.4709 -0.2719 -0.8393
vn -0.3845 -0.3845 -0.8392
vn -0.2719 -0.4709 -0.8393
vn 0.2719 -0.4709 -0.8392
vn 0.3845 -0.3845 -0.8393
vn 0.4709 -0.2719 -0.8393
vn -0.6079 -0.0000 -0.7940
vn 0.1573 0.5872 -0.7940
vn -0.1776 0.6626 0.7276
vn 0.1776 0.6626 0.7276
vn -0.0080 -0.0047 1.0000
vn -0.8171 0.2189 0.5334
vn -0.7326 0.4229 0.5334
vn 0.1654 -0.1654 0.9723
vn -0.0605 0.2258 0.9723
vn -0.1653 -0.1653 0.9723
vn -0.1653 0.1653 0.9723
vn -0.8459 0.0000 0.5334
vn -0.5252 0.1407 0.8392
vn -0.7325 -0.4229 0.5334
vn -0.8170 -0.2189 0.5334
vn -0.4229 -0.7325 0.5334
vn -0.2189 -0.8170 0.5334
vn -0.4229 0.7325 0.5334
vn -0.5981 0.5981 0.5334
vn -0.1686 0.0000 0.9857
vn -0.5421 -0.1453 0.8276
vn -0.1460 -0.0843 0.9857
vn -0.0843 -0.1460 0.9857
vn 0.0000 -0.1686 0.9857
vn 0.0843 -0.1460 0.9857
vn 0.1460 -0.0843 0.9857
vn 0.5422 -0.1453 0.8276
vn 0.5422 0.1453 0.8276
vn 0.1460 0.0843 0.9857
vn 0.0843 0.1460 0.9857
vn 0.1453 0.5422 0.8276
vn 0.0000 0.1686 0.9857
vn -0.0843 0.1460 0.9857
vn -0.1460 0.0843 0.9857
vn -0.5421 0.1453 0.8276
vn 0.5438 0.0000 0.8392
vn 0.3845 0.3845 0.8393
vn 0.2719 0.4709 0.8392
vn -0.2719 0.4709 0.8393
vn -0.3845 0.3845 0.8392
vn -0.5437 -0.0000 0.8393
vn -0.5252 -0.1407 0.8392
vn -0.4709 -0.2719 0.8393
vn -0.3845 -0.3845 0.8392
vn 0.2719 -0.4709 0.8392
vn 0.4709 -0.2719 0.8392
vn 0.5265 0.3039 0.7940
vn -0.6079 -0.0000 0.7940
vn -0.0046 -0.0080 -1.0000
vn -0.0081 0.0046 -1.0000
vn 0.5421 -0.1453 -0.8276
vn 0.5421 0.1453 -0.8276
vn 0.1407 0.5252 -0.8393
vn -0.0081 0.0046 1.0000
vn -0.1654 0.1653 0.9723
vn 0.4229 -0.7325 0.5334
vn 0.7325 -0.4229 0.5334
vn 0.8170 -0.2189 0.5334
vn 0.1686 0.0000 0.9857
vn -0.2719 -0.4709 0.8393
vn 0.7317 -0.6816 0.0103
vn 0.7318 -0.6814 0.0104
vn 0.9122 -0.4091 0.0238
vn 0.9098 -0.4143 0.0237
vn 0.5860 -0.8103 -0.0000
vn 0.8407 -0.5414 -0.0001
vn 0.8359 -0.5489 -0.0001
vn 0.5766 -0.8170 -0.0000
vn 0.1300 -0.9915 0.0006
vn 0.1303 -0.9915 0.0006
vn 0.4767 -0.8790 0.0002
vn 0.4766 -0.8791 0.0002
vn -0.7966 -0.6045 0.0044
vn -0.7760 -0.6307 0.0049
vn -0.6320 -0.7749 0.0083
vn -0.4842 -0.8749 0.0050
vn -0.4554 -0.8903 0.0044
vn 0.9837 -0.1791 0.0128
vn 0.9936 -0.1131 -0.0000
vn 0.9936 -0.1130 -0.0000
vn -0.9650 -0.2621 0.0001
vn 0.9598 -0.2806 -0.0000
vn 0.9902 -0.1395 -0.0000
vn -0.9929 -0.1189 -0.0000
vn 0.9986 -0.0522 -0.0000
vn 0.2126 -0.9771 0.0000
vn -0.0462 -0.9989 -0.0000
vn -0.2559 -0.9667 -0.0000
vn -0.4988 -0.8667 -0.0000
vn -0.7065 -0.7077 -0.0000
vn -0.8675 -0.4975 -0.0000
vn -0.9671 -0.2546 -0.0000
vn -0.9978 -0.0657 -0.0000
vn -1.0000 0.0003 -0.0000
vn -0.7620 0.6475 -0.0104
vn -0.9079 0.4184 -0.0237
vn -0.9105 0.4128 -0.0238
vn -0.8179 0.5753 0.0000
vn -0.8675 0.4975 0.0000
vn -0.8695 0.4940 0.0000
vn 0.8221 0.5693 0.0000
vn 0.8068 0.5908 0.0000
vn -0.9824 0.1863 -0.0128
vn -0.7296 0.6839 0.0000
vn -0.9936 0.1130 0.0000
vn 0.9646 0.2636 0.0000
vn -0.9597 0.2809 0.0000
vn -0.9901 0.1406 0.0000
vn 0.9927 0.1202 0.0000
vn -0.9986 0.0526 0.0000
vn 0.0652 0.9979 0.0000
vn 0.2564 0.9666 0.0000
vn 0.4988 0.8667 0.0000
vn 0.7065 0.7077 0.0000
vn 0.8675 0.4975 0.0000
vn 0.9669 0.2553 0.0000
vn 0.9978 0.0664 0.0000
vn -0.0069 0.0077 0.9999
vn -0.0012 0.0017 1.0000
vn -0.0009 0.0012 1.0000
vn -0.0073 0.0081 0.9999
vn -0.0165 0.0044 0.9999
vn -0.0161 0.0052 0.9999
vn -0.0129 -0.0018 0.9999
vn -0.0139 -0.0020 0.9999
vn 0.0883 0.0270 0.9957
vn 0.1130 0.0345 0.9930
vn 0.0552 0.0168 0.9983
vn 0.0890 0.0272 0.9957
vn 0.3154 -0.3631 0.8768
vn 0.1594 -0.1835 0.9700
vn 0.1670 -0.1923 0.9670
vn -0.4904 0.2026 0.8476
vn 0.0012 -0.0017 -1.0000
vn 0.0008 -0.0012 -1.0000
vn 0.0156 -0.0080 -0.9998
vn 0.0124 -0.0027 -0.9999
vn 0.0117 -0.0024 -0.9999
vn 0.0157 -0.0079 -0.9998
vn 0.0079 -0.0067 -0.9999
vn 0.0078 -0.0066 -0.9999
vn 0.0033 0.0002 -1.0000
vn -0.0033 -0.0002 1.0000
vn -0.1406 -0.9901 -0.0000
vn 0.1202 -0.9927 -0.0000
vn -0.0525 -0.9986 -0.0000
vn -0.1296 -0.9916 0.0005
vn -0.1301 -0.9915 0.0005
vn 0.7317 -0.6816 -0.0103
vn 0.9098 -0.4143 -0.0237
vn 0.9122 -0.4091 -0.0238
vn 0.7318 -0.6814 -0.0104
vn 0.8359 -0.5489 0.0001
vn 0.8407 -0.5414 0.0001
vn 0.1300 -0.9915 -0.0006
vn 0.4766 -0.8791 -0.0002
vn 0.4767 -0.8790 -0.0002
vn 0.1303 -0.9915 -0.0006
vn -0.7966 -0.6045 -0.0044
vn -0.4554 -0.8903 -0.0044
vn -0.4842 -0.8749 -0.0050
vn -0.6320 -0.7749 -0.0083
vn -0.7760 -0.6307 -0.0049
vn 0.9837 -0.1791 -0.0128
vn -0.9650 -0.2621 -0.0001
vn -0.7620 0.6475 0.0104
vn -0.9105 0.4128 0.0238
vn -0.9079 0.4184 0.0237
vn -0.9824 0.1863 0.0128
vn -0.0069 0.0077 -0.9999
vn -0.0072 0.0080 -0.9999
vn -0.0008 0.0012 -1.0000
vn -0.0012 0.0017 -1.0000
vn -0.0164 0.0044 -0.9999
vn -0.0161 0.0052 -0.9999
vn -0.0129 -0.0018 -0.9999
vn -0.0139 -0.0020 -0.9999
vn 0.0883 0.0270 -0.9957
vn 0.0890 0.0272 -0.9957
vn 0.0552 0.0168 -0.9983
vn 0.1130 0.0345 -0.9930
vn 0.3154 -0.3631 -0.8768
vn 0.1670 -0.1923 -0.9670
vn 0.1594 -0.1835 -0.9700
vn -0.4904 0.2026 -0.8476
vn 0.0008 -0.0012 1.0000
vn 0.0012 -0.0017 1.0000
vn 0.0156 -0.0080 0.9998
vn 0.0157 -0.0079 0.9998
vn 0.0117 -0.0024 0.9999
vn 0.0123 -0.0027 0.9999
vn 0.0078 -0.0066 0.9999
vn 0.0079 -0.0067 0.9999
vn 0.0033 0.0002 1.0000
vn -0.0033 -0.0002 -1.0000
vn -0.1301 -0.9915 -0.0005
vn -0.1296 -0.9916 -0.0005
vn -0.0550 0.9985 0.0000
vn -0.0425 0.7029 -0.7100
vn 0.0061 -0.0192 -0.9998
vn 0.0656 -0.7180 -0.6929
vn 0.0902 -0.9959 0.0000
vn 0.0656 -0.7180 0.6930
vn 0.0061 -0.0192 0.9998
vn 0.2831 -0.6932 -0.6628
vn 0.3922 -0.9199 -0.0000
vn -0.0425 0.7029 0.7100
vn 0.6033 -0.4419 -0.6639
vn 0.8327 -0.5537 0.0000
vn 0.0241 -0.0170 0.9996
vn -0.1050 0.7415 0.6627
vn -0.1050 0.7415 -0.6627
vn 0.0241 -0.0170 -0.9996
vn 0.2831 -0.6932 0.6628
vn -0.0997 0.9950 -0.0000
vn -0.5341 0.8454 -0.0000
vn -0.4147 0.5058 0.7564
vn -0.6401 0.2234 0.7351
vn -0.9410 0.3385 0.0000
vn -0.4147 0.5059 -0.7564
vn -0.3099 0.2296 -0.9226
vn -0.3099 0.2296 0.9226
vn 0.6033 -0.4419 0.6639
vn 0.2847 -0.2801 -0.9168
vn 0.2847 -0.2801 0.9168
vn 0.7129 -0.2030 0.6712
vn 0.3724 -0.1108 0.9214
vn 0.7129 -0.2030 -0.6712
vn 0.9628 -0.2701 0.0000
vn -0.6401 0.2234 -0.7351
vn -0.3707 0.1220 -0.9207
vn -0.3707 0.1220 0.9207
vn 0.3724 -0.1108 -0.9214
vn 0.9504 0.0721 -0.3026
vn 0.9242 0.2322 -0.3032
vn 0.9242 0.2322 0.3032
vn 0.9504 0.0721 0.3026
vn -0.3634 -0.4319 -0.8254
vn -0.4621 0.0616 -0.8847
vn 0.4722 0.0866 -0.8772
vn 0.1518 0.1554 -0.9761
vn -0.4420 0.3337 0.8326
vn 0.4140 0.4180 0.8086
vn 0.3531 0.7041 0.6161
vn -0.4168 0.6503 0.6352
vn -0.3960 0.8910 0.2221
vn -0.3960 0.8910 -0.2221
vn -0.9101 0.4100 -0.0596
vn -0.9101 0.4100 0.0596
vn 0.4722 0.0866 0.8772
vn 0.4363 0.2549 0.8629
vn -0.4525 0.1812 0.8732
vn -0.4621 0.0616 0.8847
vn -0.4168 0.6503 -0.6352
vn -0.4420 0.3337 -0.8326
vn -0.9438 0.1303 -0.3037
vn -0.9292 0.2677 -0.2547
vn 0.1518 0.1554 0.9761
vn 0.2044 0.4911 0.8468
vn 0.0771 0.9629 0.2585
vn 0.6227 0.6652 0.4120
vn 0.4140 0.4180 -0.8086
vn 0.3531 0.7041 -0.6161
vn -0.6859 -0.6610 0.3043
vn -0.9518 0.0209 0.3060
vn -0.9518 0.0209 -0.3060
vn -0.6859 -0.6610 -0.3043
vn -0.9481 0.0685 0.3106
vn 0.2044 0.4911 -0.8468
vn 0.2040 -0.4948 -0.8447
vn 0.6227 0.6652 -0.4120
vn -0.4525 0.1812 -0.8732
vn 0.4363 0.2549 -0.8629
vn 0.0758 -0.9644 -0.2535
vn 0.8471 -0.4189 0.3270
vn 0.8471 -0.4188 -0.3270
vn 0.8487 0.4151 -0.3276
vn 0.8487 0.4151 0.3276
vn 0.2040 -0.4948 0.8447
vn -0.3634 -0.4319 0.8255
vn 0.0758 -0.9644 0.2535
vn 0.2194 0.9461 -0.2380
vn 0.2194 0.9461 0.2380
vn 0.3526 0.9275 0.1237
vn 0.3526 0.9275 -0.1237
vn 0.5328 0.4682 -0.7049
vn 0.5328 0.4682 0.7049
vn 0.5317 -0.4721 0.7032
vn 0.3212 0.9238 0.2083
vn 0.3212 0.9238 -0.2083
vn -0.9438 0.1303 0.3037
vn -0.9292 0.2677 0.2547
vn 0.8982 0.3344 0.2852
vn 0.8982 0.3344 -0.2852
vn 0.8508 0.4688 -0.2375
vn 0.8118 0.5813 -0.0561
vn 0.8118 0.5813 0.0561
vn 0.8508 0.4688 0.2375
vn -0.9481 0.0685 -0.3106
vn 0.5317 -0.4721 -0.7032
vn 0.3478 -0.9296 -0.1218
vn 0.2162 -0.9478 -0.2342
vn 0.3478 -0.9296 0.1218
vn 0.0771 0.9629 -0.2585
vn 0.2162 -0.9478 0.2342
vn 0.8472 -0.4188 -0.3270
vn 0.8472 -0.4188 0.3270
vn -0.3634 -0.4319 -0.8255
vn 0.2015 0.3253 0.9239
vn -0.4444 0.5996 0.6656
vn -0.5896 0.3652 0.7204
vn -0.8444 0.5351 0.0247
vn -0.8498 0.5264 0.0268
vn -0.7519 0.1534 -0.6412
vn -0.6121 0.3792 -0.6940
vn -0.2015 -0.3253 -0.9239
vn 0.4722 -0.6049 -0.6412
vn 0.6121 -0.3792 -0.6940
vn 0.8552 -0.5177 0.0247
vn 0.8498 -0.5264 0.0268
vn 0.7348 -0.1309 0.6656
vn 0.5896 -0.3652 0.7204
vn 0.3724 0.6011 0.7071
vn -0.3213 0.7983 0.5094
vn -0.8398 0.5425 0.0189
vn -0.8705 -0.0380 -0.4907
vn -0.3724 -0.6011 -0.7071
vn 0.3536 -0.7963 -0.4907
vn 0.8598 -0.5104 0.0189
vn 0.8579 0.0678 0.5094
vn 0.4865 0.7854 0.3827
vn -0.2391 0.9310 0.2757
vn -0.8368 0.5474 0.0102
vn -0.9497 -0.1659 -0.2656
vn -0.4865 -0.7854 -0.3827
vn 0.2744 -0.9242 -0.2656
vn 0.8628 -0.5054 0.0102
vn 0.9401 0.2005 0.2757
vn 0.5266 0.8501 -0.0000
vn -0.2102 0.9777 -0.0000
vn -0.8357 0.5492 0.0000
vn -0.9775 -0.2108 0.0000
vn -0.5266 -0.8501 0.0000
vn 0.2466 -0.9691 -0.0000
vn 0.8639 -0.5037 -0.0000
vn 0.9690 0.2472 -0.0000
vn 0.4865 0.7854 -0.3827
vn -0.2391 0.9310 -0.2757
vn -0.8368 0.5475 -0.0102
vn -0.9497 -0.1659 0.2656
vn -0.4865 -0.7854 0.3827
vn 0.2744 -0.9242 0.2656
vn 0.8628 -0.5054 -0.0102
vn 0.9401 0.2006 -0.2757
vn 0.3724 0.6011 -0.7071
vn -0.3213 0.7983 -0.5094
vn -0.8398 0.5425 -0.0189
vn -0.8705 -0.0380 0.4907
vn -0.3724 -0.6011 0.7071
vn 0.3536 -0.7963 0.4907
vn 0.8598 -0.5104 -0.0189
vn 0.8578 0.0678 -0.5094
vn 0.2015 0.3253 -0.9239
vn -0.4444 0.5996 -0.6656
vn -0.8444 0.5351 -0.0247
vn -0.7519 0.1534 0.6412
vn -0.2015 -0.3253 0.9239
vn 0.4722 -0.6049 0.6412
vn 0.8552 -0.5177 -0.0247
vn 0.7348 -0.1309 -0.6656
vn -0.5896 0.3652 -0.7204
vn -0.8498 0.5264 -0.0268
vn -0.6121 0.3792 0.6940
vn 0.6120 -0.3792 0.6940
vn 0.8498 -0.5264 -0.0267
vn 0.5896 -0.3652 -0.7204
vn -0.7348 0.1309 -0.6656
vn -0.8552 0.5177 -0.0247
vn -0.4722 0.6049 0.6412
vn 0.7519 -0.1534 0.6412
vn 0.8444 -0.5351 -0.0247
vn 0.4444 -0.5996 -0.6656
vn -0.8579 -0.0678 -0.5094
vn -0.8598 0.5104 -0.0189
vn -0.3536 0.7963 0.4907
vn 0.8705 0.0380 0.4907
vn 0.8398 -0.5425 -0.0189
vn 0.3213 -0.7983 -0.5094
vn -0.9401 -0.2006 -0.2757
vn -0.8628 0.5054 -0.0102
vn -0.2744 0.9242 0.2656
vn 0.9497 0.1659 0.2656
vn 0.8368 -0.5474 -0.0102
vn 0.2391 -0.9310 -0.2757
vn -0.9690 -0.2472 0.0000
vn -0.8639 0.5037 0.0000
vn -0.2466 0.9691 0.0000
vn 0.9775 0.2108 0.0000
vn 0.8357 -0.5492 -0.0000
vn 0.2102 -0.9777 0.0000
vn -0.9401 -0.2006 0.2757
vn -0.8628 0.5054 0.0102
vn -0.2744 0.9242 -0.2656
vn 0.9497 0.1659 -0.2656
vn 0.8368 -0.5475 0.0102
vn 0.2391 -0.9310 0.2757
vn -0.8579 -0.0678 0.5094
vn -0.8598 0.5104 0.0189
vn -0.3536 0.7963 -0.4907
vn 0.8705 0.0380 -0.4907
vn 0.8398 -0.5425 0.0189
vn 0.3213 -0.7983 0.5094
vn -0.7348 0.1309 0.6656
vn -0.8552 0.5177 0.0247
vn -0.4722 0.6049 -0.6412
vn 0.7519 -0.1534 -0.6412
vn 0.8444 -0.5351 0.0247
vn 0.4444 -0.5996 0.6656
vn 0.2367 0.8393 0.4895
vn -0.0068 0.7565 0.6540
vn 0.6592 0.4862 0.5736
vn 0.7905 0.4383 0.4278
vn -0.4568 0.7568 0.4676
vn 0.5176 0.6613 0.5430
vn 0.9631 -0.1161 0.2427
vn 0.9636 -0.1429 0.2259
vn 0.7976 0.0435 0.6016
vn 0.8451 0.4393 0.3046
vn 0.6992 -0.0631 0.7121
vn 0.9142 0.2570 0.3135
vn 0.5490 -0.8262 -0.1266
vn 0.4063 -0.7491 0.5231
vn -0.2081 -0.9746 -0.0831
vn -0.0764 -0.9851 0.1538
vn 0.5133 -0.8451 -0.1491
vn -0.4082 -0.8716 -0.2715
vn -0.9939 -0.1066 0.0286
vn -0.8102 -0.5662 0.1518
vn -0.6943 -0.6930 0.1939
vn -0.9894 0.0791 0.1216
vn -0.9929 -0.0065 0.1189
vn -0.9432 0.2947 0.1531
vn -0.9815 0.0049 -0.1915
vn -0.4672 0.8471 0.2534
vn 0.3188 0.9269 0.1983
vn -0.4339 0.8944 0.1085
vn -0.4555 0.8428 0.2869
vn 0.3315 0.9435 -0.0000
vn -0.4384 0.8988 -0.0000
vn -0.1438 -0.9896 -0.0000
vn -0.0443 -0.9516 0.3040
vn -0.1032 -0.9845 0.1415
vn -0.1254 -0.9921 -0.0000
vn -0.6914 -0.7153 0.1015
vn -0.6957 -0.7183 -0.0000
vn 0.9732 -0.0691 0.2194
vn 0.4889 -0.8497 -0.1974
vn 0.1624 -0.9434 0.2892
vn 0.3701 -0.5925 0.7155
vn 0.8438 0.4908 0.2170
vn 0.8343 0.5513 -0.0000
vn 0.8307 0.5567 0.0000
vn -0.4415 -0.8117 -0.3823
vn 0.5051 0.7419 0.4410
vn -0.5843 0.7284 0.3577
vn -0.7665 0.5753 0.2855
vn -1.0000 -0.0016 -0.0000
vn -0.9984 -0.0057 0.0558
vn 0.2230 -0.9748 0.0000
vn 0.9664 0.2571 0.0000
vn 0.2367 0.8393 -0.4895
vn 0.7905 0.4383 -0.4278
vn 0.6592 0.4862 -0.5736
vn -0.0068 0.7565 -0.6540
vn 0.5176 0.6613 -0.5430
vn -0.4568 0.7568 -0.4676
vn 0.9636 -0.1429 -0.2259
vn 0.9631 -0.1161 -0.2427
vn 0.7977 0.0435 -0.6015
vn 0.8451 0.4393 -0.3046
vn 0.9142 0.2570 -0.3135
vn 0.6992 -0.0631 -0.7121
vn 0.4063 -0.7492 -0.5231
vn 0.5490 -0.8262 0.1266
vn -0.0764 -0.9851 -0.1538
vn -0.2081 -0.9746 0.0831
vn -0.4081 -0.8716 0.2715
vn 0.5133 -0.8451 0.1491
vn -0.8101 -0.5662 -0.1518
vn -0.9939 -0.1066 -0.0286
vn -0.6943 -0.6931 -0.1939
vn -0.9929 -0.0066 -0.1189
vn -0.9894 0.0791 -0.1216
vn -0.9432 0.2947 -0.1531
vn -0.4672 0.8471 -0.2534
vn -0.9815 0.0049 0.1915
vn -0.4555 0.8428 -0.2869
vn -0.4339 0.8944 -0.1085
vn 0.3187 0.9269 -0.1983
vn -0.1032 -0.9845 -0.1415
vn -0.0443 -0.9516 -0.3041
vn -0.6914 -0.7153 -0.1015
vn 0.4889 -0.8497 0.1974
vn 0.9732 -0.0690 -0.2195
vn 0.3701 -0.5925 -0.7155
vn 0.1624 -0.9434 -0.2892
vn 0.8438 0.4908 -0.2170
vn -0.4415 -0.8118 0.3823
vn 0.5051 0.7419 -0.4410
vn -0.5843 0.7285 -0.3577
vn -0.7665 0.5753 -0.2856
vn -0.9984 -0.0057 -0.0558
vn 0.0182 0.1498 -0.9886
vn 0.0182 0.1498 0.9886
usemtl TransportPack
s off
f 1/1/1 2/2/1 3/3/1 4/4/1
f 4/4/2 3/3/2 5/5/2 6/6/2
f 6/6/3 5/5/3 7/7/3 8/8/3
f 8/8/4 7/7/4 9/9/4 10/10/4
f 3/3/5 2/2/5 11/11/5 9/9/5 7/7/5 5/5/5
f 10/10/6 9/9/6 11/11/6 12/12/6
f 12/12/7 11/11/7 2/2/7 1/1/7
f 13/13/2 14/14/2 15/15/2 16/16/2
f 16/16/3 15/15/3 17/17/3 18/18/3
f 18/18/4 17/17/4 19/19/4 20/20/4
f 20/20/6 19/19/6 21/21/6 22/22/6
f 15/15/5 14/14/5 23/23/5 21/21/5 19/19/5 17/17/5
f 22/22/7 21/21/7 23/23/7 24/24/7
f 24/24/1 23/23/1 14/14/1 13/13/1
f 25/25/3 26/26/3 27/27/3 28/28/3
f 28/28/4 27/27/4 29/29/4 30/30/4
f 30/30/6 29/29/6 31/31/6 32/32/6
f 32/32/7 31/31/7 33/33/7 34/34/7
f 27/27/5 26/26/5 35/35/5 33/33/5 31/31/5 29/29/5
f 34/34/1 33/33/1 35/35/1 36/36/1
f 36/36/2 35/35/2 26/26/2 25/25/2
f 37/37/4 38/38/4 39/39/4 40/40/4
f 40/40/6 39/39/6 41/41/6 42/42/6
f 42/42/7 41/41/7 43/43/7 44/44/7
f 44/44/1 43/43/1 45/45/1 46/46/1
f 39/39/5 38/38/5 47/47/5 45/45/5 43/43/5 41/41/5
f 46/46/2 45/45/2 47/47/2 48/48/2
f 48/48/3 47/47/3 38/38/3 37/37/3
f 49/49/6 50/50/6 51/51/6 52/52/6
f 52/52/7 51/51/7 53/53/7 54/54/7
f 54/54/1 53/53/1 55/55/1 56/56/1
f 56/56/2 55/55/2 57/57/2 58/58/2
f 51/51/5 50/50/5 59/59/5 57/57/5 55/55/5 53/53/5
f 58/58/3 57/57/3 59/59/3 60/60/3
f 60/60/4 59/59/4 50/50/4 49/49/4
f 61/61/7 62/62/7 63/63/7 64/64/7
f 64/64/1 63/63/1 65/65/1 66/66/1
f 66/66/2 65/65/2 67/67/2 68/68/2
f 68/68/3 67/67/3 69/69/3 70/70/3
f 63/63/5 62/62/5 71/71/5 69/69/5 67/67/5 65/65/5
f 70/70/4 69/69/4 71/71/4 72/72/4
f 72/72/6 71/71/6 62/62/6 61/61/6
f 73/73/1 74/74/1 75/75/1 76/76/1
f 74/74/2 77/77/2 78/78/2 75/75/2
f 77/77/3 79/79/3 80/80/3 78/78/3
f 79/79/4 81/81/4 82/82/4 80/80/4
f 75/75/8 78/78/8 80/80/8 82/82/8 83/83/8 76/76/8
f 81/81/6 84/84/6 83/83/6 82/82/6
f 84/84/7 73/73/7 76/76/7 83/83/7
f 85/85/2 86/86/2 87/87/2 88/88/2
f 86/86/3 89/89/3 90/90/3 87/87/3
f 89/89/4 91/91/4 92/92/4 90/90/4
f 91/91/6 93/93/6 94/94/6 92/92/6
f 87/87/8 90/90/8 92/92/8 94/94/8 95/95/8 88/88/8
f 93/93/7 96/96/7 95/95/7 94/94/7
f 96/96/1 85/85/1 88/88/1 95/95/1
f 97/97/3 98/98/3 99/99/3 100/100/3
f 98/98/4 101/101/4 102/102/4 99/99/4
f 101/101/6 103/103/6 104/104/6 102/102/6
f 103/103/7 105/105/7 106/106/7 104/104/7
f 99/99/8 102/102/8 104/104/8 106/106/8 107/107/8 100/100/8
f 105/105/1 108/108/1 107/107/1 106/106/1
f 108/108/2 97/97/2 100/100/2 107/107/2
f 109/109/4 110/110/4 111/111/4 112/112/4
f 110/110/6 113/113/6 114/114/6 111/111/6
f 113/113/7 115/115/7 116/116/7 114/114/7
f 115/115/1 117/117/1 118/118/1 116/116/1
f 111/111/8 114/114/8 116/116/8 118/118/8 119/119/8 112/112/8
f 117/117/2 120/120/2 119/119/2 118/118/2
f 120/120/3 109/109/3 112/112/3 119/119/3
f 121/121/6 122/122/6 123/123/6 124/124/6
f 122/122/7 125/125/7 126/126/7 123/123/7
f 125/125/1 127/127/1 128/128/1 126/126/1
f 127/127/2 129/129/2 130/130/2 128/128/2
f 123/123/8 126/126/8 128/128/8 130/130/8 131/131/8 124/124/8
f 129/129/3 132/132/3 131/131/3 130/130/3
f 132/132/4 121/121/4 124/124/4 131/131/4
f 133/133/7 134/134/7 135/135/7 136/136/7
f 134/134/1 137/137/1 138/138/1 135/135/1
f 137/137/2 139/139/2 140/140/2 138/138/2
f 139/139/3 141/141/3 142/142/3 140/140/3
f 135/135/8 138/138/8 140/140/8 142/142/8 143/143/8 136/136/8
f 141/141/4 144/144/4 143/143/4 142/142/4
f 144/144/6 133/133/6 136/136/6 143/143/6
f 145/145/9 146/146/9 147/147/9 148/148/9
f 149/149/10 150/150/10 151/151/10 152/152/10
f 153/153/7 154/154/7 155/155/7 156/156/7
f 157/157/8 158/158/8 159/159/8 160/160/8
f 146/146/11 161/161/11 162/162/11 147/147/11
f 163/163/12 164/164/12 165/165/12
f 166/166/10 167/167/10 168/168/10 169/169/10 170/170/10
f 171/171/13 172/172/13 173/173/13 174/174/13
f 175/175/11 176/176/11 177/177/11 178/178/11
f 179/179/5 180/180/5 181/181/5 182/182/5
f 169/183/3 165/165/3 183/184/3 170/185/3
f 164/164/14 184/186/14 185/187/14 186/188/14
f 187/189/10 188/190/10 189/191/10 190/192/10
f 191/193/15 192/194/15 193/195/15 194/196/15
f 165/165/3 164/164/3 195/197/3 183/184/3
f 196/198/10 197/199/10 198/200/10 199/201/10
f 200/202/10 149/149/10 152/152/10 201/203/10
f 163/163/14 184/186/14 164/164/14
f 202/204/10 203/205/10 204/206/10 205/207/10
f 206/208/7 207/209/7 208/210/7 209/211/7
f 185/187/10 184/186/10 210/212/10 211/213/10
f 211/213/16 210/212/16 212/214/16 188/190/16 187/189/16
f 213/215/10 214/216/10 215/217/10 216/218/10
f 153/219/17 172/172/17 189/191/17
f 217/220/7 218/221/7 219/222/7 220/223/7
f 221/224/18 222/225/18 155/155/18 154/154/18
f 222/225/10 221/224/10 167/167/10 166/166/10
f 174/174/19 173/173/19 214/216/19 213/215/19
f 223/226/5 205/227/5 204/228/5 162/229/5
f 173/173/3 224/230/3 225/231/3 214/216/3
f 226/232/7 206/208/7 209/211/7 227/233/7
f 215/217/10 214/216/10 225/231/10 228/234/10
f 229/235/10 172/172/10 153/219/10 156/236/10
f 230/237/11 231/238/11 232/239/11 233/240/11
f 234/241/8 235/242/8 236/243/8 237/244/8
f 172/172/20 171/171/20 190/192/20 189/191/20
f 172/172/21 229/235/21 224/230/21 173/173/21
f 147/245/5 204/228/5 238/246/5 194/247/5
f 239/248/8 234/241/8 237/244/8 240/249/8
f 241/250/5 168/168/5 167/167/5 242/251/5
f 165/252/5 169/169/5 168/168/5 241/250/5 163/253/5
f 153/219/12 189/191/12 188/190/12 212/214/12 243/254/12
f 210/255/22 242/251/22 243/256/22 212/257/22
f 241/250/23 184/258/23 163/253/23
f 241/250/24 242/251/24 210/255/24 184/258/24
f 243/256/5 242/251/5 167/167/5 221/224/5 154/154/5 153/153/5
f 244/259/25 245/260/25 246/261/25
f 247/262/26 248/263/26 249/264/26
f 250/265/27 216/218/27 208/210/27
f 251/266/28 247/262/28 249/264/28 252/267/28
f 253/268/29 254/269/29 207/209/29 255/270/29
f 256/271/28 251/266/28 252/267/28 257/272/28
f 244/259/30 258/273/30 259/274/30 245/260/30
f 258/273/30 260/275/30 261/276/30 259/274/30
f 245/260/31 186/188/31 262/277/31 246/261/31
f 248/263/29 253/268/29 255/270/29 249/264/29
f 185/187/32 211/213/32 263/278/32 264/279/32
f 254/269/29 250/265/29 208/210/29 207/209/29
f 247/262/33 265/280/33 266/281/33 248/263/33
f 267/282/32 268/283/32 187/189/32 190/192/32
f 209/211/34 208/210/34 216/218/34 215/217/34
f 227/233/34 209/211/34 215/217/34 228/234/34
f 213/215/32 216/218/32 250/265/32 269/284/32
f 174/174/35 213/215/35 269/284/35
f 190/192/36 171/171/36 270/285/36 267/282/36
f 246/261/33 266/281/33 265/280/33 244/259/33
f 171/171/37 174/174/37 269/284/37 270/285/37
f 186/188/38 185/187/38 264/279/38 262/277/38
f 211/213/39 187/189/39 268/283/39 263/278/39
f 158/158/10 196/198/10 199/201/10 159/159/10
f 179/179/7 231/238/7 206/208/7 226/232/7
f 180/180/7 179/179/7 226/232/7 271/286/7
f 150/150/7 149/149/7 252/267/7 249/264/7
f 230/237/7 272/287/7 255/270/7 207/209/7
f 149/149/7 200/202/7 257/272/7 252/267/7
f 272/287/7 150/150/7 249/264/7 255/270/7
f 231/238/7 230/237/7 207/209/7 206/208/7
f 200/202/7 180/180/7 271/286/7 257/272/7
f 273/288/7 152/289/7 151/290/7 274/291/7
f 181/292/7 201/293/7 152/289/7 273/288/7
f 182/294/7 181/292/7 273/288/7 232/295/7
f 232/295/7 273/288/7 274/291/7 233/296/7
f 231/238/11 179/179/11 182/182/11 232/239/11
f 180/180/5 200/202/5 201/203/5 181/181/5
f 150/150/8 272/287/8 274/297/8 151/151/8
f 272/287/8 230/237/8 233/240/8 274/297/8
f 176/176/3 175/175/3 195/197/3 164/164/3
f 275/298/11 235/242/11 247/262/11 251/266/11
f 276/299/5 277/300/5 254/269/5 253/268/5
f 278/301/11 275/298/11 251/266/11 256/271/11
f 239/248/11 218/221/11 258/273/11 244/259/11
f 196/198/3 158/158/3 245/260/3 259/274/3
f 218/221/11 217/220/11 260/275/11 258/273/11
f 197/199/3 196/198/3 259/274/3 261/276/3
f 158/158/3 157/157/3 186/188/3 245/260/3
f 191/193/5 279/302/5 246/261/5 262/277/5
f 202/204/5 276/299/5 253/268/5 248/263/5
f 145/145/5 192/194/5 264/279/5 263/278/5
f 277/300/5 280/303/5 250/265/5 254/269/5
f 235/242/11 234/241/11 265/280/11 247/262/11
f 203/205/5 202/204/5 248/263/5 266/281/5
f 161/161/5 146/146/5 268/283/5 267/282/5
f 280/303/5 281/304/5 269/284/5 250/265/5
f 280/303/3 277/300/3 282/305/3 283/306/3
f 284/307/5 161/161/5 267/282/5 270/285/5
f 279/302/5 203/205/5 266/281/5 246/261/5
f 234/241/11 239/248/11 244/259/11 265/280/11
f 281/304/5 284/307/5 270/285/5 269/284/5
f 192/194/5 191/193/5 262/277/5 264/279/5
f 146/146/5 145/145/5 263/278/5 268/283/5
f 157/157/3 176/176/3 164/164/3 186/188/3
f 177/308/3 199/309/3 198/310/3 178/311/3
f 285/312/11 286/313/11 220/314/11 219/315/11
f 160/316/3 159/317/3 199/309/3 177/308/3
f 236/318/11 287/319/11 285/312/11 237/320/11
f 282/321/5 223/226/5 162/229/5 288/322/5
f 204/228/5 147/245/5 162/229/5
f 287/319/11 289/323/11 286/313/11 285/312/11
f 148/324/5 147/245/5 194/247/5 193/325/5
f 237/320/11 285/312/11 219/315/11 240/326/11
f 288/322/5 290/327/5 283/328/5 282/321/5
f 235/242/3 275/298/3 287/329/3 236/243/3
f 284/307/40 281/304/40 290/330/40 288/331/40
f 281/304/11 280/303/11 283/306/11 290/330/11
f 279/302/41 191/193/41 194/196/41 238/332/41
f 176/176/11 157/157/11 160/160/11 177/177/11
f 277/300/3 276/299/3 223/333/3 282/305/3
f 276/299/3 202/204/3 205/207/3 223/333/3
f 275/298/3 278/301/3 289/334/3 287/329/3
f 161/161/42 284/307/42 288/331/42 162/162/42
f 192/194/11 145/145/11 148/148/11 193/195/11
f 218/221/7 239/248/7 240/249/7 219/222/7
f 203/205/10 279/302/10 238/332/10 204/206/10
f 291/335/8 292/336/8 293/337/8 294/338/8
f 295/339/5 296/340/5 297/341/5 298/342/5
f 293/337/7 292/336/7 298/342/7 297/341/7
f 294/338/10 293/337/10 297/341/10 296/340/10
f 291/335/3 294/338/3 296/340/3 295/339/3
f 292/336/11 291/335/11 295/339/11 298/342/11
f 299/343/9 300/344/9 301/345/9 302/346/9
f 303/347/10 304/348/10 305/349/10 306/350/10
f 307/351/7 156/156/7 155/155/7 308/352/7
f 309/353/5 310/354/5 311/355/5 312/356/5
f 302/346/11 301/345/11 313/357/11 314/358/11
f 315/359/43 316/360/43 317/361/43
f 166/166/10 170/170/10 318/362/10 319/363/10 320/364/10
f 321/365/44 322/366/44 323/367/44 324/368/44
f 175/175/11 178/178/11 325/369/11 326/370/11
f 327/371/8 328/372/8 329/373/8 330/374/8
f 318/375/3 170/185/3 183/184/3 316/360/3
f 317/361/14 331/376/14 332/377/14 333/378/14
f 334/379/10 335/380/10 336/381/10 337/382/10
f 338/383/15 339/384/15 340/385/15 341/386/15
f 316/360/3 183/184/3 195/197/3 317/361/3
f 342/387/10 343/388/10 198/200/10 197/199/10
f 344/389/10 345/390/10 304/348/10 303/347/10
f 315/359/14 317/361/14 333/378/14
f 346/391/10 347/392/10 348/393/10 349/394/10
f 350/395/7 351/396/7 352/397/7 353/398/7
f 332/377/10 354/399/10 355/400/10 333/378/10
f 354/399/16 334/379/16 337/382/16 356/401/16 355/400/16
f 357/402/10 358/403/10 359/404/10 360/405/10
f 307/406/45 336/381/45 324/368/45
f 217/220/7 220/223/7 361/407/7 362/408/7
f 363/409/18 308/352/18 155/155/18 222/225/18
f 222/225/10 166/166/10 320/364/10 363/409/10
f 322/366/46 357/402/46 360/405/46 323/367/46
f 364/410/8 313/411/8 348/412/8 347/413/8
f 323/367/3 360/405/3 225/231/3 224/230/3
f 226/232/7 227/233/7 351/396/7 350/395/7
f 359/404/10 228/234/10 225/231/10 360/405/10
f 229/235/10 156/236/10 307/406/10 324/368/10
f 365/414/11 366/415/11 367/416/11 368/417/11
f 369/418/5 370/419/5 371/420/5 372/421/5
f 324/368/20 336/381/20 335/380/20 321/365/20
f 324/368/47 323/367/47 224/230/47 229/235/47
f 301/422/8 339/423/8 373/424/8 348/412/8
f 374/425/5 375/426/5 370/419/5 369/418/5
f 376/427/8 377/428/8 320/364/8 319/363/8
f 316/429/8 315/430/8 376/427/8 319/363/8 318/362/8
f 307/406/43 378/431/43 356/401/43 337/382/43 336/381/43
f 355/432/48 356/433/48 378/434/48 377/428/48
f 376/427/23 315/430/23 333/435/23
f 376/427/49 333/435/49 355/432/49 377/428/49
f 378/434/8 307/351/8 308/352/8 363/409/8 320/364/8 377/428/8
f 379/436/50 380/437/50 381/438/50
f 382/439/51 383/440/51 384/441/51
f 385/442/52 352/397/52 358/403/52
f 386/443/28 387/444/28 383/440/28 382/439/28
f 388/445/53 389/446/53 353/398/53 390/447/53
f 256/271/28 257/272/28 387/444/28 386/443/28
f 379/436/30 381/438/30 391/448/30 392/449/30
f 392/449/30 391/448/30 261/276/30 260/275/30
f 381/438/54 380/437/54 393/450/54 331/376/54
f 384/441/53 383/440/53 389/446/53 388/445/53
f 332/377/55 394/451/55 395/452/55 354/399/55
f 390/447/53 353/398/53 352/397/53 385/442/53
f 382/439/56 384/441/56 396/453/56 397/454/56
f 398/455/55 335/380/55 334/379/55 399/456/55
f 351/396/34 359/404/34 358/403/34 352/397/34
f 227/233/34 228/234/34 359/404/34 351/396/34
f 357/402/55 400/457/55 385/442/55 358/403/55
f 322/366/57 400/457/57 357/402/57
f 335/380/58 398/455/58 401/458/58 321/365/58
f 380/437/56 379/436/56 397/454/56 396/453/56
f 321/365/59 401/458/59 400/457/59 322/366/59
f 331/376/60 393/450/60 394/451/60 332/377/60
f 354/399/61 395/452/61 399/456/61 334/379/61
f 312/356/10 311/355/10 343/388/10 342/387/10
f 327/371/7 226/232/7 350/395/7 368/417/7
f 330/374/7 271/286/7 226/232/7 327/371/7
f 306/350/7 383/440/7 387/444/7 303/347/7
f 365/414/7 353/398/7 389/446/7 402/459/7
f 303/347/7 387/444/7 257/272/7 344/389/7
f 402/459/7 389/446/7 383/440/7 306/350/7
f 368/417/7 350/395/7 353/398/7 365/414/7
f 344/389/7 257/272/7 271/286/7 330/374/7
f 403/460/7 404/461/7 305/462/7 304/463/7
f 329/464/7 403/460/7 304/463/7 345/465/7
f 328/466/7 367/467/7 403/460/7 329/464/7
f 367/467/7 366/468/7 404/461/7 403/460/7
f 368/417/11 367/416/11 328/372/11 327/371/11
f 330/374/8 329/373/8 345/390/8 344/389/8
f 306/350/5 305/349/5 404/469/5 402/459/5
f 402/459/5 404/469/5 366/415/5 365/414/5
f 326/370/3 317/361/3 195/197/3 175/175/3
f 405/470/11 386/443/11 382/439/11 372/421/11
f 406/471/8 388/445/8 390/447/8 407/472/8
f 278/301/11 256/271/11 386/443/11 405/470/11
f 374/425/11 379/436/11 392/449/11 362/408/11
f 342/387/3 391/448/3 381/438/3 312/356/3
f 362/408/11 392/449/11 260/275/11 217/220/11
f 197/199/3 261/276/3 391/448/3 342/387/3
f 312/356/3 381/438/3 331/376/3 309/353/3
f 338/383/8 393/450/8 380/437/8 408/473/8
f 346/391/8 384/441/8 388/445/8 406/471/8
f 299/343/8 395/452/8 394/451/8 341/386/8
f 407/472/8 390/447/8 385/442/8 409/474/8
f 372/421/11 382/439/11 397/454/11 369/418/11
f 349/394/8 396/453/8 384/441/8 346/391/8
f 314/358/8 398/455/8 399/456/8 302/346/8
f 409/474/8 385/442/8 400/457/8 410/475/8
f 409/474/3 411/476/3 412/477/3 407/472/3
f 413/478/8 401/458/8 398/455/8 314/358/8
f 408/473/8 380/437/8 396/453/8 349/394/8
f 369/418/11 397/454/11 379/436/11 374/425/11
f 410/475/8 400/457/8 401/458/8 413/478/8
f 341/386/8 394/451/8 393/450/8 338/383/8
f 302/346/8 399/456/8 395/452/8 299/343/8
f 309/353/3 331/376/3 317/361/3 326/370/3
f 325/479/3 178/311/3 198/310/3 343/480/3
f 414/481/11 361/482/11 220/314/11 286/313/11
f 310/483/3 325/479/3 343/480/3 311/484/3
f 371/485/11 370/486/11 414/481/11 415/487/11
f 412/488/8 416/489/8 313/411/8 364/410/8
f 348/412/8 313/411/8 301/422/8
f 415/487/11 414/481/11 286/313/11 289/323/11
f 300/490/8 340/491/8 339/423/8 301/422/8
f 370/486/11 375/492/11 361/482/11 414/481/11
f 416/489/8 412/488/8 411/493/8 417/494/8
f 372/421/3 371/420/3 415/495/3 405/470/3
f 413/478/40 416/496/40 417/497/40 410/475/40
f 410/475/11 417/497/11 411/476/11 409/474/11
f 408/473/41 373/498/41 339/384/41 338/383/41
f 326/370/11 325/369/11 310/354/11 309/353/11
f 407/472/3 412/477/3 364/499/3 406/471/3
f 406/471/3 364/499/3 347/392/3 346/391/3
f 405/470/3 415/495/3 289/334/3 278/301/3
f 314/358/42 313/357/42 416/496/42 413/478/42
f 341/386/11 340/385/11 300/344/11 299/343/11
f 362/408/7 361/407/7 375/426/7 374/425/7
f 349/394/10 348/393/10 373/498/10 408/473/10
f 418/500/5 419/501/5 420/502/5 421/503/5
f 422/504/8 423/505/8 424/506/8 425/507/8
f 420/502/7 424/506/7 423/505/7 421/503/7
f 419/501/10 425/507/10 424/506/10 420/502/10
f 418/500/3 422/504/3 425/507/3 419/501/3
f 421/503/11 423/505/11 422/504/11 418/500/11
f 426/508/1 427/509/1 428/510/1 429/511/1
f 429/511/2 428/510/2 430/512/2 431/513/2
f 431/513/3 430/512/3 432/514/3 433/515/3
f 433/515/4 432/514/4 434/516/4 435/517/4
f 428/510/5 427/509/5 436/518/5 434/516/5 432/514/5 430/512/5
f 435/517/6 434/516/6 436/518/6 437/519/6
f 437/519/7 436/518/7 427/509/7 426/508/7
f 438/520/2 439/521/2 440/522/2 441/523/2
f 441/523/3 440/522/3 442/524/3 443/525/3
f 443/525/4 442/524/4 444/526/4 445/527/4
f 445/527/6 444/526/6 446/528/6 447/529/6
f 440/522/5 439/521/5 448/530/5 446/528/5 444/526/5 442/524/5
f 447/529/7 446/528/7 448/530/7 449/531/7
f 449/531/1 448/530/1 439/521/1 438/520/1
f 450/532/3 451/533/3 452/534/3 453/535/3
f 453/535/4 452/534/4 454/536/4 455/537/4
f 455/537/6 454/536/6 456/538/6 457/539/6
f 457/539/7 456/538/7 458/540/7 459/541/7
f 452/534/5 451/533/5 460/542/5 458/540/5 456/538/5 454/536/5
f 459/541/1 458/540/1 460/542/1 461/543/1
f 461/543/2 460/542/2 451/533/2 450/532/2
f 462/544/4 463/545/4 464/546/4 465/547/4
f 465/547/6 464/546/6 466/548/6 467/549/6
f 467/549/7 466/548/7 468/550/7 469/551/7
f 469/551/1 468/550/1 470/552/1 471/553/1
f 464/546/5 463/545/5 472/554/5 470/552/5 468/550/5 466/548/5
f 471/553/2 470/552/2 472/554/2 473/555/2
f 473/555/3 472/554/3 463/545/3 462/544/3
f 474/556/6 475/557/6 476/558/6 477/559/6
f 477/559/7 476/558/7 478/560/7 479/561/7
f 479/561/1 478/560/1 480/562/1 481/563/1
f 481/563/2 480/562/2 482/564/2 483/565/2
f 476/558/5 475/557/5 484/566/5 482/564/5 480/562/5 478/560/5
f 483/565/3 482/564/3 484/566/3 485/567/3
f 485/567/4 484/566/4 475/557/4 474/556/4
f 486/568/7 487/569/7 488/570/7 489/571/7
f 489/571/1 488/570/1 490/572/1 491/573/1
f 491/573/2 490/572/2 492/574/2 493/575/2
f 493/575/3 492/574/3 494/576/3 495/577/3
f 488/570/5 487/569/5 496/578/5 494/576/5 492/574/5 490/572/5
f 495/577/4 494/576/4 496/578/4 497/579/4
f 497/579/6 496/578/6 487/569/6 486/568/6
f 498/580/1 499/581/1 500/582/1 501/583/1
f 499/581/2 502/584/2 503/585/2 500/582/2
f 502/584/3 504/586/3 505/587/3 503/585/3
f 504/586/4 506/588/4 507/589/4 505/587/4
f 500/582/8 503/585/8 505/587/8 507/589/8 508/590/8 501/583/8
f 506/588/6 509/591/6 508/590/6 507/589/6
f 509/591/7 498/580/7 501/583/7 508/590/7
f 510/592/2 511/593/2 512/594/2 513/595/2
f 511/593/3 514/596/3 515/597/3 512/594/3
f 514/596/4 516/598/4 517/599/4 515/597/4
f 516/598/6 518/600/6 519/601/6 517/599/6
f 512/594/8 515/597/8 517/599/8 519/601/8 520/602/8 513/595/8
f 518/600/7 521/603/7 520/602/7 519/601/7
f 521/603/1 510/592/1 513/595/1 520/602/1
f 522/604/3 523/605/3 524/606/3 525/607/3
f 523/605/4 526/608/4 527/609/4 524/606/4
f 526/608/6 528/610/6 529/611/6 527/609/6
f 528/610/7 530/612/7 531/613/7 529/611/7
f 524/606/8 527/609/8 529/611/8 531/613/8 532/614/8 525/607/8
f 530/612/1 533/615/1 532/614/1 531/613/1
f 533/615/2 522/604/2 525/607/2 532/614/2
f 534/616/4 535/617/4 536/618/4 537/619/4
f 535/617/6 538/620/6 539/621/6 536/618/6
f 538/620/7 540/622/7 541/623/7 539/621/7
f 540/622/1 542/624/1 543/625/1 541/623/1
f 536/618/8 539/621/8 541/623/8 543/625/8 544/626/8 537/619/8
f 542/624/2 545/627/2 544/626/2 543/625/2
f 545/627/3 534/616/3 537/619/3 544/626/3
f 546/628/6 547/629/6 548/630/6 549/631/6
f 547/629/7 550/632/7 551/633/7 548/630/7
f 550/632/1 552/634/1 553/635/1 551/633/1
f 552/634/2 554/636/2 555/637/2 553/635/2
f 548/630/8 551/633/8 553/635/8 555/637/8 556/638/8 549/631/8
f 554/636/3 557/639/3 556/638/3 555/637/3
f 557/639/4 546/628/4 549/631/4 556/638/4
f 558/640/7 559/641/7 560/642/7 561/643/7
f 559/641/1 562/644/1 563/645/1 560/642/1
f 562/644/2 564/646/2 565/647/2 563/645/2
f 564/646/3 566/648/3 567/649/3 565/647/3
f 560/642/8 563/645/8 565/647/8 567/649/8 568/650/8 561/643/8
f 566/648/4 569/651/4 568/650/4 567/649/4
f 569/651/6 558/640/6 561/643/6 568/650/6
f 570/652/3 571/653/3 572/654/3 573/655/3 574/656/3 575/657/3
f 576/658/10 577/659/10 578/660/10 570/652/10 575/657/10
f 579/661/62 580/662/62 581/663/62 582/664/62
f 571/653/63 570/652/63 583/665/63 584/666/63
f 574/656/64 573/655/64 585/667/64 586/668/64
f 572/654/65 587/669/65 588/670/65 585/667/65 573/655/65
f 579/661/11 587/669/11 572/654/11 571/653/11 584/666/11
f 586/668/66 576/658/66 575/657/66 574/656/66
f 589/671/5 590/672/5 580/662/5 579/661/5 584/666/5 583/665/5
f 580/662/67 590/672/67 591/673/67 581/663/67
f 591/673/68 578/660/68 577/659/68
f 589/671/69 578/660/69 591/673/69 590/672/69
f 570/652/10 578/660/10 589/671/10 583/665/10
f 592/674/3 593/675/3 594/676/3 595/677/3 596/678/3 597/679/3
f 598/680/10 593/675/10 592/674/10 599/681/10 600/682/10
f 601/683/62 602/684/62 603/685/62 604/686/62
f 597/679/70 605/687/70 606/688/70 592/674/70
f 594/676/71 607/689/71 608/690/71 595/677/71
f 596/678/72 595/677/72 608/690/72 609/691/72 610/692/72
f 601/683/11 605/687/11 597/679/11 596/678/11 610/692/11
f 607/689/73 594/676/73 593/675/73 598/680/73
f 611/693/8 606/688/8 605/687/8 601/683/8 604/686/8 612/694/8
f 604/686/67 603/685/67 613/695/67 612/694/67
f 613/695/74 600/682/74 599/681/74
f 611/693/69 612/694/69 613/695/69 599/681/69
f 592/674/10 606/688/10 611/693/10 599/681/10
f 614/696/1 615/697/1 616/698/1 617/699/1
f 617/699/2 616/698/2 618/700/2 619/701/2
f 619/701/3 618/700/3 620/702/3 621/703/3
f 621/703/4 620/702/4 622/704/4 623/705/4
f 616/698/5 615/697/5 624/706/5 622/704/5 620/702/5 618/700/5
f 623/705/6 622/704/6 624/706/6 625/707/6
f 625/707/7 624/706/7 615/697/7 614/696/7
f 626/708/2 627/709/2 628/710/2 629/711/2
f 629/711/3 628/710/3 630/712/3 631/713/3
f 631/713/4 630/712/4 632/714/4 633/715/4
f 633/715/6 632/714/6 634/716/6 635/717/6
f 628/710/5 627/709/5 636/718/5 634/716/5 632/714/5 630/712/5
f 635/717/7 634/716/7 636/718/7 637/719/7
f 637/719/1 636/718/1 627/709/1 626/708/1
f 638/720/3 639/721/3 640/722/3 641/723/3
f 641/723/4 640/722/4 642/724/4 643/725/4
f 643/725/6 642/724/6 644/726/6 645/727/6
f 645/727/7 644/726/7 646/728/7 647/729/7
f 640/722/5 639/721/5 648/730/5 646/728/5 644/726/5 642/724/5
f 647/729/1 646/728/1 648/730/1 649/731/1
f 649/731/2 648/730/2 639/721/2 638/720/2
f 650/732/4 651/733/4 652/734/4 653/735/4
f 653/735/6 652/734/6 654/736/6 655/737/6
f 655/737/7 654/736/7 656/738/7 657/739/7
f 657/739/1 656/738/1 658/740/1 659/741/1
f 652/734/5 651/733/5 660/742/5 658/740/5 656/738/5 654/736/5
f 659/741/2 658/740/2 660/742/2 661/743/2
f 661/743/3 660/742/3 651/733/3 650/732/3
f 662/744/6 663/745/6 664/746/6 665/747/6
f 665/747/7 664/746/7 666/748/7 667/749/7
f 667/749/1 666/748/1 668/750/1 669/751/1
f 669/751/2 668/750/2 670/752/2 671/753/2
f 664/746/5 663/745/5 672/754/5 670/752/5 668/750/5 666/748/5
f 671/753/3 670/752/3 672/754/3 673/755/3
f 673/755/4 672/754/4 663/745/4 662/744/4
f 674/756/7 675/757/7 676/758/7 677/759/7
f 677/759/1 676/758/1 678/760/1 679/761/1
f 679/761/2 678/760/2 680/762/2 681/763/2
f 681/763/3 680/762/3 682/764/3 683/765/3
f 676/758/5 675/757/5 684/766/5 682/764/5 680/762/5 678/760/5
f 683/765/4 682/764/4 684/766/4 685/767/4
f 685/767/6 684/766/6 675/757/6 674/756/6
f 686/768/1 687/769/1 688/770/1 689/771/1
f 687/769/2 690/772/2 691/773/2 688/770/2
f 690/772/3 692/774/3 693/775/3 691/773/3
f 692/774/4 694/776/4 695/777/4 693/775/4
f 688/770/8 691/773/8 693/775/8 695/777/8 696/778/8 689/771/8
f 694/776/6 697/779/6 696/778/6 695/777/6
f 697/779/7 686/768/7 689/771/7 696/778/7
f 698/780/2 699/781/2 700/782/2 701/783/2
f 699/781/3 702/784/3 703/785/3 700/782/3
f 702/784/4 704/786/4 705/787/4 703/785/4
f 704/786/6 706/788/6 707/789/6 705/787/6
f 700/782/8 703/785/8 705/787/8 707/789/8 708/790/8 701/783/8
f 706/788/7 709/791/7 708/790/7 707/789/7
f 709/791/1 698/780/1 701/783/1 708/790/1
f 710/792/3 711/793/3 712/794/3 713/795/3
f 711/793/4 714/796/4 715/797/4 712/794/4
f 714/796/6 716/798/6 717/799/6 715/797/6
f 716/798/7 718/800/7 719/801/7 717/799/7
f 712/794/8 715/797/8 717/799/8 719/801/8 720/802/8 713/795/8
f 718/800/1 721/803/1 720/802/1 719/801/1
f 721/803/2 710/792/2 713/795/2 720/802/2
f 722/804/4 723/805/4 724/806/4 725/807/4
f 723/805/6 726/808/6 727/809/6 724/806/6
f 726/808/7 728/810/7 729/811/7 727/809/7
f 728/810/1 730/812/1 731/813/1 729/811/1
f 724/806/8 727/809/8 729/811/8 731/813/8 732/814/8 725/807/8
f 730/812/2 733/815/2 732/814/2 731/813/2
f 733/815/3 722/804/3 725/807/3 732/814/3
f 734/816/6 735/817/6 736/818/6 737/819/6
f 735/817/7 738/820/7 739/821/7 736/818/7
f 738/820/1 740/822/1 741/823/1 739/821/1
f 740/822/2 742/824/2 743/825/2 741/823/2
f 736/818/8 739/821/8 741/823/8 743/825/8 744/826/8 737/819/8
f 742/824/3 745/827/3 744/826/3 743/825/3
f 745/827/4 734/816/4 737/819/4 744/826/4
f 746/828/7 747/829/7 748/830/7 749/831/7
f 747/829/1 750/832/1 751/833/1 748/830/1
f 750/832/2 752/834/2 753/835/2 751/833/2
f 752/834/3 754/836/3 755/837/3 753/835/3
f 748/830/8 751/833/8 753/835/8 755/837/8 756/838/8 749/831/8
f 754/836/4 757/839/4 756/838/4 755/837/4
f 757/839/6 746/828/6 749/831/6 756/838/6
f 758/840/3 759/841/3 760/842/3 761/843/3
f 762/844/7 763/845/7 764/846/7 765/847/7 766/848/7 767/849/7
f 764/846/11 763/845/11 768/850/11 769/851/11
f 766/848/75 765/847/75 770/852/75 771/853/75
f 772/854/3 773/855/3 771/853/3 770/852/3
f 774/856/3 775/857/3 776/858/3 777/859/3
f 778/860/10 779/861/10 777/859/10 776/858/10
f 780/862/75 781/863/75 782/864/75 783/865/75
f 784/866/76 785/867/76 786/868/76 787/869/76
f 778/860/7 762/844/7 767/849/7 781/863/7 780/862/7 779/861/7
f 788/870/3 789/871/3 761/843/3 760/842/3
f 789/871/10 788/870/10 790/872/10 791/873/10
f 792/874/3 793/875/3 769/851/3 768/850/3
f 794/876/3 795/877/3 796/878/3 797/879/3 798/880/3 799/881/3
f 766/848/7 781/863/7 767/849/7
f 771/853/3 761/843/3 782/864/3
f 777/859/77 779/861/77 780/862/77 783/865/77
f 764/846/78 769/851/78 770/852/78 765/847/78
f 766/848/75 771/853/75 782/864/75 781/863/75
f 772/854/3 770/852/3 769/851/3 793/875/3
f 758/840/3 761/843/3 771/853/3 773/855/3
f 761/843/3 789/871/3 785/867/3 782/864/3
f 774/856/3 777/859/3 783/865/3 784/866/3
f 785/867/3 784/866/3 783/865/3 782/864/3
f 800/882/3 787/883/3 786/884/3 791/885/3 790/886/3 801/887/3
f 759/841/11 758/840/11 794/888/11 799/889/11
f 774/856/79 784/866/79 787/869/79 800/890/79
f 773/855/76 772/854/76 796/891/76 795/892/76
f 758/840/80 773/855/80 795/892/80 794/888/80
f 793/875/10 792/874/10 798/893/10 797/894/10
f 772/854/81 793/875/81 797/894/81 796/891/81
f 785/867/82 789/871/82 791/873/82 786/868/82
f 775/857/11 774/856/11 800/890/11 801/895/11
f 802/896/3 803/897/3 760/842/3 759/841/3
f 762/844/7 804/898/7 805/899/7 806/900/7 807/901/7 763/845/7
f 807/901/11 808/902/11 768/850/11 763/845/11
f 805/899/83 809/903/83 810/904/83 806/900/83
f 811/905/3 810/904/3 809/903/3 812/906/3
f 813/907/3 814/908/3 776/858/3 775/857/3
f 778/860/10 776/858/10 814/908/10 815/909/10
f 816/910/83 817/911/83 818/912/83 819/913/83
f 820/914/84 821/915/84 822/916/84 823/917/84
f 778/860/7 815/909/7 816/910/7 819/913/7 804/898/7 762/844/7
f 788/870/3 760/842/3 803/897/3 824/918/3
f 824/918/10 825/919/10 790/872/10 788/870/10
f 792/874/3 768/850/3 808/902/3 826/920/3
f 827/921/3 799/881/3 798/880/3 828/922/3 829/923/3 830/924/3
f 805/899/7 804/898/7 819/913/7
f 809/903/3 818/912/3 803/897/3
f 814/908/85 817/911/85 816/910/85 815/909/85
f 807/901/86 806/900/86 810/904/86 808/902/86
f 805/899/83 819/913/83 818/912/83 809/903/83
f 811/905/3 826/920/3 808/902/3 810/904/3
f 802/896/3 812/906/3 809/903/3 803/897/3
f 803/897/3 818/912/3 823/917/3 824/918/3
f 813/907/3 820/914/3 817/911/3 814/908/3
f 823/917/3 818/912/3 817/911/3 820/914/3
f 831/925/3 801/887/3 790/886/3 825/926/3 822/927/3 821/928/3
f 759/841/11 799/889/11 827/929/11 802/896/11
f 813/907/87 831/930/87 821/915/87 820/914/87
f 812/906/84 830/931/84 829/932/84 811/905/84
f 802/896/88 827/929/88 830/931/88 812/906/88
f 826/920/10 828/933/10 798/893/10 792/874/10
f 811/905/89 829/932/89 828/933/89 826/920/89
f 823/917/90 822/916/90 825/919/90 824/918/90
f 775/857/11 801/895/11 831/930/11 813/907/11
f 832/934/91 833/935/91 834/936/91 835/937/91
f 836/938/92 837/939/92 838/940/92 839/941/92
f 840/942/93 841/943/93 842/944/93 843/945/93
f 844/946/94 845/947/94 833/935/94 832/934/94
f 846/948/95 840/942/95 843/945/95 844/946/95
f 847/949/96 834/936/96 833/935/96 845/947/96
f 841/943/97 847/949/97 845/947/97 842/944/97
f 835/937/98 846/948/98 844/946/98 832/934/98
f 843/945/99 842/944/99 845/947/99 844/946/99
f 848/950/100 849/951/100 850/952/100 851/953/100
f 852/954/101 853/955/101 835/937/101 834/936/101
f 853/955/102 849/951/102 846/948/102 835/937/102
f 837/939/103 836/938/103 847/949/103 841/943/103
f 848/950/104 837/939/104 841/943/104 840/942/104
f 849/951/105 848/950/105 840/942/105 846/948/105
f 836/938/106 852/954/106 834/936/106 847/949/106
f 850/956/107 839/957/107 838/958/107 851/959/107
f 854/960/108 855/961/108 839/957/108 850/956/108
f 853/955/109 852/954/109 855/962/109 854/963/109
f 852/954/110 836/938/110 839/941/110 855/962/110
f 837/939/111 848/950/111 851/953/111 838/940/111
f 849/951/112 853/955/112 854/963/112 850/952/112
f 856/964/113 857/965/113 858/966/113 859/967/113
f 860/968/114 861/969/114 862/970/114 863/971/114
f 864/972/115 865/973/115 866/974/115 867/975/115
f 868/976/116 856/964/116 859/967/116 869/977/116
f 870/978/117 868/976/117 865/973/117 864/972/117
f 871/979/118 869/977/118 859/967/118 858/966/118
f 867/975/119 866/974/119 869/977/119 871/979/119
f 857/965/120 856/964/120 868/976/120 870/978/120
f 865/973/121 868/976/121 869/977/121 866/974/121
f 872/980/122 873/981/122 874/982/122 875/983/122
f 876/984/123 858/966/123 857/965/123 877/985/123
f 877/985/124 857/965/124 870/978/124 875/983/124
f 863/971/125 867/975/125 871/979/125 860/968/125
f 872/980/126 864/972/126 867/975/126 863/971/126
f 875/983/127 870/978/127 864/972/127 872/980/127
f 860/968/128 871/979/128 858/966/128 876/984/128
f 874/986/129 873/987/129 862/988/129 861/989/129
f 878/990/130 874/986/130 861/989/130 879/991/130
f 877/985/131 878/992/131 879/993/131 876/984/131
f 876/984/132 879/993/132 861/969/132 860/968/132
f 863/971/133 862/970/133 873/981/133 872/980/133
f 875/983/134 874/982/134 878/992/134 877/985/134
f 880/994/7 881/995/7 882/996/7 883/997/7
f 884/998/135 885/999/135 886/1000/135 887/1001/135
f 880/994/10 883/997/10 885/999/10 888/1002/10
f 882/996/11 881/995/11 889/1003/11 884/998/11
f 885/999/3 884/998/3 889/1003/3 888/1002/3
f 890/1004/136 891/1005/136 887/1001/136 886/1000/136
f 885/999/137 883/997/137 890/1004/137 886/1000/137
f 882/996/138 884/998/138 887/1001/138 891/1005/138
f 883/997/139 882/996/139 891/1005/139 890/1004/139
f 880/994/7 892/1006/7 893/1007/7 881/995/7
f 894/1008/140 895/1009/140 896/1010/140 897/1011/140
f 880/994/10 888/1002/10 897/1011/10 892/1006/10
f 893/1007/11 894/1008/11 889/1003/11 881/995/11
f 897/1011/3 888/1002/3 889/1003/3 894/1008/3
f 898/1012/141 896/1010/141 895/1009/141 899/1013/141
f 897/1011/142 896/1010/142 898/1012/142 892/1006/142
f 893/1007/143 899/1013/143 895/1009/143 894/1008/143
f 892/1006/144 898/1012/144 899/1013/144 893/1007/144
f 900/1014/145 901/1015/145 902/1016/145 903/1017/145
f 903/1017/146 902/1016/146 904/1018/146 905/1019/146
f 905/1019/147 904/1018/147 906/1020/147 907/1021/147
f 907/1021/148 906/1020/148 901/1015/148 900/1014/148
f 908/1022/10 909/1023/10 910/1024/10 911/1025/10
f 904/1018/149 902/1016/149 901/1015/149 906/1020/149
f 910/1024/150 912/1026/150 913/1027/150 911/1025/150
f 909/1023/151 914/1028/151 912/1026/151 910/1024/151
f 908/1022/152 915/1029/152 914/1028/152 909/1023/152
f 911/1025/153 913/1027/153 915/1029/153 908/1022/153
f 912/1026/154 907/1030/154 900/1031/154 913/1027/154
f 914/1028/155 905/1032/155 907/1030/155 912/1026/155
f 915/1029/156 903/1033/156 905/1032/156 914/1028/156
f 913/1027/157 900/1031/157 903/1033/157 915/1029/157
f 916/1034/158 917/1035/158 918/1036/158 919/1037/158
f 920/1038/159 917/1035/159 921/1039/159 922/1040/159
f 923/1041/160 924/1042/160 925/1043/160
f 924/1042/161 923/1041/161 916/1034/161 926/1044/161
f 920/1038/162 922/1040/162 924/1042/162 926/1044/162
f 921/1039/163 917/1035/163 916/1034/163 923/1041/163
f 927/1045/164 919/1037/164 918/1036/164 928/1046/164
f 920/1038/165 926/1044/165 927/1045/165 928/1046/165
f 917/1035/166 920/1038/166 928/1046/166 918/1036/166
f 926/1044/167 916/1034/167 919/1037/167 927/1045/167
f 921/1039/168 923/1041/168 925/1043/168 929/1047/168
f 922/1040/169 921/1039/169 929/1047/169
f 930/1048/158 931/1049/158 932/1050/158 933/1051/158
f 934/1052/159 931/1049/159 935/1053/159 936/1054/159
f 937/1055/160 938/1056/160 939/1057/160
f 938/1056/161 937/1055/161 930/1048/161 940/1058/161
f 934/1052/162 936/1054/162 938/1056/162 940/1058/162
f 935/1053/163 931/1049/163 930/1048/163 937/1055/163
f 941/1059/170 933/1051/170 932/1050/170 942/1060/170
f 934/1052/165 940/1058/165 941/1059/165 942/1060/165
f 931/1049/166 934/1052/166 942/1060/166 932/1050/166
f 940/1058/167 930/1048/167 933/1051/167 941/1059/167
f 935/1053/168 937/1055/168 939/1057/168 943/1061/168
f 936/1054/169 935/1053/169 943/1061/169
f 944/1062/8 945/1063/8 946/1064/8 947/1065/8
f 947/1065/7 946/1064/7 948/1066/7 949/1067/7
f 949/1067/5 948/1066/5 950/1068/5 951/1069/5
f 951/1069/3 950/1068/3 945/1063/3 944/1062/3
f 947/1065/10 949/1067/10 951/1069/10 944/1062/10
f 948/1066/11 946/1064/11 945/1063/11 950/1068/11
f 952/1070/3 953/1071/3 954/1072/3 955/1073/3
f 956/1074/144 957/1075/144 958/1076/144 959/1077/144
f 952/1070/10 960/1078/10 959/1077/10 953/1071/10
f 954/1072/11 956/1074/11 961/1079/11 955/1073/11
f 959/1077/7 960/1078/7 961/1079/7 956/1074/7
f 962/1080/171 958/1076/171 957/1075/171 963/1081/171
f 959/1077/172 958/1076/172 962/1080/172 953/1071/172
f 954/1072/173 963/1081/173 957/1075/173 956/1074/173
f 953/1071/140 962/1080/140 963/1081/140 954/1072/140
f 952/1070/3 955/1073/3 964/1082/3 965/1083/3
f 966/1084/139 967/1085/139 968/1086/139 969/1087/139
f 952/1070/10 965/1083/10 967/1085/10 960/1078/10
f 964/1082/11 955/1073/11 961/1079/11 966/1084/11
f 967/1085/7 966/1084/7 961/1079/7 960/1078/7
f 970/1088/174 971/1089/174 969/1087/174 968/1086/174
f 967/1085/175 965/1083/175 970/1088/175 968/1086/175
f 964/1082/176 966/1084/176 969/1087/176 971/1089/176
f 965/1083/135 964/1082/135 971/1089/135 970/1088/135
f 972/1090/8 973/1091/8 974/1092/8 975/1093/8
f 973/1091/3 976/1094/3 977/1095/3 974/1092/3
f 976/1094/5 978/1096/5 979/1097/5 977/1095/5
f 978/1096/7 972/1090/7 975/1093/7 979/1097/7
f 973/1091/10 972/1090/10 978/1096/10 976/1094/10
f 977/1095/11 979/1097/11 975/1093/11 974/1092/11
f 980/1098/177 981/1099/177 982/1100/177 983/1101/177
f 983/1101/5 982/1100/5 984/1102/5 985/1103/5
f 985/1103/178 984/1102/178 986/1104/178 987/1105/178
f 987/1105/179 986/1104/179 988/1106/179 989/1107/179
f 982/1100/11 981/1099/11 990/1108/11 988/1106/11 986/1104/11 984/1102/11
f 989/1107/8 988/1106/8 990/1108/8 991/1109/8
f 991/1109/180 990/1108/180 981/1099/180 980/1098/180
f 980/1098/10 983/1101/10 985/1103/10 987/1105/10 989/1107/10 991/1109/10
f 992/1110/180 993/1111/180 994/1112/180 995/1113/180
f 993/1111/8 996/1114/8 997/1115/8 994/1112/8
f 996/1114/179 998/1116/179 999/1117/179 997/1115/179
f 998/1116/181 1000/1118/181 1001/1119/181 999/1117/181
f 994/1112/11 997/1115/11 999/1117/11 1001/1119/11 1002/1120/11 995/1113/11
f 1000/1118/5 1003/1121/5 1002/1120/5 1001/1119/5
f 1003/1121/177 992/1110/177 995/1113/177 1002/1120/177
f 992/1110/10 1003/1121/10 1000/1118/10 998/1116/10 996/1114/10 993/1111/10
f 1004/1122/8 1005/1123/8 1006/1124/8 1007/1125/8
f 1005/1123/3 1008/1126/3 1009/1127/3 1006/1124/3
f 1008/1126/5 1010/1128/5 1011/1129/5 1009/1127/5
f 1010/1128/7 1004/1122/7 1007/1125/7 1011/1129/7
f 1005/1123/10 1004/1122/10 1010/1128/10 1008/1126/10
f 1009/1127/11 1011/1129/11 1007/1125/11 1006/1124/11
f 1012/1130/5 1013/1131/5 1014/1132/5 1015/1133/5
f 1015/1133/3 1014/1132/3 1016/1134/3 1017/1135/3
f 1017/1135/8 1016/1134/8 1018/1136/8 1019/1137/8
f 1019/1137/7 1018/1136/7 1013/1131/7 1012/1130/7
f 1015/1133/10 1017/1135/10 1019/1137/10 1012/1130/10
f 1016/1134/11 1014/1132/11 1013/1131/11 1018/1136/11
f 1020/1138/8 1021/1139/8 1022/1140/8 1023/1141/8
f 1023/1141/182 1022/1140/182 1024/1142/182 1025/1143/182
f 1025/1143/5 1024/1142/5 1026/1144/5 1027/1145/5
f 1027/1145/183 1026/1144/183 1021/1139/183 1020/1138/183
f 1023/1141/184 1025/1143/184 1027/1145/184 1020/1138/184
f 1024/1142/185 1022/1140/185 1021/1139/185 1026/1144/185
f 1028/1146/5 1029/1147/5 1030/1148/5 1031/1149/5
f 1029/1147/182 1032/1150/182 1033/1151/182 1030/1148/182
f 1032/1150/8 1034/1152/8 1035/1153/8 1033/1151/8
f 1034/1152/183 1028/1146/183 1031/1149/183 1035/1153/183
f 1029/1147/186 1028/1146/186 1034/1152/186 1032/1150/186
f 1033/1151/185 1035/1153/185 1031/1149/185 1030/1148/185
f 1036/1154/3 1037/1155/3 1038/1156/3 1039/1157/3 1040/1158/3
f 1039/1157/64 1038/1156/64 1041/1159/64 1042/1160/64
f 1043/1161/63 1037/1155/63 1036/1154/63 1044/1162/63
f 1045/1163/5 1046/1164/5 1047/1165/5 1048/1166/5 1043/1161/5 1044/1162/5
f 1048/1166/11 1049/1167/11 1037/1155/11 1043/1161/11
f 1037/1155/11 1049/1167/11 1050/1168/11 1041/1159/11 1038/1156/11
f 1047/1165/187 1046/1164/187 1051/1169/187 1052/1170/187
f 1042/1160/188 1053/1171/188 1040/1158/188 1039/1157/188
f 1053/1171/10 1054/1172/10 1055/1173/10 1036/1154/10 1040/1158/10
f 1051/1169/189 1055/1173/189 1054/1172/189
f 1049/1167/190 1052/1170/190 1050/1168/190
f 1045/1163/69 1055/1173/69 1051/1169/69 1046/1164/69
f 1049/1167/191 1048/1166/191 1047/1165/191 1052/1170/191
f 1036/1154/10 1055/1173/10 1045/1163/10 1044/1162/10
f 1056/1174/3 1057/1175/3 1058/1176/3 1059/1177/3 1060/1178/3
f 1058/1176/71 1061/1179/71 1062/1180/71 1059/1177/71
f 1063/1181/70 1064/1182/70 1056/1174/70 1060/1178/70
f 1065/1183/8 1064/1182/8 1063/1181/8 1066/1184/8 1067/1185/8 1068/1186/8
f 1066/1184/11 1063/1181/11 1060/1178/11 1069/1187/11
f 1060/1178/11 1059/1177/11 1062/1180/11 1070/1188/11 1069/1187/11
f 1067/1185/187 1071/1189/187 1072/1190/187 1068/1186/187
f 1061/1179/73 1058/1176/73 1057/1175/73 1073/1191/73
f 1073/1191/10 1057/1175/10 1056/1174/10 1074/1192/10 1075/1193/10
f 1072/1190/192 1075/1193/192 1074/1192/192
f 1069/1187/193 1070/1188/193 1071/1189/193
f 1065/1183/69 1068/1186/69 1072/1190/69 1074/1192/69
f 1069/1187/191 1071/1189/191 1067/1185/191 1066/1184/191
f 1056/1174/10 1064/1182/10 1065/1183/10 1074/1192/10
f 1076/1194/7 1077/1195/7 1078/1196/7 1079/1197/7
f 1079/1197/194 1078/1196/194 1080/1198/194 1081/1199/194
f 1081/1199/3 1080/1198/3 1082/1200/3 1083/1201/3
f 1076/1194/10 1079/1197/10 1081/1199/10 1083/1201/10
f 1078/1196/11 1077/1195/11 1082/1200/11 1080/1198/11
f 1084/1202/7 1085/1203/7 1086/1204/7 1087/1205/7
f 1085/1203/195 1088/1206/195 1089/1207/195 1086/1204/195
f 1088/1206/3 1090/1208/3 1091/1209/3 1089/1207/3
f 1084/1202/10 1090/1208/10 1088/1206/10 1085/1203/10
f 1086/1204/11 1089/1207/11 1091/1209/11 1087/1205/11
s 1
f 1122/1210/196 1123/1211/197 1124/1212/198 1125/1213/199
f 1126/1214/200 1127/1215/201 1128/1216/202 1129/1217/203
f 1129/1217/203 1128/1216/202 1130/1218/204 1131/1219/205
f 1131/1219/205 1130/1218/204 1132/1220/206 1133/1221/207
f 1133/1221/207 1132/1220/206 1134/1222/208 1135/1223/209
f 1135/1223/209 1134/1222/208 1136/1224/210 1137/1225/211
f 1137/1225/211 1136/1224/210 1138/1226/212 1139/1227/213
f 1139/1227/213 1138/1226/212 1140/1228/214 1141/1229/215
f 1141/1229/215 1140/1228/214 1142/1230/216 1143/1231/217
f 1143/1231/217 1142/1230/216 1144/1232/218 1145/1233/219
f 1145/1233/219 1144/1232/218 1146/1234/220 1147/1235/221
f 1147/1235/221 1146/1234/220 1148/1236/222 1149/1237/223
f 1149/1237/223 1148/1236/222 1150/1238/224 1151/1239/225
f 1151/1239/225 1150/1238/224 1152/1240/226 1153/1241/227
f 1153/1241/227 1152/1240/226 1154/1242/228 1155/1243/229
f 1155/1243/229 1154/1242/228 1156/1244/230 1157/1245/231
f 1157/1245/231 1156/1244/230 1158/1246/232 1159/1247/233
f 1159/1247/233 1158/1246/232 1160/1248/234 1161/1249/235
f 1161/1249/235 1160/1248/234 1162/1250/236 1163/1251/237
f 1163/1251/237 1162/1250/236 1164/1252/238 1165/1253/239
f 1165/1253/239 1164/1252/238 1166/1254/240 1167/1255/241
f 1167/1255/241 1166/1254/240 1123/1211/197 1122/1210/196
f 1168/1256/242 1169/1257/243 1127/1215/201 1126/1214/200
f 1170/1258/244 1171/1259/245 1172/1260/246 1173/1261/247
f 1125/1213/199 1124/1212/198 1169/1257/243 1168/1256/242
f 1125/1213/199 1168/1256/242 1174/1262/248 1175/1263/249
f 1175/1263/249 1174/1262/248 1176/1264/250 1177/1265/251
f 1169/1257/243 1124/1212/198 1178/1266/252 1179/1267/253
f 1179/1267/253 1178/1266/252 1180/1268/254 1181/1269/255
f 1168/1256/242 1126/1214/200 1182/1270/256 1174/1262/248
f 1174/1262/248 1182/1270/256 1183/1271/257 1176/1264/250
f 1127/1215/201 1169/1257/243 1179/1267/253 1184/1272/258
f 1184/1272/258 1179/1267/253 1181/1269/255 1185/1273/259
f 1126/1214/200 1129/1217/203 1186/1274/260 1182/1270/256
f 1182/1270/256 1186/1274/260 1187/1275/261 1183/1271/257
f 1128/1216/202 1127/1215/201 1184/1272/258 1188/1276/262
f 1188/1276/262 1184/1272/258 1185/1273/259 1189/1277/263
f 1129/1217/203 1131/1219/205 1190/1278/264 1186/1274/260
f 1186/1274/260 1190/1278/264 1191/1279/265 1187/1275/261
f 1130/1218/204 1128/1216/202 1188/1276/262 1192/1280/266
f 1192/1280/266 1188/1276/262 1189/1277/263 1193/1281/267
f 1131/1219/205 1133/1221/207 1194/1282/268 1190/1278/264
f 1190/1278/264 1194/1282/268 1195/1283/269 1191/1279/265
f 1132/1220/206 1130/1218/204 1192/1280/266 1196/1284/270
f 1196/1284/270 1192/1280/266 1193/1281/267 1197/1285/271
f 1133/1221/207 1135/1223/209 1198/1286/272 1194/1282/268
f 1194/1282/268 1198/1286/272 1199/1287/273 1195/1283/269
f 1134/1222/208 1132/1220/206 1196/1284/270 1200/1288/274
f 1200/1288/274 1196/1284/270 1197/1285/271 1201/1289/275
f 1135/1223/209 1137/1225/211 1202/1290/276 1198/1286/272
f 1198/1286/272 1202/1290/276 1203/1291/277 1199/1287/273
f 1136/1224/210 1134/1222/208 1200/1288/274 1204/1292/278
f 1204/1292/278 1200/1288/274 1201/1289/275 1205/1293/279
f 1137/1225/211 1139/1227/213 1206/1294/280 1202/1290/276
f 1202/1290/276 1206/1294/280 1207/1295/281 1203/1291/277
f 1138/1226/212 1136/1224/210 1204/1292/278 1208/1296/282
f 1208/1296/282 1204/1292/278 1205/1293/279 1209/1297/283
f 1139/1227/213 1141/1229/215 1210/1298/284 1206/1294/280
f 1206/1294/280 1210/1298/284 1211/1299/285 1207/1295/281
f 1140/1228/214 1138/1226/212 1208/1296/282 1212/1300/286
f 1212/1300/286 1208/1296/282 1209/1297/283 1213/1301/287
f 1141/1229/215 1143/1231/217 1214/1302/288 1210/1298/284
f 1210/1298/284 1214/1302/288 1215/1303/289 1211/1299/285
f 1142/1230/216 1140/1228/214 1212/1300/286 1216/1304/290
f 1216/1304/290 1212/1300/286 1213/1301/287 1217/1305/291
f 1143/1231/217 1145/1233/219 1218/1306/292 1214/1302/288
f 1214/1302/288 1218/1306/292 1219/1307/293 1215/1303/289
f 1144/1232/218 1142/1230/216 1216/1304/290 1220/1308/294
f 1220/1308/294 1216/1304/290 1217/1305/291 1221/1309/295
f 1145/1233/219 1147/1235/221 1222/1310/296 1218/1306/292
f 1218/1306/292 1222/1310/296 1223/1311/297 1219/1307/293
f 1146/1234/220 1144/1232/218 1220/1308/294 1224/1312/298
f 1224/1312/298 1220/1308/294 1221/1309/295 1225/1313/299
f 1147/1235/221 1149/1237/223 1226/1314/300 1222/1310/296
f 1222/1310/296 1226/1314/300 1227/1315/301 1223/1311/297
f 1148/1236/222 1146/1234/220 1224/1312/298 1228/1316/302
f 1228/1316/302 1224/1312/298 1225/1313/299 1229/1317/303
f 1149/1237/223 1151/1239/225 1230/1318/304 1226/1314/300
f 1226/1314/300 1230/1318/304 1231/1319/305 1227/1315/301
f 1150/1238/224 1148/1236/222 1228/1316/302 1232/1320/306
f 1232/1320/306 1228/1316/302 1229/1317/303 1233/1321/307
f 1151/1239/225 1153/1241/227 1234/1322/308 1230/1318/304
f 1230/1318/304 1234/1322/308 1235/1323/309 1231/1319/305
f 1152/1240/226 1150/1238/224 1232/1320/306 1236/1324/310
f 1236/1324/310 1232/1320/306 1233/1321/307 1237/1325/311
f 1153/1241/227 1155/1243/229 1238/1326/312 1234/1322/308
f 1234/1322/308 1238/1326/312 1239/1327/313 1235/1323/309
f 1154/1242/228 1152/1240/226 1236/1324/310 1240/1328/314
f 1240/1328/314 1236/1324/310 1237/1325/311 1241/1329/315
f 1155/1243/229 1157/1245/231 1242/1330/316 1238/1326/312
f 1238/1326/312 1242/1330/316 1243/1331/317 1239/1327/313
f 1156/1244/230 1154/1242/228 1240/1328/314 1244/1332/318
f 1244/1332/318 1240/1328/314 1241/1329/315 1245/1333/319
f 1157/1245/231 1159/1247/233 1246/1334/320 1242/1330/316
f 1242/1330/316 1246/1334/320 1247/1335/321 1243/1331/317
f 1158/1246/232 1156/1244/230 1244/1332/318 1248/1336/322
f 1248/1336/322 1244/1332/318 1245/1333/319 1249/1337/323
f 1159/1247/233 1161/1249/235 1250/1338/324 1246/1334/320
f 1246/1334/320 1250/1338/324 1251/1339/325 1247/1335/321
f 1160/1248/234 1158/1246/232 1248/1336/322 1252/1340/326
f 1252/1340/326 1248/1336/322 1249/1337/323 1253/1341/327
f 1161/1249/235 1163/1251/237 1254/1342/328 1250/1338/324
f 1250/1338/324 1254/1342/328 1255/1343/329 1251/1339/325
f 1162/1250/236 1160/1248/234 1252/1340/326 1256/1344/330
f 1256/1344/330 1252/1340/326 1253/1341/327 1257/1345/331
f 1163/1251/237 1165/1253/239 1258/1346/332 1254/1342/328
f 1254/1342/328 1258/1346/332 1259/1347/333 1255/1343/329
f 1164/1252/238 1162/1250/236 1256/1344/330 1260/1348/334
f 1260/1348/334 1256/1344/330 1257/1345/331 1261/1349/335
f 1165/1253/239 1167/1255/241 1262/1350/336 1258/1346/332
f 1258/1346/332 1262/1350/336 1263/1351/337 1259/1347/333
f 1166/1254/240 1164/1252/238 1260/1348/334 1264/1352/338
f 1264/1352/338 1260/1348/334 1261/1349/335 1265/1353/339
f 1167/1255/241 1122/1210/196 1266/1354/340 1262/1350/336
f 1262/1350/336 1266/1354/340 1267/1355/341 1263/1351/337
f 1123/1211/197 1166/1254/240 1264/1352/338 1268/1356/342
f 1268/1356/342 1264/1352/338 1265/1353/339 1269/1357/343
f 1122/1210/196 1125/1213/199 1175/1263/249 1266/1354/340
f 1266/1354/340 1175/1263/249 1177/1265/251 1267/1355/341
f 1124/1212/198 1123/1211/197 1268/1356/342 1178/1266/252
f 1178/1266/252 1268/1356/342 1269/1357/343 1180/1268/254
f 1177/1265/251 1176/1264/250 1183/1271/257 1187/1275/261 1191/1279/265 1195/1283/269 1199/1287/273 1203/1291/277 1207/1295/281 1211/1299/285 1215/1303/289 1219/1307/293 1223/1311/297 1227/1315/301 1231/1319/305 1235/1323/309 1239/1327/313 1243/1331/317 1247/1335/321 1251/1339/325 1255/1343/329 1259/1347/333 1263/1351/337 1267/1355/341
f 1270/1358/5 1271/1359/5 1181/1269/255 1180/1268/254
f 1271/1359/5 1272/1360/5 1185/1273/259 1181/1269/255
f 1272/1360/5 1273/1361/5 1189/1277/263 1185/1273/259
f 1273/1361/5 1274/1362/5 1193/1281/267 1189/1277/263
f 1274/1362/5 1275/1363/5 1197/1285/271 1193/1281/267
f 1275/1363/5 1276/1364/5 1201/1289/275 1197/1285/271
f 1276/1364/5 1277/1365/5 1205/1293/279 1201/1289/275
f 1277/1365/5 1278/1366/5 1209/1297/283 1205/1293/279
f 1278/1366/5 1279/1367/5 1213/1301/287 1209/1297/283
f 1279/1367/5 1280/1368/5 1217/1305/291 1213/1301/287
f 1280/1368/5 1281/1369/5 1221/1309/295 1217/1305/291
f 1281/1369/5 1282/1370/5 1225/1313/299 1221/1309/295
f 1282/1370/5 1283/1371/5 1229/1317/303 1225/1313/299
f 1283/1371/5 1284/1372/5 1233/1321/307 1229/1317/303
f 1284/1372/5 1285/1373/5 1237/1325/311 1233/1321/307
f 1285/1373/5 1286/1374/5 1241/1329/315 1237/1325/311
f 1286/1374/5 1287/1375/5 1245/1333/319 1241/1329/315
f 1287/1375/5 1288/1376/5 1249/1337/323 1245/1333/319
f 1288/1376/5 1289/1377/5 1253/1341/327 1249/1337/323
f 1289/1377/5 1290/1378/5 1257/1345/331 1253/1341/327
f 1290/1378/5 1291/1379/5 1261/1349/335 1257/1345/331
f 1291/1379/5 1292/1380/5 1265/1353/339 1261/1349/335
f 1292/1380/5 1293/1381/5 1269/1357/343 1265/1353/339
f 1293/1381/5 1270/1358/5 1180/1268/254 1269/1357/343
f 1294/1382/344 1295/1383/345 1296/1384/346 1297/1385/347
f 1298/1386/348 1299/1387/349 1300/1388/350 1301/1389/351
f 1302/1390/352 1303/1391/353 1304/1392/354 1305/1393/355
f 1306/1394/356 1170/1258/244 1173/1261/247 1307/1395/357
f 1308/1396/358 1298/1386/348 1301/1389/351 1309/1397/359
f 1310/1398/360 1302/1390/352 1305/1393/355 1311/1399/361
f 1312/1400/362 1306/1394/356 1307/1395/357 1313/1401/363
f 1314/1402/364 1315/1403/365 1316/1404/366 1317/1405/367
f 1318/1406/368 1314/1402/364 1317/1405/367 1319/1407/369
f 1320/1408/370 1310/1398/360 1311/1399/361 1321/1409/371
f 1281/1410/5 1280/1411/5 1322/1412/372 1323/1413/373
f 1324/1414/374 1318/1406/368 1319/1407/369 1325/1415/375
f 1326/1416/376 1320/1408/370 1321/1409/371 1327/1417/377
f 1295/1383/345 1312/1400/362 1313/1401/363 1296/1384/346
f 1328/1418/378 1324/1414/374 1325/1415/375 1329/1419/379
f 1330/1420/380 1326/1416/376 1327/1417/377 1331/1421/381
f 1332/1422/382 1294/1382/344 1297/1385/347 1333/1423/383
f 1334/1424/384 1328/1418/378 1329/1419/379 1335/1425/385
f 1336/1426/386 1330/1420/380 1331/1421/381 1337/1427/387
f 1338/1428/388 1332/1422/382 1333/1423/383 1339/1429/389
f 1171/1259/245 1334/1424/384 1335/1425/385 1172/1260/246
f 1299/1387/349 1336/1426/386 1337/1427/387 1300/1388/350
f 1303/1391/353 1338/1428/388 1339/1429/389 1304/1392/354
f 1301/1389/351 1300/1388/350 1340/1430/390 1341/1431/391
f 1274/1432/5 1273/1433/5 1342/1434/392 1343/1435/393
f 1289/1436/5 1288/1437/5 1344/1438/394 1345/1439/395
f 1282/1440/5 1281/1410/5 1323/1413/373 1346/1441/396
f 1275/1442/5 1274/1432/5 1343/1435/393 1347/1443/397
f 1290/1444/5 1289/1436/5 1345/1439/395 1348/1445/398
f 1283/1446/5 1282/1440/5 1346/1441/396 1349/1447/399
f 1276/1448/5 1275/1442/5 1347/1443/397 1350/1449/400
f 1291/1450/5 1290/1444/5 1348/1445/398 1351/1451/401
f 1284/1452/5 1283/1446/5 1349/1447/399 1352/1453/402
f 1277/1454/5 1276/1448/5 1350/1449/400 1353/1455/403
f 1292/1456/5 1291/1450/5 1351/1451/401 1354/1457/404
f 1285/1458/5 1284/1452/5 1352/1453/402 1355/1459/405
f 1278/1460/5 1277/1454/5 1353/1455/403 1356/1461/406
f 1293/1462/5 1292/1456/5 1354/1457/404 1357/1463/407
f 1271/1464/5 1270/1465/5 1358/1466/408 1359/1467/409
f 1286/1468/5 1285/1458/5 1355/1459/405 1360/1469/410
f 1279/1470/5 1278/1460/5 1356/1461/406 1361/1471/411
f 1270/1465/5 1293/1462/5 1357/1463/407 1358/1466/408
f 1272/1472/5 1271/1464/5 1359/1467/409 1362/1473/412
f 1287/1474/5 1286/1468/5 1360/1469/410 1363/1475/413
f 1280/1411/5 1279/1470/5 1361/1471/411 1322/1412/372
f 1273/1433/5 1272/1472/5 1362/1473/412 1342/1434/392
f 1288/1437/5 1287/1474/5 1363/1475/413 1344/1438/394
f 1309/1397/359 1301/1389/351 1341/1431/391 1364/1476/414
f 1305/1393/355 1304/1392/354 1365/1477/415 1366/1478/416
f 1307/1395/357 1173/1261/247 1367/1479/417 1368/1480/418
f 1369/1481/419 1370/1482/420 1371/1483/421 1372/1484/422
f 1311/1399/361 1305/1393/355 1366/1478/416 1373/1485/423
f 1313/1401/363 1307/1395/357 1368/1480/418 1374/1486/424
f 1317/1405/367 1316/1404/366 1375/1487/425 1376/1488/426
f 1319/1407/369 1317/1405/367 1376/1488/426 1377/1489/427
f 1321/1409/371 1311/1399/361 1373/1485/423 1378/1490/428
f 1296/1384/346 1313/1401/363 1374/1486/424 1379/1491/429
f 1325/1415/375 1319/1407/369 1377/1489/427 1380/1492/430
f 1327/1417/377 1321/1409/371 1378/1490/428 1381/1493/431
f 1297/1385/347 1296/1384/346 1379/1491/429 1382/1494/432
f 1329/1419/379 1325/1415/375 1380/1492/430 1383/1495/433
f 1331/1421/381 1327/1417/377 1381/1493/431 1384/1496/434
f 1333/1423/383 1297/1385/347 1382/1494/432 1385/1497/435
f 1335/1425/385 1329/1419/379 1383/1495/433 1386/1498/436
f 1337/1427/387 1331/1421/381 1384/1496/434 1387/1499/437
f 1339/1429/389 1333/1423/383 1385/1497/435 1388/1500/438
f 1172/1260/246 1335/1425/385 1386/1498/436 1389/1501/439
f 1300/1388/350 1337/1427/387 1387/1499/437 1340/1430/390
f 1304/1392/354 1339/1429/389 1388/1500/438 1365/1477/415
f 1173/1261/247 1172/1260/246 1389/1501/439 1367/1479/417
f 1390/1502/440 1391/1503/441 1392/1504/442 1393/1505/443
f 1393/1505/443 1392/1504/442 1375/1487/425 1364/1476/414
f 1391/1503/441 1394/1506/444 1395/1507/445 1392/1504/442
f 1392/1504/442 1395/1507/445 1376/1488/426 1375/1487/425
f 1394/1506/444 1396/1508/446 1397/1509/447 1395/1507/445
f 1395/1507/445 1397/1509/447 1377/1489/427 1376/1488/426
f 1396/1508/446 1398/1510/448 1399/1511/449 1397/1509/447
f 1397/1509/447 1399/1511/449 1380/1492/430 1377/1489/427
f 1398/1510/448 1400/1512/450 1401/1513/451 1399/1511/449
f 1399/1511/449 1401/1513/451 1383/1495/433 1380/1492/430
f 1400/1512/450 1402/1514/452 1403/1515/453 1401/1513/451
f 1401/1513/451 1403/1515/453 1386/1498/436 1383/1495/433
f 1402/1514/452 1404/1516/454 1405/1517/455 1403/1515/453
f 1403/1515/453 1405/1517/455 1389/1501/439 1386/1498/436
f 1404/1516/454 1406/1518/456 1407/1519/457 1405/1517/455
f 1405/1517/455 1407/1519/457 1367/1479/417 1389/1501/439
f 1406/1518/456 1408/1520/458 1409/1521/459 1407/1519/457
f 1407/1519/457 1409/1521/459 1368/1480/418 1367/1479/417
f 1408/1520/458 1410/1522/460 1411/1523/461 1409/1521/459
f 1409/1521/459 1411/1523/461 1374/1486/424 1368/1480/418
f 1410/1522/460 1412/1524/462 1413/1525/463 1411/1523/461
f 1411/1523/461 1413/1525/463 1379/1491/429 1374/1486/424
f 1412/1524/462 1414/1526/464 1415/1527/465 1413/1525/463
f 1413/1525/463 1415/1527/465 1382/1494/432 1379/1491/429
f 1414/1526/464 1416/1528/466 1417/1529/467 1415/1527/465
f 1415/1527/465 1417/1529/467 1385/1497/435 1382/1494/432
f 1416/1528/466 1418/1530/468 1419/1531/469 1417/1529/467
f 1417/1529/467 1419/1531/469 1388/1500/438 1385/1497/435
f 1418/1530/468 1420/1532/470 1421/1533/471 1419/1531/469
f 1419/1531/469 1421/1533/471 1365/1477/415 1388/1500/438
f 1420/1532/470 1422/1534/472 1423/1535/473 1421/1533/471
f 1421/1533/471 1423/1535/473 1366/1478/416 1365/1477/415
f 1422/1534/472 1424/1536/474 1425/1537/475 1423/1535/473
f 1423/1535/473 1425/1537/475 1373/1485/423 1366/1478/416
f 1424/1536/474 1426/1538/476 1427/1539/477 1425/1537/475
f 1425/1537/475 1427/1539/477 1378/1490/428 1373/1485/423
f 1426/1538/476 1428/1540/478 1429/1541/479 1427/1539/477
f 1427/1539/477 1429/1541/479 1381/1493/431 1378/1490/428
f 1428/1540/478 1430/1542/480 1431/1543/481 1429/1541/479
f 1429/1541/479 1431/1543/481 1384/1496/434 1381/1493/431
f 1430/1542/480 1432/1544/482 1433/1545/483 1431/1543/481
f 1431/1543/481 1433/1545/483 1387/1499/437 1384/1496/434
f 1432/1544/482 1434/1546/484 1435/1547/485 1433/1545/483
f 1433/1545/483 1435/1547/485 1340/1430/390 1387/1499/437
f 1434/1546/484 1436/1548/486 1437/1549/487 1435/1547/485
f 1435/1547/485 1437/1549/487 1341/1431/391 1340/1430/390
f 1436/1548/486 1390/1502/440 1393/1505/443 1437/1549/487
f 1437/1549/487 1393/1505/443 1364/1476/414 1341/1431/391
f 1316/1404/366 1309/1397/359 1364/1476/414 1375/1487/425
f 1308/1396/358 1315/1403/365 1359/1467/409 1358/1466/408
f 1315/1403/365 1314/1402/364 1362/1473/412 1359/1467/409
f 1314/1402/364 1318/1406/368 1342/1434/392 1362/1473/412
f 1318/1406/368 1324/1414/374 1343/1435/393 1342/1434/392
f 1324/1414/374 1328/1418/378 1347/1443/397 1343/1435/393
f 1328/1418/378 1334/1424/384 1350/1449/400 1347/1443/397
f 1334/1424/384 1171/1259/245 1353/1455/403 1350/1449/400
f 1171/1259/245 1170/1258/244 1356/1461/406 1353/1455/403
f 1170/1258/244 1306/1394/356 1361/1471/411 1356/1461/406
f 1306/1394/356 1312/1400/362 1322/1412/372 1361/1471/411
f 1312/1400/362 1295/1383/345 1323/1413/373 1322/1412/372
f 1295/1383/345 1294/1382/344 1346/1441/396 1323/1413/373
f 1294/1382/344 1332/1422/382 1349/1447/399 1346/1441/396
f 1332/1422/382 1338/1428/388 1352/1453/402 1349/1447/399
f 1338/1428/388 1303/1391/353 1355/1459/405 1352/1453/402
f 1303/1391/353 1302/1390/352 1360/1469/410 1355/1459/405
f 1302/1390/352 1310/1398/360 1363/1475/413 1360/1469/410
f 1310/1398/360 1320/1408/370 1344/1438/394 1363/1475/413
f 1320/1408/370 1326/1416/376 1345/1439/395 1344/1438/394
f 1326/1416/376 1330/1420/380 1348/1445/398 1345/1439/395
f 1330/1420/380 1336/1426/386 1351/1451/401 1348/1445/398
f 1336/1426/386 1299/1387/349 1354/1457/404 1351/1451/401
f 1299/1387/349 1298/1386/348 1357/1463/407 1354/1457/404
f 1298/1386/348 1308/1396/358 1358/1466/408 1357/1463/407
f 1315/1403/365 1308/1396/358 1309/1397/359 1316/1404/366
f 1438/1550/488 1439/1551/489 1391/1503/441 1390/1502/440
f 1439/1551/489 1440/1552/490 1394/1506/444 1391/1503/441
f 1440/1552/490 1441/1553/491 1396/1508/446 1394/1506/444
f 1441/1553/491 1442/1554/492 1398/1510/448 1396/1508/446
f 1442/1554/492 1443/1555/493 1400/1512/450 1398/1510/448
f 1443/1555/493 1444/1556/494 1402/1514/452 1400/1512/450
f 1444/1556/494 1445/1557/495 1404/1516/454 1402/1514/452
f 1445/1557/495 1446/1558/496 1406/1518/456 1404/1516/454
f 1446/1558/496 1447/1559/497 1408/1520/458 1406/1518/456
f 1447/1559/497 1370/1560/420 1410/1522/460 1408/1520/458
f 1370/1560/420 1369/1561/419 1412/1524/462 1410/1522/460
f 1369/1561/419 1448/1562/498 1414/1526/464 1412/1524/462
f 1448/1562/498 1449/1563/499 1416/1528/466 1414/1526/464
f 1449/1563/499 1450/1564/500 1418/1530/468 1416/1528/466
f 1450/1564/500 1451/1565/501 1420/1532/470 1418/1530/468
f 1451/1565/501 1452/1566/502 1422/1534/472 1420/1532/470
f 1452/1566/502 1453/1567/503 1424/1536/474 1422/1534/472
f 1453/1567/503 1454/1568/504 1426/1538/476 1424/1536/474
f 1454/1568/504 1455/1569/505 1428/1540/478 1426/1538/476
f 1455/1569/505 1456/1570/506 1430/1542/480 1428/1540/478
f 1456/1570/506 1457/1571/507 1432/1544/482 1430/1542/480
f 1457/1571/507 1458/1572/508 1434/1546/484 1432/1544/482
f 1458/1572/508 1459/1573/509 1436/1548/486 1434/1546/484
f 1459/1573/509 1438/1550/488 1390/1502/440 1436/1548/486
f 1460/1574/510 1461/1575/511 1462/1576/512 1463/1577/513 1464/1578/514 1465/1579/515 1466/1580/516 1467/1581/517 1468/1582/518 1469/1583/519 1470/1584/520 1471/1585/521 1472/1586/522 1473/1587/523 1372/1484/422 1371/1483/421 1474/1588/524 1475/1589/525 1476/1590/526 1477/1591/527 1478/1592/528 1479/1593/529 1480/1594/530 1481/1595/531
f 1442/1596/492 1441/1597/491 1480/1594/530 1479/1593/529
f 1455/1598/505 1454/1599/504 1467/1581/517 1466/1580/516
f 1448/1600/498 1369/1481/419 1372/1484/422 1473/1587/523
f 1443/1601/493 1442/1596/492 1479/1593/529 1478/1592/528
f 1456/1602/506 1455/1598/505 1466/1580/516 1465/1579/515
f 1449/1603/499 1448/1600/498 1473/1587/523 1472/1586/522
f 1444/1604/494 1443/1601/493 1478/1592/528 1477/1591/527
f 1457/1605/507 1456/1602/506 1465/1579/515 1464/1578/514
f 1450/1606/500 1449/1603/499 1472/1586/522 1471/1585/521
f 1445/1607/495 1444/1604/494 1477/1591/527 1476/1590/526
f 1458/1608/508 1457/1605/507 1464/1578/514 1463/1577/513
f 1451/1609/501 1450/1606/500 1471/1585/521 1470/1584/520
f 1446/1610/496 1445/1607/495 1476/1590/526 1475/1589/525
f 1459/1611/509 1458/1608/508 1463/1577/513 1462/1576/512
f 1439/1612/489 1438/1613/488 1461/1575/511 1460/1574/510
f 1452/1614/502 1451/1609/501 1470/1584/520 1469/1583/519
f 1447/1615/497 1446/1610/496 1475/1589/525 1474/1588/524
f 1438/1613/488 1459/1611/509 1462/1576/512 1461/1575/511
f 1440/1616/490 1439/1612/489 1460/1574/510 1481/1595/531
f 1453/1617/503 1452/1614/502 1469/1583/519 1468/1582/518
f 1370/1482/420 1447/1615/497 1474/1588/524 1371/1483/421
f 1441/1597/491 1440/1616/490 1481/1595/531 1480/1594/530
f 1454/1599/504 1453/1617/503 1468/1582/518 1467/1581/517
f 1482/1618/197 1483/1619/198 1484/1620/199 1485/1621/196
f 1486/1622/201 1487/1623/202 1488/1624/203 1489/1625/200
f 1487/1623/202 1490/1626/204 1491/1627/205 1488/1624/203
f 1490/1626/204 1492/1628/206 1493/1629/207 1491/1627/205
f 1492/1628/206 1494/1630/208 1495/1631/209 1493/1629/207
f 1494/1630/208 1496/1632/210 1497/1633/211 1495/1631/209
f 1496/1632/210 1498/1634/212 1499/1635/213 1497/1633/211
f 1498/1634/212 1500/1636/214 1501/1637/215 1499/1635/213
f 1500/1636/214 1502/1638/216 1503/1639/217 1501/1637/215
f 1502/1638/216 1504/1640/218 1505/1641/219 1503/1639/217
f 1504/1640/218 1506/1642/220 1507/1643/221 1505/1641/219
f 1506/1642/220 1508/1644/222 1509/1645/223 1507/1643/221
f 1508/1644/222 1510/1646/224 1511/1647/225 1509/1645/223
f 1510/1646/224 1512/1648/226 1513/1649/227 1511/1647/225
f 1512/1648/226 1514/1650/228 1515/1651/229 1513/1649/227
f 1514/1650/228 1516/1652/230 1517/1653/231 1515/1651/229
f 1516/1652/230 1518/1654/232 1519/1655/233 1517/1653/231
f 1518/1654/232 1520/1656/234 1521/1657/235 1519/1655/233
f 1520/1656/234 1522/1658/236 1523/1659/237 1521/1657/235
f 1522/1658/236 1524/1660/238 1525/1661/239 1523/1659/237
f 1524/1660/238 1526/1662/240 1527/1663/241 1525/1661/239
f 1526/1662/240 1482/1618/197 1485/1621/196 1527/1663/241
f 1528/1664/243 1486/1622/201 1489/1625/200 1529/1665/242
f 1530/1666/532 1531/1667/533 1532/1668/534 1533/1669/535
f 1483/1619/198 1528/1664/243 1529/1665/242 1484/1620/199
f 1483/1619/198 1534/1670/252 1535/1671/253 1528/1664/243
f 1534/1670/252 1536/1672/254 1537/1673/255 1535/1671/253
f 1529/1665/242 1538/1674/248 1539/1675/249 1484/1620/199
f 1538/1674/248 1540/1676/250 1541/1677/251 1539/1675/249
f 1528/1664/243 1535/1671/253 1542/1678/258 1486/1622/201
f 1535/1671/253 1537/1673/255 1543/1679/259 1542/1678/258
f 1489/1625/200 1544/1680/256 1538/1674/248 1529/1665/242
f 1544/1680/256 1545/1681/257 1540/1676/250 1538/1674/248
f 1486/1622/201 1542/1678/258 1546/1682/262 1487/1623/202
f 1542/1678/258 1543/1679/259 1547/1683/263 1546/1682/262
f 1488/1624/203 1548/1684/260 1544/1680/256 1489/1625/200
f 1548/1684/260 1549/1685/261 1545/1681/257 1544/1680/256
f 1487/1623/202 1546/1682/262 1550/1686/266 1490/1626/204
f 1546/1682/262 1547/1683/263 1551/1687/267 1550/1686/266
f 1491/1627/205 1552/1688/264 1548/1684/260 1488/1624/203
f 1552/1688/264 1553/1689/265 1549/1685/261 1548/1684/260
f 1490/1626/204 1550/1686/266 1554/1690/270 1492/1628/206
f 1550/1686/266 1551/1687/267 1555/1691/271 1554/1690/270
f 1493/1629/207 1556/1692/268 1552/1688/264 1491/1627/205
f 1556/1692/268 1557/1693/269 1553/1689/265 1552/1688/264
f 1492/1628/206 1554/1690/270 1558/1694/274 1494/1630/208
f 1554/1690/270 1555/1691/271 1559/1695/275 1558/1694/274
f 1495/1631/209 1560/1696/272 1556/1692/268 1493/1629/207
f 1560/1696/272 1561/1697/273 1557/1693/269 1556/1692/268
f 1494/1630/208 1558/1694/274 1562/1698/278 1496/1632/210
f 1558/1694/274 1559/1695/275 1563/1699/279 1562/1698/278
f 1497/1633/211 1564/1700/276 1560/1696/272 1495/1631/209
f 1564/1700/276 1565/1701/277 1561/1697/273 1560/1696/272
f 1496/1632/210 1562/1698/278 1566/1702/282 1498/1634/212
f 1562/1698/278 1563/1699/279 1567/1703/283 1566/1702/282
f 1499/1635/213 1568/1704/280 1564/1700/276 1497/1633/211
f 1568/1704/280 1569/1705/281 1565/1701/277 1564/1700/276
f 1498/1634/212 1566/1702/282 1570/1706/286 1500/1636/214
f 1566/1702/282 1567/1703/283 1571/1707/287 1570/1706/286
f 1501/1637/215 1572/1708/284 1568/1704/280 1499/1635/213
f 1572/1708/284 1573/1709/285 1569/1705/281 1568/1704/280
f 1500/1636/214 1570/1706/286 1574/1710/290 1502/1638/216
f 1570/1706/286 1571/1707/287 1575/1711/291 1574/1710/290
f 1503/1639/217 1576/1712/288 1572/1708/284 1501/1637/215
f 1576/1712/288 1577/1713/289 1573/1709/285 1572/1708/284
f 1502/1638/216 1574/1710/290 1578/1714/294 1504/1640/218
f 1574/1710/290 1575/1711/291 1579/1715/295 1578/1714/294
f 1505/1641/219 1580/1716/292 1576/1712/288 1503/1639/217
f 1580/1716/292 1581/1717/293 1577/1713/289 1576/1712/288
f 1504/1640/218 1578/1714/294 1582/1718/298 1506/1642/220
f 1578/1714/294 1579/1715/295 1583/1719/299 1582/1718/298
f 1507/1643/221 1584/1720/296 1580/1716/292 1505/1641/219
f 1584/1720/296 1585/1721/297 1581/1717/293 1580/1716/292
f 1506/1642/220 1582/1718/298 1586/1722/302 1508/1644/222
f 1582/1718/298 1583/1719/299 1587/1723/303 1586/1722/302
f 1509/1645/223 1588/1724/300 1584/1720/296 1507/1643/221
f 1588/1724/300 1589/1725/301 1585/1721/297 1584/1720/296
f 1508/1644/222 1586/1722/302 1590/1726/306 1510/1646/224
f 1586/1722/302 1587/1723/303 1591/1727/307 1590/1726/306
f 1511/1647/225 1592/1728/304 1588/1724/300 1509/1645/223
f 1592/1728/304 1593/1729/305 1589/1725/301 1588/1724/300
f 1510/1646/224 1590/1726/306 1594/1730/310 1512/1648/226
f 1590/1726/306 1591/1727/307 1595/1731/311 1594/1730/310
f 1513/1649/227 1596/1732/308 1592/1728/304 1511/1647/225
f 1596/1732/308 1597/1733/309 1593/1729/305 1592/1728/304
f 1512/1648/226 1594/1730/310 1598/1734/314 1514/1650/228
f 1594/1730/310 1595/1731/311 1599/1735/315 1598/1734/314
f 1515/1651/229 1600/1736/312 1596/1732/308 1513/1649/227
f 1600/1736/312 1601/1737/313 1597/1733/309 1596/1732/308
f 1514/1650/228 1598/1734/314 1602/1738/318 1516/1652/230
f 1598/1734/314 1599/1735/315 1603/1739/319 1602/1738/318
f 1517/1653/231 1604/1740/316 1600/1736/312 1515/1651/229
f 1604/1740/316 1605/1741/317 1601/1737/313 1600/1736/312
f 1516/1652/230 1602/1738/318 1606/1742/322 1518/1654/232
f 1602/1738/318 1603/1739/319 1607/1743/323 1606/1742/322
f 1519/1655/233 1608/1744/320 1604/1740/316 1517/1653/231
f 1608/1744/320 1609/1745/321 1605/1741/317 1604/1740/316
f 1518/1654/232 1606/1742/322 1610/1746/326 1520/1656/234
f 1606/1742/322 1607/1743/323 1611/1747/327 1610/1746/326
f 1521/1657/235 1612/1748/324 1608/1744/320 1519/1655/233
f 1612/1748/324 1613/1749/325 1609/1745/321 1608/1744/320
f 1520/1656/234 1610/1746/326 1614/1750/330 1522/1658/236
f 1610/1746/326 1611/1747/327 1615/1751/331 1614/1750/330
f 1523/1659/237 1616/1752/328 1612/1748/324 1521/1657/235
f 1616/1752/328 1617/1753/329 1613/1749/325 1612/1748/324
f 1522/1658/236 1614/1750/330 1618/1754/334 1524/1660/238
f 1614/1750/330 1615/1751/331 1619/1755/335 1618/1754/334
f 1525/1661/239 1620/1756/332 1616/1752/328 1523/1659/237
f 1620/1756/332 1621/1757/333 1617/1753/329 1616/1752/328
f 1524/1660/238 1618/1754/334 1622/1758/338 1526/1662/240
f 1618/1754/334 1619/1755/335 1623/1759/339 1622/1758/338
f 1527/1663/241 1624/1760/336 1620/1756/332 1525/1661/239
f 1624/1760/336 1625/1761/337 1621/1757/333 1620/1756/332
f 1526/1662/240 1622/1758/338 1626/1762/342 1482/1618/197
f 1622/1758/338 1623/1759/339 1627/1763/343 1626/1762/342
f 1485/1621/196 1628/1764/340 1624/1760/336 1527/1663/241
f 1628/1764/340 1629/1765/341 1625/1761/337 1624/1760/336
f 1482/1618/197 1626/1762/342 1534/1670/252 1483/1619/198
f 1626/1762/342 1627/1763/343 1536/1672/254 1534/1670/252
f 1484/1620/199 1539/1675/249 1628/1764/340 1485/1621/196
f 1539/1675/249 1541/1677/251 1629/1765/341 1628/1764/340
f 1536/1672/254 1627/1763/343 1623/1759/339 1619/1755/335 1615/1751/331 1611/1747/327 1607/1743/323 1603/1739/319 1599/1735/315 1595/1731/311 1591/1727/307 1587/1723/303 1583/1719/299 1579/1715/295 1575/1711/291 1571/1707/287 1567/1703/283 1563/1699/279 1559/1695/275 1555/1691/271 1551/1687/267 1547/1683/263 1543/1679/259 1537/1673/255
f 1630/1766/8 1541/1677/251 1540/1676/250 1631/1767/8
f 1631/1767/8 1540/1676/250 1545/1681/257 1632/1768/8
f 1632/1768/8 1545/1681/257 1549/1685/261 1633/1769/8
f 1633/1769/8 1549/1685/261 1553/1689/265 1634/1770/8
f 1634/1770/8 1553/1689/265 1557/1693/269 1635/1771/8
f 1635/1771/8 1557/1693/269 1561/1697/273 1636/1772/8
f 1636/1772/8 1561/1697/273 1565/1701/277 1637/1773/8
f 1637/1773/8 1565/1701/277 1569/1705/281 1638/1774/8
f 1638/1774/8 1569/1705/281 1573/1709/285 1639/1775/8
f 1639/1775/8 1573/1709/285 1577/1713/289 1640/1776/8
f 1640/1776/8 1577/1713/289 1581/1717/293 1641/1777/8
f 1641/1777/8 1581/1717/293 1585/1721/297 1642/1778/8
f 1642/1778/8 1585/1721/297 1589/1725/301 1643/1779/8
f 1643/1779/8 1589/1725/301 1593/1729/305 1644/1780/8
f 1644/1780/8 1593/1729/305 1597/1733/309 1645/1781/8
f 1645/1781/8 1597/1733/309 1601/1737/313 1646/1782/8
f 1646/1782/8 1601/1737/313 1605/1741/317 1647/1783/8
f 1647/1783/8 1605/1741/317 1609/1745/321 1648/1784/8
f 1648/1784/8 1609/1745/321 1613/1749/325 1649/1785/8
f 1649/1785/8 1613/1749/325 1617/1753/329 1650/1786/8
f 1650/1786/8 1617/1753/329 1621/1757/333 1651/1787/8
f 1651/1787/8 1621/1757/333 1625/1761/337 1652/1788/8
f 1652/1788/8 1625/1761/337 1629/1765/341 1653/1789/8
f 1653/1789/8 1629/1765/341 1541/1677/251 1630/1766/8
f 1654/1790/536 1655/1791/537 1656/1792/538 1657/1793/539
f 1658/1794/540 1659/1795/541 1660/1796/542 1661/1797/543
f 1662/1798/544 1663/1799/545 1664/1800/546 1665/1801/547
f 1666/1802/548 1667/1803/549 1531/1667/533 1530/1666/532
f 1668/1804/550 1669/1805/551 1659/1795/541 1658/1794/540
f 1670/1806/552 1671/1807/553 1663/1799/545 1662/1798/544
f 1672/1808/554 1673/1809/555 1667/1803/549 1666/1802/548
f 1674/1810/556 1675/1811/557 1676/1812/558 1677/1813/559
f 1678/1814/560 1679/1815/561 1675/1811/557 1674/1810/556
f 1680/1816/562 1681/1817/563 1671/1807/553 1670/1806/552
f 1641/1818/8 1682/1819/564 1683/1820/565 1640/1821/8
f 1684/1822/566 1685/1823/567 1679/1815/561 1678/1814/560
f 1686/1824/568 1687/1825/569 1681/1817/563 1680/1816/562
f 1657/1793/539 1656/1792/538 1673/1809/555 1672/1808/554
f 1688/1826/570 1689/1827/571 1685/1823/567 1684/1822/566
f 1690/1828/572 1691/1829/573 1687/1825/569 1686/1824/568
f 1692/1830/574 1693/1831/575 1655/1791/537 1654/1790/536
f 1694/1832/576 1695/1833/577 1689/1827/571 1688/1826/570
f 1696/1834/578 1697/1835/579 1691/1829/573 1690/1828/572
f 1698/1836/580 1699/1837/581 1693/1831/575 1692/1830/574
f 1533/1669/535 1532/1668/534 1695/1833/577 1694/1832/576
f 1661/1797/543 1660/1796/542 1697/1835/579 1696/1834/578
f 1665/1801/547 1664/1800/546 1699/1837/581 1698/1836/580
f 1659/1795/541 1700/1838/582 1701/1839/583 1660/1796/542
f 1634/1840/8 1702/1841/584 1703/1842/585 1633/1843/8
f 1649/1844/8 1704/1845/586 1705/1846/587 1648/1847/8
f 1642/1848/8 1706/1849/588 1682/1819/564 1641/1818/8
f 1635/1850/8 1707/1851/589 1702/1841/584 1634/1840/8
f 1650/1852/8 1708/1853/590 1704/1845/586 1649/1844/8
f 1643/1854/8 1709/1855/591 1706/1849/588 1642/1848/8
f 1636/1856/8 1710/1857/592 1707/1851/589 1635/1850/8
f 1651/1858/8 1711/1859/593 1708/1853/590 1650/1852/8
f 1644/1860/8 1712/1861/594 1709/1855/591 1643/1854/8
f 1637/1862/8 1713/1863/595 1710/1857/592 1636/1856/8
f 1652/1864/8 1714/1865/596 1711/1859/593 1651/1858/8
f 1645/1866/8 1715/1867/597 1712/1861/594 1644/1860/8
f 1638/1868/8 1716/1869/598 1713/1863/595 1637/1862/8
f 1653/1870/8 1717/1871/599 1714/1865/596 1652/1864/8
f 1631/1872/8 1718/1873/600 1719/1874/601 1630/1875/8
f 1646/1876/8 1720/1877/602 1715/1867/597 1645/1866/8
f 1639/1878/8 1721/1879/603 1716/1869/598 1638/1868/8
f 1630/1875/8 1719/1874/601 1717/1871/599 1653/1870/8
f 1632/1880/8 1722/1881/604 1718/1873/600 1631/1872/8
f 1647/1882/8 1723/1883/605 1720/1877/602 1646/1876/8
f 1640/1821/8 1683/1820/565 1721/1879/603 1639/1878/8
f 1633/1843/8 1703/1842/585 1722/1881/604 1632/1880/8
f 1648/1847/8 1705/1846/587 1723/1883/605 1647/1882/8
f 1669/1805/551 1724/1884/606 1700/1838/582 1659/1795/541
f 1663/1799/545 1725/1885/607 1726/1886/608 1664/1800/546
f 1667/1803/549 1727/1887/609 1728/1888/610 1531/1667/533
f 1729/1889/611 1730/1890/612 1731/1891/613 1732/1892/614
f 1671/1807/553 1733/1893/615 1725/1885/607 1663/1799/545
f 1673/1809/555 1734/1894/616 1727/1887/609 1667/1803/549
f 1675/1811/557 1735/1895/617 1736/1896/618 1676/1812/558
f 1679/1815/561 1737/1897/619 1735/1895/617 1675/1811/557
f 1681/1817/563 1738/1898/620 1733/1893/615 1671/1807/553
f 1656/1792/538 1739/1899/621 1734/1894/616 1673/1809/555
f 1685/1823/567 1740/1900/622 1737/1897/619 1679/1815/561
f 1687/1825/569 1741/1901/623 1738/1898/620 1681/1817/563
f 1655/1791/537 1742/1902/624 1739/1899/621 1656/1792/538
f 1689/1827/571 1743/1903/625 1740/1900/622 1685/1823/567
f 1691/1829/573 1744/1904/626 1741/1901/623 1687/1825/569
f 1693/1831/575 1745/1905/627 1742/1902/624 1655/1791/537
f 1695/1833/577 1746/1906/628 1743/1903/625 1689/1827/571
f 1697/1835/579 1747/1907/629 1744/1904/626 1691/1829/573
f 1699/1837/581 1748/1908/630 1745/1905/627 1693/1831/575
f 1532/1668/534 1749/1909/631 1746/1906/628 1695/1833/577
f 1660/1796/542 1701/1839/583 1747/1907/629 1697/1835/579
f 1664/1800/546 1726/1886/608 1748/1908/630 1699/1837/581
f 1531/1667/533 1728/1888/610 1749/1909/631 1532/1668/534
f 1750/1910/632 1751/1911/633 1752/1912/634 1753/1913/635
f 1751/1911/633 1724/1884/606 1736/1896/618 1752/1912/634
f 1753/1913/635 1752/1912/634 1754/1914/636 1755/1915/637
f 1752/1912/634 1736/1896/618 1735/1895/617 1754/1914/636
f 1755/1915/637 1754/1914/636 1756/1916/638 1757/1917/639
f 1754/1914/636 1735/1895/617 1737/1897/619 1756/1916/638
f 1757/1917/639 1756/1916/638 1758/1918/640 1759/1919/641
f 1756/1916/638 1737/1897/619 1740/1900/622 1758/1918/640
f 1759/1919/641 1758/1918/640 1760/1920/642 1761/1921/643
f 1758/1918/640 1740/1900/622 1743/1903/625 1760/1920/642
f 1761/1921/643 1760/1920/642 1762/1922/644 1763/1923/645
f 1760/1920/642 1743/1903/625 1746/1906/628 1762/1922/644
f 1763/1923/645 1762/1922/644 1764/1924/646 1765/1925/647
f 1762/1922/644 1746/1906/628 1749/1909/631 1764/1924/646
f 1765/1925/647 1764/1924/646 1766/1926/648 1767/1927/649
f 1764/1924/646 1749/1909/631 1728/1888/610 1766/1926/648
f 1767/1927/649 1766/1926/648 1768/1928/650 1769/1929/651
f 1766/1926/648 1728/1888/610 1727/1887/609 1768/1928/650
f 1769/1929/651 1768/1928/650 1770/1930/652 1771/1931/653
f 1768/1928/650 1727/1887/609 1734/1894/616 1770/1930/652
f 1771/1931/653 1770/1930/652 1772/1932/654 1773/1933/655
f 1770/1930/652 1734/1894/616 1739/1899/621 1772/1932/654
f 1773/1933/655 1772/1932/654 1774/1934/656 1775/1935/657
f 1772/1932/654 1739/1899/621 1742/1902/624 1774/1934/656
f 1775/1935/657 1774/1934/656 1776/1936/658 1777/1937/659
f 1774/1934/656 1742/1902/624 1745/1905/627 1776/1936/658
f 1777/1937/659 1776/1936/658 1778/1938/660 1779/1939/661
f 1776/1936/658 1745/1905/627 1748/1908/630 1778/1938/660
f 1779/1939/661 1778/1938/660 1780/1940/662 1781/1941/663
f 1778/1938/660 1748/1908/630 1726/1886/608 1780/1940/662
f 1781/1941/663 1780/1940/662 1782/1942/664 1783/1943/665
f 1780/1940/662 1726/1886/608 1725/1885/607 1782/1942/664
f 1783/1943/665 1782/1942/664 1784/1944/666 1785/1945/667
f 1782/1942/664 1725/1885/607 1733/1893/615 1784/1944/666
f 1785/1945/667 1784/1944/666 1786/1946/668 1787/1947/669
f 1784/1944/666 1733/1893/615 1738/1898/620 1786/1946/668
f 1787/1947/669 1786/1946/668 1788/1948/670 1789/1949/671
f 1786/1946/668 1738/1898/620 1741/1901/623 1788/1948/670
f 1789/1949/671 1788/1948/670 1790/1950/672 1791/1951/673
f 1788/1948/670 1741/1901/623 1744/1904/626 1790/1950/672
f 1791/1951/673 1790/1950/672 1792/1952/674 1793/1953/675
f 1790/1950/672 1744/1904/626 1747/1907/629 1792/1952/674
f 1793/1953/675 1792/1952/674 1794/1954/676 1795/1955/677
f 1792/1952/674 1747/1907/629 1701/1839/583 1794/1954/676
f 1795/1955/677 1794/1954/676 1796/1956/678 1797/1957/679
f 1794/1954/676 1701/1839/583 1700/1838/582 1796/1956/678
f 1797/1957/679 1796/1956/678 1751/1911/633 1750/1910/632
f 1796/1956/678 1700/1838/582 1724/1884/606 1751/1911/633
f 1676/1812/558 1736/1896/618 1724/1884/606 1669/1805/551
f 1668/1804/550 1719/1874/601 1718/1873/600 1677/1813/559
f 1677/1813/559 1718/1873/600 1722/1881/604 1674/1810/556
f 1674/1810/556 1722/1881/604 1703/1842/585 1678/1814/560
f 1678/1814/560 1703/1842/585 1702/1841/584 1684/1822/566
f 1684/1822/566 1702/1841/584 1707/1851/589 1688/1826/570
f 1688/1826/570 1707/1851/589 1710/1857/592 1694/1832/576
f 1694/1832/576 1710/1857/592 1713/1863/595 1533/1669/535
f 1533/1669/535 1713/1863/595 1716/1869/598 1530/1666/532
f 1530/1666/532 1716/1869/598 1721/1879/603 1666/1802/548
f 1666/1802/548 1721/1879/603 1683/1820/565 1672/1808/554
f 1672/1808/554 1683/1820/565 1682/1819/564 1657/1793/539
f 1657/1793/539 1682/1819/564 1706/1849/588 1654/1790/536
f 1654/1790/536 1706/1849/588 1709/1855/591 1692/1830/574
f 1692/1830/574 1709/1855/591 1712/1861/594 1698/1836/580
f 1698/1836/580 1712/1861/594 1715/1867/597 1665/1801/547
f 1665/1801/547 1715/1867/597 1720/1877/602 1662/1798/544
f 1662/1798/544 1720/1877/602 1723/1883/605 1670/1806/552
f 1670/1806/552 1723/1883/605 1705/1846/587 1680/1816/562
f 1680/1816/562 1705/1846/587 1704/1845/586 1686/1824/568
f 1686/1824/568 1704/1845/586 1708/1853/590 1690/1828/572
f 1690/1828/572 1708/1853/590 1711/1859/593 1696/1834/578
f 1696/1834/578 1711/1859/593 1714/1865/596 1661/1797/543
f 1661/1797/543 1714/1865/596 1717/1871/599 1658/1794/540
f 1658/1794/540 1717/1871/599 1719/1874/601 1668/1804/550
f 1677/1813/559 1676/1812/558 1669/1805/551 1668/1804/550
f 1798/1958/680 1750/1910/632 1753/1913/635 1799/1959/681
f 1799/1959/681 1753/1913/635 1755/1915/637 1800/1960/682
f 1800/1960/682 1755/1915/637 1757/1917/639 1801/1961/683
f 1801/1961/683 1757/1917/639 1759/1919/641 1802/1962/684
f 1802/1962/684 1759/1919/641 1761/1921/643 1803/1963/685
f 1803/1963/685 1761/1921/643 1763/1923/645 1804/1964/686
f 1804/1964/686 1763/1923/645 1765/1925/647 1805/1965/687
f 1805/1965/687 1765/1925/647 1767/1927/649 1806/1966/688
f 1806/1966/688 1767/1927/649 1769/1929/651 1807/1967/689
f 1807/1967/689 1769/1929/651 1771/1931/653 1732/1968/614
f 1732/1968/614 1771/1931/653 1773/1933/655 1729/1969/611
f 1729/1969/611 1773/1933/655 1775/1935/657 1808/1970/690
f 1808/1970/690 1775/1935/657 1777/1937/659 1809/1971/691
f 1809/1971/691 1777/1937/659 1779/1939/661 1810/1972/692
f 1810/1972/692 1779/1939/661 1781/1941/663 1811/1973/693
f 1811/1973/693 1781/1941/663 1783/1943/665 1812/1974/694
f 1812/1974/694 1783/1943/665 1785/1945/667 1813/1975/695
f 1813/1975/695 1785/1945/667 1787/1947/669 1814/1976/696
f 1814/1976/696 1787/1947/669 1789/1949/671 1815/1977/697
f 1815/1977/697 1789/1949/671 1791/1951/673 1816/1978/698
f 1816/1978/698 1791/1951/673 1793/1953/675 1817/1979/699
f 1817/1979/699 1793/1953/675 1795/1955/677 1818/1980/700
f 1818/1980/700 1795/1955/677 1797/1957/679 1819/1981/701
f 1819/1981/701 1797/1957/679 1750/1910/632 1798/1958/680
f 1820/1982/702 1821/1983/703 1822/1984/704 1823/1985/705 1824/1986/706 1825/1987/707 1826/1988/708 1827/1989/709 1828/1990/710 1731/1891/613 1730/1890/612 1829/1991/711 1830/1992/712 1831/1993/713 1832/1994/714 1833/1995/715 1834/1996/716 1835/1997/717 1836/1998/718 1837/1999/719 1838/2000/720 1839/2001/721 1840/2002/722 1841/2003/723
f 1802/2004/684 1823/1985/705 1822/1984/704 1801/2005/683
f 1815/2006/697 1836/1998/718 1835/1997/717 1814/2007/696
f 1808/2008/690 1829/1991/711 1730/1890/612 1729/1889/611
f 1803/2009/685 1824/1986/706 1823/1985/705 1802/2004/684
f 1816/2010/698 1837/1999/719 1836/1998/718 1815/2006/697
f 1809/2011/691 1830/1992/712 1829/1991/711 1808/2008/690
f 1804/2012/686 1825/1987/707 1824/1986/706 1803/2009/685
f 1817/2013/699 1838/2000/720 1837/1999/719 1816/2010/698
f 1810/2014/692 1831/1993/713 1830/1992/712 1809/2011/691
f 1805/2015/687 1826/1988/708 1825/1987/707 1804/2012/686
f 1818/2016/700 1839/2001/721 1838/2000/720 1817/2013/699
f 1811/2017/693 1832/1994/714 1831/1993/713 1810/2014/692
f 1806/2018/688 1827/1989/709 1826/1988/708 1805/2015/687
f 1819/2019/701 1840/2002/722 1839/2001/721 1818/2016/700
f 1799/2020/681 1820/1982/702 1841/2003/723 1798/2021/680
f 1812/2022/694 1833/1995/715 1832/1994/714 1811/2017/693
f 1807/2023/689 1828/1990/710 1827/1989/709 1806/2018/688
f 1798/2021/680 1841/2003/723 1840/2002/722 1819/2019/701
f 1800/2024/682 1821/1983/703 1820/1982/702 1799/2020/681
f 1813/2025/695 1834/1996/716 1833/1995/715 1812/2022/694
f 1732/1892/614 1731/1891/613 1828/1990/710 1807/2023/689
f 1801/2005/683 1822/1984/704 1821/1983/703 1800/2024/682
f 1814/2007/696 1835/1997/717 1834/1996/716 1813/2025/695
f 1842/2026/7 1843/2027/724 1844/2028/725 1845/2029/7
f 1846/2030/7 1847/2031/726 1848/2032/726 1849/2033/7 1850/2034/7
f 1851/2035/727 1852/2036/728 1853/2037/729 1854/2038/727
f 1855/2039/730 1856/2040/731 1857/2041/732 1858/2042/733
f 1847/2031/726 1859/2043/734 1860/2044/734 1848/2032/726
f 1859/2043/734 1861/2045/735 1862/2046/735 1860/2044/734
f 1861/2045/735 1863/2047/34 1864/2048/34 1862/2046/735
f 1863/2047/34 1865/2049/1 1866/2050/1 1864/2048/34
f 1865/2049/1 1867/2051/736 1868/2052/736 1866/2050/1
f 1867/2051/736 1869/2053/737 1870/2054/737 1868/2052/736
f 1871/2055/10 1870/2054/737 1869/2053/737 1872/2056/10
f 1873/2057/5 1874/2058/5 1875/2059/5 1876/2060/5 1877/2061/5 1878/2062/5 1879/2063/5 1880/2064/5 1881/2065/5 1882/2066/5
f 1883/2067/3 1884/2068/738 1885/2069/739 1886/2070/3
f 1887/2071/740 1888/2072/741 1889/2073/5 1890/2074/5 1891/2075/5 1892/2076/5 1893/2077/5
f 1894/2078/742 1895/2079/32 1896/2080/32 1897/2081/743
f 1898/2082/7 1899/2083/7 1900/2084/7 1901/2085/7 1902/2086/7 1903/2087/7
f 1904/2088/744 1905/2089/745 1906/2090/746 1907/2091/747
f 1908/2092/748 1909/2093/749 1910/2094/750 1911/2095/751
f 1912/2096/752 1913/2097/753 1914/2098/754 1915/2099/755
f 1916/2100/756 1917/2101/757 1887/2071/740 1918/2102/758
f 1913/2097/753 1916/2100/756 1918/2102/758 1914/2098/754
f 1909/2093/749 1912/2096/752 1915/2099/755 1910/2094/750
f 1919/2103/759 1920/2104/760 1921/2105/761 1922/2106/761
f 1923/2107/762 1924/2108/763 1925/2109/5 1926/2110/764
f 1905/2089/745 1927/2111/765 1928/2112/766 1929/2113/767 1906/2090/746
f 1924/2108/763 1908/2092/748 1930/2114/768 1931/2115/769
f 1932/2116/770 1933/2117/771 1934/2118/772 1919/2103/759
f 1935/2119/773 1936/2120/774 1937/2121/775 1938/2122/776
f 1939/2123/10 1940/2124/10 1941/2125/777 1942/2126/778
f 1943/2127/779 1944/2128/780 1945/2129/780 1946/2130/781
f 1947/2131/782 1948/2132/783 1884/2068/738
f 1949/2133/784 1950/2134/785 1951/2135/786 1952/2136/787
f 1953/2137/3 1954/2138/3 1955/2139/3 1956/2140/3
f 1957/2141/788 1958/2142/789 1959/2143/790 1960/2144/791
f 1961/2145/11 1962/2146/11 1963/2147/11 1964/2148/11 1965/2149/11 1966/2150/11 1967/2151/11 1968/2152/11
f 1969/2153/792 1949/2133/784 1952/2136/787 1970/2154/792
f 1917/2101/757 1971/2155/793 1888/2072/741 1887/2071/740
f 1950/2134/785 1943/2127/779 1946/2130/781 1951/2135/786
f 1904/2088/744 1907/2091/747 1894/2078/742 1897/2081/743
f 1972/2156/794 1973/2157/795 1974/2158/795 1975/2159/794
f 1976/2160/10 1977/2161/10 1978/2162/10 1979/2163/10 1980/2164/10 1981/2165/10
f 1982/2166/796 1983/2167/3 1984/2168/3 1985/2169/797
f 1986/2170/798 1987/2171/799 1988/2172/800 1989/2173/801
f 1990/2174/802 1991/2175/803 1992/2176/33
f 1993/2177/11 1994/2178/11 1995/2179/11 1996/2180/11
f 1997/2181/11 1998/2182/11 1999/2183/11 2000/2184/11
f 2001/2185/804 1855/2039/730 1858/2042/733 2002/2186/804
f 1935/2119/773 1938/2122/776 2003/2187/805 2004/2188/806
f 2005/2189/807 2006/2190/807 1934/2118/772 1933/2117/771
f 1853/2037/729 1852/2036/728 2007/2191/808 2008/2192/808
f 2009/2193/809 2010/2194/809 2011/2195/810 2012/2196/811
f 2013/2197/812 2014/2198/813 2015/2199/814 2016/2200/815
f 2015/2199/814 1856/2040/731 2016/2200/815
f 2017/2201/816 2018/2202/816 2019/2203/816
f 2020/2204/817 1991/2175/803 1990/2174/802
f 1995/2179/11 1994/2178/11 2021/2205/11 2022/2206/11
f 2022/2206/11 2021/2205/11 2023/2207/11 2024/2208/11
f 1997/2181/11 2000/2184/11 2025/2209/11 2026/2210/11
f 2026/2210/11 2025/2209/11 2027/2211/11 2028/2212/11
f 1982/2166/796 1985/2169/797 2029/2213/818 2030/2214/818
f 2031/2215/819 2032/2216/819 1988/2172/800 1987/2171/799
f 1844/2028/725 1843/2027/724 2033/2217/820 2034/2218/820
f 2035/2219/821 2036/2220/821 1986/2170/798 1989/2173/801
f 2023/2207/11 2028/2212/11 2027/2211/11 2024/2208/11
f 1857/2041/732 1856/2040/731 2015/2199/814 2037/2221/822
f 1925/2109/5 1924/2108/763 1931/2115/769
f 1992/2176/33 1991/2175/803 2038/2222/33 2039/2223/33
f 2040/2224/823 2041/2225/824 1923/2107/762 1926/2110/764
f 1884/2068/738 1948/2132/783 2042/2226/825 1885/2069/739
f 1971/2155/793 1917/2101/757 2041/2225/824 2040/2224/823
f 1928/2112/766 1927/2111/765 2014/2198/813 2013/2197/812
f 2011/2195/810 1932/2116/770 1919/2103/759 2012/2196/811
f 2043/2227/826 2044/2228/827 2045/2229/828 2046/2230/826
f 2047/2231/829 2048/2232/829 2049/2233/829 2050/2234/829
f 2051/2235/829 2047/2231/829 2050/2234/829 2052/2236/829
f 2053/2237/829 2051/2235/829 2052/2236/829 2054/2238/829
f 2055/2239/830 2056/2240/831 2057/2241/832 2058/2242/833
f 1920/2104/760 1919/2103/759 1934/2118/772 2059/2243/834
f 1934/2118/772 2060/2244/835 2059/2243/834
f 2003/2187/805 1938/2122/776 1941/2125/777
f 1941/2125/777 1938/2122/776 1937/2121/775 1942/2126/778
f 1942/2126/778 1937/2121/775 2061/2245/10
f 2062/2246/8 2063/2247/8 2064/2248/8 2065/2249/8
f 2066/2250/836 2067/2251/837 2068/2252/8 2069/2253/838
f 2070/2254/839 2066/2250/836 2069/2253/838 2071/2255/840
f 2044/2228/827 2072/2256/841 2073/2257/841 2045/2229/828
f 2074/2258/842 2070/2254/839 2071/2255/840 2075/2259/843
f 1958/2142/789 2074/2258/842 2075/2259/843 1959/2143/790
f 2076/2260/844 2077/2261/845 2078/2262/846
f 2079/2263/847 2080/2264/848 2081/2265/848 2082/2266/847
f 2057/2241/832 2056/2240/831 2083/2267/849 2084/2268/849
f 2085/2269/850 2086/2270/850 1957/2141/788 1960/2144/791
f 2078/2262/846 2087/2271/851 2088/2272/851 2076/2260/844
f 2068/2252/8 2067/2251/837 2089/2273/852 2090/2274/8
f 2091/2275/853 2092/2276/854 2093/2277/855 2094/2278/856
f 2091/2275/853 2094/2278/856 2095/2279/857 2096/2280/857
f 2097/2281/858 2098/2282/11 2099/2283/11 2100/2284/859
f 2092/2276/854 2101/2285/860 2102/2286/861 2093/2277/855
f 2101/2285/860 2097/2281/858 2100/2284/859 2102/2286/861
f 2103/2287/862 2104/2288/862 2105/2289/862 2106/2290/862
f 2107/2291/863 2108/2292/863 2109/2293/863
f 2110/2294/864 2111/2295/865 2112/2296/865 2113/2297/866
f 2114/2298/11 2110/2294/864 2113/2297/866 2115/2299/11
f 1960/2144/791 1959/2143/790 2116/2300/867 2117/2301/867
f 2058/2242/833 2057/2241/832 2118/2302/868 2119/2303/869
f 1930/2114/768 1908/2092/748 1911/2095/751
f 2120/2304/870 2121/2305/871 2122/2306/871 2123/2307/870
f 2124/2308/7 2125/2309/7 2126/2310/7 1900/2084/7
f 2099/2283/11 2098/2282/11 2127/2311/11 2128/2312/11
f 2125/2309/7 2129/2313/7 2130/2314/7 2131/2315/7
f 2125/2309/7 2131/2315/7 2126/2310/7
f 2132/2316/10 2133/2317/10 2134/2318/10 2135/2319/10
f 2067/2251/837 2136/2320/872 2137/2321/872 2089/2273/852
f 2138/2322/7 2124/2308/7 1900/2084/7 1899/2083/7
f 2139/2323/3 2140/2324/3 2141/2325/3 2142/2326/3
f 2143/2327/3 2144/2328/3 2139/2323/3 2145/2329/3
f 2146/2330/3 2143/2327/3 2145/2329/3 2147/2331/3
f 2144/2328/3 2148/2332/3 2140/2324/3 2139/2323/3
f 1942/2126/778 2061/2245/10 2149/2333/10 2150/2334/873
f 2151/2335/874 2152/2336/875 2153/2337/875 2154/2338/874
f 2155/2339/876 2156/2340/877 2157/2341/877 2158/2342/877 2159/2343/876
f 2160/2344/878 2161/2345/878 2162/2346/878 2163/2347/878
f 2164/2348/879 2165/2349/880 2166/2350/880 2167/2351/879
f 1842/2026/7 1845/2029/7 2168/2352/881 2169/2353/882
f 2170/2354/7 2171/2355/7 2172/2356/7 2173/2357/726 2174/2358/726
f 1851/2035/727 1854/2038/727 2175/2359/883 2176/2360/884
f 2177/2361/885 2178/2362/886 2179/2363/887 2180/2364/888
f 2174/2358/726 2173/2357/726 2181/2365/734 2182/2366/734
f 2182/2366/734 2181/2365/734 2183/2367/735 2184/2368/735
f 2184/2368/735 2183/2367/735 2185/2369/34 2186/2370/34
f 2186/2370/34 2185/2369/34 2187/2371/1 2188/2372/1
f 2188/2372/1 2187/2371/1 2189/2373/736 2190/2374/736
f 2190/2374/736 2189/2373/736 2191/2375/737 2192/2376/737
f 2193/2377/10 2194/2378/10 2192/2376/737 2191/2375/737
f 2195/2379/8 2196/2380/8 2197/2381/8 2198/2382/8 2199/2383/8 2200/2384/8 2201/2385/8 2202/2386/8 2203/2387/8 2204/2388/8
f 2205/2389/3 1886/2070/3 1885/2069/739 2206/2390/889
f 2207/2391/890 2208/2392/8 2209/2393/8 2210/2394/8 2211/2395/8 2212/2396/8 2213/2397/891
f 2214/2398/892 2215/2399/893 2216/2400/55 2217/2401/55
f 1898/2082/7 2218/2402/7 2219/2403/7 2220/2404/7 2221/2405/7 1899/2083/7
f 2222/2406/894 2223/2407/895 2224/2408/896 2225/2409/897
f 2226/2410/898 2227/2411/899 2228/2412/900 2229/2413/901
f 2230/2414/902 2231/2415/903 2232/2416/904 2233/2417/905
f 2234/2418/906 2235/2419/907 2207/2391/890 2236/2420/908
f 2233/2417/905 2232/2416/904 2235/2419/907 2234/2418/906
f 2229/2413/901 2228/2412/900 2231/2415/903 2230/2414/902
f 2237/2421/909 2238/2422/910 2239/2423/910 2240/2424/911
f 2241/2425/912 2242/2426/913 2243/2427/8 2244/2428/914
f 2225/2409/897 2224/2408/896 2245/2429/915 2246/2430/916 2247/2431/917
f 2244/2428/914 2248/2432/918 2249/2433/919 2226/2410/898
f 2250/2434/920 2237/2421/909 2251/2435/921 2252/2436/922
f 2253/2437/923 2254/2438/924 1937/2121/775 1936/2120/774
f 2255/2439/10 2256/2440/925 2257/2441/926 2258/2442/10
f 2259/2443/927 2260/2444/928 2261/2445/929 2262/2446/929
f 2263/2447/930 2206/2390/889 2264/2448/931
f 2265/2449/932 2266/2450/933 2267/2451/934 2268/2452/935
f 2269/2453/3 2270/2454/3 2271/2455/3 2272/2456/3
f 2273/2457/936 2274/2458/937 2275/2459/938 2276/2460/939
f 2277/2461/11 2278/2462/11 2279/2463/11 2280/2464/11 1965/2149/11 1964/2148/11 2281/2465/11 2282/2466/11
f 2283/2467/940 2284/2468/940 2266/2450/933 2265/2449/932
f 2236/2420/908 2207/2391/890 2213/2397/891 2285/2469/941
f 2268/2452/935 2267/2451/934 2260/2444/928 2259/2443/927
f 2222/2406/894 2215/2399/893 2214/2398/892 2223/2407/895
f 1972/2156/794 1975/2159/794 2286/2470/942 2287/2471/942
f 2288/2472/10 2289/2473/10 2290/2474/10 2291/2475/10 1978/2162/10 1977/2161/10
f 2292/2476/943 2293/2477/944 1984/2168/3 1983/2167/3
f 2294/2478/945 2295/2479/946 2296/2480/947 2297/2481/948
f 2298/2482/949 2299/2483/56 2300/2484/950
f 1993/2177/11 1996/2180/11 2301/2485/11 2302/2486/11
f 2303/2487/11 2304/2488/11 1999/2183/11 1998/2182/11
f 2001/2185/804 2002/2186/804 2178/2362/886 2177/2361/885
f 2253/2437/923 2305/2489/951 2306/2490/952 2254/2438/924
f 2307/2491/953 2252/2436/922 2251/2435/921 2308/2492/953
f 2175/2359/883 2309/2493/954 2310/2494/954 2176/2360/884
f 2311/2495/955 2312/2496/956 2313/2497/957 2314/2498/955
f 2315/2499/958 2316/2500/959 2317/2501/960 2318/2502/961
f 2317/2501/960 2316/2500/959 2180/2364/888
f 2319/2503/962 2320/2504/962 2321/2505/962
f 2322/2506/963 2298/2482/949 2300/2484/950
f 2301/2485/11 2323/2507/11 2324/2508/11 2302/2486/11
f 2323/2507/11 2325/2509/11 2326/2510/11 2324/2508/11
f 2303/2487/11 2327/2511/11 2328/2512/11 2304/2488/11
f 2327/2511/11 2329/2513/11 2330/2514/11 2328/2512/11
f 2292/2476/943 2331/2515/964 2332/2516/964 2293/2477/944
f 2333/2517/965 2297/2481/948 2296/2480/947 2334/2518/965
f 2168/2352/881 2335/2519/966 2336/2520/966 2169/2353/882
f 2337/2521/967 2295/2479/946 2294/2478/945 2338/2522/967
f 2326/2510/11 2325/2509/11 2330/2514/11 2329/2513/11
f 2179/2363/887 2339/2523/968 2317/2501/960 2180/2364/888
f 2243/2427/8 2248/2432/918 2244/2428/914
f 2299/2483/56 2340/2524/56 2341/2525/56 2300/2484/950
f 2342/2526/969 2242/2426/913 2241/2425/912 2343/2527/970
f 2206/2390/889 1885/2069/739 2042/2226/825 2264/2448/931
f 2285/2469/941 2342/2526/969 2343/2527/970 2236/2420/908
f 2246/2430/916 2315/2499/958 2318/2502/961 2247/2431/917
f 2313/2497/957 2312/2496/956 2237/2421/909 2250/2434/920
f 2344/2528/826 2345/2529/826 2346/2530/971 2347/2531/972
f 2348/2532/829 2050/2234/829 2049/2233/829 2349/2533/829
f 2350/2534/829 2052/2236/829 2050/2234/829 2348/2532/829
f 2351/2535/829 2054/2238/829 2052/2236/829 2350/2534/829
f 2055/2239/830 2058/2242/833 2352/2536/973 2353/2537/974
f 2240/2424/911 2354/2538/975 2251/2435/921 2237/2421/909
f 2251/2435/921 2354/2538/975 2355/2539/976
f 2306/2490/952 2257/2441/926 2254/2438/924
f 2257/2441/926 2256/2440/925 1937/2121/775 2254/2438/924
f 2256/2440/925 2061/2245/10 1937/2121/775
f 2356/2540/5 2357/2541/5 2358/2542/5 2359/2543/5
f 2360/2544/977 2361/2545/978 2362/2546/5 2363/2547/979
f 2364/2548/980 2365/2549/981 2361/2545/978 2360/2544/977
f 2347/2531/972 2346/2530/971 2366/2550/982 2367/2551/982
f 2368/2552/983 2369/2553/984 2365/2549/981 2364/2548/980
f 2276/2460/939 2275/2459/938 2369/2553/984 2368/2552/983
f 2370/2554/985 2371/2555/986 2372/2556/987
f 2079/2263/847 2082/2266/847 2373/2557/988 2374/2558/988
f 2352/2536/973 2375/2559/989 2376/2560/989 2353/2537/974
f 2377/2561/990 2274/2458/937 2273/2457/936 2378/2562/990
f 2371/2555/986 2370/2554/985 2379/2563/991 2380/2564/991
f 2362/2546/5 2381/2565/5 2382/2566/992 2363/2547/979
f 2383/2567/853 2094/2278/856 2093/2277/855 2384/2568/854
f 2383/2567/853 2385/2569/857 2095/2279/857 2094/2278/856
f 2386/2570/858 2100/2284/859 2099/2283/11 2387/2571/11
f 2384/2568/854 2093/2277/855 2102/2286/861 2388/2572/860
f 2388/2572/860 2102/2286/861 2100/2284/859 2386/2570/858
f 2389/2573/993 2390/2574/993 2391/2575/993 2392/2576/993
f 2393/2577/994 2394/2578/994 2395/2579/994
f 2396/2580/864 2113/2297/866 2112/2296/865 2397/2581/865
f 2398/2582/11 2115/2299/11 2113/2297/866 2396/2580/864
f 2274/2458/937 2399/2583/995 2400/2584/995 2275/2459/938
f 2058/2242/833 2119/2303/869 2401/2585/996 2352/2536/973
f 2249/2433/919 2227/2411/899 2226/2410/898
f 2120/2304/870 2123/2307/870 2402/2586/997 2403/2587/997
f 2404/2588/7 2221/2405/7 2405/2589/7 2406/2590/7
f 2099/2283/11 2128/2312/11 2407/2591/11 2387/2571/11
f 2406/2590/7 2408/2592/7 2130/2314/7 2129/2313/7
f 2406/2590/7 2405/2589/7 2408/2592/7
f 2409/2593/10 2410/2594/10 2134/2318/10 2133/2317/10
f 2363/2547/979 2382/2566/992 2411/2595/998 2412/2596/998
f 2138/2322/7 1899/2083/7 2221/2405/7 2404/2588/7
f 2413/2597/3 2414/2598/3 2141/2325/3 2140/2324/3
f 2415/2599/3 2416/2600/3 2413/2597/3 2417/2601/3
f 2146/2330/3 2147/2331/3 2416/2600/3 2415/2599/3
f 2417/2601/3 2413/2597/3 2140/2324/3 2148/2332/3
f 2256/2440/925 2418/2602/999 2149/2333/10 2061/2245/10
f 2151/2335/874 2154/2338/874 2419/2603/1000 2420/2604/1000
f 2155/2339/876 2159/2343/876 2421/2605/1001 2422/2606/1001 2423/2607/1001
f 2424/2608/1002 2425/2609/1002 2426/2610/1002 2427/2611/1002
f 2428/2612/1003 2429/2613/1003 2166/2350/880 2165/2349/880
f 2430/2614/196 2431/2615/197 2432/2616/198 2433/2617/199
f 2434/2618/1004 2435/2619/1005 2436/2620/202 2437/2621/203
f 2437/2621/203 2436/2620/202 2438/2622/204 2439/2623/205
f 2439/2623/205 2438/2622/204 2440/2624/206 2441/2625/207
f 2441/2625/207 2440/2624/206 2442/2626/208 2443/2627/209
f 2443/2627/209 2442/2626/208 2444/2628/210 2445/2629/211
f 2445/2629/211 2444/2628/210 2446/2630/212 2447/2631/213
f 2447/2631/213 2446/2630/212 2448/2632/214 2449/2633/215
f 2449/2633/215 2448/2632/214 2450/2634/1006 2451/2635/1007
f 2451/2635/1007 2450/2634/1006 2452/2636/218 2453/2637/219
f 2453/2637/219 2452/2636/218 2454/2638/220 2455/2639/221
f 2455/2639/221 2454/2638/220 2456/2640/222 2457/2641/223
f 2457/2641/223 2456/2640/222 2458/2642/1008 2459/2643/1009
f 2459/2643/1009 2458/2642/1008 2460/2644/226 2461/2645/227
f 2461/2645/227 2460/2644/226 2462/2646/228 2463/2647/229
f 2463/2647/229 2462/2646/228 2464/2648/230 2465/2649/231
f 2465/2649/231 2464/2648/230 2466/2650/232 2467/2651/233
f 2467/2651/233 2466/2650/232 2468/2652/234 2469/2653/235
f 2469/2653/235 2468/2652/234 2470/2654/236 2471/2655/237
f 2471/2655/237 2470/2654/236 2472/2656/238 2473/2657/239
f 2473/2657/239 2472/2656/238 2474/2658/1010 2475/2659/1011
f 2475/2659/1011 2474/2658/1010 2431/2615/197 2430/2614/196
f 2476/2660/242 2477/2661/243 2435/2619/1005 2434/2618/1004
f 2478/2662/244 2479/2663/245 2480/2664/246 2481/2665/247
f 2433/2617/199 2432/2616/198 2477/2661/243 2476/2660/242
f 2433/2617/199 2476/2660/242 2482/2666/248 2483/2667/249
f 2483/2667/249 2482/2666/248 2484/2668/250 2485/2669/251
f 2477/2661/243 2432/2616/198 2486/2670/252 2487/2671/253
f 2487/2671/253 2486/2670/252 2488/2672/254 2489/2673/255
f 2476/2660/242 2434/2618/1004 2490/2674/256 2482/2666/248
f 2482/2666/248 2490/2674/256 2491/2675/257 2484/2668/250
f 2435/2619/1005 2477/2661/243 2487/2671/253 2492/2676/258
f 2492/2676/258 2487/2671/253 2489/2673/255 2493/2677/259
f 2434/2618/1004 2437/2621/203 2494/2678/260 2490/2674/256
f 2490/2674/256 2494/2678/260 2495/2679/261 2491/2675/257
f 2436/2620/202 2435/2619/1005 2492/2676/258 2496/2680/262
f 2496/2680/262 2492/2676/258 2493/2677/259 2497/2681/263
f 2437/2621/203 2439/2623/205 2498/2682/264 2494/2678/260
f 2494/2678/260 2498/2682/264 2499/2683/265 2495/2679/261
f 2438/2622/204 2436/2620/202 2496/2680/262 2500/2684/266
f 2500/2684/266 2496/2680/262 2497/2681/263 2501/2685/267
f 2439/2623/205 2441/2625/207 2502/2686/268 2498/2682/264
f 2498/2682/264 2502/2686/268 2503/2687/269 2499/2683/265
f 2440/2624/206 2438/2622/204 2500/2684/266 2504/2688/270
f 2504/2688/270 2500/2684/266 2501/2685/267 2505/2689/271
f 2441/2625/207 2443/2627/209 2506/2690/272 2502/2686/268
f 2502/2686/268 2506/2690/272 2507/2691/273 2503/2687/269
f 2442/2626/208 2440/2624/206 2504/2688/270 2508/2692/274
f 2508/2692/274 2504/2688/270 2505/2689/271 2509/2693/275
f 2443/2627/209 2445/2629/211 2510/2694/276 2506/2690/272
f 2506/2690/272 2510/2694/276 2511/2695/277 2507/2691/273
f 2444/2628/210 2442/2626/208 2508/2692/274 2512/2696/278
f 2512/2696/278 2508/2692/274 2509/2693/275 2513/2697/279
f 2445/2629/211 2447/2631/213 2514/2698/280 2510/2694/276
f 2510/2694/276 2514/2698/280 2515/2699/281 2511/2695/277
f 2446/2630/212 2444/2628/210 2512/2696/278 2516/2700/282
f 2516/2700/282 2512/2696/278 2513/2697/279 2517/2701/283
f 2447/2631/213 2449/2633/215 2518/2702/284 2514/2698/280
f 2514/2698/280 2518/2702/284 2519/2703/285 2515/2699/281
f 2448/2632/214 2446/2630/212 2516/2700/282 2520/2704/286
f 2520/2704/286 2516/2700/282 2517/2701/283 2521/2705/287
f 2449/2633/215 2451/2635/1007 2522/2706/288 2518/2702/284
f 2518/2702/284 2522/2706/288 2523/2707/289 2519/2703/285
f 2450/2634/1006 2448/2632/214 2520/2704/286 2524/2708/290
f 2524/2708/290 2520/2704/286 2521/2705/287 2525/2709/291
f 2451/2635/1007 2453/2637/219 2526/2710/292 2522/2706/288
f 2522/2706/288 2526/2710/292 2527/2711/293 2523/2707/289
f 2452/2636/218 2450/2634/1006 2524/2708/290 2528/2712/294
f 2528/2712/294 2524/2708/290 2525/2709/291 2529/2713/295
f 2453/2637/219 2455/2639/221 2530/2714/296 2526/2710/292
f 2526/2710/292 2530/2714/296 2531/2715/297 2527/2711/293
f 2454/2638/220 2452/2636/218 2528/2712/294 2532/2716/298
f 2532/2716/298 2528/2712/294 2529/2713/295 2533/2717/299
f 2455/2639/221 2457/2641/223 2534/2718/300 2530/2714/296
f 2530/2714/296 2534/2718/300 2535/2719/301 2531/2715/297
f 2456/2640/222 2454/2638/220 2532/2716/298 2536/2720/302
f 2536/2720/302 2532/2716/298 2533/2717/299 2537/2721/303
f 2457/2641/223 2459/2643/1009 2538/2722/304 2534/2718/300
f 2534/2718/300 2538/2722/304 2539/2723/305 2535/2719/301
f 2458/2642/1008 2456/2640/222 2536/2720/302 2540/2724/306
f 2540/2724/306 2536/2720/302 2537/2721/303 2541/2725/307
f 2459/2643/1009 2461/2645/227 2542/2726/308 2538/2722/304
f 2538/2722/304 2542/2726/308 2543/2727/309 2539/2723/305
f 2460/2644/226 2458/2642/1008 2540/2724/306 2544/2728/310
f 2544/2728/310 2540/2724/306 2541/2725/307 2545/2729/311
f 2461/2645/227 2463/2647/229 2546/2730/312 2542/2726/308
f 2542/2726/308 2546/2730/312 2547/2731/313 2543/2727/309
f 2462/2646/228 2460/2644/226 2544/2728/310 2548/2732/314
f 2548/2732/314 2544/2728/310 2545/2729/311 2549/2733/315
f 2463/2647/229 2465/2649/231 2550/2734/316 2546/2730/312
f 2546/2730/312 2550/2734/316 2551/2735/317 2547/2731/313
f 2464/2648/230 2462/2646/228 2548/2732/314 2552/2736/318
f 2552/2736/318 2548/2732/314 2549/2733/315 2553/2737/319
f 2465/2649/231 2467/2651/233 2554/2738/320 2550/2734/316
f 2550/2734/316 2554/2738/320 2555/2739/321 2551/2735/317
f 2466/2650/232 2464/2648/230 2552/2736/318 2556/2740/322
f 2556/2740/322 2552/2736/318 2553/2737/319 2557/2741/323
f 2467/2651/233 2469/2653/235 2558/2742/324 2554/2738/320
f 2554/2738/320 2558/2742/324 2559/2743/325 2555/2739/321
f 2468/2652/234 2466/2650/232 2556/2740/322 2560/2744/326
f 2560/2744/326 2556/2740/322 2557/2741/323 2561/2745/327
f 2469/2653/235 2471/2655/237 2562/2746/328 2558/2742/324
f 2558/2742/324 2562/2746/328 2563/2747/329 2559/2743/325
f 2470/2654/236 2468/2652/234 2560/2744/326 2564/2748/330
f 2564/2748/330 2560/2744/326 2561/2745/327 2565/2749/331
f 2471/2655/237 2473/2657/239 2566/2750/332 2562/2746/328
f 2562/2746/328 2566/2750/332 2567/2751/333 2563/2747/329
f 2472/2656/238 2470/2654/236 2564/2748/330 2568/2752/334
f 2568/2752/334 2564/2748/330 2565/2749/331 2569/2753/335
f 2473/2657/239 2475/2659/1011 2570/2754/336 2566/2750/332
f 2566/2750/332 2570/2754/336 2571/2755/337 2567/2751/333
f 2474/2658/1010 2472/2656/238 2568/2752/334 2572/2756/338
f 2572/2756/338 2568/2752/334 2569/2753/335 2573/2757/339
f 2475/2659/1011 2430/2614/196 2574/2758/340 2570/2754/336
f 2570/2754/336 2574/2758/340 2575/2759/341 2571/2755/337
f 2431/2615/197 2474/2658/1010 2572/2756/338 2576/2760/342
f 2576/2760/342 2572/2756/338 2573/2757/339 2577/2761/343
f 2430/2614/196 2433/2617/199 2483/2667/249 2574/2758/340
f 2574/2758/340 2483/2667/249 2485/2669/251 2575/2759/341
f 2432/2616/198 2431/2615/197 2576/2760/342 2486/2670/252
f 2486/2670/252 2576/2760/342 2577/2761/343 2488/2672/254
f 2485/2669/251 2484/2668/250 2491/2675/257 2495/2679/261 2499/2683/265 2503/2687/269 2507/2691/273 2511/2695/277 2515/2699/281 2519/2703/285 2523/2707/289 2527/2711/293 2531/2715/297 2535/2719/301 2539/2723/305 2543/2727/309 2547/2731/313 2551/2735/317 2555/2739/321 2559/2743/325 2563/2747/329 2567/2751/333 2571/2755/337 2575/2759/341
f 2578/2762/5 2579/2763/5 2489/2673/255 2488/2672/254
f 2579/2763/5 2580/2764/5 2493/2677/259 2489/2673/255
f 2580/2764/5 2581/2765/5 2497/2681/263 2493/2677/259
f 2581/2765/5 2582/2766/5 2501/2685/267 2497/2681/263
f 2582/2766/5 2583/2767/5 2505/2689/271 2501/2685/267
f 2583/2767/5 2584/2768/5 2509/2693/275 2505/2689/271
f 2584/2768/5 2585/2769/5 2513/2697/279 2509/2693/275
f 2585/2769/5 2586/2770/5 2517/2701/283 2513/2697/279
f 2586/2770/5 2587/2771/5 2521/2705/287 2517/2701/283
f 2587/2771/5 2588/2772/5 2525/2709/291 2521/2705/287
f 2588/2772/5 2589/2773/5 2529/2713/295 2525/2709/291
f 2589/2773/5 2590/2774/5 2533/2717/299 2529/2713/295
f 2590/2774/5 2591/2775/5 2537/2721/303 2533/2717/299
f 2591/2775/5 2592/2776/5 2541/2725/307 2537/2721/303
f 2592/2776/5 2593/2777/5 2545/2729/311 2541/2725/307
f 2593/2777/5 2594/2778/5 2549/2733/315 2545/2729/311
f 2594/2778/5 2595/2779/5 2553/2737/319 2549/2733/315
f 2595/2779/5 2596/2780/5 2557/2741/323 2553/2737/319
f 2596/2780/5 2597/2781/5 2561/2745/327 2557/2741/323
f 2597/2781/5 2598/2782/5 2565/2749/331 2561/2745/327
f 2598/2782/5 2599/2783/5 2569/2753/335 2565/2749/331
f 2599/2783/5 2600/2784/5 2573/2757/339 2569/2753/335
f 2600/2784/5 2601/2785/5 2577/2761/343 2573/2757/339
f 2601/2785/5 2578/2762/5 2488/2672/254 2577/2761/343
f 2602/2786/344 2603/2787/1012 2604/2788/346 2605/2789/347
f 2606/2790/348 2607/2791/349 2608/2792/1013 2609/2793/351
f 2610/2794/352 2611/2795/353 2612/2796/354 2613/2797/355
f 2614/2798/356 2478/2662/244 2481/2665/247 2615/2799/357
f 2616/2800/358 2606/2790/348 2609/2793/351 2617/2801/359
f 2618/2802/360 2610/2794/352 2613/2797/355 2619/2803/361
f 2620/2804/362 2614/2798/356 2615/2799/357 2621/2805/1014
f 2622/2806/364 2623/2807/1015 2624/2808/366 2625/2809/367
f 2626/2810/368 2622/2806/364 2625/2809/367 2627/2811/369
f 2628/2812/370 2618/2802/360 2619/2803/361 2629/2813/371
f 2589/2814/5 2588/2815/5 2630/2816/372 2631/2817/373
f 2632/2818/374 2626/2810/368 2627/2811/369 2633/2819/375
f 2634/2820/1016 2628/2812/370 2629/2813/371 2635/2821/377
f 2603/2787/1012 2620/2804/362 2621/2805/1014 2604/2788/346
f 2636/2822/378 2632/2818/374 2633/2819/375 2637/2823/379
f 2638/2824/380 2634/2820/1016 2635/2821/377 2639/2825/1017
f 2640/2826/382 2602/2786/344 2605/2789/347 2641/2827/383
f 2642/2828/384 2636/2822/378 2637/2823/379 2643/2829/385
f 2644/2830/386 2638/2824/380 2639/2825/1017 2645/2831/387
f 2646/2832/388 2640/2826/382 2641/2827/383 2647/2833/1018
f 2479/2663/245 2642/2828/384 2643/2829/385 2480/2664/246
f 2607/2791/349 2644/2830/386 2645/2831/387 2608/2792/1013
f 2611/2795/353 2646/2832/388 2647/2833/1018 2612/2796/354
f 2609/2793/351 2608/2792/1013 2648/2834/1019 2649/2835/1020
f 2582/2836/5 2581/2837/5 2650/2838/392 2651/2839/393
f 2597/2840/5 2596/2841/5 2652/2842/394 2653/2843/395
f 2590/2844/5 2589/2814/5 2631/2817/373 2654/2845/396
f 2583/2846/5 2582/2836/5 2651/2839/393 2655/2847/397
f 2598/2848/5 2597/2840/5 2653/2843/395 2656/2849/398
f 2591/2850/5 2590/2844/5 2654/2845/396 2657/2851/399
f 2584/2852/5 2583/2846/5 2655/2847/397 2658/2853/1021
f 2599/2854/5 2598/2848/5 2656/2849/398 2659/2855/401
f 2592/2856/5 2591/2850/5 2657/2851/399 2660/2857/402
f 2585/2858/5 2584/2852/5 2658/2853/1021 2661/2859/403
f 2600/2860/5 2599/2854/5 2659/2855/401 2662/2861/1022
f 2593/2862/5 2592/2856/5 2660/2857/402 2663/2863/405
f 2586/2864/5 2585/2858/5 2661/2859/403 2664/2865/1023
f 2601/2866/5 2600/2860/5 2662/2861/1022 2665/2867/407
f 2579/2868/5 2578/2869/5 2666/2870/408 2667/2871/409
f 2594/2872/5 2593/2862/5 2663/2863/405 2668/2873/410
f 2587/2874/5 2586/2864/5 2664/2865/1023 2669/2875/411
f 2578/2869/5 2601/2866/5 2665/2867/407 2666/2870/408
f 2580/2876/5 2579/2868/5 2667/2871/409 2670/2877/412
f 2595/2878/5 2594/2872/5 2668/2873/410 2671/2879/413
f 2588/2815/5 2587/2874/5 2669/2875/411 2630/2816/372
f 2581/2837/5 2580/2876/5 2670/2877/412 2650/2838/392
f 2596/2841/5 2595/2878/5 2671/2879/413 2652/2842/394
f 2617/2801/359 2609/2793/351 2649/2835/1020 2672/2880/414
f 2613/2797/355 2612/2796/354 2673/2881/415 2674/2882/416
f 2615/2799/357 2481/2665/247 2675/2883/417 2676/2884/418
f 2677/2885/1024 2678/2886/420 2679/2887/421 2680/2888/422
f 2619/2803/361 2613/2797/355 2674/2882/416 2681/2889/423
f 2621/2805/1014 2615/2799/357 2676/2884/418 2682/2890/424
f 2625/2809/367 2624/2808/366 2683/2891/425 2684/2892/426
f 2627/2811/369 2625/2809/367 2684/2892/426 2685/2893/427
f 2629/2813/371 2619/2803/361 2681/2889/423 2686/2894/428
f 2604/2788/346 2621/2805/1014 2682/2890/424 2687/2895/429
f 2633/2819/375 2627/2811/369 2685/2893/427 2688/2896/430
f 2635/2821/377 2629/2813/371 2686/2894/428 2689/2897/431
f 2605/2789/347 2604/2788/346 2687/2895/429 2690/2898/1025
f 2637/2823/379 2633/2819/375 2688/2896/430 2691/2899/433
f 2639/2825/1017 2635/2821/377 2689/2897/431 2692/2900/434
f 2641/2827/383 2605/2789/347 2690/2898/1025 2693/2901/1026
f 2643/2829/385 2637/2823/379 2691/2899/433 2694/2902/436
f 2645/2831/387 2639/2825/1017 2692/2900/434 2695/2903/1027
f 2647/2833/1018 2641/2827/383 2693/2901/1026 2696/2904/438
f 2480/2664/246 2643/2829/385 2694/2902/436 2697/2905/439
f 2608/2792/1013 2645/2831/387 2695/2903/1027 2648/2834/1019
f 2612/2796/354 2647/2833/1018 2696/2904/438 2673/2881/415
f 2481/2665/247 2480/2664/246 2697/2905/439 2675/2883/417
f 2698/2906/440 2699/2907/441 2700/2908/1028 2701/2909/443
f 2701/2909/443 2700/2908/1028 2683/2891/425 2672/2880/414
f 2699/2907/441 2702/2910/1029 2703/2911/445 2700/2908/1028
f 2700/2908/1028 2703/2911/445 2684/2892/426 2683/2891/425
f 2702/2910/1029 2704/2912/446 2705/2913/447 2703/2911/445
f 2703/2911/445 2705/2913/447 2685/2893/427 2684/2892/426
f 2704/2912/446 2706/2914/1030 2707/2915/449 2705/2913/447
f 2705/2913/447 2707/2915/449 2688/2896/430 2685/2893/427
f 2706/2914/1030 2708/2916/450 2709/2917/1031 2707/2915/449
f 2707/2915/449 2709/2917/1031 2691/2899/433 2688/2896/430
f 2708/2916/450 2710/2918/1032 2711/2919/453 2709/2917/1031
f 2709/2917/1031 2711/2919/453 2694/2902/436 2691/2899/433
f 2710/2918/1032 2712/2920/454 2713/2921/1033 2711/2919/453
f 2711/2919/453 2713/2921/1033 2697/2905/439 2694/2902/436
f 2712/2920/454 2714/2922/1034 2715/2923/457 2713/2921/1033
f 2713/2921/1033 2715/2923/457 2675/2883/417 2697/2905/439
f 2714/2922/1034 2716/2924/458 2717/2925/459 2715/2923/457
f 2715/2923/457 2717/2925/459 2676/2884/418 2675/2883/417
f 2716/2924/458 2718/2926/1035 2719/2927/461 2717/2925/459
f 2717/2925/459 2719/2927/461 2682/2890/424 2676/2884/418
f 2718/2926/1035 2720/2928/462 2721/2929/463 2719/2927/461
f 2719/2927/461 2721/2929/463 2687/2895/429 2682/2890/424
f 2720/2928/462 2722/2930/1036 2723/2931/465 2721/2929/463
f 2721/2929/463 2723/2931/465 2690/2898/1025 2687/2895/429
f 2722/2930/1036 2724/2932/466 2725/2933/467 2723/2931/465
f 2723/2931/465 2725/2933/467 2693/2901/1026 2690/2898/1025
f 2724/2932/466 2726/2934/1037 2727/2935/1038 2725/2933/467
f 2725/2933/467 2727/2935/1038 2696/2904/438 2693/2901/1026
f 2726/2934/1037 2728/2936/470 2729/2937/471 2727/2935/1038
f 2727/2935/1038 2729/2937/471 2673/2881/415 2696/2904/438
f 2728/2936/470 2730/2938/1039 2731/2939/473 2729/2937/471
f 2729/2937/471 2731/2939/473 2674/2882/416 2673/2881/415
f 2730/2938/1039 2732/2940/474 2733/2941/1040 2731/2939/473
f 2731/2939/473 2733/2941/1040 2681/2889/423 2674/2882/416
f 2732/2940/474 2734/2942/1041 2735/2943/477 2733/2941/1040
f 2733/2941/1040 2735/2943/477 2686/2894/428 2681/2889/423
f 2734/2942/1041 2736/2944/478 2737/2945/1042 2735/2943/477
f 2735/2943/477 2737/2945/1042 2689/2897/431 2686/2894/428
f 2736/2944/478 2738/2946/1043 2739/2947/481 2737/2945/1042
f 2737/2945/1042 2739/2947/481 2692/2900/434 2689/2897/431
f 2738/2946/1043 2740/2948/482 2741/2949/483 2739/2947/481
f 2739/2947/481 2741/2949/483 2695/2903/1027 2692/2900/434
f 2740/2948/482 2742/2950/1044 2743/2951/1045 2741/2949/483
f 2741/2949/483 2743/2951/1045 2648/2834/1019 2695/2903/1027
f 2742/2950/1044 2744/2952/486 2745/2953/1046 2743/2951/1045
f 2743/2951/1045 2745/2953/1046 2649/2835/1020 2648/2834/1019
f 2744/2952/486 2698/2906/440 2701/2909/443 2745/2953/1046
f 2745/2953/1046 2701/2909/443 2672/2880/414 2649/2835/1020
f 2624/2808/366 2617/2801/359 2672/2880/414 2683/2891/425
f 2616/2800/358 2623/2807/1015 2667/2871/409 2666/2870/408
f 2623/2807/1015 2622/2806/364 2670/2877/412 2667/2871/409
f 2622/2806/364 2626/2810/368 2650/2838/392 2670/2877/412
f 2626/2810/368 2632/2818/374 2651/2839/393 2650/2838/392
f 2632/2818/374 2636/2822/378 2655/2847/397 2651/2839/393
f 2636/2822/378 2642/2828/384 2658/2853/1021 2655/2847/397
f 2642/2828/384 2479/2663/245 2661/2859/403 2658/2853/1021
f 2479/2663/245 2478/2662/244 2664/2865/1023 2661/2859/403
f 2478/2662/244 2614/2798/356 2669/2875/411 2664/2865/1023
f 2614/2798/356 2620/2804/362 2630/2816/372 2669/2875/411
f 2620/2804/362 2603/2787/1012 2631/2817/373 2630/2816/372
f 2603/2787/1012 2602/2786/344 2654/2845/396 2631/2817/373
f 2602/2786/344 2640/2826/382 2657/2851/399 2654/2845/396
f 2640/2826/382 2646/2832/388 2660/2857/402 2657/2851/399
f 2646/2832/388 2611/2795/353 2663/2863/405 2660/2857/402
f 2611/2795/353 2610/2794/352 2668/2873/410 2663/2863/405
f 2610/2794/352 2618/2802/360 2671/2879/413 2668/2873/410
f 2618/2802/360 2628/2812/370 2652/2842/394 2671/2879/413
f 2628/2812/370 2634/2820/1016 2653/2843/395 2652/2842/394
f 2634/2820/1016 2638/2824/380 2656/2849/398 2653/2843/395
f 2638/2824/380 2644/2830/386 2659/2855/401 2656/2849/398
f 2644/2830/386 2607/2791/349 2662/2861/1022 2659/2855/401
f 2607/2791/349 2606/2790/348 2665/2867/407 2662/2861/1022
f 2606/2790/348 2616/2800/358 2666/2870/408 2665/2867/407
f 2623/2807/1015 2616/2800/358 2617/2801/359 2624/2808/366
f 2746/2954/1047 2747/2955/1048 2699/2907/441 2698/2906/440
f 2747/2955/1048 2748/2956/490 2702/2910/1029 2699/2907/441
f 2748/2956/490 2749/2957/1049 2704/2912/446 2702/2910/1029
f 2749/2957/1049 2750/2958/492 2706/2914/1030 2704/2912/446
f 2750/2958/492 2751/2959/493 2708/2916/450 2706/2914/1030
f 2751/2959/493 2752/2960/494 2710/2918/1032 2708/2916/450
f 2752/2960/494 2753/2961/495 2712/2920/454 2710/2918/1032
f 2753/2961/495 2754/2962/1050 2714/2922/1034 2712/2920/454
f 2754/2962/1050 2755/2963/1051 2716/2924/458 2714/2922/1034
f 2755/2963/1051 2678/2964/420 2718/2926/1035 2716/2924/458
f 2678/2964/420 2677/2965/1024 2720/2928/462 2718/2926/1035
f 2677/2965/1024 2756/2966/1052 2722/2930/1036 2720/2928/462
f 2756/2966/1052 2757/2967/1053 2724/2932/466 2722/2930/1036
f 2757/2967/1053 2758/2968/1054 2726/2934/1037 2724/2932/466
f 2758/2968/1054 2759/2969/1055 2728/2936/470 2726/2934/1037
f 2759/2969/1055 2760/2970/1056 2730/2938/1039 2728/2936/470
f 2760/2970/1056 2761/2971/503 2732/2940/474 2730/2938/1039
f 2761/2971/503 2762/2972/504 2734/2942/1041 2732/2940/474
f 2762/2972/504 2763/2973/505 2736/2944/478 2734/2942/1041
f 2763/2973/505 2764/2974/1057 2738/2946/1043 2736/2944/478
f 2764/2974/1057 2765/2975/1058 2740/2948/482 2738/2946/1043
f 2765/2975/1058 2766/2976/1059 2742/2950/1044 2740/2948/482
f 2766/2976/1059 2767/2977/509 2744/2952/486 2742/2950/1044
f 2767/2977/509 2746/2954/1047 2698/2906/440 2744/2952/486
f 2768/2978/510 2769/2979/511 2770/2980/512 2771/2981/513 2772/2982/514 2773/2983/515 2774/2984/516 2775/2985/517 2776/2986/518 2777/2987/519 2778/2988/520 2779/2989/521 2780/2990/522 2781/2991/1060 2680/2888/422 2679/2887/421 2782/2992/524 2783/2993/525 2784/2994/526 2785/2995/527 2786/2996/1061 2787/2997/529 2788/2998/530 2789/2999/531
f 2750/3000/492 2749/3001/1049 2788/2998/530 2787/2997/529
f 2763/3002/505 2762/3003/504 2775/2985/517 2774/2984/516
f 2756/3004/1052 2677/2885/1024 2680/2888/422 2781/2991/1060
f 2751/3005/493 2750/3000/492 2787/2997/529 2786/2996/1061
f 2764/3006/1057 2763/3002/505 2774/2984/516 2773/2983/515
f 2757/3007/1053 2756/3004/1052 2781/2991/1060 2780/2990/522
f 2752/3008/494 2751/3005/493 2786/2996/1061 2785/2995/527
f 2765/3009/1058 2764/3006/1057 2773/2983/515 2772/2982/514
f 2758/3010/1054 2757/3007/1053 2780/2990/522 2779/2989/521
f 2753/3011/495 2752/3008/494 2785/2995/527 2784/2994/526
f 2766/3012/1059 2765/3009/1058 2772/2982/514 2771/2981/513
f 2759/3013/1055 2758/3010/1054 2779/2989/521 2778/2988/520
f 2754/3014/1050 2753/3011/495 2784/2994/526 2783/2993/525
f 2767/3015/509 2766/3012/1059 2771/2981/513 2770/2980/512
f 2747/3016/1048 2746/3017/1047 2769/2979/511 2768/2978/510
f 2760/3018/1056 2759/3013/1055 2778/2988/520 2777/2987/519
f 2755/3019/1051 2754/3014/1050 2783/2993/525 2782/2992/524
f 2746/3017/1047 2767/3015/509 2770/2980/512 2769/2979/511
f 2748/3020/490 2747/3016/1048 2768/2978/510 2789/2999/531
f 2761/3021/503 2760/3018/1056 2777/2987/519 2776/2986/518
f 2678/2886/420 2755/3019/1051 2782/2992/524 2679/2887/421
f 2749/3001/1049 2748/3020/490 2789/2999/531 2788/2998/530
f 2762/3003/504 2761/3021/503 2776/2986/518 2775/2985/517
f 2790/3022/197 2791/3023/198 2792/3024/199 2793/3025/196
f 2794/3026/1005 2795/3027/202 2796/3028/203 2797/3029/1004
f 2795/3027/202 2798/3030/204 2799/3031/205 2796/3028/203
f 2798/3030/204 2800/3032/206 2801/3033/207 2799/3031/205
f 2800/3032/206 2802/3034/208 2803/3035/209 2801/3033/207
f 2802/3034/208 2804/3036/210 2805/3037/211 2803/3035/209
f 2804/3036/210 2806/3038/212 2807/3039/213 2805/3037/211
f 2806/3038/212 2808/3040/214 2809/3041/215 2807/3039/213
f 2808/3040/214 2810/3042/1006 2811/3043/1007 2809/3041/215
f 2810/3042/1006 2812/3044/218 2813/3045/219 2811/3043/1007
f 2812/3044/218 2814/3046/220 2815/3047/221 2813/3045/219
f 2814/3046/220 2816/3048/222 2817/3049/223 2815/3047/221
f 2816/3048/222 2818/3050/1008 2819/3051/1009 2817/3049/223
f 2818/3050/1008 2820/3052/226 2821/3053/227 2819/3051/1009
f 2820/3052/226 2822/3054/228 2823/3055/229 2821/3053/227
f 2822/3054/228 2824/3056/230 2825/3057/231 2823/3055/229
f 2824/3056/230 2826/3058/232 2827/3059/233 2825/3057/231
f 2826/3058/232 2828/3060/234 2829/3061/235 2827/3059/233
f 2828/3060/234 2830/3062/236 2831/3063/237 2829/3061/235
f 2830/3062/236 2832/3064/238 2833/3065/239 2831/3063/237
f 2832/3064/238 2834/3066/1010 2835/3067/1011 2833/3065/239
f 2834/3066/1010 2790/3022/197 2793/3025/196 2835/3067/1011
f 2836/3068/243 2794/3026/1005 2797/3029/1004 2837/3069/242
f 2838/3070/532 2839/3071/533 2840/3072/534 2841/3073/1062
f 2791/3023/198 2836/3068/243 2837/3069/242 2792/3024/199
f 2791/3023/198 2842/3074/252 2843/3075/253 2836/3068/243
f 2842/3074/252 2844/3076/254 2845/3077/255 2843/3075/253
f 2837/3069/242 2846/3078/248 2847/3079/249 2792/3024/199
f 2846/3078/248 2848/3080/250 2849/3081/251 2847/3079/249
f 2836/3068/243 2843/3075/253 2850/3082/258 2794/3026/1005
f 2843/3075/253 2845/3077/255 2851/3083/259 2850/3082/258
f 2797/3029/1004 2852/3084/256 2846/3078/248 2837/3069/242
f 2852/3084/256 2853/3085/257 2848/3080/250 2846/3078/248
f 2794/3026/1005 2850/3082/258 2854/3086/262 2795/3027/202
f 2850/3082/258 2851/3083/259 2855/3087/263 2854/3086/262
f 2796/3028/203 2856/3088/260 2852/3084/256 2797/3029/1004
f 2856/3088/260 2857/3089/261 2853/3085/257 2852/3084/256
f 2795/3027/202 2854/3086/262 2858/3090/266 2798/3030/204
f 2854/3086/262 2855/3087/263 2859/3091/267 2858/3090/266
f 2799/3031/205 2860/3092/264 2856/3088/260 2796/3028/203
f 2860/3092/264 2861/3093/265 2857/3089/261 2856/3088/260
f 2798/3030/204 2858/3090/266 2862/3094/270 2800/3032/206
f 2858/3090/266 2859/3091/267 2863/3095/271 2862/3094/270
f 2801/3033/207 2864/3096/268 2860/3092/264 2799/3031/205
f 2864/3096/268 2865/3097/269 2861/3093/265 2860/3092/264
f 2800/3032/206 2862/3094/270 2866/3098/274 2802/3034/208
f 2862/3094/270 2863/3095/271 2867/3099/275 2866/3098/274
f 2803/3035/209 2868/3100/272 2864/3096/268 2801/3033/207
f 2868/3100/272 2869/3101/273 2865/3097/269 2864/3096/268
f 2802/3034/208 2866/3098/274 2870/3102/278 2804/3036/210
f 2866/3098/274 2867/3099/275 2871/3103/279 2870/3102/278
f 2805/3037/211 2872/3104/276 2868/3100/272 2803/3035/209
f 2872/3104/276 2873/3105/277 2869/3101/273 2868/3100/272
f 2804/3036/210 2870/3102/278 2874/3106/282 2806/3038/212
f 2870/3102/278 2871/3103/279 2875/3107/283 2874/3106/282
f 2807/3039/213 2876/3108/280 2872/3104/276 2805/3037/211
f 2876/3108/280 2877/3109/281 2873/3105/277 2872/3104/276
f 2806/3038/212 2874/3106/282 2878/3110/286 2808/3040/214
f 2874/3106/282 2875/3107/283 2879/3111/287 2878/3110/286
f 2809/3041/215 2880/3112/284 2876/3108/280 2807/3039/213
f 2880/3112/284 2881/3113/285 2877/3109/281 2876/3108/280
f 2808/3040/214 2878/3110/286 2882/3114/290 2810/3042/1006
f 2878/3110/286 2879/3111/287 2883/3115/291 2882/3114/290
f 2811/3043/1007 2884/3116/288 2880/3112/284 2809/3041/215
f 2884/3116/288 2885/3117/289 2881/3113/285 2880/3112/284
f 2810/3042/1006 2882/3114/290 2886/3118/294 2812/3044/218
f 2882/3114/290 2883/3115/291 2887/3119/295 2886/3118/294
f 2813/3045/219 2888/3120/292 2884/3116/288 2811/3043/1007
f 2888/3120/292 2889/3121/293 2885/3117/289 2884/3116/288
f 2812/3044/218 2886/3118/294 2890/3122/298 2814/3046/220
f 2886/3118/294 2887/3119/295 2891/3123/299 2890/3122/298
f 2815/3047/221 2892/3124/296 2888/3120/292 2813/3045/219
f 2892/3124/296 2893/3125/297 2889/3121/293 2888/3120/292
f 2814/3046/220 2890/3122/298 2894/3126/302 2816/3048/222
f 2890/3122/298 2891/3123/299 2895/3127/303 2894/3126/302
f 2817/3049/223 2896/3128/300 2892/3124/296 2815/3047/221
f 2896/3128/300 2897/3129/301 2893/3125/297 2892/3124/296
f 2816/3048/222 2894/3126/302 2898/3130/306 2818/3050/1008
f 2894/3126/302 2895/3127/303 2899/3131/307 2898/3130/306
f 2819/3051/1009 2900/3132/304 2896/3128/300 2817/3049/223
f 2900/3132/304 2901/3133/305 2897/3129/301 2896/3128/300
f 2818/3050/1008 2898/3130/306 2902/3134/310 2820/3052/226
f 2898/3130/306 2899/3131/307 2903/3135/311 2902/3134/310
f 2821/3053/227 2904/3136/308 2900/3132/304 2819/3051/1009
f 2904/3136/308 2905/3137/309 2901/3133/305 2900/3132/304
f 2820/3052/226 2902/3134/310 2906/3138/314 2822/3054/228
f 2902/3134/310 2903/3135/311 2907/3139/315 2906/3138/314
f 2823/3055/229 2908/3140/312 2904/3136/308 2821/3053/227
f 2908/3140/312 2909/3141/313 2905/3137/309 2904/3136/308
f 2822/3054/228 2906/3138/314 2910/3142/318 2824/3056/230
f 2906/3138/314 2907/3139/315 2911/3143/319 2910/3142/318
f 2825/3057/231 2912/3144/316 2908/3140/312 2823/3055/229
f 2912/3144/316 2913/3145/317 2909/3141/313 2908/3140/312
f 2824/3056/230 2910/3142/318 2914/3146/322 2826/3058/232
f 2910/3142/318 2911/3143/319 2915/3147/323 2914/3146/322
f 2827/3059/233 2916/3148/320 2912/3144/316 2825/3057/231
f 2916/3148/320 2917/3149/321 2913/3145/317 2912/3144/316
f 2826/3058/232 2914/3146/322 2918/3150/326 2828/3060/234
f 2914/3146/322 2915/3147/323 2919/3151/327 2918/3150/326
f 2829/3061/235 2920/3152/324 2916/3148/320 2827/3059/233
f 2920/3152/324 2921/3153/325 2917/3149/321 2916/3148/320
f 2828/3060/234 2918/3150/326 2922/3154/330 2830/3062/236
f 2918/3150/326 2919/3151/327 2923/3155/331 2922/3154/330
f 2831/3063/237 2924/3156/328 2920/3152/324 2829/3061/235
f 2924/3156/328 2925/3157/329 2921/3153/325 2920/3152/324
f 2830/3062/236 2922/3154/330 2926/3158/334 2832/3064/238
f 2922/3154/330 2923/3155/331 2927/3159/335 2926/3158/334
f 2833/3065/239 2928/3160/332 2924/3156/328 2831/3063/237
f 2928/3160/332 2929/3161/333 2925/3157/329 2924/3156/328
f 2832/3064/238 2926/3158/334 2930/3162/338 2834/3066/1010
f 2926/3158/334 2927/3159/335 2931/3163/339 2930/3162/338
f 2835/3067/1011 2932/3164/336 2928/3160/332 2833/3065/239
f 2932/3164/336 2933/3165/337 2929/3161/333 2928/3160/332
f 2834/3066/1010 2930/3162/338 2934/3166/342 2790/3022/197
f 2930/3162/338 2931/3163/339 2935/3167/343 2934/3166/342
f 2793/3025/196 2936/3168/340 2932/3164/336 2835/3067/1011
f 2936/3168/340 2937/3169/341 2933/3165/337 2932/3164/336
f 2790/3022/197 2934/3166/342 2842/3074/252 2791/3023/198
f 2934/3166/342 2935/3167/343 2844/3076/254 2842/3074/252
f 2792/3024/199 2847/3079/249 2936/3168/340 2793/3025/196
f 2847/3079/249 2849/3081/251 2937/3169/341 2936/3168/340
f 2844/3076/254 2935/3167/343 2931/3163/339 2927/3159/335 2923/3155/331 2919/3151/327 2915/3147/323 2911/3143/319 2907/3139/315 2903/3135/311 2899/3131/307 2895/3127/303 2891/3123/299 2887/3119/295 2883/3115/291 2879/3111/287 2875/3107/283 2871/3103/279 2867/3099/275 2863/3095/271 2859/3091/267 2855/3087/263 2851/3083/259 2845/3077/255
f 2938/3170/8 2849/3081/251 2848/3080/250 2939/3171/8
f 2939/3171/8 2848/3080/250 2853/3085/257 2940/3172/8
f 2940/3172/8 2853/3085/257 2857/3089/261 2941/3173/8
f 2941/3173/8 2857/3089/261 2861/3093/265 2942/3174/8
f 2942/3174/8 2861/3093/265 2865/3097/269 2943/3175/8
f 2943/3175/8 2865/3097/269 2869/3101/273 2944/3176/8
f 2944/3176/8 2869/3101/273 2873/3105/277 2945/3177/8
f 2945/3177/8 2873/3105/277 2877/3109/281 2946/3178/8
f 2946/3178/8 2877/3109/281 2881/3113/285 2947/3179/8
f 2947/3179/8 2881/3113/285 2885/3117/289 2948/3180/8
f 2948/3180/8 2885/3117/289 2889/3121/293 2949/3181/8
f 2949/3181/8 2889/3121/293 2893/3125/297 2950/3182/8
f 2950/3182/8 2893/3125/297 2897/3129/301 2951/3183/8
f 2951/3183/8 2897/3129/301 2901/3133/305 2952/3184/8
f 2952/3184/8 2901/3133/305 2905/3137/309 2953/3185/8
f 2953/3185/8 2905/3137/309 2909/3141/313 2954/3186/8
f 2954/3186/8 2909/3141/313 2913/3145/317 2955/3187/8
f 2955/3187/8 2913/3145/317 2917/3149/321 2956/3188/8
f 2956/3188/8 2917/3149/321 2921/3153/325 2957/3189/8
f 2957/3189/8 2921/3153/325 2925/3157/329 2958/3190/8
f 2958/3190/8 2925/3157/329 2929/3161/333 2959/3191/8
f 2959/3191/8 2929/3161/333 2933/3165/337 2960/3192/8
f 2960/3192/8 2933/3165/337 2937/3169/341 2961/3193/8
f 2961/3193/8 2937/3169/341 2849/3081/251 2938/3170/8
f 2962/3194/536 2963/3195/537 2964/3196/538 2965/3197/539
f 2966/3198/540 2967/3199/541 2968/3200/542 2969/3201/543
f 2970/3202/544 2971/3203/545 2972/3204/546 2973/3205/547
f 2974/3206/548 2975/3207/549 2839/3071/533 2838/3070/532
f 2976/3208/550 2977/3209/551 2967/3199/541 2966/3198/540
f 2978/3210/552 2979/3211/553 2971/3203/545 2970/3202/544
f 2980/3212/554 2981/3213/555 2975/3207/549 2974/3206/548
f 2982/3214/556 2983/3215/557 2984/3216/558 2985/3217/559
f 2986/3218/560 2987/3219/561 2983/3215/557 2982/3214/556
f 2988/3220/562 2989/3221/563 2979/3211/553 2978/3210/552
f 2949/3222/8 2990/3223/564 2991/3224/565 2948/3225/8
f 2992/3226/566 2993/3227/567 2987/3219/561 2986/3218/560
f 2994/3228/568 2995/3229/569 2989/3221/563 2988/3220/562
f 2965/3197/539 2964/3196/538 2981/3213/555 2980/3212/554
f 2996/3230/1063 2997/3231/571 2993/3227/567 2992/3226/566
f 2998/3232/572 2999/3233/573 2995/3229/569 2994/3228/568
f 3000/3234/574 3001/3235/575 2963/3195/537 2962/3194/536
f 3002/3236/576 3003/3237/577 2997/3231/571 2996/3230/1063
f 3004/3238/578 3005/3239/579 2999/3233/573 2998/3232/572
f 3006/3240/580 3007/3241/1064 3001/3235/575 3000/3234/574
f 2841/3073/1062 2840/3072/534 3003/3237/577 3002/3236/576
f 2969/3201/543 2968/3200/542 3005/3239/579 3004/3238/578
f 2973/3205/547 2972/3204/546 3007/3241/1064 3006/3240/580
f 2967/3199/541 3008/3242/1065 3009/3243/1066 2968/3200/542
f 2942/3244/8 3010/3245/584 3011/3246/585 2941/3247/8
f 2957/3248/8 3012/3249/586 3013/3250/587 2956/3251/8
f 2950/3252/8 3014/3253/588 2990/3223/564 2949/3222/8
f 2943/3254/8 3015/3255/589 3010/3245/584 2942/3244/8
f 2958/3256/8 3016/3257/590 3012/3249/586 2957/3248/8
f 2951/3258/8 3017/3259/591 3014/3253/588 2950/3252/8
f 2944/3260/8 3018/3261/592 3015/3255/589 2943/3254/8
f 2959/3262/8 3019/3263/1067 3016/3257/590 2958/3256/8
f 2952/3264/8 3020/3265/594 3017/3259/591 2951/3258/8
f 2945/3266/8 3021/3267/1068 3018/3261/592 2944/3260/8
f 2960/3268/8 3022/3269/596 3019/3263/1067 2959/3262/8
f 2953/3270/8 3023/3271/1069 3020/3265/594 2952/3264/8
f 2946/3272/8 3024/3273/598 3021/3267/1068 2945/3266/8
f 2961/3274/8 3025/3275/599 3022/3269/596 2960/3268/8
f 2939/3276/8 3026/3277/600 3027/3278/601 2938/3279/8
f 2954/3280/8 3028/3281/602 3023/3271/1069 2953/3270/8
f 2947/3282/8 3029/3283/1070 3024/3273/598 2946/3272/8
f 2938/3279/8 3027/3278/601 3025/3275/599 2961/3274/8
f 2940/3284/8 3030/3285/604 3026/3277/600 2939/3276/8
f 2955/3286/8 3031/3287/605 3028/3281/602 2954/3280/8
f 2948/3225/8 2991/3224/565 3029/3283/1070 2947/3282/8
f 2941/3247/8 3011/3246/585 3030/3285/604 2940/3284/8
f 2956/3251/8 3013/3250/587 3031/3287/605 2955/3286/8
f 2977/3209/551 3032/3288/1071 3008/3242/1065 2967/3199/541
f 2971/3203/545 3033/3289/607 3034/3290/608 2972/3204/546
f 2975/3207/549 3035/3291/609 3036/3292/610 2839/3071/533
f 3037/3293/1072 3038/3294/612 3039/3295/613 3040/3296/614
f 2979/3211/553 3041/3297/615 3033/3289/607 2971/3203/545
f 2981/3213/555 3042/3298/616 3035/3291/609 2975/3207/549
f 2983/3215/557 3043/3299/1073 3044/3300/1074 2984/3216/558
f 2987/3219/561 3045/3301/619 3043/3299/1073 2983/3215/557
f 2989/3221/563 3046/3302/620 3041/3297/615 2979/3211/553
f 2964/3196/538 3047/3303/621 3042/3298/616 2981/3213/555
f 2993/3227/567 3048/3304/1075 3045/3301/619 2987/3219/561
f 2995/3229/569 3049/3305/623 3046/3302/620 2989/3221/563
f 2963/3195/537 3050/3306/624 3047/3303/621 2964/3196/538
f 2997/3231/571 3051/3307/1076 3048/3304/1075 2993/3227/567
f 2999/3233/573 3052/3308/1077 3049/3305/623 2995/3229/569
f 3001/3235/575 3053/3309/627 3050/3306/624 2963/3195/537
f 3003/3237/577 3054/3310/628 3051/3307/1076 2997/3231/571
f 3005/3239/579 3055/3311/1078 3052/3308/1077 2999/3233/573
f 3007/3241/1064 3056/3312/630 3053/3309/627 3001/3235/575
f 2840/3072/534 3057/3313/631 3054/3310/628 3003/3237/577
f 2968/3200/542 3009/3243/1066 3055/3311/1078 3005/3239/579
f 2972/3204/546 3034/3290/608 3056/3312/630 3007/3241/1064
f 2839/3071/533 3036/3292/610 3057/3313/631 2840/3072/534
f 3058/3314/1079 3059/3315/633 3060/3316/1080 3061/3317/635
f 3059/3315/633 3032/3288/1071 3044/3300/1074 3060/3316/1080
f 3061/3317/635 3060/3316/1080 3062/3318/636 3063/3319/1081
f 3060/3316/1080 3044/3300/1074 3043/3299/1073 3062/3318/636
f 3063/3319/1081 3062/3318/636 3064/3320/638 3065/3321/639
f 3062/3318/636 3043/3299/1073 3045/3301/619 3064/3320/638
f 3065/3321/639 3064/3320/638 3066/3322/640 3067/3323/1082
f 3064/3320/638 3045/3301/619 3048/3304/1075 3066/3322/640
f 3067/3323/1082 3066/3322/640 3068/3324/642 3069/3325/643
f 3066/3322/640 3048/3304/1075 3051/3307/1076 3068/3324/642
f 3069/3325/643 3068/3324/642 3070/3326/644 3071/3327/1083
f 3068/3324/642 3051/3307/1076 3054/3310/628 3070/3326/644
f 3071/3327/1083 3070/3326/644 3072/3328/646 3073/3329/647
f 3070/3326/644 3054/3310/628 3057/3313/631 3072/3328/646
f 3073/3329/647 3072/3328/646 3074/3330/648 3075/3331/1084
f 3072/3328/646 3057/3313/631 3036/3292/610 3074/3330/648
f 3075/3331/1084 3074/3330/648 3076/3332/650 3077/3333/651
f 3074/3330/648 3036/3292/610 3035/3291/609 3076/3332/650
f 3077/3333/651 3076/3332/650 3078/3334/652 3079/3335/1085
f 3076/3332/650 3035/3291/609 3042/3298/616 3078/3334/652
f 3079/3335/1085 3078/3334/652 3080/3336/1086 3081/3337/655
f 3078/3334/652 3042/3298/616 3047/3303/621 3080/3336/1086
f 3081/3337/655 3080/3336/1086 3082/3338/656 3083/3339/657
f 3080/3336/1086 3047/3303/621 3050/3306/624 3082/3338/656
f 3083/3339/657 3082/3338/656 3084/3340/1087 3085/3341/659
f 3082/3338/656 3050/3306/624 3053/3309/627 3084/3340/1087
f 3085/3341/659 3084/3340/1087 3086/3342/660 3087/3343/1088
f 3084/3340/1087 3053/3309/627 3056/3312/630 3086/3342/660
f 3087/3343/1088 3086/3342/660 3088/3344/662 3089/3345/663
f 3086/3342/660 3056/3312/630 3034/3290/608 3088/3344/662
f 3089/3345/663 3088/3344/662 3090/3346/664 3091/3347/1089
f 3088/3344/662 3034/3290/608 3033/3289/607 3090/3346/664
f 3091/3347/1089 3090/3346/664 3092/3348/1090 3093/3349/667
f 3090/3346/664 3033/3289/607 3041/3297/615 3092/3348/1090
f 3093/3349/667 3092/3348/1090 3094/3350/668 3095/3351/1091
f 3092/3348/1090 3041/3297/615 3046/3302/620 3094/3350/668
f 3095/3351/1091 3094/3350/668 3096/3352/670 3097/3353/671
f 3094/3350/668 3046/3302/620 3049/3305/623 3096/3352/670
f 3097/3353/671 3096/3352/670 3098/3354/672 3099/3355/1092
f 3096/3352/670 3049/3305/623 3052/3308/1077 3098/3354/672
f 3099/3355/1092 3098/3354/672 3100/3356/674 3101/3357/675
f 3098/3354/672 3052/3308/1077 3055/3311/1078 3100/3356/674
f 3101/3357/675 3100/3356/674 3102/3358/676 3103/3359/1093
f 3100/3356/674 3055/3311/1078 3009/3243/1066 3102/3358/676
f 3103/3359/1093 3102/3358/676 3104/3360/1094 3105/3361/679
f 3102/3358/676 3009/3243/1066 3008/3242/1065 3104/3360/1094
f 3105/3361/679 3104/3360/1094 3059/3315/633 3058/3314/1079
f 3104/3360/1094 3008/3242/1065 3032/3288/1071 3059/3315/633
f 2984/3216/558 3044/3300/1074 3032/3288/1071 2977/3209/551
f 2976/3208/550 3027/3278/601 3026/3277/600 2985/3217/559
f 2985/3217/559 3026/3277/600 3030/3285/604 2982/3214/556
f 2982/3214/556 3030/3285/604 3011/3246/585 2986/3218/560
f 2986/3218/560 3011/3246/585 3010/3245/584 2992/3226/566
f 2992/3226/566 3010/3245/584 3015/3255/589 2996/3230/1063
f 2996/3230/1063 3015/3255/589 3018/3261/592 3002/3236/576
f 3002/3236/576 3018/3261/592 3021/3267/1068 2841/3073/1062
f 2841/3073/1062 3021/3267/1068 3024/3273/598 2838/3070/532
f 2838/3070/532 3024/3273/598 3029/3283/1070 2974/3206/548
f 2974/3206/548 3029/3283/1070 2991/3224/565 2980/3212/554
f 2980/3212/554 2991/3224/565 2990/3223/564 2965/3197/539
f 2965/3197/539 2990/3223/564 3014/3253/588 2962/3194/536
f 2962/3194/536 3014/3253/588 3017/3259/591 3000/3234/574
f 3000/3234/574 3017/3259/591 3020/3265/594 3006/3240/580
f 3006/3240/580 3020/3265/594 3023/3271/1069 2973/3205/547
f 2973/3205/547 3023/3271/1069 3028/3281/602 2970/3202/544
f 2970/3202/544 3028/3281/602 3031/3287/605 2978/3210/552
f 2978/3210/552 3031/3287/605 3013/3250/587 2988/3220/562
f 2988/3220/562 3013/3250/587 3012/3249/586 2994/3228/568
f 2994/3228/568 3012/3249/586 3016/3257/590 2998/3232/572
f 2998/3232/572 3016/3257/590 3019/3263/1067 3004/3238/578
f 3004/3238/578 3019/3263/1067 3022/3269/596 2969/3201/543
f 2969/3201/543 3022/3269/596 3025/3275/599 2966/3198/540
f 2966/3198/540 3025/3275/599 3027/3278/601 2976/3208/550
f 2985/3217/559 2984/3216/558 2977/3209/551 2976/3208/550
f 3106/3362/1095 3058/3314/1079 3061/3317/635 3107/3363/681
f 3107/3363/681 3061/3317/635 3063/3319/1081 3108/3364/682
f 3108/3364/682 3063/3319/1081 3065/3321/639 3109/3365/1096
f 3109/3365/1096 3065/3321/639 3067/3323/1082 3110/3366/1097
f 3110/3366/1097 3067/3323/1082 3069/3325/643 3111/3367/685
f 3111/3367/685 3069/3325/643 3071/3327/1083 3112/3368/686
f 3112/3368/686 3071/3327/1083 3073/3329/647 3113/3369/687
f 3113/3369/687 3073/3329/647 3075/3331/1084 3114/3370/1098
f 3114/3370/1098 3075/3331/1084 3077/3333/651 3115/3371/1099
f 3115/3371/1099 3077/3333/651 3079/3335/1085 3040/3372/614
f 3040/3372/614 3079/3335/1085 3081/3337/655 3037/3373/1072
f 3037/3373/1072 3081/3337/655 3083/3339/657 3116/3374/1100
f 3116/3374/1100 3083/3339/657 3085/3341/659 3117/3375/1101
f 3117/3375/1101 3085/3341/659 3087/3343/1088 3118/3376/1102
f 3118/3376/1102 3087/3343/1088 3089/3345/663 3119/3377/1103
f 3119/3377/1103 3089/3345/663 3091/3347/1089 3120/3378/694
f 3120/3378/694 3091/3347/1089 3093/3349/667 3121/3379/695
f 3121/3379/695 3093/3349/667 3095/3351/1091 3122/3380/696
f 3122/3380/696 3095/3351/1091 3097/3353/671 3123/3381/697
f 3123/3381/697 3097/3353/671 3099/3355/1092 3124/3382/1104
f 3124/3382/1104 3099/3355/1092 3101/3357/675 3125/3383/699
f 3125/3383/699 3101/3357/675 3103/3359/1093 3126/3384/1105
f 3126/3384/1105 3103/3359/1093 3105/3361/679 3127/3385/701
f 3127/3385/701 3105/3361/679 3058/3314/1079 3106/3362/1095
f 3128/3386/702 3129/3387/1106 3130/3388/704 3131/3389/705 3132/3390/706 3133/3391/707 3134/3392/708 3135/3393/709 3136/3394/710 3039/3295/613 3038/3294/612 3137/3395/1107 3138/3396/712 3139/3397/713 3140/3398/714 3141/3399/715 3142/3400/716 3143/3401/717 3144/3402/718 3145/3403/719 3146/3404/720 3147/3405/721 3148/3406/722 3149/3407/723
f 3110/3408/1097 3131/3389/705 3130/3388/704 3109/3409/1096
f 3123/3410/697 3144/3402/718 3143/3401/717 3122/3411/696
f 3116/3412/1100 3137/3395/1107 3038/3294/612 3037/3293/1072
f 3111/3413/685 3132/3390/706 3131/3389/705 3110/3408/1097
f 3124/3414/1104 3145/3403/719 3144/3402/718 3123/3410/697
f 3117/3415/1101 3138/3396/712 3137/3395/1107 3116/3412/1100
f 3112/3416/686 3133/3391/707 3132/3390/706 3111/3413/685
f 3125/3417/699 3146/3404/720 3145/3403/719 3124/3414/1104
f 3118/3418/1102 3139/3397/713 3138/3396/712 3117/3415/1101
f 3113/3419/687 3134/3392/708 3133/3391/707 3112/3416/686
f 3126/3420/1105 3147/3405/721 3146/3404/720 3125/3417/699
f 3119/3421/1103 3140/3398/714 3139/3397/713 3118/3418/1102
f 3114/3422/1098 3135/3393/709 3134/3392/708 3113/3419/687
f 3127/3423/701 3148/3406/722 3147/3405/721 3126/3420/1105
f 3107/3424/681 3128/3386/702 3149/3407/723 3106/3425/1095
f 3120/3426/694 3141/3399/715 3140/3398/714 3119/3421/1103
f 3115/3427/1099 3136/3394/710 3135/3393/709 3114/3422/1098
f 3106/3425/1095 3149/3407/723 3148/3406/722 3127/3423/701
f 3108/3428/682 3129/3387/1106 3128/3386/702 3107/3424/681
f 3121/3429/695 3142/3400/716 3141/3399/715 3120/3426/694
f 3040/3296/614 3039/3295/613 3136/3394/710 3115/3427/1099
f 3109/3409/1096 3130/3388/704 3129/3387/1106 3108/3428/682
f 3122/3411/696 3143/3401/717 3142/3400/716 3121/3429/695
f 3150/3430/196 3151/3431/197 3152/3432/198 3153/3433/199
f 3154/3434/1004 3155/3435/1005 3156/3436/202 3157/3437/203
f 3157/3437/203 3156/3436/202 3158/3438/204 3159/3439/205
f 3159/3439/205 3158/3438/204 3160/3440/206 3161/3441/207
f 3161/3441/207 3160/3440/206 3162/3442/208 3163/3443/209
f 3163/3443/209 3162/3442/208 3164/3444/210 3165/3445/211
f 3165/3445/211 3164/3444/210 3166/3446/212 3167/3447/213
f 3167/3447/213 3166/3446/212 3168/3448/214 3169/3449/215
f 3169/3449/215 3168/3448/214 3170/3450/1006 3171/3451/1007
f 3171/3451/1007 3170/3450/1006 3172/3452/218 3173/3453/219
f 3173/3453/219 3172/3452/218 3174/3454/220 3175/3455/221
f 3175/3455/221 3174/3454/220 3176/3456/222 3177/3457/223
f 3177/3457/223 3176/3456/222 3178/3458/1008 3179/3459/1009
f 3179/3459/1009 3178/3458/1008 3180/3460/226 3181/3461/227
f 3181/3461/227 3180/3460/226 3182/3462/228 3183/3463/229
f 3183/3463/229 3182/3462/228 3184/3464/230 3185/3465/231
f 3185/3465/231 3184/3464/230 3186/3466/232 3187/3467/233
f 3187/3467/233 3186/3466/232 3188/3468/234 3189/3469/235
f 3189/3469/235 3188/3468/234 3190/3470/236 3191/3471/237
f 3191/3471/237 3190/3470/236 3192/3472/238 3193/3473/239
f 3193/3473/239 3192/3472/238 3194/3474/1010 3195/3475/1011
f 3195/3475/1011 3194/3474/1010 3151/3431/197 3150/3430/196
f 3196/3476/242 3197/3477/243 3155/3435/1005 3154/3434/1004
f 3198/3478/244 3199/3479/245 3200/3480/246 3201/3481/247
f 3153/3433/199 3152/3432/198 3197/3477/243 3196/3476/242
f 3153/3433/199 3196/3476/242 3202/3482/248 3203/3483/249
f 3203/3483/249 3202/3482/248 3204/3484/250 3205/3485/251
f 3197/3477/243 3152/3432/198 3206/3486/252 3207/3487/253
f 3207/3487/253 3206/3486/252 3208/3488/254 3209/3489/255
f 3196/3476/242 3154/3434/1004 3210/3490/256 3202/3482/248
f 3202/3482/248 3210/3490/256 3211/3491/257 3204/3484/250
f 3155/3435/1005 3197/3477/243 3207/3487/253 3212/3492/258
f 3212/3492/258 3207/3487/253 3209/3489/255 3213/3493/259
f 3154/3434/1004 3157/3437/203 3214/3494/260 3210/3490/256
f 3210/3490/256 3214/3494/260 3215/3495/261 3211/3491/257
f 3156/3436/202 3155/3435/1005 3212/3492/258 3216/3496/262
f 3216/3496/262 3212/3492/258 3213/3493/259 3217/3497/263
f 3157/3437/203 3159/3439/205 3218/3498/264 3214/3494/260
f 3214/3494/260 3218/3498/264 3219/3499/265 3215/3495/261
f 3158/3438/204 3156/3436/202 3216/3496/262 3220/3500/266
f 3220/3500/266 3216/3496/262 3217/3497/263 3221/3501/267
f 3159/3439/205 3161/3441/207 3222/3502/268 3218/3498/264
f 3218/3498/264 3222/3502/268 3223/3503/269 3219/3499/265
f 3160/3440/206 3158/3438/204 3220/3500/266 3224/3504/270
f 3224/3504/270 3220/3500/266 3221/3501/267 3225/3505/271
f 3161/3441/207 3163/3443/209 3226/3506/272 3222/3502/268
f 3222/3502/268 3226/3506/272 3227/3507/273 3223/3503/269
f 3162/3442/208 3160/3440/206 3224/3504/270 3228/3508/274
f 3228/3508/274 3224/3504/270 3225/3505/271 3229/3509/275
f 3163/3443/209 3165/3445/211 3230/3510/276 3226/3506/272
f 3226/3506/272 3230/3510/276 3231/3511/277 3227/3507/273
f 3164/3444/210 3162/3442/208 3228/3508/274 3232/3512/278
f 3232/3512/278 3228/3508/274 3229/3509/275 3233/3513/279
f 3165/3445/211 3167/3447/213 3234/3514/280 3230/3510/276
f 3230/3510/276 3234/3514/280 3235/3515/281 3231/3511/277
f 3166/3446/212 3164/3444/210 3232/3512/278 3236/3516/282
f 3236/3516/282 3232/3512/278 3233/3513/279 3237/3517/283
f 3167/3447/213 3169/3449/215 3238/3518/284 3234/3514/280
f 3234/3514/280 3238/3518/284 3239/3519/285 3235/3515/281
f 3168/3448/214 3166/3446/212 3236/3516/282 3240/3520/286
f 3240/3520/286 3236/3516/282 3237/3517/283 3241/3521/287
f 3169/3449/215 3171/3451/1007 3242/3522/288 3238/3518/284
f 3238/3518/284 3242/3522/288 3243/3523/289 3239/3519/285
f 3170/3450/1006 3168/3448/214 3240/3520/286 3244/3524/290
f 3244/3524/290 3240/3520/286 3241/3521/287 3245/3525/291
f 3171/3451/1007 3173/3453/219 3246/3526/292 3242/3522/288
f 3242/3522/288 3246/3526/292 3247/3527/293 3243/3523/289
f 3172/3452/218 3170/3450/1006 3244/3524/290 3248/3528/294
f 3248/3528/294 3244/3524/290 3245/3525/291 3249/3529/295
f 3173/3453/219 3175/3455/221 3250/3530/296 3246/3526/292
f 3246/3526/292 3250/3530/296 3251/3531/297 3247/3527/293
f 3174/3454/220 3172/3452/218 3248/3528/294 3252/3532/298
f 3252/3532/298 3248/3528/294 3249/3529/295 3253/3533/299
f 3175/3455/221 3177/3457/223 3254/3534/300 3250/3530/296
f 3250/3530/296 3254/3534/300 3255/3535/301 3251/3531/297
f 3176/3456/222 3174/3454/220 3252/3532/298 3256/3536/302
f 3256/3536/302 3252/3532/298 3253/3533/299 3257/3537/303
f 3177/3457/223 3179/3459/1009 3258/3538/304 3254/3534/300
f 3254/3534/300 3258/3538/304 3259/3539/305 3255/3535/301
f 3178/3458/1008 3176/3456/222 3256/3536/302 3260/3540/306
f 3260/3540/306 3256/3536/302 3257/3537/303 3261/3541/307
f 3179/3459/1009 3181/3461/227 3262/3542/308 3258/3538/304
f 3258/3538/304 3262/3542/308 3263/3543/309 3259/3539/305
f 3180/3460/226 3178/3458/1008 3260/3540/306 3264/3544/310
f 3264/3544/310 3260/3540/306 3261/3541/307 3265/3545/311
f 3181/3461/227 3183/3463/229 3266/3546/312 3262/3542/308
f 3262/3542/308 3266/3546/312 3267/3547/313 3263/3543/309
f 3182/3462/228 3180/3460/226 3264/3544/310 3268/3548/314
f 3268/3548/314 3264/3544/310 3265/3545/311 3269/3549/315
f 3183/3463/229 3185/3465/231 3270/3550/316 3266/3546/312
f 3266/3546/312 3270/3550/316 3271/3551/317 3267/3547/313
f 3184/3464/230 3182/3462/228 3268/3548/314 3272/3552/318
f 3272/3552/318 3268/3548/314 3269/3549/315 3273/3553/319
f 3185/3465/231 3187/3467/233 3274/3554/320 3270/3550/316
f 3270/3550/316 3274/3554/320 3275/3555/321 3271/3551/317
f 3186/3466/232 3184/3464/230 3272/3552/318 3276/3556/322
f 3276/3556/322 3272/3552/318 3273/3553/319 3277/3557/323
f 3187/3467/233 3189/3469/235 3278/3558/324 3274/3554/320
f 3274/3554/320 3278/3558/324 3279/3559/325 3275/3555/321
f 3188/3468/234 3186/3466/232 3276/3556/322 3280/3560/326
f 3280/3560/326 3276/3556/322 3277/3557/323 3281/3561/327
f 3189/3469/235 3191/3471/237 3282/3562/328 3278/3558/324
f 3278/3558/324 3282/3562/328 3283/3563/329 3279/3559/325
f 3190/3470/236 3188/3468/234 3280/3560/326 3284/3564/330
f 3284/3564/330 3280/3560/326 3281/3561/327 3285/3565/331
f 3191/3471/237 3193/3473/239 3286/3566/332 3282/3562/328
f 3282/3562/328 3286/3566/332 3287/3567/333 3283/3563/329
f 3192/3472/238 3190/3470/236 3284/3564/330 3288/3568/334
f 3288/3568/334 3284/3564/330 3285/3565/331 3289/3569/335
f 3193/3473/239 3195/3475/1011 3290/3570/336 3286/3566/332
f 3286/3566/332 3290/3570/336 3291/3571/337 3287/3567/333
f 3194/3474/1010 3192/3472/238 3288/3568/334 3292/3572/338
f 3292/3572/338 3288/3568/334 3289/3569/335 3293/3573/339
f 3195/3475/1011 3150/3430/196 3294/3574/340 3290/3570/336
f 3290/3570/336 3294/3574/340 3295/3575/341 3291/3571/337
f 3151/3431/197 3194/3474/1010 3292/3572/338 3296/3576/342
f 3296/3576/342 3292/3572/338 3293/3573/339 3297/3577/343
f 3150/3430/196 3153/3433/199 3203/3483/249 3294/3574/340
f 3294/3574/340 3203/3483/249 3205/3485/251 3295/3575/341
f 3152/3432/198 3151/3431/197 3296/3576/342 3206/3486/252
f 3206/3486/252 3296/3576/342 3297/3577/343 3208/3488/254
f 3205/3485/251 3204/3484/250 3211/3491/257 3215/3495/261 3219/3499/265 3223/3503/269 3227/3507/273 3231/3511/277 3235/3515/281 3239/3519/285 3243/3523/289 3247/3527/293 3251/3531/297 3255/3535/301 3259/3539/305 3263/3543/309 3267/3547/313 3271/3551/317 3275/3555/321 3279/3559/325 3283/3563/329 3287/3567/333 3291/3571/337 3295/3575/341
f 3298/3578/5 3299/3579/5 3209/3489/255 3208/3488/254
f 3299/3579/5 3300/3580/5 3213/3493/259 3209/3489/255
f 3300/3580/5 3301/3581/5 3217/3497/263 3213/3493/259
f 3301/3581/5 3302/3582/5 3221/3501/267 3217/3497/263
f 3302/3582/5 3303/3583/5 3225/3505/271 3221/3501/267
f 3303/3583/5 3304/3584/5 3229/3509/275 3225/3505/271
f 3304/3584/5 3305/3585/5 3233/3513/279 3229/3509/275
f 3305/3585/5 3306/3586/5 3237/3517/283 3233/3513/279
f 3306/3586/5 3307/3587/5 3241/3521/287 3237/3517/283
f 3307/3587/5 3308/3588/5 3245/3525/291 3241/3521/287
f 3308/3588/5 3309/3589/5 3249/3529/295 3245/3525/291
f 3309/3589/5 3310/3590/5 3253/3533/299 3249/3529/295
f 3310/3590/5 3311/3591/5 3257/3537/303 3253/3533/299
f 3311/3591/5 3312/3592/5 3261/3541/307 3257/3537/303
f 3312/3592/5 3313/3593/5 3265/3545/311 3261/3541/307
f 3313/3593/5 3314/3594/5 3269/3549/315 3265/3545/311
f 3314/3594/5 3315/3595/5 3273/3553/319 3269/3549/315
f 3315/3595/5 3316/3596/5 3277/3557/323 3273/3553/319
f 3316/3596/5 3317/3597/5 3281/3561/327 3277/3557/323
f 3317/3597/5 3318/3598/5 3285/3565/331 3281/3561/327
f 3318/3598/5 3319/3599/5 3289/3569/335 3285/3565/331
f 3319/3599/5 3320/3600/5 3293/3573/339 3289/3569/335
f 3320/3600/5 3321/3601/5 3297/3577/343 3293/3573/339
f 3321/3601/5 3298/3578/5 3208/3488/254 3297/3577/343
f 3322/3602/344 3323/3603/1012 3324/3604/346 3325/3605/347
f 3326/3606/348 3327/3607/349 3328/3608/1013 3329/3609/351
f 3330/3610/352 3331/3611/353 3332/3612/354 3333/3613/1108
f 3334/3614/356 3198/3478/244 3201/3481/247 3335/3615/357
f 3336/3616/358 3326/3606/348 3329/3609/351 3337/3617/359
f 3338/3618/360 3330/3610/352 3333/3613/1108 3339/3619/361
f 3340/3620/362 3334/3614/356 3335/3615/357 3341/3621/1109
f 3342/3622/364 3343/3623/365 3344/3624/366 3345/3625/367
f 3346/3626/368 3342/3622/364 3345/3625/367 3347/3627/369
f 3348/3628/370 3338/3618/360 3339/3619/361 3349/3629/371
f 3309/3630/5 3308/3631/5 3350/3632/372 3351/3633/373
f 3352/3634/374 3346/3626/368 3347/3627/369 3353/3635/375
f 3354/3636/376 3348/3628/370 3349/3629/371 3355/3637/377
f 3323/3603/1012 3340/3620/362 3341/3621/1109 3324/3604/346
f 3356/3638/378 3352/3634/374 3353/3635/375 3357/3639/379
f 3358/3640/380 3354/3636/376 3355/3637/377 3359/3641/1017
f 3360/3642/382 3322/3602/344 3325/3605/347 3361/3643/383
f 3362/3644/384 3356/3638/378 3357/3639/379 3363/3645/385
f 3364/3646/386 3358/3640/380 3359/3641/1017 3365/3647/387
f 3366/3648/388 3360/3642/382 3361/3643/383 3367/3649/389
f 3199/3479/245 3362/3644/384 3363/3645/385 3200/3480/246
f 3327/3607/349 3364/3646/386 3365/3647/387 3328/3608/1013
f 3331/3611/353 3366/3648/388 3367/3649/389 3332/3612/354
f 3329/3609/351 3328/3608/1013 3368/3650/390 3369/3651/1020
f 3302/3652/5 3301/3653/5 3370/3654/392 3371/3655/393
f 3317/3656/5 3316/3657/5 3372/3658/394 3373/3659/395
f 3310/3660/5 3309/3630/5 3351/3633/373 3374/3661/396
f 3303/3662/5 3302/3652/5 3371/3655/393 3375/3663/397
f 3318/3664/5 3317/3656/5 3373/3659/395 3376/3665/398
f 3311/3666/5 3310/3660/5 3374/3661/396 3377/3667/399
f 3304/3668/5 3303/3662/5 3375/3663/397 3378/3669/1021
f 3319/3670/5 3318/3664/5 3376/3665/398 3379/3671/401
f 3312/3672/5 3311/3666/5 3377/3667/399 3380/3673/402
f 3305/3674/5 3304/3668/5 3378/3669/1021 3381/3675/403
f 3320/3676/5 3319/3670/5 3379/3671/401 3382/3677/404
f 3313/3678/5 3312/3672/5 3380/3673/402 3383/3679/405
f 3306/3680/5 3305/3674/5 3381/3675/403 3384/3681/406
f 3321/3682/5 3320/3676/5 3382/3677/404 3385/3683/407
f 3299/3684/5 3298/3685/5 3386/3686/408 3387/3687/409
f 3314/3688/5 3313/3678/5 3383/3679/405 3388/3689/410
f 3307/3690/5 3306/3680/5 3384/3681/406 3389/3691/411
f 3298/3685/5 3321/3682/5 3385/3683/407 3386/3686/408
f 3300/3692/5 3299/3684/5 3387/3687/409 3390/3693/412
f 3315/3694/5 3314/3688/5 3388/3689/410 3391/3695/413
f 3308/3631/5 3307/3690/5 3389/3691/411 3350/3632/372
f 3301/3653/5 3300/3692/5 3390/3693/412 3370/3654/392
f 3316/3657/5 3315/3694/5 3391/3695/413 3372/3658/394
f 3337/3617/359 3329/3609/351 3369/3651/1020 3392/3696/414
f 3333/3613/1108 3332/3612/354 3393/3697/415 3394/3698/416
f 3335/3615/357 3201/3481/247 3395/3699/417 3396/3700/418
f 3397/3701/1024 3398/3702/420 3399/3703/421 3400/3704/422
f 3339/3619/361 3333/3613/1108 3394/3698/416 3401/3705/423
f 3341/3621/1109 3335/3615/357 3396/3700/418 3402/3706/424
f 3345/3625/367 3344/3624/366 3403/3707/425 3404/3708/426
f 3347/3627/369 3345/3625/367 3404/3708/426 3405/3709/427
f 3349/3629/371 3339/3619/361 3401/3705/423 3406/3710/428
f 3324/3604/346 3341/3621/1109 3402/3706/424 3407/3711/429
f 3353/3635/375 3347/3627/369 3405/3709/427 3408/3712/430
f 3355/3637/377 3349/3629/371 3406/3710/428 3409/3713/431
f 3325/3605/347 3324/3604/346 3407/3711/429 3410/3714/432
f 3357/3639/379 3353/3635/375 3408/3712/430 3411/3715/433
f 3359/3641/1017 3355/3637/377 3409/3713/431 3412/3716/434
f 3361/3643/383 3325/3605/347 3410/3714/432 3413/3717/435
f 3363/3645/385 3357/3639/379 3411/3715/433 3414/3718/436
f 3365/3647/387 3359/3641/1017 3412/3716/434 3415/3719/1027
f 3367/3649/389 3361/3643/383 3413/3717/435 3416/3720/438
f 3200/3480/246 3363/3645/385 3414/3718/436 3417/3721/439
f 3328/3608/1013 3365/3647/387 3415/3719/1027 3368/3650/390
f 3332/3612/354 3367/3649/389 3416/3720/438 3393/3697/415
f 3201/3481/247 3200/3480/246 3417/3721/439 3395/3699/417
f 3418/3722/440 3419/3723/441 3420/3724/1028 3421/3725/443
f 3421/3725/443 3420/3724/1028 3403/3707/425 3392/3696/414
f 3419/3723/441 3422/3726/1029 3423/3727/445 3420/3724/1028
f 3420/3724/1028 3423/3727/445 3404/3708/426 3403/3707/425
f 3422/3726/1029 3424/3728/446 3425/3729/447 3423/3727/445
f 3423/3727/445 3425/3729/447 3405/3709/427 3404/3708/426
f 3424/3728/446 3426/3730/1030 3427/3731/449 3425/3729/447
f 3425/3729/447 3427/3731/449 3408/3712/430 3405/3709/427
f 3426/3730/1030 3428/3732/450 3429/3733/1031 3427/3731/449
f 3427/3731/449 3429/3733/1031 3411/3715/433 3408/3712/430
f 3428/3732/450 3430/3734/1032 3431/3735/453 3429/3733/1031
f 3429/3733/1031 3431/3735/453 3414/3718/436 3411/3715/433
f 3430/3734/1032 3432/3736/454 3433/3737/1033 3431/3735/453
f 3431/3735/453 3433/3737/1033 3417/3721/439 3414/3718/436
f 3432/3736/454 3434/3738/1034 3435/3739/457 3433/3737/1033
f 3433/3737/1033 3435/3739/457 3395/3699/417 3417/3721/439
f 3434/3738/1034 3436/3740/458 3437/3741/459 3435/3739/457
f 3435/3739/457 3437/3741/459 3396/3700/418 3395/3699/417
f 3436/3740/458 3438/3742/1035 3439/3743/461 3437/3741/459
f 3437/3741/459 3439/3743/461 3402/3706/424 3396/3700/418
f 3438/3742/1035 3440/3744/462 3441/3745/1110 3439/3743/461
f 3439/3743/461 3441/3745/1110 3407/3711/429 3402/3706/424
f 3440/3744/462 3442/3746/1036 3443/3747/465 3441/3745/1110
f 3441/3745/1110 3443/3747/465 3410/3714/432 3407/3711/429
f 3442/3746/1036 3444/3748/466 3445/3749/1111 3443/3747/465
f 3443/3747/465 3445/3749/1111 3413/3717/435 3410/3714/432
f 3444/3748/466 3446/3750/1037 3447/3751/1038 3445/3749/1111
f 3445/3749/1111 3447/3751/1038 3416/3720/438 3413/3717/435
f 3446/3750/1037 3448/3752/470 3449/3753/471 3447/3751/1038
f 3447/3751/1038 3449/3753/471 3393/3697/415 3416/3720/438
f 3448/3752/470 3450/3754/1039 3451/3755/473 3449/3753/471
f 3449/3753/471 3451/3755/473 3394/3698/416 3393/3697/415
f 3450/3754/1039 3452/3756/474 3453/3757/1040 3451/3755/473
f 3451/3755/473 3453/3757/1040 3401/3705/423 3394/3698/416
f 3452/3756/474 3454/3758/1041 3455/3759/477 3453/3757/1040
f 3453/3757/1040 3455/3759/477 3406/3710/428 3401/3705/423
f 3454/3758/1041 3456/3760/478 3457/3761/1042 3455/3759/477
f 3455/3759/477 3457/3761/1042 3409/3713/431 3406/3710/428
f 3456/3760/478 3458/3762/1043 3459/3763/481 3457/3761/1042
f 3457/3761/1042 3459/3763/481 3412/3716/434 3409/3713/431
f 3458/3762/1043 3460/3764/482 3461/3765/483 3459/3763/481
f 3459/3763/481 3461/3765/483 3415/3719/1027 3412/3716/434
f 3460/3764/482 3462/3766/1044 3463/3767/1045 3461/3765/483
f 3461/3765/483 3463/3767/1045 3368/3650/390 3415/3719/1027
f 3462/3766/1044 3464/3768/486 3465/3769/1046 3463/3767/1045
f 3463/3767/1045 3465/3769/1046 3369/3651/1020 3368/3650/390
f 3464/3768/486 3418/3722/440 3421/3725/443 3465/3769/1046
f 3465/3769/1046 3421/3725/443 3392/3696/414 3369/3651/1020
f 3344/3624/366 3337/3617/359 3392/3696/414 3403/3707/425
f 3336/3616/358 3343/3623/365 3387/3687/409 3386/3686/408
f 3343/3623/365 3342/3622/364 3390/3693/412 3387/3687/409
f 3342/3622/364 3346/3626/368 3370/3654/392 3390/3693/412
f 3346/3626/368 3352/3634/374 3371/3655/393 3370/3654/392
f 3352/3634/374 3356/3638/378 3375/3663/397 3371/3655/393
f 3356/3638/378 3362/3644/384 3378/3669/1021 3375/3663/397
f 3362/3644/384 3199/3479/245 3381/3675/403 3378/3669/1021
f 3199/3479/245 3198/3478/244 3384/3681/406 3381/3675/403
f 3198/3478/244 3334/3614/356 3389/3691/411 3384/3681/406
f 3334/3614/356 3340/3620/362 3350/3632/372 3389/3691/411
f 3340/3620/362 3323/3603/1012 3351/3633/373 3350/3632/372
f 3323/3603/1012 3322/3602/344 3374/3661/396 3351/3633/373
f 3322/3602/344 3360/3642/382 3377/3667/399 3374/3661/396
f 3360/3642/382 3366/3648/388 3380/3673/402 3377/3667/399
f 3366/3648/388 3331/3611/353 3383/3679/405 3380/3673/402
f 3331/3611/353 3330/3610/352 3388/3689/410 3383/3679/405
f 3330/3610/352 3338/3618/360 3391/3695/413 3388/3689/410
f 3338/3618/360 3348/3628/370 3372/3658/394 3391/3695/413
f 3348/3628/370 3354/3636/376 3373/3659/395 3372/3658/394
f 3354/3636/376 3358/3640/380 3376/3665/398 3373/3659/395
f 3358/3640/380 3364/3646/386 3379/3671/401 3376/3665/398
f 3364/3646/386 3327/3607/349 3382/3677/404 3379/3671/401
f 3327/3607/349 3326/3606/348 3385/3683/407 3382/3677/404
f 3326/3606/348 3336/3616/358 3386/3686/408 3385/3683/407
f 3343/3623/365 3336/3616/358 3337/3617/359 3344/3624/366
f 3466/3770/1047 3467/3771/1048 3419/3723/441 3418/3722/440
f 3467/3771/1048 3468/3772/490 3422/3726/1029 3419/3723/441
f 3468/3772/490 3469/3773/1049 3424/3728/446 3422/3726/1029
f 3469/3773/1049 3470/3774/492 3426/3730/1030 3424/3728/446
f 3470/3774/492 3471/3775/1112 3428/3732/450 3426/3730/1030
f 3471/3775/1112 3472/3776/494 3430/3734/1032 3428/3732/450
f 3472/3776/494 3473/3777/495 3432/3736/454 3430/3734/1032
f 3473/3777/495 3474/3778/1050 3434/3738/1034 3432/3736/454
f 3474/3778/1050 3475/3779/497 3436/3740/458 3434/3738/1034
f 3475/3779/497 3398/3780/420 3438/3742/1035 3436/3740/458
f 3398/3780/420 3397/3781/1024 3440/3744/462 3438/3742/1035
f 3397/3781/1024 3476/3782/1052 3442/3746/1036 3440/3744/462
f 3476/3782/1052 3477/3783/1053 3444/3748/466 3442/3746/1036
f 3477/3783/1053 3478/3784/1054 3446/3750/1037 3444/3748/466
f 3478/3784/1054 3479/3785/1055 3448/3752/470 3446/3750/1037
f 3479/3785/1055 3480/3786/1056 3450/3754/1039 3448/3752/470
f 3480/3786/1056 3481/3787/503 3452/3756/474 3450/3754/1039
f 3481/3787/503 3482/3788/504 3454/3758/1041 3452/3756/474
f 3482/3788/504 3483/3789/505 3456/3760/478 3454/3758/1041
f 3483/3789/505 3484/3790/1057 3458/3762/1043 3456/3760/478
f 3484/3790/1057 3485/3791/1058 3460/3764/482 3458/3762/1043
f 3485/3791/1058 3486/3792/1059 3462/3766/1044 3460/3764/482
f 3486/3792/1059 3487/3793/509 3464/3768/486 3462/3766/1044
f 3487/3793/509 3466/3770/1047 3418/3722/440 3464/3768/486
f 3488/3794/510 3489/3795/511 3490/3796/512 3491/3797/513 3492/3798/514 3493/3799/515 3494/3800/516 3495/3801/517 3496/3802/518 3497/3803/519 3498/3804/520 3499/3805/521 3500/3806/522 3501/3807/1060 3400/3704/422 3399/3703/421 3502/3808/524 3503/3809/525 3504/3810/526 3505/3811/527 3506/3812/1061 3507/3813/529 3508/3814/530 3509/3815/531
f 3470/3816/492 3469/3817/1049 3508/3814/530 3507/3813/529
f 3483/3818/505 3482/3819/504 3495/3801/517 3494/3800/516
f 3476/3820/1052 3397/3701/1024 3400/3704/422 3501/3807/1060
f 3471/3821/1112 3470/3816/492 3507/3813/529 3506/3812/1061
f 3484/3822/1057 3483/3818/505 3494/3800/516 3493/3799/515
f 3477/3823/1053 3476/3820/1052 3501/3807/1060 3500/3806/522
f 3472/3824/494 3471/3821/1112 3506/3812/1061 3505/3811/527
f 3485/3825/1058 3484/3822/1057 3493/3799/515 3492/3798/514
f 3478/3826/1054 3477/3823/1053 3500/3806/522 3499/3805/521
f 3473/3827/495 3472/3824/494 3505/3811/527 3504/3810/526
f 3486/3828/1059 3485/3825/1058 3492/3798/514 3491/3797/513
f 3479/3829/1055 3478/3826/1054 3499/3805/521 3498/3804/520
f 3474/3830/1050 3473/3827/495 3504/3810/526 3503/3809/525
f 3487/3831/509 3486/3828/1059 3491/3797/513 3490/3796/512
f 3467/3832/1048 3466/3833/1047 3489/3795/511 3488/3794/510
f 3480/3834/1056 3479/3829/1055 3498/3804/520 3497/3803/519
f 3475/3835/497 3474/3830/1050 3503/3809/525 3502/3808/524
f 3466/3833/1047 3487/3831/509 3490/3796/512 3489/3795/511
f 3468/3836/490 3467/3832/1048 3488/3794/510 3509/3815/531
f 3481/3837/503 3480/3834/1056 3497/3803/519 3496/3802/518
f 3398/3702/420 3475/3835/497 3502/3808/524 3399/3703/421
f 3469/3817/1049 3468/3836/490 3509/3815/531 3508/3814/530
f 3482/3819/504 3481/3837/503 3496/3802/518 3495/3801/517
f 3510/3838/197 3511/3839/198 3512/3840/199 3513/3841/196
f 3514/3842/1005 3515/3843/202 3516/3844/203 3517/3845/1004
f 3515/3843/202 3518/3846/204 3519/3847/205 3516/3844/203
f 3518/3846/204 3520/3848/206 3521/3849/207 3519/3847/205
f 3520/3848/206 3522/3850/208 3523/3851/209 3521/3849/207
f 3522/3850/208 3524/3852/210 3525/3853/211 3523/3851/209
f 3524/3852/210 3526/3854/212 3527/3855/213 3525/3853/211
f 3526/3854/212 3528/3856/214 3529/3857/215 3527/3855/213
f 3528/3856/214 3530/3858/1006 3531/3859/1007 3529/3857/215
f 3530/3858/1006 3532/3860/218 3533/3861/219 3531/3859/1007
f 3532/3860/218 3534/3862/220 3535/3863/221 3533/3861/219
f 3534/3862/220 3536/3864/222 3537/3865/223 3535/3863/221
f 3536/3864/222 3538/3866/1008 3539/3867/1009 3537/3865/223
f 3538/3866/1008 3540/3868/226 3541/3869/227 3539/3867/1009
f 3540/3868/226 3542/3870/228 3543/3871/229 3541/3869/227
f 3542/3870/228 3544/3872/230 3545/3873/231 3543/3871/229
f 3544/3872/230 3546/3874/232 3547/3875/233 3545/3873/231
f 3546/3874/232 3548/3876/234 3549/3877/235 3547/3875/233
f 3548/3876/234 3550/3878/236 3551/3879/237 3549/3877/235
f 3550/3878/236 3552/3880/238 3553/3881/239 3551/3879/237
f 3552/3880/238 3554/3882/1010 3555/3883/1011 3553/3881/239
f 3554/3882/1010 3510/3838/197 3513/3841/196 3555/3883/1011
f 3556/3884/243 3514/3842/1005 3517/3845/1004 3557/3885/242
f 3558/3886/532 3559/3887/533 3560/3888/534 3561/3889/1062
f 3511/3839/198 3556/3884/243 3557/3885/242 3512/3840/199
f 3511/3839/198 3562/3890/252 3563/3891/253 3556/3884/243
f 3562/3890/252 3564/3892/254 3565/3893/255 3563/3891/253
f 3557/3885/242 3566/3894/248 3567/3895/249 3512/3840/199
f 3566/3894/248 3568/3896/250 3569/3897/251 3567/3895/249
f 3556/3884/243 3563/3891/253 3570/3898/258 3514/3842/1005
f 3563/3891/253 3565/3893/255 3571/3899/259 3570/3898/258
f 3517/3845/1004 3572/3900/256 3566/3894/248 3557/3885/242
f 3572/3900/256 3573/3901/257 3568/3896/250 3566/3894/248
f 3514/3842/1005 3570/3898/258 3574/3902/262 3515/3843/202
f 3570/3898/258 3571/3899/259 3575/3903/263 3574/3902/262
f 3516/3844/203 3576/3904/260 3572/3900/256 3517/3845/1004
f 3576/3904/260 3577/3905/261 3573/3901/257 3572/3900/256
f 3515/3843/202 3574/3902/262 3578/3906/266 3518/3846/204
f 3574/3902/262 3575/3903/263 3579/3907/267 3578/3906/266
f 3519/3847/205 3580/3908/264 3576/3904/260 3516/3844/203
f 3580/3908/264 3581/3909/265 3577/3905/261 3576/3904/260
f 3518/3846/204 3578/3906/266 3582/3910/270 3520/3848/206
f 3578/3906/266 3579/3907/267 3583/3911/271 3582/3910/270
f 3521/3849/207 3584/3912/268 3580/3908/264 3519/3847/205
f 3584/3912/268 3585/3913/269 3581/3909/265 3580/3908/264
f 3520/3848/206 3582/3910/270 3586/3914/274 3522/3850/208
f 3582/3910/270 3583/3911/271 3587/3915/275 3586/3914/274
f 3523/3851/209 3588/3916/272 3584/3912/268 3521/3849/207
f 3588/3916/272 3589/3917/273 3585/3913/269 3584/3912/268
f 3522/3850/208 3586/3914/274 3590/3918/278 3524/3852/210
f 3586/3914/274 3587/3915/275 3591/3919/279 3590/3918/278
f 3525/3853/211 3592/3920/276 3588/3916/272 3523/3851/209
f 3592/3920/276 3593/3921/277 3589/3917/273 3588/3916/272
f 3524/3852/210 3590/3918/278 3594/3922/282 3526/3854/212
f 3590/3918/278 3591/3919/279 3595/3923/283 3594/3922/282
f 3527/3855/213 3596/3924/280 3592/3920/276 3525/3853/211
f 3596/3924/280 3597/3925/281 3593/3921/277 3592/3920/276
f 3526/3854/212 3594/3922/282 3598/3926/286 3528/3856/214
f 3594/3922/282 3595/3923/283 3599/3927/287 3598/3926/286
f 3529/3857/215 3600/3928/284 3596/3924/280 3527/3855/213
f 3600/3928/284 3601/3929/285 3597/3925/281 3596/3924/280
f 3528/3856/214 3598/3926/286 3602/3930/290 3530/3858/1006
f 3598/3926/286 3599/3927/287 3603/3931/291 3602/3930/290
f 3531/3859/1007 3604/3932/288 3600/3928/284 3529/3857/215
f 3604/3932/288 3605/3933/289 3601/3929/285 3600/3928/284
f 3530/3858/1006 3602/3930/290 3606/3934/294 3532/3860/218
f 3602/3930/290 3603/3931/291 3607/3935/295 3606/3934/294
f 3533/3861/219 3608/3936/292 3604/3932/288 3531/3859/1007
f 3608/3936/292 3609/3937/293 3605/3933/289 3604/3932/288
f 3532/3860/218 3606/3934/294 3610/3938/298 3534/3862/220
f 3606/3934/294 3607/3935/295 3611/3939/299 3610/3938/298
f 3535/3863/221 3612/3940/296 3608/3936/292 3533/3861/219
f 3612/3940/296 3613/3941/297 3609/3937/293 3608/3936/292
f 3534/3862/220 3610/3938/298 3614/3942/302 3536/3864/222
f 3610/3938/298 3611/3939/299 3615/3943/303 3614/3942/302
f 3537/3865/223 3616/3944/300 3612/3940/296 3535/3863/221
f 3616/3944/300 3617/3945/301 3613/3941/297 3612/3940/296
f 3536/3864/222 3614/3942/302 3618/3946/306 3538/3866/1008
f 3614/3942/302 3615/3943/303 3619/3947/307 3618/3946/306
f 3539/3867/1009 3620/3948/304 3616/3944/300 3537/3865/223
f 3620/3948/304 3621/3949/305 3617/3945/301 3616/3944/300
f 3538/3866/1008 3618/3946/306 3622/3950/310 3540/3868/226
f 3618/3946/306 3619/3947/307 3623/3951/311 3622/3950/310
f 3541/3869/227 3624/3952/308 3620/3948/304 3539/3867/1009
f 3624/3952/308 3625/3953/309 3621/3949/305 3620/3948/304
f 3540/3868/226 3622/3950/310 3626/3954/314 3542/3870/228
f 3622/3950/310 3623/3951/311 3627/3955/315 3626/3954/314
f 3543/3871/229 3628/3956/312 3624/3952/308 3541/3869/227
f 3628/3956/312 3629/3957/313 3625/3953/309 3624/3952/308
f 3542/3870/228 3626/3954/314 3630/3958/318 3544/3872/230
f 3626/3954/314 3627/3955/315 3631/3959/319 3630/3958/318
f 3545/3873/231 3632/3960/316 3628/3956/312 3543/3871/229
f 3632/3960/316 3633/3961/317 3629/3957/313 3628/3956/312
f 3544/3872/230 3630/3958/318 3634/3962/322 3546/3874/232
f 3630/3958/318 3631/3959/319 3635/3963/323 3634/3962/322
f 3547/3875/233 3636/3964/320 3632/3960/316 3545/3873/231
f 3636/3964/320 3637/3965/321 3633/3961/317 3632/3960/316
f 3546/3874/232 3634/3962/322 3638/3966/326 3548/3876/234
f 3634/3962/322 3635/3963/323 3639/3967/327 3638/3966/326
f 3549/3877/235 3640/3968/324 3636/3964/320 3547/3875/233
f 3640/3968/324 3641/3969/325 3637/3965/321 3636/3964/320
f 3548/3876/234 3638/3966/326 3642/3970/330 3550/3878/236
f 3638/3966/326 3639/3967/327 3643/3971/331 3642/3970/330
f 3551/3879/237 3644/3972/328 3640/3968/324 3549/3877/235
f 3644/3972/328 3645/3973/329 3641/3969/325 3640/3968/324
f 3550/3878/236 3642/3970/330 3646/3974/334 3552/3880/238
f 3642/3970/330 3643/3971/331 3647/3975/335 3646/3974/334
f 3553/3881/239 3648/3976/332 3644/3972/328 3551/3879/237
f 3648/3976/332 3649/3977/333 3645/3973/329 3644/3972/328
f 3552/3880/238 3646/3974/334 3650/3978/338 3554/3882/1010
f 3646/3974/334 3647/3975/335 3651/3979/339 3650/3978/338
f 3555/3883/1011 3652/3980/336 3648/3976/332 3553/3881/239
f 3652/3980/336 3653/3981/337 3649/3977/333 3648/3976/332
f 3554/3882/1010 3650/3978/338 3654/3982/342 3510/3838/197
f 3650/3978/338 3651/3979/339 3655/3983/343 3654/3982/342
f 3513/3841/196 3656/3984/340 3652/3980/336 3555/3883/1011
f 3656/3984/340 3657/3985/341 3653/3981/337 3652/3980/336
f 3510/3838/197 3654/3982/342 3562/3890/252 3511/3839/198
f 3654/3982/342 3655/3983/343 3564/3892/254 3562/3890/252
f 3512/3840/199 3567/3895/249 3656/3984/340 3513/3841/196
f 3567/3895/249 3569/3897/251 3657/3985/341 3656/3984/340
f 3564/3892/254 3655/3983/343 3651/3979/339 3647/3975/335 3643/3971/331 3639/3967/327 3635/3963/323 3631/3959/319 3627/3955/315 3623/3951/311 3619/3947/307 3615/3943/303 3611/3939/299 3607/3935/295 3603/3931/291 3599/3927/287 3595/3923/283 3591/3919/279 3587/3915/275 3583/3911/271 3579/3907/267 3575/3903/263 3571/3899/259 3565/3893/255
f 3658/3986/8 3569/3897/251 3568/3896/250 3659/3987/8
f 3659/3987/8 3568/3896/250 3573/3901/257 3660/3988/8
f 3660/3988/8 3573/3901/257 3577/3905/261 3661/3989/8
f 3661/3989/8 3577/3905/261 3581/3909/265 3662/3990/8
f 3662/3990/8 3581/3909/265 3585/3913/269 3663/3991/8
f 3663/3991/8 3585/3913/269 3589/3917/273 3664/3992/8
f 3664/3992/8 3589/3917/273 3593/3921/277 3665/3993/8
f 3665/3993/8 3593/3921/277 3597/3925/281 3666/3994/8
f 3666/3994/8 3597/3925/281 3601/3929/285 3667/3995/8
f 3667/3995/8 3601/3929/285 3605/3933/289 3668/3996/8
f 3668/3996/8 3605/3933/289 3609/3937/293 3669/3997/8
f 3669/3997/8 3609/3937/293 3613/3941/297 3670/3998/8
f 3670/3998/8 3613/3941/297 3617/3945/301 3671/3999/8
f 3671/3999/8 3617/3945/301 3621/3949/305 3672/4000/8
f 3672/4000/8 3621/3949/305 3625/3953/309 3673/4001/8
f 3673/4001/8 3625/3953/309 3629/3957/313 3674/4002/8
f 3674/4002/8 3629/3957/313 3633/3961/317 3675/4003/8
f 3675/4003/8 3633/3961/317 3637/3965/321 3676/4004/8
f 3676/4004/8 3637/3965/321 3641/3969/325 3677/4005/8
f 3677/4005/8 3641/3969/325 3645/3973/329 3678/4006/8
f 3678/4006/8 3645/3973/329 3649/3977/333 3679/4007/8
f 3679/4007/8 3649/3977/333 3653/3981/337 3680/4008/8
f 3680/4008/8 3653/3981/337 3657/3985/341 3681/4009/8
f 3681/4009/8 3657/3985/341 3569/3897/251 3658/3986/8
f 3682/4010/536 3683/4011/537 3684/4012/538 3685/4013/539
f 3686/4014/540 3687/4015/541 3688/4016/542 3689/4017/543
f 3690/4018/544 3691/4019/545 3692/4020/546 3693/4021/547
f 3694/4022/548 3695/4023/549 3559/3887/533 3558/3886/532
f 3696/4024/550 3697/4025/551 3687/4015/541 3686/4014/540
f 3698/4026/552 3699/4027/553 3691/4019/545 3690/4018/544
f 3700/4028/554 3701/4029/1113 3695/4023/549 3694/4022/548
f 3702/4030/556 3703/4031/557 3704/4032/558 3705/4033/559
f 3706/4034/560 3707/4035/561 3703/4031/557 3702/4030/556
f 3708/4036/562 3709/4037/563 3699/4027/553 3698/4026/552
f 3669/4038/8 3710/4039/564 3711/4040/565 3668/4041/8
f 3712/4042/566 3713/4043/567 3707/4035/561 3706/4034/560
f 3714/4044/568 3715/4045/569 3709/4037/563 3708/4036/562
f 3685/4013/539 3684/4012/538 3701/4029/1113 3700/4028/554
f 3716/4046/1063 3717/4047/571 3713/4043/567 3712/4042/566
f 3718/4048/572 3719/4049/573 3715/4045/569 3714/4044/568
f 3720/4050/574 3721/4051/575 3683/4011/537 3682/4010/536
f 3722/4052/576 3723/4053/577 3717/4047/571 3716/4046/1063
f 3724/4054/578 3725/4055/579 3719/4049/573 3718/4048/572
f 3726/4056/580 3727/4057/581 3721/4051/575 3720/4050/574
f 3561/3889/1062 3560/3888/534 3723/4053/577 3722/4052/576
f 3689/4017/543 3688/4016/542 3725/4055/579 3724/4054/578
f 3693/4021/547 3692/4020/546 3727/4057/581 3726/4056/580
f 3687/4015/541 3728/4058/1065 3729/4059/1066 3688/4016/542
f 3662/4060/8 3730/4061/584 3731/4062/585 3661/4063/8
f 3677/4064/8 3732/4065/586 3733/4066/587 3676/4067/8
f 3670/4068/8 3734/4069/588 3710/4039/564 3669/4038/8
f 3663/4070/8 3735/4071/589 3730/4061/584 3662/4060/8
f 3678/4072/8 3736/4073/590 3732/4065/586 3677/4064/8
f 3671/4074/8 3737/4075/591 3734/4069/588 3670/4068/8
f 3664/4076/8 3738/4077/592 3735/4071/589 3663/4070/8
f 3679/4078/8 3739/4079/1067 3736/4073/590 3678/4072/8
f 3672/4080/8 3740/4081/594 3737/4075/591 3671/4074/8
f 3665/4082/8 3741/4083/595 3738/4077/592 3664/4076/8
f 3680/4084/8 3742/4085/596 3739/4079/1067 3679/4078/8
f 3673/4086/8 3743/4087/597 3740/4081/594 3672/4080/8
f 3666/4088/8 3744/4089/598 3741/4083/595 3665/4082/8
f 3681/4090/8 3745/4091/599 3742/4085/596 3680/4084/8
f 3659/4092/8 3746/4093/600 3747/4094/601 3658/4095/8
f 3674/4096/8 3748/4097/602 3743/4087/597 3673/4086/8
f 3667/4098/8 3749/4099/1114 3744/4089/598 3666/4088/8
f 3658/4095/8 3747/4094/601 3745/4091/599 3681/4090/8
f 3660/4100/8 3750/4101/604 3746/4093/600 3659/4092/8
f 3675/4102/8 3751/4103/605 3748/4097/602 3674/4096/8
f 3668/4041/8 3711/4040/565 3749/4099/1114 3667/4098/8
f 3661/4063/8 3731/4062/585 3750/4101/604 3660/4100/8
f 3676/4067/8 3733/4066/587 3751/4103/605 3675/4102/8
f 3697/4025/551 3752/4104/1071 3728/4058/1065 3687/4015/541
f 3691/4019/545 3753/4105/607 3754/4106/608 3692/4020/546
f 3695/4023/549 3755/4107/609 3756/4108/1115 3559/3887/533
f 3757/4109/1072 3758/4110/612 3759/4111/613 3760/4112/614
f 3699/4027/553 3761/4113/615 3753/4105/607 3691/4019/545
f 3701/4029/1113 3762/4114/1116 3755/4107/609 3695/4023/549
f 3703/4031/557 3763/4115/1073 3764/4116/618 3704/4032/558
f 3707/4035/561 3765/4117/619 3763/4115/1073 3703/4031/557
f 3709/4037/563 3766/4118/620 3761/4113/615 3699/4027/553
f 3684/4012/538 3767/4119/1117 3762/4114/1116 3701/4029/1113
f 3713/4043/567 3768/4120/1075 3765/4117/619 3707/4035/561
f 3715/4045/569 3769/4121/623 3766/4118/620 3709/4037/563
f 3683/4011/537 3770/4122/624 3767/4119/1117 3684/4012/538
f 3717/4047/571 3771/4123/1076 3768/4120/1075 3713/4043/567
f 3719/4049/573 3772/4124/1077 3769/4121/623 3715/4045/569
f 3721/4051/575 3773/4125/627 3770/4122/624 3683/4011/537
f 3723/4053/577 3774/4126/628 3771/4123/1076 3717/4047/571
f 3725/4055/579 3775/4127/1078 3772/4124/1077 3719/4049/573
f 3727/4057/581 3776/4128/630 3773/4125/627 3721/4051/575
f 3560/3888/534 3777/4129/631 3774/4126/628 3723/4053/577
f 3688/4016/542 3729/4059/1066 3775/4127/1078 3725/4055/579
f 3692/4020/546 3754/4106/608 3776/4128/630 3727/4057/581
f 3559/3887/533 3756/4108/1115 3777/4129/631 3560/3888/534
f 3778/4130/1079 3779/4131/633 3780/4132/1080 3781/4133/635
f 3779/4131/633 3752/4104/1071 3764/4116/618 3780/4132/1080
f 3781/4133/635 3780/4132/1080 3782/4134/636 3783/4135/1081
f 3780/4132/1080 3764/4116/618 3763/4115/1073 3782/4134/636
f 3783/4135/1081 3782/4134/636 3784/4136/638 3785/4137/639
f 3782/4134/636 3763/4115/1073 3765/4117/619 3784/4136/638
f 3785/4137/639 3784/4136/638 3786/4138/640 3787/4139/1082
f 3784/4136/638 3765/4117/619 3768/4120/1075 3786/4138/640
f 3787/4139/1082 3786/4138/640 3788/4140/642 3789/4141/643
f 3786/4138/640 3768/4120/1075 3771/4123/1076 3788/4140/642
f 3789/4141/643 3788/4140/642 3790/4142/644 3791/4143/1083
f 3788/4140/642 3771/4123/1076 3774/4126/628 3790/4142/644
f 3791/4143/1083 3790/4142/644 3792/4144/646 3793/4145/647
f 3790/4142/644 3774/4126/628 3777/4129/631 3792/4144/646
f 3793/4145/647 3792/4144/646 3794/4146/648 3795/4147/1084
f 3792/4144/646 3777/4129/631 3756/4108/1115 3794/4146/648
f 3795/4147/1084 3794/4146/648 3796/4148/650 3797/4149/651
f 3794/4146/648 3756/4108/1115 3755/4107/609 3796/4148/650
f 3797/4149/651 3796/4148/650 3798/4150/652 3799/4151/1085
f 3796/4148/650 3755/4107/609 3762/4114/1116 3798/4150/652
f 3799/4151/1085 3798/4150/652 3800/4152/654 3801/4153/655
f 3798/4150/652 3762/4114/1116 3767/4119/1117 3800/4152/654
f 3801/4153/655 3800/4152/654 3802/4154/656 3803/4155/1118
f 3800/4152/654 3767/4119/1117 3770/4122/624 3802/4154/656
f 3803/4155/1118 3802/4154/656 3804/4156/658 3805/4157/659
f 3802/4154/656 3770/4122/624 3773/4125/627 3804/4156/658
f 3805/4157/659 3804/4156/658 3806/4158/660 3807/4159/1088
f 3804/4156/658 3773/4125/627 3776/4128/630 3806/4158/660
f 3807/4159/1088 3806/4158/660 3808/4160/662 3809/4161/663
f 3806/4158/660 3776/4128/630 3754/4106/608 3808/4160/662
f 3809/4161/663 3808/4160/662 3810/4162/664 3811/4163/1089
f 3808/4160/662 3754/4106/608 3753/4105/607 3810/4162/664
f 3811/4163/1089 3810/4162/664 3812/4164/1090 3813/4165/667
f 3810/4162/664 3753/4105/607 3761/4113/615 3812/4164/1090
f 3813/4165/667 3812/4164/1090 3814/4166/668 3815/4167/669
f 3812/4164/1090 3761/4113/615 3766/4118/620 3814/4166/668
f 3815/4167/669 3814/4166/668 3816/4168/670 3817/4169/671
f 3814/4166/668 3766/4118/620 3769/4121/623 3816/4168/670
f 3817/4169/671 3816/4168/670 3818/4170/672 3819/4171/1092
f 3816/4168/670 3769/4121/623 3772/4124/1077 3818/4170/672
f 3819/4171/1092 3818/4170/672 3820/4172/674 3821/4173/675
f 3818/4170/672 3772/4124/1077 3775/4127/1078 3820/4172/674
f 3821/4173/675 3820/4172/674 3822/4174/676 3823/4175/1093
f 3820/4172/674 3775/4127/1078 3729/4059/1066 3822/4174/676
f 3823/4175/1093 3822/4174/676 3824/4176/678 3825/4177/679
f 3822/4174/676 3729/4059/1066 3728/4058/1065 3824/4176/678
f 3825/4177/679 3824/4176/678 3779/4131/633 3778/4130/1079
f 3824/4176/678 3728/4058/1065 3752/4104/1071 3779/4131/633
f 3704/4032/558 3764/4116/618 3752/4104/1071 3697/4025/551
f 3696/4024/550 3747/4094/601 3746/4093/600 3705/4033/559
f 3705/4033/559 3746/4093/600 3750/4101/604 3702/4030/556
f 3702/4030/556 3750/4101/604 3731/4062/585 3706/4034/560
f 3706/4034/560 3731/4062/585 3730/4061/584 3712/4042/566
f 3712/4042/566 3730/4061/584 3735/4071/589 3716/4046/1063
f 3716/4046/1063 3735/4071/589 3738/4077/592 3722/4052/576
f 3722/4052/576 3738/4077/592 3741/4083/595 3561/3889/1062
f 3561/3889/1062 3741/4083/595 3744/4089/598 3558/3886/532
f 3558/3886/532 3744/4089/598 3749/4099/1114 3694/4022/548
f 3694/4022/548 3749/4099/1114 3711/4040/565 3700/4028/554
f 3700/4028/554 3711/4040/565 3710/4039/564 3685/4013/539
f 3685/4013/539 3710/4039/564 3734/4069/588 3682/4010/536
f 3682/4010/536 3734/4069/588 3737/4075/591 3720/4050/574
f 3720/4050/574 3737/4075/591 3740/4081/594 3726/4056/580
f 3726/4056/580 3740/4081/594 3743/4087/597 3693/4021/547
f 3693/4021/547 3743/4087/597 3748/4097/602 3690/4018/544
f 3690/4018/544 3748/4097/602 3751/4103/605 3698/4026/552
f 3698/4026/552 3751/4103/605 3733/4066/587 3708/4036/562
f 3708/4036/562 3733/4066/587 3732/4065/586 3714/4044/568
f 3714/4044/568 3732/4065/586 3736/4073/590 3718/4048/572
f 3718/4048/572 3736/4073/590 3739/4079/1067 3724/4054/578
f 3724/4054/578 3739/4079/1067 3742/4085/596 3689/4017/543
f 3689/4017/543 3742/4085/596 3745/4091/599 3686/4014/540
f 3686/4014/540 3745/4091/599 3747/4094/601 3696/4024/550
f 3705/4033/559 3704/4032/558 3697/4025/551 3696/4024/550
f 3826/4178/1095 3778/4130/1079 3781/4133/635 3827/4179/681
f 3827/4179/681 3781/4133/635 3783/4135/1081 3828/4180/682
f 3828/4180/682 3783/4135/1081 3785/4137/639 3829/4181/1096
f 3829/4181/1096 3785/4137/639 3787/4139/1082 3830/4182/1097
f 3830/4182/1097 3787/4139/1082 3789/4141/643 3831/4183/685
f 3831/4183/685 3789/4141/643 3791/4143/1083 3832/4184/686
f 3832/4184/686 3791/4143/1083 3793/4145/647 3833/4185/687
f 3833/4185/687 3793/4145/647 3795/4147/1084 3834/4186/1098
f 3834/4186/1098 3795/4147/1084 3797/4149/651 3835/4187/1099
f 3835/4187/1099 3797/4149/651 3799/4151/1085 3760/4188/614
f 3760/4188/614 3799/4151/1085 3801/4153/655 3757/4189/1072
f 3757/4189/1072 3801/4153/655 3803/4155/1118 3836/4190/1100
f 3836/4190/1100 3803/4155/1118 3805/4157/659 3837/4191/1101
f 3837/4191/1101 3805/4157/659 3807/4159/1088 3838/4192/1102
f 3838/4192/1102 3807/4159/1088 3809/4161/663 3839/4193/1103
f 3839/4193/1103 3809/4161/663 3811/4163/1089 3840/4194/1119
f 3840/4194/1119 3811/4163/1089 3813/4165/667 3841/4195/695
f 3841/4195/695 3813/4165/667 3815/4167/669 3842/4196/696
f 3842/4196/696 3815/4167/669 3817/4169/671 3843/4197/697
f 3843/4197/697 3817/4169/671 3819/4171/1092 3844/4198/1104
f 3844/4198/1104 3819/4171/1092 3821/4173/675 3845/4199/699
f 3845/4199/699 3821/4173/675 3823/4175/1093 3846/4200/1105
f 3846/4200/1105 3823/4175/1093 3825/4177/679 3847/4201/701
f 3847/4201/701 3825/4177/679 3778/4130/1079 3826/4178/1095
f 3848/4202/702 3849/4203/703 3850/4204/704 3851/4205/705 3852/4206/706 3853/4207/707 3854/4208/708 3855/4209/709 3856/4210/710 3759/4111/613 3758/4110/612 3857/4211/1107 3858/4212/712 3859/4213/713 3860/4214/714 3861/4215/715 3862/4216/716 3863/4217/717 3864/4218/718 3865/4219/719 3866/4220/720 3867/4221/721 3868/4222/722 3869/4223/723
f 3830/4224/1097 3851/4205/705 3850/4204/704 3829/4225/1096
f 3843/4226/697 3864/4218/718 3863/4217/717 3842/4227/696
f 3836/4228/1100 3857/4211/1107 3758/4110/612 3757/4109/1072
f 3831/4229/685 3852/4206/706 3851/4205/705 3830/4224/1097
f 3844/4230/1104 3865/4219/719 3864/4218/718 3843/4226/697
f 3837/4231/1101 3858/4212/712 3857/4211/1107 3836/4228/1100
f 3832/4232/686 3853/4207/707 3852/4206/706 3831/4229/685
f 3845/4233/699 3866/4220/720 3865/4219/719 3844/4230/1104
f 3838/4234/1102 3859/4213/713 3858/4212/712 3837/4231/1101
f 3833/4235/687 3854/4208/708 3853/4207/707 3832/4232/686
f 3846/4236/1105 3867/4221/721 3866/4220/720 3845/4233/699
f 3839/4237/1103 3860/4214/714 3859/4213/713 3838/4234/1102
f 3834/4238/1098 3855/4209/709 3854/4208/708 3833/4235/687
f 3847/4239/701 3868/4222/722 3867/4221/721 3846/4236/1105
f 3827/4240/681 3848/4202/702 3869/4223/723 3826/4241/1095
f 3840/4242/1119 3861/4215/715 3860/4214/714 3839/4237/1103
f 3835/4243/1099 3856/4210/710 3855/4209/709 3834/4238/1098
f 3826/4241/1095 3869/4223/723 3868/4222/722 3847/4239/701
f 3828/4244/682 3849/4203/703 3848/4202/702 3827/4240/681
f 3841/4245/695 3862/4216/716 3861/4215/715 3840/4242/1119
f 3760/4112/614 3759/4111/613 3856/4210/710 3835/4243/1099
f 3829/4225/1096 3850/4204/704 3849/4203/703 3828/4244/682
f 3842/4227/696 3863/4217/717 3862/4216/716 3841/4245/695
f 3870/4246/1120 3871/4247/1121 3872/4248/1122 3873/4249/1123
f 3874/4250/1124 3875/4251/1125 3876/4252/1126 3877/4253/1127
f 3878/4254/1128 3879/4255/1129 3880/4256/1130 3881/4257/1131
f 3882/4258/1132 3883/4259/1133 3884/4260/1134 3885/4261/1135 3886/4262/1136
f 3873/4249/1123 3872/4248/1122 3887/4263/1137 3888/4264/1137
f 3871/4247/1121 3870/4246/1120 3881/4257/1131 3880/4256/1130
f 3888/4264/1137 3887/4263/1137 3889/4265/1138 3890/4266/1139
f 3883/4259/1133 3882/4258/1132 3891/4267/1140 3892/4268/1140
f 3876/4252/1126 3875/4251/1125 3893/4269/1141 3894/4270/1141
f 3894/4270/1141 3893/4269/1141 3895/4271/1142 3896/4272/1142
f 3892/4268/1140 3891/4267/1140 3897/4273/1143 3898/4274/1143
f 3890/4266/1139 3889/4265/1138 3899/4275/1144 3900/4276/1144
f 3874/4250/1124 3877/4253/1127 3901/4277/1145 3902/4278/1145
f 3902/4278/1145 3901/4277/1145 3903/4279/1146 3904/4280/1146
f 3904/4280/1146 3903/4279/1146 3905/4281/1147 3906/4282/1147
f 3906/4282/1147 3905/4281/1147 3907/4283/1148 3908/4284/1148
f 3908/4284/1148 3907/4283/1148 3909/4285/1149 3910/4286/1149
f 3910/4286/1149 3909/4285/1149 3911/4287/1150 3912/4288/1150
f 3912/4288/1150 3911/4287/1150 3913/4289/1151 3914/4290/1151
f 3914/4290/1151 3913/4289/1151 3915/4291/1152 3916/4292/1152
f 3916/4292/1152 3915/4291/1152 3917/4293/1153 3918/4294/1153
f 3919/4295/1154 3920/4296/1155 3921/4297/1156 3922/4298/1154
f 3923/4299/1157 3924/4300/1157 3925/4301/1158 3926/4302/1159
f 3927/4303/11 3928/4304/11 3929/4305/11 3930/4306/11
f 3931/4307/1160 3932/4308/9 3933/4309/9 3934/4310/9 3935/4311/1161
f 3920/4296/1155 3936/4312/1162 3937/4313/1162 3921/4297/1156
f 3922/4298/1154 3938/4314/1163 3939/4315/1163 3919/4295/1154
f 3936/4312/1162 3940/4316/1164 3941/4317/1164 3937/4313/1162
f 3935/4311/1161 3942/4318/1165 3943/4319/1165 3931/4307/1160
f 3925/4301/1158 3944/4320/1166 3945/4321/1166 3926/4302/1159
f 3944/4320/1166 3946/4322/1167 3947/4323/1167 3945/4321/1166
f 3942/4318/1165 3948/4324/1168 3949/4325/1168 3943/4319/1165
f 3940/4316/1164 3950/4326/1169 3951/4327/1169 3941/4317/1164
f 3952/4328/11 3953/4329/11 3954/4330/11 3955/4331/11
f 3953/4329/11 3956/4332/1170 3957/4333/1170 3954/4330/11
f 3956/4332/1170 3958/4334/1171 3959/4335/1171 3957/4333/1170
f 3958/4334/1171 3960/4336/1172 3961/4337/1172 3959/4335/1171
f 3960/4336/1172 3962/4338/1173 3963/4339/1173 3961/4337/1172
f 3962/4338/1173 3964/4340/1174 3965/4341/1174 3963/4339/1173
f 3964/4340/1174 3966/4342/1175 3967/4343/1175 3965/4341/1174
f 3966/4342/1175 3968/4344/1176 3969/4345/1176 3967/4343/1175
f 3968/4344/1176 3970/4346/3 3971/4347/3 3969/4345/1176
f 3972/4348/8 3973/4349/8 3974/4350/8 3975/4351/8
f 3976/4352/1177 3977/4353/1178 3978/4354/1179 3979/4355/1180
f 3980/4356/1181 3976/4352/1177 3979/4355/1180 3981/4357/1182
f 3982/4358/1183 3980/4356/1181 3981/4357/1182 3983/4359/1184
f 3984/4360/1185 3985/4361/1186 3986/4362/1187 3987/4363/1188
f 3988/4364/1189 3989/4365/1190 3990/4366/1191 3991/4367/1189
f 3992/4368/1192 3993/4369/1192 3994/4370/1192 3995/4371/1192
f 3996/4372/5 3997/4373/1193 3998/4374/1194 3999/4375/5
f 4000/4376/1195 4001/4377/1196 4002/4378/1197 4003/4379/1198
f 3997/4373/1193 4004/4380/1199 4005/4381/1200 3998/4374/1194
f 4004/4380/1199 4000/4376/1195 4003/4379/1198 4005/4381/1200
f 4006/4382/5 4007/4383/5 4008/4384/5 4009/4385/5
f 4010/4386/5 4011/4387/5 4012/4388/5 4013/4389/5
f 4001/4377/1196 4014/4390/1201 4015/4391/1201 4002/4378/1197
f 4016/4392/1202 3982/4358/1183 3983/4359/1184 4017/4393/1202
f 3989/4365/1190 4018/4394/8 4019/4395/8 3990/4366/1191
f 4020/4396/5 4010/4386/5 4013/4389/5 4021/4397/5
f 4022/4398/8 3984/4360/1185 3987/4363/1188 4023/4399/8
f 4007/4383/5 4024/4400/5 4025/4401/5 4008/4384/5
f 4026/4402/1203 4027/4403/1203 4028/4404/1203 4029/4405/1203
f 4030/4406/8 4022/4398/8 4023/4399/8 4031/4407/8
f 4024/4400/5 4032/4408/5 4033/4409/5 4025/4401/5
f 4034/4410/1204 4035/4411/1204 4036/4412/1204 4037/4413/1204
f 4038/4414/5 4020/4396/5 4021/4397/5 4039/4415/5
f 4018/4394/8 4040/4416/8 4041/4417/8 4019/4395/8
f 4042/4418/1205 4043/4419/1205 4044/4420/1205 4045/4421/1205
f 4046/4422/8 4016/4392/1202 4017/4393/1202 4047/4423/8
f 4014/4390/1201 4048/4424/5 4049/4425/5 4015/4391/1201
f 3985/4361/1186 4050/4426/8 4051/4427/8 3986/4362/1187
f 4052/4428/5 4006/4382/5 4009/4385/5 4053/4429/5
f 4050/4426/8 4054/4430/8 4055/4431/8 4051/4427/8
f 4056/4432/5 4052/4428/5 4053/4429/5 4057/4433/5
f 4054/4430/8 4058/4434/8 4059/4435/8 4055/4431/8
f 4060/4436/5 4056/4432/5 4057/4433/5 4061/4437/5
f 4058/4434/8 4062/4438/8 4063/4439/8 4059/4435/8
f 4064/4440/5 4060/4436/5 4061/4437/5 4065/4441/5
f 4062/4438/8 4066/4442/8 4067/4443/8 4063/4439/8
f 4068/4444/5 4064/4440/5 4065/4441/5 4069/4445/5
f 4066/4442/8 4070/4446/8 4071/4447/8 4067/4443/8
f 4072/4448/5 4068/4444/5 4069/4445/5 4073/4449/5
f 4070/4446/8 4074/4450/8 4075/4451/8 4071/4447/8
f 4076/4452/5 4072/4448/5 4073/4449/5 4077/4453/5
f 4074/4450/8 4078/4454/8 4079/4455/8 4075/4451/8
f 4080/4456/5 4076/4452/5 4077/4453/5 4081/4457/5
f 4082/4458/10 4083/4459/10 4084/4460/10 4085/4461/10
f 4078/4454/8 4086/4462/8 4087/4463/8 4079/4455/8
f 4088/4464/5 4080/4456/5 4081/4457/5 4089/4465/5
f 4011/4387/5 4090/4466/5 4091/4467/5 4012/4388/5
f 4090/4466/5 3996/4372/5 3999/4375/5 4091/4467/5
f 3977/4353/1178 4092/4468/8 4093/4469/8 3978/4354/1179
f 4092/4468/8 3972/4348/8 3975/4351/8 4093/4469/8
f 4094/4470/11 4095/4471/11 4096/4472/11 4097/4473/11
f 4095/4471/11 3927/4303/11 3930/4306/11 4096/4472/11
f 3886/4262/1136 3885/4261/1135 4098/4474/1206 4099/4475/1207
f 4099/4475/1207 4098/4474/1206 3879/4255/1129 3878/4254/1128
f 4100/4476/1208 4101/4477/1209 4102/4478/1210 4103/4479/1211
f 4104/4480/1124 4105/4481/1127 4106/4482/1212 4107/4483/1213
f 4108/4484/1214 4109/4485/1215 4110/4486/1216 4111/4487/1217
f 4112/4488/1218 4113/4489/1219 4114/4490/1220 4115/4491/1221 4116/4492/1222
f 4101/4477/1209 4117/4493/1223 4118/4494/1223 4102/4478/1210
f 4103/4479/1211 4110/4486/1216 4109/4485/1215 4100/4476/1208
f 4117/4493/1223 4119/4495/1139 4120/4496/1138 4118/4494/1223
f 4116/4492/1222 4121/4497/1224 4122/4498/1224 4112/4488/1218
f 4106/4482/1212 4123/4499/1141 4124/4500/1141 4107/4483/1213
f 4123/4499/1141 4125/4501/1142 4126/4502/1142 4124/4500/1141
f 4121/4497/1224 4127/4503/1143 4128/4504/1143 4122/4498/1224
f 4119/4495/1139 4129/4505/1144 4130/4506/1144 4120/4496/1138
f 4104/4480/1124 4131/4507/1145 4132/4508/1145 4105/4481/1127
f 4131/4507/1145 4133/4509/1146 4134/4510/1146 4132/4508/1145
f 4133/4509/1146 4135/4511/1147 4136/4512/1147 4134/4510/1146
f 4135/4511/1147 4137/4513/1148 4138/4514/1148 4136/4512/1147
f 4137/4513/1148 4139/4515/1149 4140/4516/1149 4138/4514/1148
f 4139/4515/1149 4141/4517/1150 4142/4518/1150 4140/4516/1149
f 4141/4517/1150 4143/4519/1151 4144/4520/1151 4142/4518/1150
f 4143/4519/1151 4145/4521/1152 4146/4522/1152 4144/4520/1151
f 4145/4521/1152 4147/4523/1153 4148/4524/1153 4146/4522/1152
f 4149/4525/1225 4150/4526/1225 4151/4527/1226 4152/4528/1227
f 4153/4529/1157 4154/4530/1159 4155/4531/1158 4156/4532/1157
f 4157/4533/11 4158/4534/11 4159/4535/11 4160/4536/11
f 4161/4537/1160 4162/4538/1161 4163/4539/9 4164/4540/9 4165/4541/9
f 4152/4528/1227 4151/4527/1226 4166/4542/1228 4167/4543/1228
f 4150/4526/1225 4149/4525/1225 4168/4544/1163 4169/4545/1163
f 4167/4543/1228 4166/4542/1228 4170/4546/1164 4171/4547/1164
f 4162/4538/1161 4161/4537/1160 4172/4548/1165 4173/4549/1165
f 4155/4531/1158 4154/4530/1159 4174/4550/1166 4175/4551/1166
f 4175/4551/1166 4174/4550/1166 4176/4552/1167 4177/4553/1167
f 4173/4549/1165 4172/4548/1165 4178/4554/1168 4179/4555/1168
f 4171/4547/1164 4170/4546/1164 4180/4556/1169 4181/4557/1169
f 4182/4558/11 4183/4559/11 4184/4560/11 4185/4561/11
f 4185/4561/11 4184/4560/11 4186/4562/1170 4187/4563/1170
f 4187/4563/1170 4186/4562/1170 4188/4564/1171 4189/4565/1171
f 4189/4565/1171 4188/4564/1171 4190/4566/1172 4191/4567/1172
f 4191/4567/1172 4190/4566/1172 4192/4568/1173 4193/4569/1173
f 4193/4569/1173 4192/4568/1173 4194/4570/1174 4195/4571/1174
f 4195/4571/1174 4194/4570/1174 4196/4572/1175 4197/4573/1175
f 4197/4573/1175 4196/4572/1175 4198/4574/1176 4199/4575/1176
f 4199/4575/1176 4198/4574/1176 4200/4576/3 4201/4577/3
f 4202/4578/5 4203/4579/5 4204/4580/5 4205/4581/5
f 4206/4582/1229 4207/4583/1230 4208/4584/1231 4209/4585/1232
f 4210/4586/1233 4211/4587/1234 4207/4583/1230 4206/4582/1229
f 4212/4588/1235 4213/4589/1236 4211/4587/1234 4210/4586/1233
f 4214/4590/1237 4215/4591/1238 4216/4592/1239 4217/4593/1240
f 4218/4594/1241 4219/4595/1241 4220/4596/1242 4221/4597/1243
f 4222/4598/1244 4223/4599/1244 4224/4600/1244 4225/4601/1244
f 4226/4602/8 4227/4603/8 4228/4604/1245 4229/4605/1246
f 4230/4606/1247 4231/4607/1248 4232/4608/1249 4233/4609/1250
f 4229/4605/1246 4228/4604/1245 4234/4610/1251 4235/4611/1252
f 4235/4611/1252 4234/4610/1251 4231/4607/1248 4230/4606/1247
f 4236/4612/8 4237/4613/8 4238/4614/8 4239/4615/8
f 4240/4616/8 4241/4617/8 4242/4618/8 4243/4619/8
f 4233/4609/1250 4232/4608/1249 4244/4620/1253 4245/4621/1253
f 4246/4622/1254 4247/4623/1254 4213/4589/1236 4212/4588/1235
f 4221/4597/1243 4220/4596/1242 4248/4624/5 4249/4625/5
f 4250/4626/8 4251/4627/8 4241/4617/8 4240/4616/8
f 4252/4628/5 4253/4629/5 4215/4591/1238 4214/4590/1237
f 4239/4615/8 4238/4614/8 4254/4630/8 4255/4631/8
f 4256/4632/1203 4257/4633/1203 4258/4634/1203 4259/4635/1203
f 4260/4636/5 4261/4637/5 4253/4629/5 4252/4628/5
f 4255/4631/8 4254/4630/8 4262/4638/8 4263/4639/8
f 4264/4640/1204 4265/4641/1204 4266/4642/1204 4267/4643/1204
f 4268/4644/8 4269/4645/8 4251/4627/8 4250/4626/8
f 4249/4625/5 4248/4624/5 4270/4646/5 4271/4647/5
f 4272/4648/1205 4273/4649/1205 4274/4650/1205 4275/4651/1205
f 4276/4652/5 4277/4653/5 4247/4623/1254 4246/4622/1254
f 4245/4621/1253 4244/4620/1253 4278/4654/8 4279/4655/8
f 4217/4593/1240 4216/4592/1239 4280/4656/5 4281/4657/5
f 4282/4658/8 4283/4659/8 4237/4613/8 4236/4612/8
f 4281/4657/5 4280/4656/5 4284/4660/5 4285/4661/5
f 4286/4662/8 4287/4663/8 4283/4659/8 4282/4658/8
f 4285/4661/5 4284/4660/5 4288/4664/5 4289/4665/5
f 4290/4666/8 4291/4667/8 4287/4663/8 4286/4662/8
f 4289/4665/5 4288/4664/5 4292/4668/5 4293/4669/5
f 4294/4670/8 4295/4671/8 4291/4667/8 4290/4666/8
f 4293/4669/5 4292/4668/5 4296/4672/5 4297/4673/5
f 4298/4674/8 4299/4675/8 4295/4671/8 4294/4670/8
f 4297/4673/5 4296/4672/5 4300/4676/5 4301/4677/5
f 4302/4678/8 4303/4679/8 4299/4675/8 4298/4674/8
f 4301/4677/5 4300/4676/5 4304/4680/5 4305/4681/5
f 4306/4682/8 4307/4683/8 4303/4679/8 4302/4678/8
f 4305/4681/5 4304/4680/5 4308/4684/5 4309/4685/5
f 4310/4686/8 4311/4687/8 4307/4683/8 4306/4682/8
f 4312/4688/10 4313/4689/10 4314/4690/10 4315/4691/10
f 4309/4685/5 4308/4684/5 4316/4692/5 4317/4693/5
f 4318/4694/8 4319/4695/8 4311/4687/8 4310/4686/8
f 4243/4619/8 4242/4618/8 4320/4696/8 4321/4697/8
f 4321/4697/8 4320/4696/8 4227/4603/8 4226/4602/8
f 4209/4585/1232 4208/4584/1231 4322/4698/5 4323/4699/5
f 4323/4699/5 4322/4698/5 4203/4579/5 4202/4578/5
f 4324/4700/11 4325/4701/11 4326/4702/11 4327/4703/11
f 4327/4703/11 4326/4702/11 4158/4534/11 4157/4533/11
f 4113/4489/1219 4328/4704/1255 4329/4705/1256 4114/4490/1220
f 4328/4704/1255 4108/4484/1214 4111/4487/1217 4329/4705/1256
f 4330/4706/11 4331/4707/1257 4332/4708/1258 4333/4709/33
f 4333/4709/33 4332/4708/1258 4334/4710/1259 4335/4711/5
f 4335/4711/5 4334/4710/1259 4336/4712/1260 4337/4713/32
f 4337/4713/32 4336/4712/1260 4338/4714/1261 4339/4715/10
f 4339/4715/10 4338/4714/1261 4340/4716/1262 4341/4717/55
f 4341/4717/55 4340/4716/1262 4342/4718/1263 4343/4719/8
f 4338/4714/1261 4336/4712/1260 4344/4720/1264 4345/4721/1265
f 4343/4719/8 4342/4718/1263 4346/4722/1266 4347/4723/56
f 4347/4723/56 4346/4722/1266 4331/4707/1257 4330/4706/11
f 4348/4724/10 4349/4725/55 4350/4726/55 4351/4727/10
f 4352/4728/7 4353/4729/7 4354/4730/7 4355/4731/7
f 4356/4732/7 4352/4728/7 4355/4731/7 4357/4733/7
f 4358/4734/7 4356/4732/7 4357/4733/7 4359/4735/7
f 4360/4736/7 4358/4734/7 4359/4735/7 4361/4737/7
f 4362/4738/7 4360/4736/7 4361/4737/7 4363/4739/7
f 4364/4740/7 4362/4738/7 4363/4739/7 4365/4741/7
f 4366/4742/7 4364/4740/7 4365/4741/7 4367/4743/7
f 4353/4729/7 4366/4742/7 4367/4743/7 4354/4730/7
f 4368/4744/7 4369/4745/7 4370/4746/7 4371/4747/7 4372/4748/7 4373/4749/7 4374/4750/7 4375/4751/7
f 4376/4752/32 4348/4724/10 4351/4727/10 4377/4753/32
f 4378/4754/33 4379/4755/5 4380/4756/5 4381/4757/33
f 4382/4758/56 4383/4759/11 4384/4760/11 4385/4761/56
f 4349/4725/55 4386/4762/8 4387/4763/8 4350/4726/55
f 4379/4755/5 4376/4752/32 4377/4753/32 4380/4756/5
f 4383/4759/11 4378/4754/33 4381/4757/33 4384/4760/11
f 4386/4762/8 4382/4758/56 4385/4761/56 4387/4763/8
f 4345/4721/1265 4344/4720/1264 4388/4764/1267 4389/4765/1268
f 4346/4722/1266 4342/4718/1263 4390/4766/1269 4391/4767/1270
f 4334/4710/1259 4332/4708/1258 4392/4768/1271 4393/4769/1272
f 4340/4716/1262 4338/4714/1261 4345/4721/1265 4394/4770/1273
f 4331/4707/1257 4346/4722/1266 4391/4767/1270 4395/4771/1274
f 4332/4708/1258 4331/4707/1257 4395/4771/1274 4392/4768/1271
f 4336/4712/1260 4334/4710/1259 4393/4769/1272 4344/4720/1264
f 4342/4718/1263 4340/4716/1262 4394/4770/1273 4390/4766/1269
f 4396/4772/1275 4397/4773/1276 4398/4774/1277 4399/4775/1278
f 4393/4769/1272 4392/4768/1271 4400/4776/1279 4401/4777/1280
f 4391/4767/1270 4390/4766/1269 4402/4778/1281 4397/4773/1276
f 4394/4770/1273 4345/4721/1265 4389/4765/1268 4403/4779/1282
f 4344/4720/1264 4393/4769/1272 4404/4780/1283 4388/4764/1267
f 4392/4768/1271 4395/4771/1274 4396/4772/1275 4400/4776/1279
f 4395/4771/1274 4391/4767/1270 4397/4773/1276 4396/4772/1275
f 4390/4766/1269 4394/4770/1273 4403/4779/1282 4405/4781/1284
f 4405/4781/1284 4403/4779/1282 4406/4782/1285 4407/4783/1286
f 4389/4765/1268 4388/4764/1267 4408/4784/1287 4409/4785/1288
f 4401/4777/1280 4400/4776/1279 4410/4786/1289 4411/4787/1290
f 4397/4773/1276 4402/4778/1281 4412/4788/1291 4398/4774/1277
f 4403/4779/1282 4389/4765/1268 4409/4785/1288 4406/4782/1285
f 4388/4764/1267 4404/4780/1283 4413/4789/1292 4408/4784/1287
f 4400/4776/1279 4396/4772/1275 4399/4775/1278 4410/4786/1289
f 4414/4790/1293 4415/4791/1294 4416/4792/1295 4417/4793/1296
f 4418/4794/1297 4419/4795/1298 4420/4796/1299 4421/4797/1300
f 4422/4798/1301 4423/4799/1302 4424/4800/1303 4425/4801/1304
f 4426/4802/1305 4427/4803/1306 4428/4804/1307 4429/4805/1308
f 4430/4806/1309 4431/4807/1310 4432/4808/1311 4433/4809/1312
f 4434/4810/1313 4435/4811/1314 4436/4812/1315 4437/4813/1316
f 4438/4814/1317 4439/4815/1318 4440/4816/1319 4441/4817/1320
f 4442/4818/1321 4435/4811/1314 4434/4810/1313 4443/4819/1322
f 4444/4820/1323 4445/4821/1324 4446/4822/1325 4447/4823/1326
f 4448/4824/1327 4445/4821/1324 4433/4809/1312 4432/4808/1311
f 4418/4794/1297 4421/4797/1300 4449/4825/1328 4450/4826/1329
f 4451/4827/1330 4414/4790/1293 4417/4793/1296 4441/4817/1320
f 4419/4795/1298 4452/4828/1331 4453/4829/1332 4420/4796/1299
f 4418/4794/1297 4450/4826/1329 4454/4830/1333 4447/4823/1326
f 4455/4831/1334 4456/4832/1335 4457/4833/1336 4458/4834/1337
f 4459/4835/1338 4460/4836/1339 4444/4820/1323 4461/4837/1340
f 4462/4838/1341 4463/4839/1342 4464/4840/1343 4465/4841/1344
f 4457/4833/1336 4466/4842/1345 4462/4838/1341 4465/4841/1344
f 4438/4814/1317 4460/4836/1339 4459/4835/1338 4439/4815/1318
f 4467/4843/1346 4468/4844/1347 4455/4831/1334 4458/4834/1337
f 4427/4803/1306 4426/4802/1305 4469/4845/1348 4470/4846/1349
f 4445/4821/1324 4444/4820/1323 4460/4836/1339 4433/4809/1312
f 4419/4795/1298 4418/4794/1297 4447/4823/1326 4446/4822/1325
f 4414/4790/1293 4451/4827/1330 4421/4797/1300 4420/4796/1299
f 4436/4812/1315 4471/4847/1350 4472/4848/1351 4429/4805/1308 4428/4804/1307 4437/4813/1316
f 4473/4849/1352 4474/4850/1353 4475/4851/1354 4476/4852/1355 4477/4853/1356 4478/4854/1357
f 4422/4798/1301 4425/4801/1304 4472/4848/1351 4471/4847/1350
f 4452/4828/1331 4419/4795/1298 4446/4822/1325 4479/4855/1358
f 4415/4791/1294 4414/4790/1293 4420/4796/1299 4453/4829/1332
f 4473/4849/1352 4478/4854/1357 4424/4800/1303 4423/4799/1302
f 4467/4843/1346 4458/4834/1337 4464/4840/1343 4463/4839/1342
f 4480/4856/1359 4456/4832/1335 4481/4857/1360 4482/4858/1361
f 4444/4820/1323 4447/4823/1326 4454/4830/1333 4461/4837/1340
f 4456/4832/1335 4455/4831/1334 4483/4859/1362 4481/4857/1360
f 4458/4834/1337 4457/4833/1336 4465/4841/1344 4464/4840/1343
f 4451/4827/1330 4441/4817/1320 4440/4816/1319 4484/4860/1363
f 4449/4825/1328 4421/4797/1300 4451/4827/1330 4484/4860/1363
f 4480/4856/1359 4466/4842/1345 4457/4833/1336 4456/4832/1335
f 4485/4861/1364 4482/4858/1361 4481/4857/1360 4483/4859/1362
f 4441/4817/1320 4417/4793/1296 4430/4806/1309 4438/4814/1317
f 4445/4821/1324 4448/4824/1327 4479/4855/1358 4446/4822/1325
f 4455/4831/1334 4468/4844/1347 4485/4861/1364 4483/4859/1362
f 4475/4851/1354 4474/4850/1353 4442/4818/1321 4443/4819/1322
f 4438/4814/1317 4430/4806/1309 4433/4809/1312 4460/4836/1339
f 4473/4849/1352 4423/4799/1302 4431/4807/1310 4416/4792/1295
f 4448/4824/1327 4432/4808/1311 4422/4798/1301 4471/4847/1350
f 4452/4828/1331 4479/4855/1358 4436/4812/1315 4435/4811/1314
f 4415/4791/1294 4453/4829/1332 4442/4818/1321 4474/4850/1353
f 4467/4843/1346 4463/4839/1342 4440/4816/1319 4439/4815/1318
f 4462/4838/1341 4466/4842/1345 4449/4825/1328 4484/4860/1363
f 4480/4856/1359 4482/4858/1361 4454/4830/1333 4450/4826/1329
f 4485/4861/1364 4468/4844/1347 4459/4835/1338 4461/4837/1340
f 4468/4844/1347 4467/4843/1346 4439/4815/1318 4459/4835/1338
f 4463/4839/1342 4462/4838/1341 4484/4860/1363 4440/4816/1319
f 4474/4850/1353 4473/4849/1352 4416/4792/1295 4415/4791/1294
f 4423/4799/1302 4422/4798/1301 4432/4808/1311 4431/4807/1310
f 4482/4858/1361 4485/4861/1364 4461/4837/1340 4454/4830/1333
f 4479/4855/1358 4448/4824/1327 4471/4847/1350 4436/4812/1315
f 4466/4842/1345 4480/4856/1359 4450/4826/1329 4449/4825/1328
f 4453/4829/1332 4452/4828/1331 4435/4811/1314 4442/4818/1321
f 4417/4793/1296 4416/4792/1295 4431/4807/1310 4430/4806/1309
f 4472/4848/1351 4425/4801/1304 4426/4802/1305 4429/4805/1308
f 4434/4810/1313 4437/4813/1316 4428/4804/1307 4427/4803/1306
f 4475/4851/1354 4443/4819/1322 4470/4846/1349 4476/4852/1355
f 4424/4800/1303 4478/4854/1357 4477/4853/1356 4469/4845/1348
f 4469/4845/1348 4426/4802/1305 4425/4801/1304 4424/4800/1303
f 4427/4803/1306 4470/4846/1349 4443/4819/1322 4434/4810/1313
f 4470/4846/1349 4469/4845/1348 4477/4853/1356 4476/4852/1355
f 4486/4862/1296 4487/4863/1293 4488/4864/1294 4489/4865/1295
f 4490/4866/1339 4491/4867/1317 4492/4868/1309 4493/4869/1312
f 4494/4870/1314 4495/4871/1313 4496/4872/1322 4497/4873/1321
f 4498/4874/1306 4499/4875/1307 4500/4876/1308 4501/4877/1305
f 4502/4878/1299 4503/4879/1298 4504/4880/1331 4505/4881/1332
f 4506/4882/1304 4507/4883/1351 4508/4884/1350 4509/4885/1301
f 4510/4886/1300 4511/4887/1330 4512/4888/1363 4513/4889/1328
f 4514/4890/1302 4515/4891/1303 4506/4882/1304 4509/4885/1301
f 4516/4892/1326 4517/4893/1323 4518/4894/1324 4519/4895/1325
f 4520/4896/1358 4504/4880/1331 4503/4879/1298 4519/4895/1325
f 4490/4866/1339 4521/4897/1338 4522/4898/1318 4491/4867/1317
f 4523/4899/1320 4511/4887/1330 4487/4863/1293 4486/4862/1296
f 4493/4869/1312 4492/4868/1309 4524/4900/1310 4525/4901/1311
f 4490/4866/1339 4517/4893/1323 4526/4902/1340 4521/4897/1338
f 4527/4903/1365 4528/4904/1336 4529/4905/1337 4530/4906/1366
f 4531/4907/1329 4532/4908/1333 4516/4892/1326 4533/4909/1367
f 4534/4910/1342 4535/4911/1343 4536/4912/1344 4537/4913/1341
f 4529/4905/1337 4535/4911/1343 4534/4910/1342 4538/4914/1346
f 4510/4886/1300 4513/4889/1328 4531/4907/1329 4533/4909/1367
f 4539/4915/1345 4528/4904/1336 4527/4903/1365 4540/4916/1359
f 4501/4877/1305 4541/4917/1348 4542/4918/1349 4498/4874/1306
f 4519/4895/1325 4503/4879/1298 4533/4909/1367 4516/4892/1326
f 4493/4869/1312 4518/4894/1324 4517/4893/1323 4490/4866/1339
f 4486/4862/1296 4492/4868/1309 4491/4867/1317 4523/4899/1320
f 4508/4884/1350 4507/4883/1351 4500/4876/1308 4499/4875/1307 4543/4919/1316 4544/4920/1315
f 4545/4921/1353 4546/4922/1354 4547/4923/1355 4548/4924/1356 4549/4925/1357 4550/4926/1352
f 4494/4870/1314 4544/4920/1315 4543/4919/1316 4495/4871/1313
f 4525/4901/1311 4551/4927/1327 4518/4894/1324 4493/4869/1312
f 4489/4865/1295 4524/4900/1310 4492/4868/1309 4486/4862/1296
f 4545/4921/1353 4497/4873/1321 4496/4872/1322 4546/4922/1354
f 4539/4915/1345 4537/4913/1341 4536/4912/1344 4528/4904/1336
f 4552/4928/1347 4553/4929/1364 4554/4930/1362 4530/4906/1366
f 4516/4892/1326 4532/4908/1333 4526/4902/1340 4517/4893/1323
f 4530/4906/1366 4554/4930/1362 4555/4931/1360 4527/4903/1365
f 4528/4904/1336 4536/4912/1344 4535/4911/1343 4529/4905/1337
f 4523/4899/1320 4556/4932/1319 4512/4888/1363 4511/4887/1330
f 4522/4898/1318 4556/4932/1319 4523/4899/1320 4491/4867/1317
f 4552/4928/1347 4530/4906/1366 4529/4905/1337 4538/4914/1346
f 4557/4933/1361 4555/4931/1360 4554/4930/1362 4553/4929/1364
f 4511/4887/1330 4510/4886/1300 4502/4878/1299 4487/4863/1293
f 4519/4895/1325 4518/4894/1324 4551/4927/1327 4520/4896/1358
f 4527/4903/1365 4555/4931/1360 4557/4933/1361 4540/4916/1359
f 4549/4925/1357 4515/4891/1303 4514/4890/1302 4550/4926/1352
f 4510/4886/1300 4533/4909/1367 4503/4879/1298 4502/4878/1299
f 4545/4921/1353 4488/4864/1294 4505/4881/1332 4497/4873/1321
f 4520/4896/1358 4544/4920/1315 4494/4870/1314 4504/4880/1331
f 4525/4901/1311 4509/4885/1301 4508/4884/1350 4551/4927/1327
f 4489/4865/1295 4550/4926/1352 4514/4890/1302 4524/4900/1310
f 4539/4915/1345 4513/4889/1328 4512/4888/1363 4537/4913/1341
f 4534/4910/1342 4556/4932/1319 4522/4898/1318 4538/4914/1346
f 4552/4928/1347 4521/4897/1338 4526/4902/1340 4553/4929/1364
f 4557/4933/1361 4532/4908/1333 4531/4907/1329 4540/4916/1359
f 4540/4916/1359 4531/4907/1329 4513/4889/1328 4539/4915/1345
f 4537/4913/1341 4512/4888/1363 4556/4932/1319 4534/4910/1342
f 4550/4926/1352 4489/4865/1295 4488/4864/1294 4545/4921/1353
f 4497/4873/1321 4505/4881/1332 4504/4880/1331 4494/4870/1314
f 4553/4929/1364 4526/4902/1340 4532/4908/1333 4557/4933/1361
f 4551/4927/1327 4508/4884/1350 4544/4920/1315 4520/4896/1358
f 4538/4914/1346 4522/4898/1318 4521/4897/1338 4552/4928/1347
f 4524/4900/1310 4514/4890/1302 4509/4885/1301 4525/4901/1311
f 4487/4863/1293 4502/4878/1299 4505/4881/1332 4488/4864/1294
f 4543/4919/1316 4499/4875/1307 4498/4874/1306 4495/4871/1313
f 4506/4882/1304 4501/4877/1305 4500/4876/1308 4507/4883/1351
f 4549/4925/1357 4548/4924/1356 4541/4917/1348 4515/4891/1303
f 4496/4872/1322 4542/4918/1349 4547/4923/1355 4546/4922/1354
f 4542/4918/1349 4496/4872/1322 4495/4871/1313 4498/4874/1306
f 4501/4877/1305 4506/4882/1304 4515/4891/1303 4541/4917/1348
f 4541/4917/1348 4548/4924/1356 4547/4923/1355 4542/4918/1349
f 4558/4934/8 4559/4935/1368 4560/4936/1369 4561/4937/1370
f 4561/4937/1370 4560/4936/1369 4562/4938/1371 4563/4939/1372
f 4563/4939/1372 4562/4938/1371 4564/4940/1373 4565/4941/1374
f 4565/4942/1374 4564/4943/1373 4566/4944/1375 4567/4945/5
f 4567/4945/5 4566/4944/1375 4568/4946/1376 4569/4947/1377
f 4569/4948/1377 4568/4949/1376 4570/4950/1378 4571/4951/1379
f 4571/4951/1379 4570/4950/1378 4572/4952/1380 4573/4953/1381
f 4573/4953/1381 4572/4952/1380 4559/4935/1368 4558/4934/8
f 4559/4935/1368 4574/4954/1382 4575/4955/1383 4560/4936/1369
f 4560/4936/1369 4575/4955/1383 4576/4956/1384 4562/4938/1371
f 4562/4938/1371 4576/4956/1384 4577/4957/1385 4564/4940/1373
f 4564/4943/1373 4577/4958/1385 4578/4959/1386 4566/4944/1375
f 4566/4944/1375 4578/4959/1386 4579/4960/1387 4568/4946/1376
f 4568/4949/1376 4579/4961/1387 4580/4962/1388 4570/4950/1378
f 4570/4950/1378 4580/4962/1388 4581/4963/1389 4572/4952/1380
f 4572/4952/1380 4581/4963/1389 4574/4954/1382 4559/4935/1368
f 4574/4954/1382 4582/4964/1390 4583/4965/1391 4575/4955/1383
f 4575/4955/1383 4583/4965/1391 4584/4966/1392 4576/4956/1384
f 4576/4956/1384 4584/4966/1392 4585/4967/1393 4577/4957/1385
f 4577/4958/1385 4585/4968/1393 4586/4969/1394 4578/4959/1386
f 4578/4959/1386 4586/4969/1394 4587/4970/1395 4579/4960/1387
f 4579/4961/1387 4587/4971/1395 4588/4972/1396 4580/4962/1388
f 4580/4962/1388 4588/4972/1396 4589/4973/1397 4581/4963/1389
f 4581/4963/1389 4589/4973/1397 4582/4964/1390 4574/4954/1382
f 4582/4964/1390 4590/4974/1398 4591/4975/1399 4583/4965/1391
f 4583/4965/1391 4591/4975/1399 4592/4976/1400 4584/4966/1392
f 4584/4966/1392 4592/4976/1400 4593/4977/1401 4585/4967/1393
f 4585/4968/1393 4593/4978/1401 4594/4979/1402 4586/4969/1394
f 4586/4969/1394 4594/4979/1402 4595/4980/1403 4587/4970/1395
f 4587/4971/1395 4595/4981/1403 4596/4982/1404 4588/4972/1396
f 4588/4972/1396 4596/4982/1404 4597/4983/1405 4589/4973/1397
f 4589/4973/1397 4597/4983/1405 4590/4974/1398 4582/4964/1390
f 4590/4974/1398 4598/4984/1406 4599/4985/1407 4591/4975/1399
f 4591/4975/1399 4599/4985/1407 4600/4986/1408 4592/4976/1400
f 4592/4976/1400 4600/4986/1408 4601/4987/1409 4593/4977/1401
f 4593/4978/1401 4601/4988/1409 4602/4989/1410 4594/4979/1402
f 4594/4979/1402 4602/4989/1410 4603/4990/1411 4595/4980/1403
f 4595/4981/1403 4603/4991/1411 4604/4992/1412 4596/4982/1404
f 4596/4982/1404 4604/4992/1412 4605/4993/1413 4597/4983/1405
f 4597/4983/1405 4605/4993/1413 4598/4984/1406 4590/4974/1398
f 4598/4984/1406 4606/4994/1414 4607/4995/1415 4599/4985/1407
f 4599/4985/1407 4607/4995/1415 4608/4996/1416 4600/4986/1408
f 4600/4986/1408 4608/4996/1416 4609/4997/1417 4601/4987/1409
f 4601/4988/1409 4609/4998/1417 4610/4999/1418 4602/4989/1410
f 4602/4989/1410 4610/4999/1418 4611/5000/1419 4603/4990/1411
f 4603/4991/1411 4611/5001/1419 4612/5002/1420 4604/4992/1412
f 4604/4992/1412 4612/5002/1420 4613/5003/1421 4605/4993/1413
f 4605/4993/1413 4613/5003/1421 4606/4994/1414 4598/4984/1406
f 4606/4994/1414 4614/5004/1422 4615/5005/1423 4607/4995/1415
f 4607/4995/1415 4615/5005/1423 4616/5006/1424 4608/4996/1416
f 4608/4996/1416 4616/5006/1424 4617/5007/1425 4609/4997/1417
f 4609/4998/1417 4617/5008/1425 4618/5009/1426 4610/4999/1418
f 4610/4999/1418 4618/5009/1426 4619/5010/1427 4611/5000/1419
f 4611/5001/1419 4619/5011/1427 4620/5012/1428 4612/5002/1420
f 4612/5002/1420 4620/5012/1428 4621/5013/1429 4613/5003/1421
f 4613/5003/1421 4621/5013/1429 4614/5004/1422 4606/4994/1414
f 4614/5004/1422 4622/5014/5 4623/5015/1430 4615/5005/1423
f 4615/5005/1423 4623/5015/1430 4624/5016/1431 4616/5006/1424
f 4616/5006/1424 4624/5016/1431 4625/5017/1432 4617/5007/1425
f 4617/5008/1425 4625/5018/1432 4626/5019/8 4618/5009/1426
f 4618/5009/1426 4626/5019/8 4627/5020/1433 4619/5010/1427
f 4619/5011/1427 4627/5021/1433 4628/5022/1434 4620/5012/1428
f 4620/5012/1428 4628/5022/1434 4629/5023/1435 4621/5013/1429
f 4621/5013/1429 4629/5023/1435 4622/5014/5 4614/5004/1422
f 4622/5014/5 4630/5024/1375 4631/5025/1436 4623/5015/1430
f 4623/5015/1430 4631/5025/1436 4632/5026/1437 4624/5016/1431
f 4624/5016/1431 4632/5026/1437 4633/5027/1438 4625/5017/1432
f 4625/5018/1432 4633/5028/1438 4634/5029/1368 4626/5019/8
f 4626/5019/8 4634/5029/1368 4635/5030/1439 4627/5020/1433
f 4627/5021/1433 4635/5031/1439 4636/5032/1440 4628/5022/1434
f 4628/5022/1434 4636/5032/1440 4637/5033/1441 4629/5023/1435
f 4629/5023/1435 4637/5033/1441 4630/5024/1375 4622/5014/5
f 4630/5024/1375 4638/5034/1386 4639/5035/1442 4631/5025/1436
f 4631/5025/1436 4639/5035/1442 4640/5036/1443 4632/5026/1437
f 4632/5026/1437 4640/5036/1443 4641/5037/1444 4633/5027/1438
f 4633/5028/1438 4641/5038/1444 4642/5039/1382 4634/5029/1368
f 4634/5029/1368 4642/5039/1382 4643/5040/1445 4635/5030/1439
f 4635/5031/1439 4643/5041/1445 4644/5042/1446 4636/5032/1440
f 4636/5032/1440 4644/5042/1446 4645/5043/1447 4637/5033/1441
f 4637/5033/1441 4645/5043/1447 4638/5034/1386 4630/5024/1375
f 4638/5034/1386 4646/5044/1394 4647/5045/1448 4639/5035/1442
f 4639/5035/1442 4647/5045/1448 4648/5046/1449 4640/5036/1443
f 4640/5036/1443 4648/5046/1449 4649/5047/1450 4641/5037/1444
f 4641/5038/1444 4649/5048/1450 4650/5049/1390 4642/5039/1382
f 4642/5039/1382 4650/5049/1390 4651/5050/1451 4643/5040/1445
f 4643/5041/1445 4651/5051/1451 4652/5052/1452 4644/5042/1446
f 4644/5042/1446 4652/5052/1452 4653/5053/1453 4645/5043/1447
f 4645/5043/1447 4653/5053/1453 4646/5044/1394 4638/5034/1386
f 4646/5044/1394 4654/5054/1402 4655/5055/1454 4647/5045/1448
f 4647/5045/1448 4655/5055/1454 4656/5056/1455 4648/5046/1449
f 4648/5046/1449 4656/5056/1455 4657/5057/1456 4649/5047/1450
f 4649/5048/1450 4657/5058/1456 4658/5059/1398 4650/5049/1390
f 4650/5049/1390 4658/5059/1398 4659/5060/1457 4651/5050/1451
f 4651/5051/1451 4659/5061/1457 4660/5062/1458 4652/5052/1452
f 4652/5052/1452 4660/5062/1458 4661/5063/1459 4653/5053/1453
f 4653/5053/1453 4661/5063/1459 4654/5054/1402 4646/5044/1394
f 4654/5054/1402 4662/5064/1410 4663/5065/1460 4655/5055/1454
f 4655/5055/1454 4663/5065/1460 4664/5066/1461 4656/5056/1455
f 4656/5056/1455 4664/5066/1461 4665/5067/1462 4657/5057/1456
f 4657/5058/1456 4665/5068/1462 4666/5069/1406 4658/5059/1398
f 4658/5059/1398 4666/5069/1406 4667/5070/1463 4659/5060/1457
f 4659/5061/1457 4667/5071/1463 4668/5072/1464 4660/5062/1458
f 4660/5062/1458 4668/5072/1464 4669/5073/1465 4661/5063/1459
f 4661/5063/1459 4669/5073/1465 4662/5064/1410 4654/5054/1402
f 4662/5064/1410 4670/5074/1418 4671/5075/1466 4663/5065/1460
f 4663/5065/1460 4671/5075/1466 4672/5076/1467 4664/5066/1461
f 4664/5066/1461 4672/5076/1467 4673/5077/1468 4665/5067/1462
f 4665/5068/1462 4673/5078/1468 4674/5079/1414 4666/5069/1406
f 4666/5069/1406 4674/5079/1414 4675/5080/1469 4667/5070/1463
f 4667/5071/1463 4675/5081/1469 4676/5082/1470 4668/5072/1464
f 4668/5072/1464 4676/5082/1470 4677/5083/1471 4669/5073/1465
f 4669/5073/1465 4677/5083/1471 4670/5074/1418 4662/5064/1410
f 4670/5074/1418 4678/5084/1426 4679/5085/1472 4671/5075/1466
f 4671/5075/1466 4679/5085/1472 4680/5086/1473 4672/5076/1467
f 4672/5076/1467 4680/5086/1473 4681/5087/1474 4673/5077/1468
f 4673/5078/1468 4681/5088/1474 4682/5089/1422 4674/5079/1414
f 4674/5079/1414 4682/5089/1422 4683/5090/1475 4675/5080/1469
f 4675/5081/1469 4683/5091/1475 4684/5092/1476 4676/5082/1470
f 4676/5082/1470 4684/5092/1476 4685/5093/1477 4677/5083/1471
f 4677/5083/1471 4685/5093/1477 4678/5084/1426 4670/5074/1418
f 4678/5084/1426 4558/4934/8 4561/4937/1370 4679/5085/1472
f 4679/5085/1472 4561/4937/1370 4563/4939/1372 4680/5086/1473
f 4680/5086/1473 4563/4939/1372 4565/4941/1374 4681/5087/1474
f 4681/5088/1474 4565/4942/1374 4567/4945/5 4682/5089/1422
f 4682/5089/1422 4567/4945/5 4569/4947/1377 4683/5090/1475
f 4683/5091/1475 4569/4948/1377 4571/4951/1379 4684/5092/1476
f 4684/5092/1476 4571/4951/1379 4573/4953/1381 4685/5093/1477
f 4685/5093/1477 4573/4953/1381 4558/4934/8 4678/5084/1426
f 4686/5094/1478 4687/5095/1479 4688/5096/1480 4689/5097/1481
f 4687/5095/1479 4690/5098/1482 4691/5099/1483 4688/5096/1480
f 4688/5096/1480 4691/5099/1483 4692/5100/1484 4693/5101/1485
f 4689/5097/1481 4688/5096/1480 4693/5101/1485 4694/5102/1486
f 4695/5103/1487 4694/5102/1486 4696/5104/1488 4697/5105/1489
f 4693/5101/1485 4698/5106/1490 4699/5107/1491 4694/5102/1486
f 4699/5107/1491 4698/5106/1490 4700/5108/1492 4701/5109/1493
f 4698/5106/1490 4702/5110/1494 4703/5111/1495 4700/5108/1492
f 4700/5108/1492 4703/5111/1495 4704/5112/1496 4705/5113/1497
f 4701/5109/1493 4700/5108/1492 4705/5113/1497 4706/5114/1498
f 4706/5114/1498 4705/5113/1497 4707/5115/1499 4708/5116/1500
f 4705/5113/1497 4704/5112/1496 4709/5117/1501 4707/5115/1499
f 4690/5098/1482 4704/5112/1496 4710/5118/1502 4711/5119/1503
f 4686/5094/1478 4712/5120/1504 4713/5121/1505 4714/5122/1506
f 4712/5120/1504 4715/5123/1507 4716/5124/1508 4713/5121/1505
f 4717/5125/1509 4718/5126/1510 4719/5127/1511 4720/5128/1512
f 4718/5126/1510 4699/5107/1491 4701/5109/1493 4719/5127/1511
f 4719/5127/1511 4701/5109/1493 4706/5114/1498 4721/5129/1513
f 4720/5128/1512 4719/5127/1511 4721/5129/1513 4722/5130/1514
f 4692/5100/1484 4723/5131/1515 4724/5132/1516 4702/5110/1494
f 4699/5107/1491 4718/5126/1510 4725/5133/1517 4726/5134/1518
f 4715/5123/1507 4712/5120/1504 4727/5135/1519 4728/5136/1520
f 4712/5120/1504 4686/5094/1478 4689/5097/1481 4727/5135/1519
f 4727/5135/1519 4689/5097/1481 4694/5102/1486 4695/5103/1487
f 4728/5136/1520 4727/5135/1519 4695/5103/1487 4729/5137/1521
f 4704/5112/1496 4703/5111/1495 4730/5138/1522 4710/5118/1502
f 4703/5111/1495 4702/5110/1494 4724/5132/1516 4730/5138/1522
f 4692/5100/1484 4691/5099/1483 4731/5139/1523 4723/5131/1515
f 4691/5099/1483 4690/5098/1482 4711/5119/1503 4731/5139/1523
f 4708/5140/1500 4707/5141/1499 4732/5142/1524 4714/5143/1506
f 4707/5141/1499 4709/5144/1501 4733/5145/1525 4732/5142/1524
f 4734/5146/1526 4735/5147/1527 4713/5148/1505 4716/5149/1508
f 4735/5147/1527 4708/5140/1500 4714/5143/1506 4713/5148/1505
f 4704/5112/1496 4690/5098/1482 4733/5150/1525 4709/5117/1501
f 4690/5098/1482 4687/5095/1479 4732/5151/1524 4733/5150/1525
f 4687/5095/1479 4686/5094/1478 4714/5122/1506 4732/5151/1524
f 4722/5130/1514 4721/5129/1513 4735/5152/1527 4734/5153/1526
f 4721/5129/1513 4706/5114/1498 4708/5116/1500 4735/5152/1527
f 4692/5100/1484 4702/5110/1494 4698/5106/1490 4693/5101/1485
f 4696/5104/1488 4726/5134/1518 4725/5133/1517 4697/5105/1489
f 4697/5105/1489 4725/5133/1517 4736/5154/1528 4737/5155/1529
f 4718/5126/1510 4717/5125/1509 4736/5154/1528 4725/5133/1517
f 4694/5102/1486 4699/5107/1491 4726/5134/1518 4696/5104/1488
f 4729/5137/1521 4695/5103/1487 4697/5105/1489 4737/5155/1529
f 4738/5156/1530 4739/5157/1531 4740/5158/1532 4741/5159/1533
f 4741/5159/1533 4740/5158/1532 4742/5160/1534 4743/5161/1535
f 4740/5158/1532 4744/5162/1536 4745/5163/1537 4742/5160/1534
f 4739/5157/1531 4746/5164/1538 4744/5162/1536 4740/5158/1532
f 4747/5165/1539 4748/5166/1540 4749/5167/1541 4746/5164/1538
f 4744/5162/1536 4746/5164/1538 4750/5168/1542 4751/5169/1543
f 4750/5168/1542 4752/5170/1544 4753/5171/1545 4751/5169/1543
f 4751/5169/1543 4753/5171/1545 4754/5172/1546 4755/5173/1547
f 4753/5171/1545 4756/5174/1548 4757/5175/1549 4754/5172/1546
f 4752/5170/1544 4758/5176/1550 4756/5174/1548 4753/5171/1545
f 4758/5176/1550 4759/5177/1551 4760/5178/1552 4756/5174/1548
f 4756/5174/1548 4760/5178/1552 4761/5179/1553 4757/5175/1549
f 4743/5161/1535 4762/5180/1554 4763/5181/1555 4757/5175/1549
f 4738/5156/1530 4764/5182/1556 4765/5183/1557 4766/5184/1558
f 4766/5184/1558 4765/5183/1557 4716/5124/1508 4715/5123/1507
f 4717/5125/1509 4720/5128/1512 4767/5185/1559 4768/5186/1560
f 4768/5186/1560 4767/5185/1559 4752/5170/1544 4750/5168/1542
f 4767/5185/1559 4769/5187/1561 4758/5176/1550 4752/5170/1544
f 4720/5128/1512 4722/5130/1514 4769/5187/1561 4767/5185/1559
f 4745/5163/1537 4755/5173/1547 4770/5188/1562 4771/5189/1563
f 4750/5168/1542 4772/5190/1564 4773/5191/1565 4768/5186/1560
f 4715/5123/1507 4728/5136/1520 4774/5192/1566 4766/5184/1558
f 4766/5184/1558 4774/5192/1566 4739/5157/1531 4738/5156/1530
f 4774/5192/1566 4747/5165/1539 4746/5164/1538 4739/5157/1531
f 4728/5136/1520 4729/5137/1521 4747/5165/1539 4774/5192/1566
f 4757/5175/1549 4763/5181/1555 4775/5193/1567 4754/5172/1546
f 4754/5172/1546 4775/5193/1567 4770/5188/1562 4755/5173/1547
f 4745/5163/1537 4771/5189/1563 4776/5194/1568 4742/5160/1534
f 4742/5160/1534 4776/5194/1568 4762/5180/1554 4743/5161/1535
f 4759/5195/1551 4764/5196/1556 4777/5197/1569 4760/5198/1552
f 4760/5198/1552 4777/5197/1569 4778/5199/1570 4761/5200/1553
f 4734/5146/1526 4716/5149/1508 4765/5201/1557 4779/5202/1571
f 4779/5202/1571 4765/5201/1557 4764/5196/1556 4759/5195/1551
f 4757/5175/1549 4761/5179/1553 4778/5203/1570 4743/5161/1535
f 4743/5161/1535 4778/5203/1570 4777/5204/1569 4741/5159/1533
f 4741/5159/1533 4777/5204/1569 4764/5182/1556 4738/5156/1530
f 4722/5130/1514 4734/5153/1526 4779/5205/1571 4769/5187/1561
f 4769/5187/1561 4779/5205/1571 4759/5177/1551 4758/5176/1550
f 4745/5163/1537 4744/5162/1536 4751/5169/1543 4755/5173/1547
f 4749/5167/1541 4748/5166/1540 4773/5191/1565 4772/5190/1564
f 4748/5166/1540 4737/5155/1529 4736/5154/1528 4773/5191/1565
f 4768/5186/1560 4773/5191/1565 4736/5154/1528 4717/5125/1509
f 4746/5164/1538 4749/5167/1541 4772/5190/1564 4750/5168/1542
f 4729/5137/1521 4737/5155/1529 4748/5166/1540 4747/5165/1539
usemtl Transport_tr
s off
f 1092/5206/1572 1093/5207/1572 1094/5208/1572 1095/5209/1572 1096/5210/1572 1097/5211/1572 1098/5212/1572 1099/5213/1572
f 1100/5214/829 1101/5215/829 1102/5216/829 1103/5217/829 1104/5218/829 1105/5219/829 1106/5220/829 1107/5221/829
f 1108/5222/1573 1109/5223/1573 1110/5224/1573 1111/5225/1573 1112/5226/1573 1113/5227/1573 1114/5228/1573 1115/5229/1573
f 1116/5230/829 1117/5231/829 1118/5232/829 1119/5233/829 1104/5218/829 1103/5217/829 1120/5234/829 1121/5235/829
o Collider_Transport1_Cylinder
v 1.137891 0.671741 -0.569508
v 1.137891 0.671741 -0.346547
v 1.291416 0.581765 -0.569508
v 1.291416 0.581765 -0.346547
v 1.379386 0.427081 -0.569508
v 1.379386 0.427081 -0.346547
v 1.378228 0.249136 -0.569508
v 1.378228 0.249136 -0.346547
v 1.288252 0.095610 -0.569508
v 1.288252 0.095610 -0.346547
v 1.133568 0.007641 -0.569508
v 1.133568 0.007641 -0.346547
v 0.955623 0.008799 -0.569508
v 0.955623 0.008799 -0.346547
v 0.802097 0.098775 -0.569508
v 0.802097 0.098775 -0.346547
v 0.714128 0.253459 -0.569508
v 0.714128 0.253459 -0.346547
v 0.715286 0.431404 -0.569508
v 0.715286 0.431404 -0.346547
v 0.805261 0.584930 -0.569508
v 0.805261 0.584930 -0.346547
v 0.959945 0.672899 -0.569508
v 0.959945 0.672899 -0.346547
v 1.137890 0.671741 0.569509
v 1.137891 0.671741 0.346547
v 1.291416 0.581765 0.569509
v 1.291416 0.581765 0.346547
v 1.379386 0.427081 0.569509
v 1.379386 0.427081 0.346547
v 1.378228 0.249136 0.569509
v 1.378228 0.249136 0.346547
v 1.288252 0.095611 0.569509
v 1.288252 0.095611 0.346547
v 1.133568 0.007641 0.569509
v 1.133568 0.007641 0.346547
v 0.955623 0.008799 0.569509
v 0.955623 0.008799 0.346547
v 0.802097 0.098775 0.569509
v 0.802097 0.098775 0.346547
v 0.714128 0.253459 0.569509
v 0.714128 0.253459 0.346547
v 0.715286 0.431404 0.569509
v 0.715286 0.431404 0.346547
v 0.805261 0.584930 0.569509
v 0.805261 0.584930 0.346547
v 0.959945 0.672899 0.569509
v 0.959945 0.672899 0.346547
v -1.294562 0.472788 0.689453
v -1.294562 1.674009 0.689452
v -1.294562 0.472788 -0.689453
v -1.294562 1.674009 -0.689453
v 0.637237 0.563461 0.689452
v 0.738517 1.674009 0.689453
v 0.637237 0.563461 -0.689453
v 0.738517 1.674009 -0.689453
v -0.411277 0.563461 -0.689453
v -0.411277 0.563461 0.689452
v -1.137242 0.472788 -0.689453
v -1.137242 0.472788 0.689453
v 0.738517 0.699935 -0.689453
v 0.738517 0.699935 0.689452
v -0.583375 0.699805 0.689452
v -0.583374 0.699805 -0.689453
v -0.981189 0.699805 -0.689453
v -0.981189 0.699805 0.689452
v 0.845575 0.698831 0.565131
v 0.845575 1.356671 0.493998
v 0.845575 0.698831 -0.565131
v 0.845575 1.356671 -0.493997
v 1.731780 0.698831 0.565131
v 1.406047 1.356671 0.493998
v 1.731780 0.698831 -0.565131
v 1.406047 1.356671 -0.493997
v 1.238675 0.698831 -0.565131
v 1.125811 1.356671 -0.493997
v 1.238675 0.698831 0.565131
v 1.125811 1.356671 0.493998
v 1.731780 0.195342 0.575665
v 1.731780 0.195342 -0.575665
v 1.420334 0.195342 0.575665
v 1.420334 0.195342 -0.575665
v 1.731780 0.523705 -0.575665
v 1.398211 0.523705 -0.575665
v 1.398211 0.523705 0.575665
v 1.731780 0.523705 0.575665
v 1.793387 0.567120 0.575665
v 1.793387 0.567120 -0.575665
v 1.793387 0.195342 0.575665
v 1.793387 0.195342 -0.575665
v 1.349891 1.345466 0.019030
v 1.244449 1.718815 0.005731
v 1.349891 1.345466 -0.019030
v 1.244449 1.718815 -0.005731
v 1.387951 1.345466 0.019030
v 1.255551 1.721663 0.005731
v 1.387951 1.345466 -0.019030
v 1.255551 1.721663 -0.005731
v -0.921435 0.262301 0.292875
v -0.921435 0.699520 0.292875
v -0.921435 0.262301 -0.292875
v -0.921435 0.699520 -0.292875
v 0.737537 0.262301 0.292875
v 0.737537 0.699520 0.292875
v 0.737537 0.262301 -0.292875
v 0.737537 0.699520 -0.292875
v -1.161389 0.326509 0.570565
v -1.161389 0.463622 0.570565
v -1.161389 0.326509 -0.570565
v -1.161389 0.463622 -0.570565
v -1.058860 0.326509 0.570565
v -1.058860 0.463622 0.570565
v -1.058860 0.326509 -0.570565
v -1.058860 0.463622 -0.570565
v -0.612619 0.671741 -0.694050
v -0.612619 0.671741 -0.266866
v -0.459093 0.581765 -0.694050
v -0.459093 0.581765 -0.266866
v -0.371124 0.427081 -0.694050
v -0.371124 0.427081 -0.266866
v -0.372282 0.249136 -0.694050
v -0.372282 0.249136 -0.266866
v -0.462257 0.095611 -0.694050
v -0.462257 0.095611 -0.266866
v -0.616941 0.007641 -0.694050
v -0.616941 0.007641 -0.266866
v -0.794886 0.008799 -0.694050
v -0.794886 0.008799 -0.266866
v -0.948412 0.098775 -0.694050
v -0.948412 0.098775 -0.266866
v -1.036382 0.253459 -0.694050
v -1.036382 0.253459 -0.266866
v -1.035223 0.431404 -0.694050
v -1.035223 0.431404 -0.266866
v -0.945248 0.584930 -0.694050
v -0.945248 0.584930 -0.266866
v -0.790564 0.672899 -0.694050
v -0.790564 0.672899 -0.266866
v -0.612619 0.671741 0.694050
v -0.612619 0.671741 0.266866
v -0.459093 0.581765 0.694050
v -0.459093 0.581765 0.266866
v -0.371124 0.427081 0.694050
v -0.371124 0.427081 0.266866
v -0.372282 0.249136 0.694050
v -0.372282 0.249136 0.266866
v -0.462257 0.095611 0.694050
v -0.462257 0.095610 0.266866
v -0.616941 0.007641 0.694050
v -0.616941 0.007641 0.266866
v -0.794886 0.008799 0.694050
v -0.794886 0.008799 0.266866
v -0.948412 0.098775 0.694050
v -0.948412 0.098775 0.266866
v -1.036382 0.253459 0.694050
v -1.036382 0.253459 0.266866
v -1.035223 0.431404 0.694050
v -1.035223 0.431404 0.266866
v -0.945248 0.584930 0.694050
v -0.945248 0.584930 0.266866
v -0.790564 0.672899 0.694050
v -0.790564 0.672899 0.266866
v -1.152173 0.229153 -0.228058
v -0.298199 0.229670 -0.228058
v -1.152173 0.204149 -0.217701
v -0.298199 0.204667 -0.217701
v -1.152173 0.193793 -0.192698
v -0.298199 0.194310 -0.192698
v -1.152173 0.204149 -0.167694
v -0.298199 0.204667 -0.167694
v -1.152173 0.229153 -0.157337
v -0.298199 0.229671 -0.157337
v -1.152173 0.254157 -0.167694
v -0.298199 0.254674 -0.167694
v -1.152173 0.264514 -0.192698
v -0.298199 0.265031 -0.192698
v -1.152173 0.254157 -0.217701
v -0.298199 0.254674 -0.217701
vt 1.000000 0.500000
vt 1.000000 1.000000
vt 0.916667 1.000000
vt 0.916667 0.500000
vt 0.833333 1.000000
vt 0.833333 0.500000
vt 0.750000 1.000000
vt 0.750000 0.500000
vt 0.666667 1.000000
vt 0.666667 0.500000
vt 0.583333 1.000000
vt 0.583333 0.500000
vt 0.500000 1.000000
vt 0.500000 0.500000
vt 0.416667 1.000000
vt 0.416667 0.500000
vt 0.333333 1.000000
vt 0.333333 0.500000
vt 0.250000 1.000000
vt 0.250000 0.500000
vt 0.166667 1.000000
vt 0.166667 0.500000
vt 0.370000 0.457846
vt 0.250000 0.490000
vt 0.130000 0.457846
vt 0.042154 0.370000
vt 0.010000 0.250000
vt 0.042154 0.130000
vt 0.130000 0.042154
vt 0.250000 0.010000
vt 0.370000 0.042154
vt 0.457846 0.130000
vt 0.490000 0.250000
vt 0.457846 0.370000
vt 0.083333 1.000000
vt 0.083333 0.500000
vt 0.000000 1.000000
vt 0.000000 0.500000
vt 0.750000 0.490000
vt 0.870000 0.457846
vt 0.957846 0.370000
vt 0.990000 0.250000
vt 0.957846 0.130000
vt 0.870000 0.042154
vt 0.750000 0.010000
vt 0.630000 0.042154
vt 0.542154 0.130000
vt 0.510000 0.250000
vt 0.542154 0.370000
vt 0.630000 0.457846
vt 1.000000 0.500000
vt 0.916667 0.500000
vt 0.916667 1.000000
vt 1.000000 1.000000
vt 0.833333 0.500000
vt 0.833333 1.000000
vt 0.750000 0.500000
vt 0.750000 1.000000
vt 0.666667 0.500000
vt 0.666667 1.000000
vt 0.583333 0.500000
vt 0.583333 1.000000
vt 0.500000 0.500000
vt 0.500000 1.000000
vt 0.416667 0.500000
vt 0.416667 1.000000
vt 0.333333 0.500000
vt 0.333333 1.000000
vt 0.250000 0.500000
vt 0.250000 1.000000
vt 0.166667 0.500000
vt 0.166667 1.000000
vt 0.370000 0.457846
vt 0.457846 0.370000
vt 0.490000 0.250000
vt 0.457846 0.130000
vt 0.370000 0.042154
vt 0.250000 0.010000
vt 0.130000 0.042154
vt 0.042154 0.130000
vt 0.010000 0.250000
vt 0.042154 0.370000
vt 0.130000 0.457846
vt 0.250000 0.490000
vt 0.083333 0.500000
vt 0.083333 1.000000
vt 0.000000 0.500000
vt 0.000000 1.000000
vt 0.750000 0.490000
vt 0.630000 0.457846
vt 0.542154 0.370000
vt 0.510000 0.250000
vt 0.542154 0.130000
vt 0.630000 0.042154
vt 0.750000 0.010000
vt 0.870000 0.042154
vt 0.957846 0.130000
vt 0.990000 0.250000
vt 0.957846 0.370000
vt 0.870000 0.457846
vt 0.375000 0.000000
vt 0.625000 0.000000
vt 0.625000 0.250000
vt 0.375000 0.250000
vt 0.417808 0.358614
vt 0.625000 0.500000
vt 0.417808 0.500000
vt 0.625000 0.750000
vt 0.417808 0.750000
vt 0.417808 0.962547
vt 0.625000 1.000000
vt 0.375000 1.000000
vt 0.233614 0.500000
vt 0.375000 0.500000
vt 0.375000 0.750000
vt 0.233614 0.750000
vt 0.417808 0.891386
vt 0.417808 0.287453
vt 0.125000 0.500000
vt 0.162453 0.500000
vt 0.162453 0.750000
vt 0.125000 0.750000
vt 0.875000 0.500000
vt 0.875000 0.750000
vt 0.375000 0.287453
vt 0.375000 0.962547
vt 0.375000 0.891386
vt 0.375000 0.358614
vt 0.375000 0.000000
vt 0.625000 0.000000
vt 0.625000 0.250000
vt 0.375000 0.250000
vt 0.375000 0.375000
vt 0.625000 0.375000
vt 0.625000 0.500000
vt 0.375000 0.500000
vt 0.625000 0.750000
vt 0.375000 0.750000
vt 0.375000 0.875000
vt 0.625000 0.875000
vt 0.625000 1.000000
vt 0.375000 1.000000
vt 0.375000 0.375000
vt 0.375000 0.500000
vt 0.375000 0.500000
vt 0.375000 0.375000
vt 0.750000 0.500000
vt 0.875000 0.500000
vt 0.875000 0.750000
vt 0.750000 0.750000
vt 0.125000 0.500000
vt 0.250000 0.500000
vt 0.250000 0.750000
vt 0.125000 0.750000
vt 0.250000 0.500000
vt 0.375000 0.750000
vt 0.250000 0.750000
vt 0.375000 0.750000
vt 0.375000 0.875000
vt 0.375000 0.875000
vt 0.250000 0.750000
vt 0.250000 0.500000
vt 0.375000 0.500000
vt 0.375000 0.500000
vt 0.375000 0.750000
vt 0.375000 0.750000
vt 0.375000 0.000000
vt 0.625000 0.000000
vt 0.625000 0.250000
vt 0.375000 0.250000
vt 0.625000 0.500000
vt 0.375000 0.500000
vt 0.625000 0.750000
vt 0.375000 0.750000
vt 0.625000 1.000000
vt 0.375000 1.000000
vt 0.125000 0.500000
vt 0.125000 0.750000
vt 0.875000 0.500000
vt 0.875000 0.750000
vt 0.375000 0.000000
vt 0.625000 0.000000
vt 0.625000 0.250000
vt 0.375000 0.250000
vt 0.625000 0.500000
vt 0.375000 0.500000
vt 0.625000 0.750000
vt 0.375000 0.750000
vt 0.625000 1.000000
vt 0.375000 1.000000
vt 0.125000 0.500000
vt 0.125000 0.750000
vt 0.875000 0.500000
vt 0.875000 0.750000
vt 0.375000 0.000000
vt 0.625000 0.000000
vt 0.625000 0.250000
vt 0.375000 0.250000
vt 0.625000 0.500000
vt 0.375000 0.500000
vt 0.625000 0.750000
vt 0.375000 0.750000
vt 0.625000 1.000000
vt 0.375000 1.000000
vt 0.125000 0.500000
vt 0.125000 0.750000
vt 0.875000 0.500000
vt 0.875000 0.750000
vt 1.000000 0.500000
vt 1.000000 1.000000
vt 0.916667 1.000000
vt 0.916667 0.500000
vt 0.833333 1.000000
vt 0.833333 0.500000
vt 0.750000 1.000000
vt 0.750000 0.500000
vt 0.666667 1.000000
vt 0.666667 0.500000
vt 0.583333 1.000000
vt 0.583333 0.500000
vt 0.500000 1.000000
vt 0.500000 0.500000
vt 0.416667 1.000000
vt 0.416667 0.500000
vt 0.333333 1.000000
vt 0.333333 0.500000
vt 0.250000 1.000000
vt 0.250000 0.500000
vt 0.166667 1.000000
vt 0.166667 0.500000
vt 0.370000 0.457846
vt 0.250000 0.490000
vt 0.130000 0.457846
vt 0.042154 0.370000
vt 0.010000 0.250000
vt 0.042154 0.130000
vt 0.130000 0.042154
vt 0.250000 0.010000
vt 0.370000 0.042154
vt 0.457846 0.130000
vt 0.490000 0.250000
vt 0.457846 0.370000
vt 0.083333 1.000000
vt 0.083333 0.500000
vt 0.000000 1.000000
vt 0.000000 0.500000
vt 0.750000 0.490000
vt 0.870000 0.457846
vt 0.957846 0.370000
vt 0.990000 0.250000
vt 0.957846 0.130000
vt 0.870000 0.042154
vt 0.750000 0.010000
vt 0.630000 0.042154
vt 0.542154 0.130000
vt 0.510000 0.250000
vt 0.542154 0.370000
vt 0.630000 0.457846
vt 1.000000 0.500000
vt 0.916667 0.500000
vt 0.916667 1.000000
vt 1.000000 1.000000
vt 0.833333 0.500000
vt 0.833333 1.000000
vt 0.750000 0.500000
vt 0.750000 1.000000
vt 0.666667 0.500000
vt 0.666667 1.000000
vt 0.583333 0.500000
vt 0.583333 1.000000
vt 0.500000 0.500000
vt 0.500000 1.000000
vt 0.416667 0.500000
vt 0.416667 1.000000
vt 0.333333 0.500000
vt 0.333333 1.000000
vt 0.250000 0.500000
vt 0.250000 1.000000
vt 0.166667 0.500000
vt 0.166667 1.000000
vt 0.370000 0.457846
vt 0.457846 0.370000
vt 0.490000 0.250000
vt 0.457846 0.130000
vt 0.370000 0.042154
vt 0.250000 0.010000
vt 0.130000 0.042154
vt 0.042154 0.130000
vt 0.010000 0.250000
vt 0.042154 0.370000
vt 0.130000 0.457846
vt 0.250000 0.490000
vt 0.083333 0.500000
vt 0.083333 1.000000
vt 0.000000 0.500000
vt 0.000000 1.000000
vt 0.750000 0.490000
vt 0.630000 0.457846
vt 0.542154 0.370000
vt 0.510000 0.250000
vt 0.542154 0.130000
vt 0.630000 0.042154
vt 0.750000 0.010000
vt 0.870000 0.042154
vt 0.957846 0.130000
vt 0.990000 0.250000
vt 0.957846 0.370000
vt 0.870000 0.457846
vt 1.000000 0.500000
vt 1.000000 1.000000
vt 0.875000 1.000000
vt 0.875000 0.500000
vt 0.750000 1.000000
vt 0.750000 0.500000
vt 0.625000 1.000000
vt 0.625000 0.500000
vt 0.500000 1.000000
vt 0.500000 0.500000
vt 0.375000 1.000000
vt 0.375000 0.500000
vt 0.250000 1.000000
vt 0.250000 0.500000
vt 0.419706 0.419706
vt 0.250000 0.490000
vt 0.080294 0.419706
vt 0.010000 0.250000
vt 0.080294 0.080294
vt 0.250000 0.010000
vt 0.419706 0.080294
vt 0.490000 0.250000
vt 0.125000 1.000000
vt 0.125000 0.500000
vt 0.000000 1.000000
vt 0.000000 0.500000
vt 0.750000 0.490000
vt 0.919706 0.419706
vt 0.990000 0.250000
vt 0.919706 0.080294
vt 0.750000 0.010000
vt 0.580294 0.080294
vt 0.510000 0.250000
vt 0.580294 0.419706
vn 0.5056 0.8628 0.0000
vn 0.8693 0.4944 0.0000
vn 1.0000 -0.0065 0.0000
vn 0.8628 -0.5056 -0.0000
vn 0.4944 -0.8693 0.0000
vn -0.0065 -1.0000 0.0000
vn -0.5056 -0.8628 0.0000
vn -0.8693 -0.4944 -0.0000
vn -1.0000 0.0065 0.0000
vn -0.8628 0.5056 0.0000
vn 0.0000 -0.0000 1.0000
vn -0.4944 0.8693 0.0000
vn 0.0065 1.0000 0.0000
vn -0.0000 0.0000 -1.0000
vn -1.0000 -0.0000 0.0000
vn 1.0000 0.0000 -0.0000
vn -0.0000 -1.0000 0.0000
vn 0.0000 1.0000 0.0000
vn 0.8241 -0.5665 0.0000
vn 0.8030 -0.5959 0.0000
vn -0.6210 -0.7838 -0.0000
vn -0.0000 0.1075 -0.9942
vn 0.8962 0.4437 -0.0000
vn 0.0000 0.1075 0.9942
vn -0.9977 -0.0672 0.0000
vn -0.0423 0.0600 -0.9973
vn -0.7392 -0.6734 0.0000
vn 0.0000 0.0600 0.9982
vn 0.0000 0.0600 -0.9982
vn 0.9058 0.4237 0.0000
vn -0.0423 0.0600 0.9973
vn -0.9624 -0.2718 0.0000
vn -0.0020 0.0348 -0.9994
vn 0.9433 0.3320 0.0000
vn -0.0020 0.0348 0.9994
vn -0.2485 0.9686 0.0000
vn 0.0002 -0.3827 -0.9239
vn 0.0006 -0.9239 -0.3827
vn 0.0006 -0.9239 0.3827
vn 0.0002 -0.3827 0.9239
vn -0.0002 0.3827 0.9239
vn -0.0006 0.9239 0.3827
vn -0.0006 0.9239 -0.3827
vn -0.0002 0.3827 -0.9239
usemtl Collider
s off
f 4780/5236/1574 4781/5237/1574 4783/5238/1574 4782/5239/1574
f 4782/5239/1575 4783/5238/1575 4785/5240/1575 4784/5241/1575
f 4784/5241/1576 4785/5240/1576 4787/5242/1576 4786/5243/1576
f 4786/5243/1577 4787/5242/1577 4789/5244/1577 4788/5245/1577
f 4788/5245/1578 4789/5244/1578 4791/5246/1578 4790/5247/1578
f 4790/5247/1579 4791/5246/1579 4793/5248/1579 4792/5249/1579
f 4792/5249/1580 4793/5248/1580 4795/5250/1580 4794/5251/1580
f 4794/5251/1581 4795/5250/1581 4797/5252/1581 4796/5253/1581
f 4796/5253/1582 4797/5252/1582 4799/5254/1582 4798/5255/1582
f 4798/5255/1583 4799/5254/1583 4801/5256/1583 4800/5257/1583
f 4783/5258/1584 4781/5259/1584 4803/5260/1584 4801/5261/1584 4799/5262/1584 4797/5263/1584 4795/5264/1584 4793/5265/1584 4791/5266/1584 4789/5267/1584 4787/5268/1584 4785/5269/1584
f 4800/5257/1585 4801/5256/1585 4803/5270/1585 4802/5271/1585
f 4802/5271/1586 4803/5270/1586 4781/5272/1586 4780/5273/1586
f 4780/5274/1587 4782/5275/1587 4784/5276/1587 4786/5277/1587 4788/5278/1587 4790/5279/1587 4792/5280/1587 4794/5281/1587 4796/5282/1587 4798/5283/1587 4800/5284/1587 4802/5285/1587
f 4804/5286/1574 4806/5287/1574 4807/5288/1574 4805/5289/1574
f 4806/5287/1575 4808/5290/1575 4809/5291/1575 4807/5288/1575
f 4808/5290/1576 4810/5292/1576 4811/5293/1576 4809/5291/1576
f 4810/5292/1577 4812/5294/1577 4813/5295/1577 4811/5293/1577
f 4812/5294/1578 4814/5296/1578 4815/5297/1578 4813/5295/1578
f 4814/5296/1579 4816/5298/1579 4817/5299/1579 4815/5297/1579
f 4816/5298/1580 4818/5300/1580 4819/5301/1580 4817/5299/1580
f 4818/5300/1581 4820/5302/1581 4821/5303/1581 4819/5301/1581
f 4820/5302/1582 4822/5304/1582 4823/5305/1582 4821/5303/1582
f 4822/5304/1583 4824/5306/1583 4825/5307/1583 4823/5305/1583
f 4807/5308/1587 4809/5309/1587 4811/5310/1587 4813/5311/1587 4815/5312/1587 4817/5313/1587 4819/5314/1587 4821/5315/1587 4823/5316/1587 4825/5317/1587 4827/5318/1587 4805/5319/1587
f 4824/5306/1585 4826/5320/1585 4827/5321/1585 4825/5307/1585
f 4826/5320/1586 4804/5322/1586 4805/5323/1586 4827/5321/1586
f 4804/5324/1584 4826/5325/1584 4824/5326/1584 4822/5327/1584 4820/5328/1584 4818/5329/1584 4816/5330/1584 4814/5331/1584 4812/5332/1584 4810/5333/1584 4808/5334/1584 4806/5335/1584
f 4828/5336/1588 4829/5337/1588 4831/5338/1588 4830/5339/1588
f 4843/5340/1587 4835/5341/1587 4840/5342/1587
f 4840/5342/1589 4835/5341/1589 4833/5343/1589 4841/5344/1589
f 4845/5345/1584 4829/5346/1584 4828/5347/1584
f 4836/5348/1590 4834/5349/1590 4832/5350/1590 4837/5351/1590
f 4841/5344/1584 4833/5343/1584 4842/5352/1584
f 4844/5353/1587 4831/5338/1587 4835/5341/1587 4843/5340/1587
f 4830/5339/1587 4831/5338/1587 4844/5353/1587
f 4830/5354/1590 4838/5355/1590 4839/5356/1590 4828/5357/1590
f 4835/5341/1591 4831/5358/1591 4829/5359/1591 4833/5343/1591
f 4842/5352/1584 4833/5343/1584 4829/5346/1584 4845/5345/1584
f 4844/5353/1590 4843/5340/1590 4842/5352/1590 4845/5345/1590
f 4830/5339/1587 4844/5353/1587 4838/5360/1587
f 4838/5360/1592 4844/5353/1592 4845/5345/1592 4839/5361/1592
f 4832/5350/1584 4841/5344/1584 4842/5352/1584 4837/5362/1584
f 4839/5361/1584 4845/5345/1584 4828/5347/1584
f 4834/5349/1593 4840/5342/1593 4841/5344/1593 4832/5350/1593
f 4836/5363/1587 4843/5340/1587 4840/5342/1587 4834/5349/1587
f 4843/5340/1594 4836/5363/1594 4837/5362/1594 4842/5352/1594
f 4846/5364/1588 4847/5365/1588 4849/5366/1588 4848/5367/1588
f 4854/5368/1595 4855/5369/1595 4853/5370/1595 4852/5371/1595
f 4852/5371/1596 4853/5370/1596 4851/5372/1596 4850/5373/1596
f 4856/5374/1597 4857/5375/1597 4847/5376/1597 4846/5377/1597
f 4863/5378/1587 4862/5379/1587 4859/5380/1587 4861/5381/1587
f 4855/5382/1591 4849/5383/1591 4847/5384/1591 4857/5385/1591
f 4853/5370/1591 4855/5382/1591 4857/5385/1591 4851/5372/1591
f 4848/5386/1590 4854/5387/1590 4856/5388/1590 4846/5389/1590
f 4850/5373/1597 4851/5372/1597 4857/5375/1597 4856/5374/1597
f 4848/5367/1595 4849/5366/1595 4855/5369/1595 4854/5368/1595
f 4861/5390/1590 4859/5380/1590 4858/5391/1590 4860/5392/1590
f 4865/5393/1584 4864/5394/1584 4860/5395/1584 4858/5391/1584
f 4864/5396/1598 4863/5397/1598 4861/5390/1598 4860/5392/1598
f 4859/5380/1587 4862/5379/1587 4867/5398/1587 4869/5399/1587
f 4862/5379/1599 4852/5371/1599 4867/5398/1599
f 4856/5388/1600 4854/5387/1600 4863/5397/1600 4864/5396/1600
f 4850/5373/1601 4856/5374/1601 4864/5394/1601 4865/5393/1601
f 4854/5368/1602 4852/5371/1602 4862/5379/1602 4863/5378/1602
f 4867/5398/1589 4866/5400/1589 4868/5401/1589 4869/5399/1589
f 4865/5393/1584 4858/5391/1584 4868/5401/1584 4866/5400/1584
f 4858/5391/1590 4859/5380/1590 4869/5399/1590 4868/5401/1590
f 4852/5371/1603 4850/5373/1603 4866/5400/1603 4867/5398/1603
f 4850/5373/1604 4865/5393/1604 4866/5400/1604
f 4870/5402/1605 4871/5403/1605 4873/5404/1605 4872/5405/1605
f 4872/5405/1606 4873/5404/1606 4877/5406/1606 4876/5407/1606
f 4876/5407/1607 4877/5406/1607 4875/5408/1607 4874/5409/1607
f 4874/5409/1608 4875/5408/1608 4871/5410/1608 4870/5411/1608
f 4872/5412/1590 4876/5407/1590 4874/5409/1590 4870/5413/1590
f 4877/5406/1609 4873/5414/1609 4871/5415/1609 4875/5408/1609
f 4878/5416/1588 4879/5417/1588 4881/5418/1588 4880/5419/1588
f 4880/5419/1587 4881/5418/1587 4885/5420/1587 4884/5421/1587
f 4884/5421/1589 4885/5420/1589 4883/5422/1589 4882/5423/1589
f 4882/5423/1584 4883/5422/1584 4879/5424/1584 4878/5425/1584
f 4880/5426/1590 4884/5421/1590 4882/5423/1590 4878/5427/1590
f 4885/5420/1591 4881/5428/1591 4879/5429/1591 4883/5422/1591
f 4886/5430/1588 4887/5431/1588 4889/5432/1588 4888/5433/1588
f 4888/5433/1587 4889/5432/1587 4893/5434/1587 4892/5435/1587
f 4892/5435/1589 4893/5434/1589 4891/5436/1589 4890/5437/1589
f 4890/5437/1584 4891/5436/1584 4887/5438/1584 4886/5439/1584
f 4888/5440/1590 4892/5435/1590 4890/5437/1590 4886/5441/1590
f 4893/5434/1591 4889/5442/1591 4887/5443/1591 4891/5436/1591
f 4894/5444/1574 4895/5445/1574 4897/5446/1574 4896/5447/1574
f 4896/5447/1575 4897/5446/1575 4899/5448/1575 4898/5449/1575
f 4898/5449/1576 4899/5448/1576 4901/5450/1576 4900/5451/1576
f 4900/5451/1577 4901/5450/1577 4903/5452/1577 4902/5453/1577
f 4902/5453/1578 4903/5452/1578 4905/5454/1578 4904/5455/1578
f 4904/5455/1579 4905/5454/1579 4907/5456/1579 4906/5457/1579
f 4906/5457/1580 4907/5456/1580 4909/5458/1580 4908/5459/1580
f 4908/5459/1581 4909/5458/1581 4911/5460/1581 4910/5461/1581
f 4910/5461/1582 4911/5460/1582 4913/5462/1582 4912/5463/1582
f 4912/5463/1583 4913/5462/1583 4915/5464/1583 4914/5465/1583
f 4897/5466/1584 4895/5467/1584 4917/5468/1584 4915/5469/1584 4913/5470/1584 4911/5471/1584 4909/5472/1584 4907/5473/1584 4905/5474/1584 4903/5475/1584 4901/5476/1584 4899/5477/1584
f 4914/5465/1585 4915/5464/1585 4917/5478/1585 4916/5479/1585
f 4916/5479/1586 4917/5478/1586 4895/5480/1586 4894/5481/1586
f 4894/5482/1587 4896/5483/1587 4898/5484/1587 4900/5485/1587 4902/5486/1587 4904/5487/1587 4906/5488/1587 4908/5489/1587 4910/5490/1587 4912/5491/1587 4914/5492/1587 4916/5493/1587
f 4918/5494/1574 4920/5495/1574 4921/5496/1574 4919/5497/1574
f 4920/5495/1575 4922/5498/1575 4923/5499/1575 4921/5496/1575
f 4922/5498/1576 4924/5500/1576 4925/5501/1576 4923/5499/1576
f 4924/5500/1577 4926/5502/1577 4927/5503/1577 4925/5501/1577
f 4926/5502/1578 4928/5504/1578 4929/5505/1578 4927/5503/1578
f 4928/5504/1579 4930/5506/1579 4931/5507/1579 4929/5505/1579
f 4930/5506/1580 4932/5508/1580 4933/5509/1580 4931/5507/1580
f 4932/5508/1581 4934/5510/1581 4935/5511/1581 4933/5509/1581
f 4934/5510/1582 4936/5512/1582 4937/5513/1582 4935/5511/1582
f 4936/5512/1583 4938/5514/1583 4939/5515/1583 4937/5513/1583
f 4921/5516/1587 4923/5517/1587 4925/5518/1587 4927/5519/1587 4929/5520/1587 4931/5521/1587 4933/5522/1587 4935/5523/1587 4937/5524/1587 4939/5525/1587 4941/5526/1587 4919/5527/1587
f 4938/5514/1585 4940/5528/1585 4941/5529/1585 4939/5515/1585
f 4940/5528/1586 4918/5530/1586 4919/5531/1586 4941/5529/1586
f 4918/5532/1584 4940/5533/1584 4938/5534/1584 4936/5535/1584 4934/5536/1584 4932/5537/1584 4930/5538/1584 4928/5539/1584 4926/5540/1584 4924/5541/1584 4922/5542/1584 4920/5543/1584
f 4942/5544/1610 4943/5545/1610 4945/5546/1610 4944/5547/1610
f 4944/5547/1611 4945/5546/1611 4947/5548/1611 4946/5549/1611
f 4946/5549/1612 4947/5548/1612 4949/5550/1612 4948/5551/1612
f 4948/5551/1613 4949/5550/1613 4951/5552/1613 4950/5553/1613
f 4950/5553/1614 4951/5552/1614 4953/5554/1614 4952/5555/1614
f 4952/5555/1615 4953/5554/1615 4955/5556/1615 4954/5557/1615
f 4945/5558/1589 4943/5559/1589 4957/5560/1589 4955/5561/1589 4953/5562/1589 4951/5563/1589 4949/5564/1589 4947/5565/1589
f 4954/5557/1616 4955/5556/1616 4957/5566/1616 4956/5567/1616
f 4956/5567/1617 4957/5566/1617 4943/5568/1617 4942/5569/1617
f 4942/5570/1588 4944/5571/1588 4946/5572/1588 4948/5573/1588 4950/5574/1588 4952/5575/1588 4954/5576/1588 4956/5577/1588
